/*******************************************************************************
 * Bounded NomadNet font, 12 px, 4 bpp.
 * Primary source: JetBrains Mono NL Bold, Version 2.304.
 * Missing-codepoint donor: Noto Sans Bold, Version 2.015
 * (23 glyphs only). Both use SIL OFL 1.1; see
 * LICENSE-JetBrains-Mono-OFL-1.1.txt and LICENSE-Noto-Sans-OFL-1.1.txt.
 * Generated with lv_font_conv 1.5.3; kerning omitted, RLE compressed.
 * Exact coverage is defined by NomadNetFontCoverage.h.
 ******************************************************************************/

#ifdef LV_LVGL_H_INCLUDE_SIMPLE
#include "lvgl.h"
#else
#include "lvgl.h"
#endif
#include "NomadNetFontCoverage.h"

#if !LV_USE_FONT_COMPRESSED
#error "NomadNet fonts require LV_USE_FONT_COMPRESSED=1"
#endif

#ifndef NOMADNET_FONT_12_BOLD
#define NOMADNET_FONT_12_BOLD 1
#endif

#if NOMADNET_FONT_12_BOLD

/*-----------------
 *    BITMAPS
 *----------------*/

/*Store the image of the glyphs*/
static LV_ATTRIBUTE_LARGE_CONST const uint8_t glyph_bitmap[] = {
    /* U+0020 " " */

    /* U+0021 "!" */
    0x3f, 0x61, 0x0, 0xc6, 0x60, 0xc, 0x20, 0x10,
    0xda, 0x8e, 0x91, 0x19, 0x40,

    /* U+0022 "\"" */
    0x9f, 0xc, 0xc0, 0x4, 0xe0, 0x22, 0x0, 0x3f,
    0x20, 0x19, 0x80,

    /* U+0023 "#" */
    0x0, 0x53, 0x7, 0x10, 0x1, 0xd4, 0x44, 0x44,
    0xf2, 0xce, 0xc, 0x2b, 0x2e, 0x86, 0xc0, 0x27,
    0x1d, 0xf0, 0x89, 0x5f, 0x59, 0x59, 0x39, 0xd0,
    0xc5, 0x11, 0x21, 0x81, 0x80, 0x8, 0xa3, 0x0,
    0x0,

    /* U+0024 "$" */
    0x0, 0x9c, 0x3, 0xd8, 0x1, 0x8b, 0x13, 0x54,
    0x1, 0x82, 0x4d, 0x44, 0x22, 0xb6, 0xa7, 0x1,
    0x15, 0xb0, 0xc1, 0x5, 0x91, 0x39, 0x40, 0xb,
    0xc4, 0x74, 0x60, 0x62, 0xd8, 0x8, 0x59, 0xe,
    0x80, 0x44, 0x67, 0x3a, 0x35, 0x9, 0xd2, 0xcc,
    0x0, 0x44, 0xc6, 0x0,

    /* U+0025 "%" */
    0x6f, 0xd2, 0x3, 0xd0, 0x8c, 0x4a, 0xe, 0xe0,
    0x7, 0x4a, 0x98, 0x46, 0xa7, 0x2c, 0x0, 0x1b,
    0xb6, 0xf8, 0x3, 0xa5, 0x67, 0xe4, 0x0, 0x8b,
    0xaf, 0xcc, 0x22, 0x9e, 0x0, 0x8, 0x2, 0xec,
    0x4a, 0x1c, 0xc2,

    /* U+0026 "&" */
    0x2, 0xcf, 0xb0, 0xd, 0xc3, 0x4b, 0x0, 0x13,
    0x31, 0x76, 0xc0, 0x2c, 0x47, 0x33, 0x0, 0x1a,
    0x52, 0x10, 0xe8, 0xa9, 0x6d, 0xab, 0x4c, 0x80,
    0x29, 0x0, 0x48, 0x2a, 0x2d, 0x8, 0x98, 0x21,
    0x69, 0xf2, 0x24, 0x80,

    /* U+0027 "'" */
    0x3f, 0x61, 0x3, 0x0, 0x8c, 0xcc,

    /* U+0028 "(" */
    0x0, 0x90, 0xf, 0xa4, 0xb0, 0xbe, 0x7, 0x49,
    0x10, 0x20, 0x24, 0x1, 0xfe, 0x22, 0x0, 0x1d,
    0x44, 0x20, 0x34, 0xca, 0xcb, 0x81, 0x3a, 0x40,

    /* U+0029 ")" */
    0x31, 0x0, 0xa7, 0x98, 0x1, 0x6b, 0x2a, 0x3,
    0x47, 0x0, 0x15, 0x10, 0x80, 0xc, 0x8, 0x3,
    0xff, 0x80, 0x40, 0x40, 0xb, 0x21, 0x15, 0x1c,
    0x5, 0xac, 0xa8, 0x4f, 0x30, 0x0,

    /* U+002A "*" */
    0x0, 0xbc, 0xc0, 0x2, 0x20, 0xc, 0x4d, 0xd4,
    0x15, 0xf0, 0xf6, 0x0, 0x5a, 0xa0, 0x23, 0xa1,
    0xb8, 0x2, 0x2, 0xd3, 0x80, 0x13, 0xe1, 0x5e,
    0x0,

    /* U+002B "+" */
    0x0, 0x17, 0xa8, 0x4, 0x42, 0x6, 0x40, 0x9b,
    0x81, 0x3a, 0xeb, 0x52, 0xf, 0x4a, 0x2a, 0x81,
    0xaa, 0x40, 0x1f, 0x0,

    /* U+002C "," */
    0x1d, 0x65, 0x22, 0x18, 0x2e, 0x90, 0x80,

    /* U+002D "-" */
    0x2, 0x28, 0x57, 0x76, 0x94, 0xaa, 0xc0,

    /* U+002E "." */
    0x4, 0x6, 0xb9, 0x20, 0xe0,

    /* U+002F "/" */
    0x0, 0xc9, 0xe8, 0x1, 0xb4, 0x50, 0x3, 0x3b,
    0x80, 0x32, 0xe, 0x80, 0x6e, 0x14, 0x0, 0xca,
    0xc0, 0x19, 0x42, 0xc0, 0x37, 0x11, 0x80, 0x42,
    0x8a, 0x1, 0x9c, 0x28, 0x3, 0x51, 0x90, 0x4,
    0x27, 0x60, 0x18,

    /* U+0030 "0" */
    0x3, 0xcf, 0xd5, 0x0, 0x68, 0x4b, 0x51, 0x10,
    0x61, 0xa8, 0x1c, 0x40, 0xe, 0x0, 0x30, 0x0,
    0xca, 0x80, 0x66, 0xe4, 0x0, 0x8, 0x38, 0x8,
    0x19, 0xc, 0x35, 0x83, 0x86, 0x84, 0xbd, 0x10,

    /* U+0031 "1" */
    0x9, 0xfc, 0x0, 0x6b, 0x8, 0x4, 0x3a, 0xa0,
    0x16, 0x10, 0x7, 0xff, 0x29, 0x9a, 0x16, 0x49,
    0x91, 0x12, 0x78,

    /* U+0032 "2" */
    0x3, 0xcf, 0xd5, 0x0, 0x68, 0xc0, 0xd0, 0x91,
    0x25, 0xfc, 0x14, 0xb1, 0x1, 0x41, 0x80, 0x22,
    0x94, 0x20, 0x1, 0x61, 0xd8, 0x0, 0xb0, 0xb4,
    0x2, 0xc1, 0xb7, 0x62, 0x11, 0x4, 0x4c, 0x94,

    /* U+0033 "3" */
    0xf, 0xfe, 0x10, 0xa9, 0x90, 0x90, 0x82, 0xb6,
    0x96, 0x0, 0x50, 0x8c, 0x60, 0x16, 0x3b, 0xb0,
    0x40, 0x9, 0x1c, 0x2a, 0x52, 0x40, 0x10, 0x9b,
    0x73, 0x78, 0x20, 0xd8, 0xc8, 0xd0, 0x80,

    /* U+0034 "4" */
    0x0, 0x9b, 0xd0, 0x2, 0x18, 0x54, 0x0, 0xac,
    0x2c, 0x2, 0x55, 0x58, 0x20, 0xd, 0xa2, 0xbd,
    0x8a, 0x8f, 0x88, 0x80, 0x35, 0xf4, 0x0, 0x16,
    0xee, 0x60, 0x0, 0xa2, 0x5e, 0x0,

    /* U+0035 "5" */
    0xf, 0xfe, 0x0, 0x96, 0x66, 0x0, 0x89, 0xd9,
    0x80, 0x13, 0xf7, 0xb0, 0x2, 0xee, 0x49, 0x20,
    0x44, 0xa4, 0x1c, 0xac, 0xc0, 0x31, 0x2f, 0xb4,
    0x82, 0x6, 0x84, 0xb5, 0x88,

    /* U+0036 "6" */
    0x0, 0xba, 0xc0, 0x33, 0x8c, 0x80, 0x43, 0x30,
    0x40, 0x14, 0x8d, 0x74, 0x0, 0x19, 0x39, 0xdc,
    0x88, 0x19, 0x39, 0xc, 0x0, 0x8, 0x5, 0xea,
    0x1e, 0xd6, 0xa, 0x38, 0x12, 0xd4, 0x40,

    /* U+0037 "7" */
    0x3f, 0xfe, 0xb0, 0x3, 0xcc, 0x80, 0x44, 0x56,
    0xc0, 0x9, 0x2d, 0x30, 0xa2, 0x30, 0x8, 0xcd,
    0x60, 0x1a, 0x41, 0x80, 0x21, 0x56, 0x0, 0xcc,
    0x16, 0x1, 0xa4, 0xc8, 0x0,

    /* U+0038 "8" */
    0x2, 0xcf, 0xd5, 0x0, 0x78, 0xd3, 0x50, 0x88,
    0xad, 0x60, 0x14, 0x4b, 0x6, 0xc1, 0x42, 0x57,
    0x9e, 0x44, 0x54, 0xb6, 0xf2, 0x68, 0x30, 0x90,
    0x16, 0xe1, 0x2b, 0x21, 0xa5, 0x4d, 0x4f, 0xa,

    /* U+0039 "9" */
    0x4, 0xdf, 0xd5, 0x1, 0xb6, 0xa7, 0xa3, 0x40,
    0x95, 0xa0, 0xb6, 0xa, 0x15, 0xf, 0x38, 0x7e,
    0xa0, 0x50, 0x7e, 0xa0, 0x42, 0x0, 0xf, 0x84,
    0x0, 0x44, 0xaa, 0x30, 0xa, 0x2, 0x0, 0x0,

    /* U+003A ":" */
    0x4f, 0x71, 0xf, 0x5f, 0x80, 0xf, 0x2f, 0xc0,
    0x87, 0x80,

    /* U+003B ";" */
    0x5f, 0x80, 0x0, 0xaf, 0x48, 0x8, 0x6, 0x2d,
    0x67, 0x22, 0x68, 0x21, 0x98, 0x0,

    /* U+003C "<" */
    0x0, 0xe2, 0x20, 0x4, 0x55, 0xac, 0x7, 0x5a,
    0xd6, 0x83, 0x83, 0x98, 0x40, 0x0, 0xad, 0x88,
    0x0, 0x7a, 0x5b, 0xa0, 0x40, 0xf, 0xd2, 0xca,
    0x1, 0x9b, 0x94,

    /* U+003D "=" */
    0x2, 0x2e, 0x0, 0x6e, 0xf1, 0x85, 0x57, 0x10,
    0x3b, 0xf0, 0x86, 0xef, 0x18, 0x55, 0x71, 0x0,

    /* U+003E ">" */
    0x3, 0x0, 0xe1, 0xcc, 0x20, 0x4, 0x38, 0xf7,
    0x88, 0x0, 0x3b, 0xd6, 0xb4, 0x0, 0x91, 0xc1,
    0xc1, 0xba, 0x57, 0x8c, 0x65, 0xba, 0x4, 0x7,
    0xa0, 0x40, 0x20,

    /* U+003F "?" */
    0xaf, 0xf5, 0x8f, 0x43, 0xa5, 0x23, 0xc3, 0xa0,
    0x9, 0x21, 0x6, 0xe8, 0xe4, 0x0, 0x9c, 0x81,
    0xf2, 0x20, 0xb, 0x40, 0x9, 0x74, 0x0,

    /* U+0040 "@" */
    0x3, 0xcf, 0xe8, 0x2, 0xc4, 0xda, 0x68, 0x52,
    0x82, 0x49, 0x5e, 0x70, 0xae, 0xc0, 0x8, 0x97,
    0xc, 0x2, 0x10, 0x2e, 0x0, 0x84, 0xb, 0x84,
    0x0, 0x4b, 0xaf, 0x1c, 0xe1, 0x5f, 0xe4, 0x62,
    0xa4, 0x30, 0x0, 0xe0, 0xde, 0x18, 0x0,

    /* U+0041 "A" */
    0x0, 0x47, 0xd0, 0x6, 0x30, 0x40, 0xc, 0x8c,
    0x24, 0x0, 0x30, 0xa0, 0x40, 0x2, 0x1, 0x96,
    0x0, 0x30, 0x81, 0xd0, 0x0, 0x85, 0xea, 0x24,
    0x61, 0x19, 0x40, 0x88, 0x6, 0x35, 0x1c,

    /* U+0042 "B" */
    0x1f, 0xfb, 0x54, 0x2, 0x6b, 0x6a, 0x20, 0x7,
    0xa4, 0x83, 0x80, 0x65, 0x4, 0x0, 0x4f, 0xc4,
    0x88, 0x1, 0xf1, 0xe4, 0xc0, 0x1c, 0x70, 0x16,
    0x0, 0xf4, 0x90, 0xd0, 0x3, 0x5b, 0xb9, 0x40,

    /* U+0043 "C" */
    0x2, 0xcf, 0xe6, 0x0, 0x78, 0xca, 0x49, 0x89,
    0x53, 0x52, 0xb8, 0x0, 0x40, 0x14, 0x80, 0x1f,
    0xfc, 0x41, 0x0, 0x52, 0x9, 0x53, 0x52, 0xb8,
    0x78, 0xca, 0x49, 0x80,

    /* U+0044 "D" */
    0x1f, 0xfb, 0x54, 0x2, 0x59, 0x1a, 0x20, 0x6,
    0x37, 0x2, 0x0, 0x63, 0x0, 0xff, 0xe4, 0x18,
    0x6, 0xc6, 0xe0, 0x40, 0x2, 0xc8, 0xd9, 0x0,

    /* U+0045 "E" */
    0xff, 0xe5, 0x4, 0x99, 0x90, 0xd, 0x9a, 0x10,
    0x0, 0x88, 0x2, 0x7e, 0xe8, 0x0, 0xb7, 0x6d,
    0x0, 0x12, 0x20, 0xc0, 0x6, 0xcd, 0x8, 0x24,
    0xcc, 0x80,

    /* U+0046 "F" */
    0xf, 0xfe, 0x60, 0x2, 0x44, 0x48, 0x0, 0xc7,
    0x78, 0x80, 0x1e, 0x45, 0x0, 0x4f, 0xbb, 0x8,
    0x1, 0xaa, 0xa1, 0x0, 0x72, 0xac, 0x1, 0xff,
    0xc3,

    /* U+0047 "G" */
    0x3, 0xcf, 0xd6, 0x0, 0x68, 0xcb, 0xc9, 0x88,
    0xad, 0xad, 0xc0, 0xc0, 0xc0, 0x12, 0x60, 0x14,
    0xf7, 0x1c, 0x2, 0xba, 0x0, 0x18, 0x19, 0x20,
    0x8, 0xd6, 0xd4, 0x8, 0x1a, 0x32, 0xd4, 0x40,

    /* U+0048 "H" */
    0x1f, 0x60, 0x3f, 0x40, 0xf, 0xfe, 0x20, 0x89,
    0xc0, 0x34, 0x75, 0x80, 0x66, 0xb8, 0x0, 0xde,
    0x88, 0x0, 0xff, 0xe2, 0x0,

    /* U+0049 "I" */
    0xef, 0xfc, 0x57, 0x0, 0xd2, 0x4a, 0xa0, 0xc6,
    0x0, 0xff, 0xe6, 0xaa, 0x83, 0x18, 0x2e, 0x1,
    0xa4, 0x80,

    /* U+004A "J" */
    0x0, 0xcd, 0xe4, 0x1, 0xff, 0xd7, 0x7b, 0x0,
    0xc6, 0x49, 0x2d, 0x4, 0x2b, 0xf, 0x2b, 0xe0,

    /* U+004B "K" */
    0x1f, 0x60, 0x1f, 0x80, 0xd, 0x21, 0x20, 0x19,
    0x94, 0x40, 0x2, 0xc3, 0x20, 0x14, 0x48, 0x98,
    0x4, 0xcc, 0x13, 0x0, 0xbe, 0x42, 0x40, 0x39,
    0xd4, 0x80, 0x34, 0x85, 0x80,

    /* U+004C "L" */
    0x8f, 0x0, 0xff, 0xef, 0x33, 0x48, 0x0, 0x99,
    0xb8,

    /* U+004D "M" */
    0x5f, 0xb0, 0x8f, 0x80, 0x15, 0x4, 0x20, 0x9,
    0x54, 0x4c, 0x0, 0x1c, 0x97, 0x70, 0x4, 0x87,
    0x82, 0x1, 0x1f, 0x28, 0x7, 0x8, 0x7, 0xff,
    0x14,

    /* U+004E "N" */
    0x2f, 0xd0, 0x7, 0xa8, 0x0, 0x8c, 0x3, 0x8e,
    0xc0, 0x39, 0x14, 0x3, 0xb0, 0x8c, 0x3, 0x3a,
    0xd8, 0x7, 0x7b, 0x8, 0x6, 0x51, 0x10, 0x7,
    0x28, 0x0,

    /* U+004F "O" */
    0x3, 0xcf, 0xd4, 0x0, 0x70, 0xcb, 0x58, 0x88,
    0xad, 0xa4, 0x14, 0xc0, 0xc0, 0x21, 0x0, 0xff,
    0xe1, 0x18, 0x18, 0x4, 0x22, 0x2b, 0x69, 0x5,
    0xe, 0x19, 0x6b, 0x10,

    /* U+0050 "P" */
    0x1f, 0xfb, 0xa4, 0x2, 0x59, 0x76, 0x70, 0x6,
    0x34, 0x96, 0x0, 0x4, 0x48, 0x44, 0x0, 0x47,
    0x59, 0x40, 0x1, 0xaf, 0x34, 0x40, 0x1e, 0x86,
    0x1, 0xff, 0xc4,

    /* U+0051 "Q" */
    0x3, 0xcf, 0xd5, 0x0, 0x68, 0xcb, 0x51, 0x10,
    0x61, 0xa4, 0x1c, 0x40, 0x23, 0x3, 0x0, 0xff,
    0xe1, 0x8, 0x4, 0x60, 0x64, 0x30, 0xd2, 0xe,
    0x1a, 0x32, 0x92, 0x40, 0x79, 0xc3, 0xe0, 0x18,
    0x61, 0x8c,

    /* U+0052 "R" */
    0x1f, 0xfb, 0x9c, 0x2, 0x59, 0x48, 0x40, 0x6,
    0x35, 0x6, 0x0, 0x4, 0x4c, 0x1c, 0x0, 0x8e,
    0x94, 0x60, 0x3, 0x38, 0x48, 0x5, 0xf0, 0x16,
    0x1, 0xcc, 0xc1, 0x0, 0xd6, 0xc,

    /* U+0053 "S" */
    0x3, 0xcf, 0xd4, 0x0, 0x68, 0x4b, 0x58, 0x8d,
    0x4d, 0x50, 0x2, 0x50, 0xe6, 0xe2, 0x1e, 0xb1,
    0xb4, 0x0, 0x2b, 0xf8, 0x55, 0x15, 0x10, 0x38,
    0x11, 0xaf, 0x35, 0x1, 0x8d, 0x8c, 0xa4, 0x20,

    /* U+0054 "T" */
    0x7f, 0xfe, 0xa5, 0x98, 0x6, 0x9e, 0x26, 0x50,
    0xc6, 0x40, 0xf, 0xfe, 0xf0,

    /* U+0055 "U" */
    0x2f, 0x60, 0x2f, 0x50, 0xf, 0xfe, 0xb9, 0x80,
    0x42, 0x2, 0x35, 0xb7, 0x82, 0x86, 0x8c, 0x8d,
    0x8,

    /* U+0056 "V" */
    0x7f, 0x10, 0x6, 0xd2, 0x2, 0x80, 0x96, 0x18,
    0x60, 0x28, 0x20, 0x22, 0x3, 0x4, 0x83, 0xc,
    0xd, 0x0, 0x8, 0x6, 0x98, 0x0, 0x30, 0xa0,
    0x50, 0x9, 0x18, 0x4c, 0x2, 0xc0, 0x50, 0x0,

    /* U+0057 "W" */
    0xc7, 0x1f, 0x54, 0xf0, 0x6f, 0x21, 0x31, 0x20,
    0x32, 0x62, 0xe3, 0x10, 0xe1, 0x24, 0x2e, 0x60,
    0x16, 0xed, 0x61, 0x20, 0x23, 0x27, 0x13, 0xf0,
    0x61, 0x62, 0x6, 0x20, 0x30, 0x9, 0x89, 0x80,
    0x40, 0x40, 0x46, 0x0,

    /* U+0058 "X" */
    0x4f, 0x60, 0x2f, 0x74, 0x45, 0x84, 0xb, 0x84,
    0x14, 0x2c, 0x0, 0xd, 0x1c, 0x98, 0x2, 0xe0,
    0x40, 0xd, 0x20, 0xc2, 0x0, 0x53, 0xb0, 0x90,
    0x4, 0x22, 0x1d, 0xc2, 0xc5, 0x1, 0x21, 0x0,

    /* U+0059 "Y" */
    0x7f, 0x10, 0x6, 0xdb, 0x4, 0x82, 0x17, 0x8b,
    0x30, 0x3c, 0xd0, 0x2c, 0x5d, 0x24, 0x0, 0x49,
    0x2, 0xa0, 0x17, 0x84, 0x80, 0x66, 0x2, 0x0,
    0xff, 0xe2, 0x0,

    /* U+005A "Z" */
    0xf, 0xfe, 0x20, 0x99, 0x88, 0xc, 0x19, 0x88,
    0x4e, 0x20, 0x14, 0x8c, 0x0, 0x48, 0x8b, 0x0,
    0xd2, 0x6a, 0x1, 0x39, 0x78, 0x6, 0x92, 0x56,
    0x60, 0x80, 0x94, 0xcc, 0xa0,

    /* U+005B "[" */
    0x12, 0x20, 0xee, 0xd0, 0x7, 0x56, 0xe, 0xa4,
    0x1, 0xff, 0xcd, 0x72, 0x10, 0x3d, 0x8f, 0xaa,
    0x58,

    /* U+005C "\\" */
    0x1f, 0x70, 0xc, 0x27, 0x60, 0x1d, 0x46, 0x40,
    0x19, 0xc2, 0x80, 0x30, 0xa2, 0x80, 0x77, 0x11,
    0x80, 0x65, 0xb, 0x0, 0xe5, 0x60, 0xe, 0xf1,
    0x30, 0xc, 0xa1, 0x40, 0x1c, 0xce, 0x1, 0xda,
    0x28,

    /* U+005D "]" */
    0x2, 0x20, 0xb6, 0xeb, 0x9e, 0x94, 0x5, 0x48,
    0x3, 0xff, 0x9c, 0x42, 0xd, 0xac, 0xf, 0x54,
    0xb0,

    /* U+005E "^" */
    0x0, 0x2f, 0xc0, 0x6, 0xe3, 0x60, 0x8, 0x93,
    0xc1, 0x40, 0x16, 0x66, 0x79, 0x0, 0x35, 0x5,
    0x19, 0x0,

    /* U+005F "_" */
    0x1, 0x1e, 0x4, 0xee, 0xe7, 0x5b, 0xbe, 0x50,

    /* U+0060 "`" */
    0xb, 0x70, 0x7, 0xc2, 0x0,

    /* U+0061 "a" */
    0x2, 0xcf, 0xd5, 0x0, 0x70, 0x5b, 0xd0, 0x87,
    0xea, 0x48, 0x28, 0x2e, 0x76, 0x80, 0xa, 0x6b,
    0xe8, 0x0, 0x21, 0xc9, 0xc0, 0x3, 0x76, 0xb2,
    0x0, 0x0,

    /* U+0062 "b" */
    0x1f, 0x60, 0xf, 0xfe, 0xf, 0x6f, 0x38, 0x4,
    0xb6, 0xb0, 0x40, 0xa, 0x69, 0x7, 0x0, 0x8,
    0x7, 0x84, 0x3, 0xd4, 0xd2, 0xe, 0x0, 0x5b,
    0x58, 0x20,

    /* U+0063 "c" */
    0x2, 0xcf, 0xd6, 0x0, 0x79, 0x4b, 0xc9, 0x89,
    0x4b, 0x54, 0x0, 0x42, 0x0, 0x73, 0x0, 0x8,
    0x1, 0xcc, 0x4a, 0x5a, 0xa0, 0x1, 0xe5, 0x29,
    0x26,

    /* U+0064 "d" */
    0x0, 0xc7, 0xe8, 0x1, 0xf9, 0x3b, 0x88, 0x1,
    0x51, 0xc6, 0x0, 0x4, 0x56, 0xde, 0x0, 0x30,
    0x30, 0x70, 0x1, 0x81, 0x83, 0x80, 0x4, 0x56,
    0xde, 0x1, 0x51, 0xc6, 0x0, 0x0,

    /* U+0065 "e" */
    0x3, 0xcf, 0xd4, 0x0, 0x68, 0x5b, 0xd8, 0x90,
    0xca, 0x58, 0x20, 0x2, 0xfb, 0xc0, 0x35, 0xff,
    0xb9, 0x48, 0x65, 0x27, 0x4, 0x34, 0x29, 0x60,
    0x40,

    /* U+0066 "f" */
    0x0, 0xe, 0x7f, 0x9c, 0x1, 0x27, 0x32, 0x50,
    0x12, 0x17, 0x71, 0x37, 0x28, 0xf7, 0x1d, 0xd6,
    0x83, 0x76, 0x51, 0x42, 0x4, 0x41, 0x0, 0x7f,
    0xf2, 0x40,

    /* U+0067 "g" */
    0x5, 0xee, 0x47, 0xa0, 0x59, 0xc1, 0x80, 0x4,
    0x56, 0xd0, 0x0, 0x30, 0x30, 0xc, 0x41, 0xe3,
    0x40, 0x13, 0xaf, 0x18, 0x5, 0x1b, 0x92, 0x1,
    0x99, 0xe4, 0x14, 0xa, 0xec, 0xf4, 0x20,

    /* U+0068 "h" */
    0x1f, 0x60, 0xf, 0xfe, 0xf, 0xef, 0x38, 0x4,
    0x96, 0x50, 0x20, 0xa, 0x6f, 0x5, 0x0, 0x8,
    0x7, 0xff, 0x34,

    /* U+0069 "i" */
    0x0, 0x94, 0xc0, 0x30, 0xd4, 0x0, 0x61, 0xda,
    0x0, 0xb7, 0xf6, 0xc0, 0x28, 0x91, 0x0, 0xca,
    0xc6, 0x1, 0xff, 0xc6, 0x66, 0x1b, 0x31, 0x6,
    0x64, 0x27, 0x3e,

    /* U+006A "j" */
    0x0, 0xcc, 0x40, 0x12, 0x4d, 0x0, 0x49, 0x90,
    0x3f, 0xf6, 0x38, 0xcc, 0xc0, 0x13, 0x34, 0x1,
    0xff, 0xcb, 0x10, 0x10, 0x66, 0x50, 0x28, 0x4c,
    0x96, 0x4c,

    /* U+006B "k" */
    0xf, 0x70, 0xf, 0xfe, 0x19, 0x7c, 0x0, 0x69,
    0x18, 0x0, 0x7a, 0x22, 0x0, 0x27, 0xb0, 0x60,
    0x9, 0xa4, 0x18, 0x2, 0xe6, 0x48, 0x0, 0xe9,
    0x19,

    /* U+006C "l" */
    0xaf, 0xf8, 0x2, 0xe9, 0x40, 0xc, 0x8c, 0x60,
    0x1f, 0xfc, 0xff, 0x0, 0xf1, 0x4, 0xb2, 0x0,
    0x15, 0x4d, 0x3e,

    /* U+006D "m" */
    0x7d, 0xd6, 0x57, 0x18, 0x17, 0x9f, 0x95, 0x0,
    0x90, 0x33, 0x98, 0x7, 0xff, 0x40,

    /* U+006E "n" */
    0x1f, 0x9d, 0xe7, 0x0, 0x96, 0x52, 0x4, 0x1,
    0x69, 0x20, 0xa0, 0x1, 0x0, 0xff, 0xe6, 0x80,

    /* U+006F "o" */
    0x3, 0xcf, 0xd4, 0x0, 0x70, 0xcb, 0x58, 0x88,
    0xad, 0xa4, 0x10, 0xc0, 0xc0, 0x31, 0x81, 0x80,
    0x61, 0x2b, 0x69, 0x4, 0xe, 0x19, 0x6b, 0x10,

    /* U+0070 "p" */
    0x1f, 0x9d, 0xf7, 0x0, 0x96, 0x5a, 0x8, 0x1,
    0x69, 0x60, 0xe0, 0x1, 0x0, 0xf0, 0x80, 0x80,
    0x6a, 0x68, 0x7, 0x0, 0x2d, 0xac, 0x10, 0x3,
    0xb7, 0x9c, 0x3, 0xf0,

    /* U+0071 "q" */
    0x4, 0xee, 0x3f, 0xa0, 0x51, 0xc6, 0x0, 0x4,
    0x56, 0xde, 0x0, 0x30, 0x30, 0x70, 0x1, 0x81,
    0x83, 0x80, 0x4, 0x56, 0xde, 0x1, 0x59, 0xc6,
    0x0, 0x4b, 0xdc, 0x40, 0xf, 0xe0,

    /* U+0072 "r" */
    0xda, 0xcf, 0xb0, 0x2, 0x4c, 0x23, 0x2, 0x2b,
    0x8f, 0x80, 0x6c, 0x80, 0xc, 0x42, 0x1, 0xff,
    0xc0,

    /* U+0073 "s" */
    0x6, 0xef, 0xe7, 0x0, 0x4a, 0x63, 0x49, 0x8,
    0xb, 0x57, 0x10, 0xc2, 0xd6, 0xe8, 0x0, 0xdd,
    0xca, 0x25, 0x1e, 0x95, 0x20, 0x11, 0x4b, 0xdc,
    0xb2, 0x0,

    /* U+0074 "t" */
    0x0, 0x66, 0x0, 0x3f, 0xd3, 0xe6, 0x6f, 0xf3,
    0x54, 0x91, 0x26, 0x48, 0x6c, 0x22, 0x66, 0x10,
    0x7, 0xf3, 0x80, 0x78, 0x49, 0x98, 0x40, 0x8,
    0x39, 0x93, 0x80,

    /* U+0075 "u" */
    0x1f, 0x60, 0x3f, 0x40, 0xf, 0xfe, 0x48, 0x80,
    0x80, 0x71, 0x53, 0x78, 0x28, 0x78, 0xc8, 0xd8,
    0x80,

    /* U+0076 "v" */
    0x6f, 0x20, 0x7, 0xcb, 0x82, 0x82, 0x6, 0x89,
    0xd8, 0x60, 0x20, 0x59, 0x8a, 0xa8, 0x0, 0xa0,
    0xc5, 0xe0, 0x2, 0x24, 0x82, 0x80, 0x4a, 0x28,
    0x0,

    /* U+0077 "w" */
    0xb7, 0x1f, 0x53, 0xf0, 0x2e, 0x51, 0x26, 0x30,
    0xe2, 0x22, 0xe9, 0x30, 0x1b, 0x7e, 0xb6, 0xe8,
    0x18, 0x95, 0x9, 0x88, 0x8, 0x8, 0x86, 0x4e,
    0x0, 0x23, 0x7, 0x12, 0x0,

    /* U+0078 "x" */
    0x2f, 0x90, 0x6f, 0x42, 0x86, 0x38, 0x54, 0x7,
    0x2c, 0xb, 0x0, 0xac, 0x10, 0x40, 0x3, 0x4,
    0xa6, 0x0, 0x81, 0xc2, 0xf0, 0x36, 0x91, 0xe3,
    0x70,

    /* U+0079 "y" */
    0x5f, 0x30, 0x7, 0xca, 0x85, 0x82, 0x85, 0x3,
    0x30, 0x3c, 0x8c, 0x28, 0x55, 0x60, 0x1, 0x94,
    0x5, 0x0, 0x56, 0x46, 0x40, 0x12, 0x5, 0x80,
    0x65, 0x6, 0x0, 0xd4, 0x82, 0x0,

    /* U+007A "z" */
    0xf, 0xfe, 0x20, 0xa9, 0x90, 0x88, 0x81, 0x5b,
    0x87, 0x40, 0x25, 0x79, 0x30, 0x1, 0xd3, 0x30,
    0x2, 0xd1, 0xf6, 0x60, 0x8e, 0x99, 0x94,

    /* U+007B "{" */
    0x0, 0xe1, 0x0, 0xcb, 0xfc, 0x40, 0x14, 0x15,
    0x10, 0x6, 0x75, 0x0, 0xcc, 0x20, 0x11, 0x11,
    0x80, 0x22, 0xdd, 0x1c, 0x80, 0xa, 0xa8, 0x10,
    0x1, 0x2a, 0xcc, 0x1, 0xcc, 0xc0, 0xf, 0x31,
    0x0, 0x6a, 0x3d, 0x20, 0x9, 0xf6, 0xc8,

    /* U+007C "|" */
    0x1c, 0x43, 0x30, 0x80, 0x7f, 0xf4, 0x80,

    /* U+007D "}" */
    0x10, 0xe, 0xef, 0x80, 0xa, 0xd1, 0xc0, 0x24,
    0xc0, 0xe, 0xe1, 0x0, 0xf1, 0x10, 0x1, 0x7,
    0xba, 0x60, 0x92, 0x9a, 0x70, 0x12, 0x65, 0x10,
    0xe2, 0x0, 0x8b, 0x40, 0x40, 0x1a, 0xa8, 0x20,
    0xb, 0xcb, 0x0, 0x80,

    /* U+007E "~" */
    0x0, 0xfd, 0x7e, 0xe1, 0xe, 0xa9, 0x50, 0x88,
    0xf0, 0x25, 0x8b, 0x3b, 0x5d, 0x7, 0xee, 0x18,

    /* U+00A0 " " */

    /* U+00A1 "¡" */
    0x3f, 0x62, 0x65, 0x1d, 0x21, 0xb5, 0x0, 0xe1,
    0x30, 0xc, 0x62, 0x0,

    /* U+00A2 "¢" */
    0x0, 0x90, 0x3, 0xde, 0x1, 0xce, 0xb4, 0x60,
    0xa, 0x80, 0x4c, 0x20, 0x57, 0x5c, 0x46, 0x10,
    0xe0, 0x2b, 0x40, 0xe, 0x10, 0x10, 0xd7, 0x6e,
    0x50, 0x94, 0x39, 0x35, 0x6, 0xd3, 0xbc, 0x0,
    0x89, 0xd0, 0x0,

    /* U+00A3 "£" */
    0x4, 0xdf, 0xd5, 0x1, 0xb1, 0x96, 0xa2, 0x30,
    0x96, 0xa9, 0x2, 0x48, 0x10, 0x62, 0x22, 0x17,
    0x70, 0xc0, 0xac, 0x56, 0xcc, 0x2, 0x19, 0x40,
    0x0, 0xda, 0x21, 0xdc, 0x40, 0x4, 0x88, 0x90,

    /* U+00A4 "¤" */
    0x17, 0x0, 0x90, 0x8e, 0x73, 0xf6, 0xdc, 0x91,
    0xba, 0x89, 0x41, 0xe4, 0x5c, 0x80, 0xf, 0x60,
    0xa2, 0x2, 0x8d, 0xf6, 0x28, 0x6d, 0xdd, 0x48,
    0x0,

    /* U+00A5 "¥" */
    0x8f, 0x10, 0x6, 0xdc, 0x83, 0x1, 0x97, 0x8a,
    0x50, 0x50, 0xa0, 0x79, 0x23, 0x48, 0x1, 0xa,
    0x41, 0x81, 0x3c, 0x88, 0x1c, 0xe0, 0x1f, 0x26,
    0xd8, 0x46, 0xb0, 0x13, 0x1, 0x10, 0x40,

    /* U+00A6 "¦" */
    0x1c, 0x43, 0x30, 0x80, 0x7f, 0x17, 0xa8, 0x4,
    0x38, 0x86, 0x61, 0x0, 0xfe,

    /* U+00A7 "§" */
    0x5, 0xdf, 0xe8, 0x0, 0x53, 0xdb, 0x29, 0x88,
    0x12, 0x46, 0x98, 0xc3, 0xf5, 0xa0, 0x3, 0xa3,
    0xf2, 0xcc, 0x98, 0x85, 0xc1, 0x8, 0x6e, 0x28,
    0x54, 0x35, 0x5d, 0x5c, 0x80, 0xef, 0xed, 0x98,
    0x56, 0xa0, 0x18, 0x86, 0xbe, 0xcd, 0x82, 0xbb,
    0x3b, 0x0,

    /* U+00A8 "¨" */
    0x5a, 0x7, 0x71, 0x38, 0x6e, 0x80,

    /* U+00A9 "©" */
    0x2, 0x9a, 0xa1, 0x80, 0xcc, 0x55, 0x24, 0xdf,
    0xdb, 0x6a, 0xe8, 0x5e, 0x73, 0x40, 0xc0, 0x3e,
    0x17, 0x9c, 0xd0, 0x37, 0xf6, 0xda, 0xba, 0x19,
    0x89, 0xa9, 0x30,

    /* U+00AA "ª" */
    0x59, 0x80, 0x31, 0x51, 0xb8, 0x10, 0xa8, 0x50,

    /* U+00AB "«" */
    0x1, 0xe9, 0x1f, 0x80, 0xa3, 0x9d, 0x38, 0x64,
    0xe7, 0x3e, 0x0, 0xfc, 0xc9, 0xce, 0x7c, 0x0,
    0xa3, 0xad, 0x28,

    /* U+00AC "¬" */
    0x12, 0x2d, 0xbb, 0xdf, 0x54, 0x50, 0x35, 0x56,
    0x10,

    /* U+00AD "­" */
    0x2, 0x28, 0x57, 0x76, 0x94, 0xaa, 0xc0,

    /* U+00AE "®" */
    0x2, 0x9a, 0xa1, 0x80, 0xcc, 0x55, 0x24, 0xdf,
    0xee, 0xd5, 0x14, 0x2e, 0xce, 0x24, 0x60, 0x17,
    0x80, 0x42, 0xee, 0x20, 0x23, 0x7f, 0xa1, 0xb8,
    0xa1, 0x98, 0x9a, 0x93,

    /* U+00AF "¯" */
    0x0, 0xe7, 0xff, 0xa9, 0xb3, 0x2b,

    /* U+00B0 "°" */
    0x9, 0xeb, 0x3, 0x4e, 0x17, 0x70, 0x6, 0x44,
    0x70, 0xb8,

    /* U+00B1 "±" */
    0x0, 0xf, 0xb0, 0x4, 0x44, 0x1, 0x21, 0x4d,
    0xc0, 0x8d, 0x95, 0xa9, 0x6, 0xaa, 0xa, 0xb8,
    0x7a, 0x90, 0x12, 0x80, 0x90, 0x9e, 0xd8, 0x46,
    0xb8,

    /* U+00B2 "²" */
    0xa, 0xfc, 0x22, 0x1f, 0xb2, 0x94, 0xa3, 0xa8,
    0x47, 0xe1, 0x1b, 0xa7, 0x40,

    /* U+00B3 "³" */
    0x2e, 0xe7, 0xb9, 0x74, 0xab, 0x80, 0x5, 0xd4,
    0xe1, 0x97, 0xc, 0xde, 0xb6,

    /* U+00B4 "´" */
    0x5, 0xb2, 0x25, 0x61, 0x0,

    /* U+00B5 "µ" */
    0x1f, 0x60, 0x3f, 0x50, 0xf, 0xfe, 0x58, 0x80,
    0x7a, 0xd2, 0x40, 0x33, 0x58, 0x7, 0x67, 0xd7,
    0xa8, 0x7, 0xc0,

    /* U+00B6 "¶" */
    0x8, 0xef, 0x2f, 0x33, 0x38, 0x80, 0x66, 0x0,
    0xf0, 0x80, 0x79, 0x10, 0x1, 0xeb, 0xc0, 0xf,
    0x18, 0x7, 0xff, 0x50,

    /* U+00B7 "·" */
    0x4, 0x6, 0xb9, 0x20, 0xe0,

    /* U+00B8 "¸" */
    0x3b, 0x0, 0x16, 0xf0, 0x4d, 0xa0, 0x0,

    /* U+00B9 "¹" */
    0x9, 0xf7, 0x2, 0xc6, 0x0, 0x12, 0x80, 0x7e,
    0x3f, 0x68, 0xc0,

    /* U+00BA "º" */
    0x5b, 0x80, 0x8b, 0x41, 0x0, 0xd1, 0x68, 0x20,

    /* U+00BB "»" */
    0x5f, 0x46, 0xf3, 0x5, 0x55, 0x3a, 0x70, 0x2,
    0x82, 0xe8, 0xe4, 0x3, 0xf5, 0x5, 0xd1, 0xca,
    0xaa, 0x9d, 0x38, 0x0,

    /* U+00BC "¼" */
    0x2, 0xdb, 0x0, 0x36, 0x80, 0x6, 0x40, 0x5,
    0x32, 0x0, 0x1b, 0x80, 0x39, 0x90, 0x0, 0xfc,
    0xbc, 0x32, 0x1, 0x3e, 0xe0, 0xf0, 0x80, 0x77,
    0x33, 0x2c, 0x3, 0x30, 0xd4, 0xf2, 0x80, 0x6,
    0x79, 0x86, 0x74, 0x1, 0x4e, 0x6b, 0xb6, 0x0,

    /* U+00BD "½" */
    0x0, 0x84, 0x2, 0x10, 0x1, 0xed, 0x0, 0x1b,
    0x0, 0x29, 0x0, 0x14, 0xf0, 0x0, 0xdc, 0x1,
    0xce, 0x60, 0x7, 0xe5, 0xe1, 0x80, 0x9, 0xf7,
    0x7, 0x80, 0x3d, 0xcf, 0x3a, 0xc0, 0x13, 0x85,
    0x67, 0xd0, 0x0, 0xa3, 0x88, 0x23, 0x80, 0x11,
    0x2, 0x38, 0x6e, 0x0,

    /* U+00BE "¾" */
    0x5, 0xbd, 0x30, 0x4c, 0x0, 0x2f, 0x31, 0x8d,
    0x48, 0x1, 0x1c, 0x56, 0xd1, 0x40, 0x2e, 0x63,
    0x4b, 0x0, 0x93, 0x36, 0x28, 0x3, 0xd6, 0xe5,
    0x60, 0x19, 0x5e, 0xa9, 0xca, 0x0, 0x1b, 0xe6,
    0x19, 0xd0, 0x5, 0x31, 0xae, 0xd8, 0x0,

    /* U+00BF "¿" */
    0x0, 0x47, 0x10, 0x3, 0x1c, 0x80, 0x9, 0x0,
    0x13, 0x70, 0xe, 0x48, 0x2, 0xce, 0x6c, 0x18,
    0xd9, 0x1, 0xe, 0x5d, 0xa1, 0x9e, 0x2c,

    /* U+00C0 "À" */
    0x1, 0xe9, 0x0, 0xc3, 0xa4, 0x60, 0x18, 0xec,
    0xc0, 0x34, 0x7d, 0x0, 0x63, 0x4, 0x0, 0xc8,
    0xc2, 0x40, 0x3, 0xa, 0x4, 0x0, 0x20, 0x19,
    0x60, 0x3, 0x8, 0x1d, 0x0, 0x8, 0x5e, 0xa2,
    0x46, 0x11, 0x94, 0x8, 0x80, 0x63, 0x51, 0xc0,

    /* U+00C1 "Á" */
    0x0, 0x9b, 0xcc, 0x2, 0x1d, 0xa3, 0x0, 0x86,
    0xd4, 0x3, 0x47, 0xd0, 0x6, 0x30, 0x40, 0xc,
    0x8c, 0x24, 0x0, 0x30, 0xa0, 0x40, 0x2, 0x1,
    0x96, 0x0, 0x30, 0x81, 0xd0, 0x0, 0x85, 0xea,
    0x24, 0x61, 0x19, 0x40, 0x88, 0x6, 0x35, 0x1c,

    /* U+00C2 "Â" */
    0x0, 0x47, 0xd8, 0x4, 0xaf, 0x6d, 0x0, 0x5,
    0xf4, 0xd8, 0x0, 0xa3, 0xe8, 0x3, 0x18, 0x20,
    0x6, 0x46, 0x12, 0x0, 0x18, 0x50, 0x20, 0x1,
    0x0, 0xcb, 0x0, 0x18, 0x40, 0xe8, 0x0, 0x42,
    0xf5, 0x12, 0x30, 0x8c, 0xa0, 0x44, 0x3, 0x1a,
    0x8e, 0x0,

    /* U+00C3 "Ã" */
    0x2, 0xd9, 0x49, 0x0, 0x2a, 0x1d, 0xe0, 0x1,
    0xe6, 0xbd, 0x40, 0x28, 0xfa, 0x0, 0xc6, 0x8,
    0x1, 0x91, 0x84, 0x80, 0x6, 0x14, 0x8, 0x0,
    0x40, 0x32, 0xc0, 0x6, 0x10, 0x3a, 0x0, 0x10,
    0xbd, 0x44, 0x8c, 0x23, 0x28, 0x11, 0x0, 0xc6,
    0xa3, 0x80,

    /* U+00C4 "Ä" */
    0x7, 0xd0, 0xaa, 0x0, 0x9, 0xc0, 0x88, 0x0,
    0x5a, 0x8, 0x80, 0x5, 0x1f, 0x40, 0x18, 0xc1,
    0x0, 0x32, 0x30, 0x90, 0x0, 0xc2, 0x81, 0x0,
    0x8, 0x6, 0x58, 0x0, 0xc2, 0x7, 0x40, 0x2,
    0x17, 0xa8, 0x91, 0x84, 0x65, 0x2, 0x20, 0x18,
    0xd4, 0x70,

    /* U+00C5 "Å" */
    0x0, 0x2e, 0x40, 0x6, 0x8c, 0x51, 0x0, 0xff,
    0x46, 0x28, 0x80, 0x5a, 0x64, 0x1, 0x8c, 0x10,
    0x3, 0x23, 0x9, 0x0, 0xc, 0x28, 0x10, 0x0,
    0x80, 0x65, 0x80, 0xc, 0x20, 0x74, 0x0, 0x21,
    0x7a, 0x89, 0x18, 0x46, 0x50, 0x22, 0x1, 0x8d,
    0x47, 0x0,

    /* U+00C6 "Æ" */
    0x4, 0xff, 0xdc, 0x6, 0x2a, 0x35, 0x40, 0xd5,
    0xd3, 0x54, 0x7, 0x20, 0x0, 0x80, 0xb, 0xc0,
    0xba, 0x4c, 0x8, 0x6, 0xec, 0xa1, 0x70, 0x68,
    0x5e, 0x3a, 0xe6, 0xa8, 0xaa, 0x2f, 0x1a, 0xa0,

    /* U+00C7 "Ç" */
    0x2, 0xcf, 0xe6, 0x0, 0x78, 0xca, 0x49, 0x89,
    0x53, 0x52, 0xb8, 0x0, 0x40, 0x14, 0x80, 0x1f,
    0xfc, 0x41, 0x0, 0x52, 0x9, 0x53, 0x52, 0xb8,
    0x78, 0xca, 0x49, 0x81, 0x71, 0xdb, 0x0, 0x45,
    0xb4, 0x40, 0x13, 0x62, 0x90, 0x0,

    /* U+00C8 "È" */
    0xd, 0xb0, 0xd, 0xe0, 0x80, 0x11, 0x5a, 0x0,
    0x3f, 0xf9, 0x41, 0x26, 0x64, 0x3, 0x66, 0x84,
    0x0, 0x22, 0x0, 0x9f, 0xba, 0x0, 0x2d, 0xdb,
    0x40, 0x4, 0x88, 0x30, 0x1, 0xb3, 0x42, 0x9,
    0x33, 0x20,

    /* U+00C9 "É" */
    0x0, 0x2f, 0xa0, 0x5, 0xf2, 0x80, 0x15, 0x30,
    0x3, 0xff, 0x94, 0x12, 0x66, 0x40, 0x36, 0x68,
    0x40, 0x2, 0x20, 0x9, 0xfb, 0xa0, 0x2, 0xdd,
    0xb4, 0x0, 0x48, 0x83, 0x0, 0x1b, 0x34, 0x20,
    0x93, 0x32, 0x0,

    /* U+00CA "Ê" */
    0x6, 0xfc, 0x0, 0x24, 0xd8, 0x48, 0x27, 0xa6,
    0x48, 0x7f, 0xf2, 0x82, 0x4c, 0xc8, 0x6, 0xcd,
    0x8, 0x0, 0x44, 0x1, 0x3f, 0x74, 0x0, 0x5b,
    0xb6, 0x80, 0x9, 0x10, 0x60, 0x3, 0x66, 0x84,
    0x12, 0x66, 0x40,

    /* U+00CB "Ë" */
    0x6d, 0x9, 0xb0, 0x26, 0xf, 0x20, 0x4b, 0x6,
    0x90, 0xff, 0xe5, 0x4, 0x99, 0x90, 0xd, 0x9a,
    0x10, 0x0, 0x88, 0x2, 0x7e, 0xe8, 0x0, 0xb7,
    0x6d, 0x0, 0x12, 0x20, 0xc0, 0x6, 0xcd, 0x8,
    0x24, 0xcc, 0x80,

    /* U+00CC "Ì" */
    0x1e, 0x90, 0x8, 0x74, 0x8c, 0x2, 0x3b, 0x30,
    0x7, 0x7f, 0xe2, 0xb8, 0x6, 0x92, 0x55, 0x6,
    0x30, 0x7, 0xff, 0x35, 0x54, 0x18, 0xc1, 0x70,
    0xd, 0x24,

    /* U+00CD "Í" */
    0x0, 0x37, 0x98, 0x0, 0x76, 0x8c, 0x0, 0x36,
    0xa0, 0xe, 0xff, 0xc5, 0x70, 0xd, 0x24, 0xaa,
    0xc, 0x60, 0xf, 0xfe, 0x6a, 0xa8, 0x31, 0x82,
    0xe0, 0x1a, 0x48,

    /* U+00CE "Î" */
    0x8, 0xfb, 0x0, 0x2b, 0xdb, 0x40, 0x2f, 0xa6,
    0xc0, 0x77, 0xfe, 0x2b, 0x80, 0x69, 0x25, 0x50,
    0x63, 0x0, 0x7f, 0xf3, 0x55, 0x41, 0x8c, 0x17,
    0x0, 0xd2, 0x40,

    /* U+00CF "Ï" */
    0x7d, 0xa, 0xa0, 0x13, 0x81, 0x10, 0x16, 0x82,
    0x20, 0x1d, 0xff, 0x8a, 0xe0, 0x1a, 0x49, 0x54,
    0x18, 0xc0, 0x1f, 0xfc, 0xd5, 0x50, 0x63, 0x5,
    0xc0, 0x34, 0x90,

    /* U+00D0 "Ð" */
    0x1f, 0xfb, 0x54, 0x2, 0x59, 0x1a, 0x20, 0x6,
    0x37, 0x2, 0x0, 0x63, 0x0, 0x60, 0x4b, 0x80,
    0x5c, 0x10, 0xc0, 0x11, 0x0, 0x88, 0xc0, 0x36,
    0x37, 0x2, 0x0, 0x16, 0x46, 0xc8,

    /* U+00D1 "Ñ" */
    0x2, 0xd9, 0x49, 0x0, 0x2a, 0x1d, 0xe0, 0x1,
    0xe6, 0xbd, 0x40, 0xbf, 0x40, 0x1e, 0xa0, 0x2,
    0x30, 0xe, 0x3b, 0x0, 0xe4, 0x50, 0xe, 0xc2,
    0x30, 0xc, 0xeb, 0x60, 0x1d, 0xec, 0x20, 0x19,
    0x44, 0x40, 0x1c, 0xa0, 0x0,

    /* U+00D2 "Ò" */
    0x1, 0xe9, 0x0, 0xc3, 0xa4, 0x60, 0x18, 0xec,
    0xc0, 0x23, 0xcf, 0xd4, 0x0, 0x70, 0xcb, 0x58,
    0x88, 0xad, 0xa4, 0x14, 0xc0, 0xc0, 0x21, 0x0,
    0xff, 0xe1, 0x18, 0x18, 0x4, 0x22, 0x2b, 0x69,
    0x5, 0xe, 0x19, 0x6b, 0x10,

    /* U+00D3 "Ó" */
    0x0, 0x9b, 0xcc, 0x2, 0x1d, 0xa3, 0x0, 0x86,
    0xd4, 0x2, 0x3c, 0xfd, 0x40, 0x7, 0xc, 0xb5,
    0x88, 0x8a, 0xda, 0x41, 0x4c, 0xc, 0x2, 0x10,
    0xf, 0xfe, 0x11, 0x81, 0x80, 0x42, 0x22, 0xb6,
    0x90, 0x50, 0xe1, 0x96, 0xb1,

    /* U+00D4 "Ô" */
    0x0, 0x4f, 0x60, 0x80, 0xf, 0xb9, 0x48, 0x0,
    0x37, 0x6, 0x50, 0x1, 0xe7, 0xea, 0x0, 0x38,
    0x65, 0xac, 0x44, 0x56, 0xd2, 0xa, 0x60, 0x60,
    0x10, 0x80, 0x7f, 0xf0, 0x8c, 0xc, 0x2, 0x11,
    0x15, 0xb4, 0x82, 0x87, 0xc, 0xb5, 0x88,

    /* U+00D5 "Õ" */
    0x2, 0xd9, 0x49, 0x0, 0x2a, 0x1d, 0xe0, 0x1,
    0xe6, 0xbd, 0x40, 0x7, 0x9f, 0xa8, 0x0, 0xe1,
    0x96, 0xb1, 0x11, 0x5b, 0x48, 0x29, 0x81, 0x80,
    0x42, 0x1, 0xff, 0xc2, 0x30, 0x30, 0x8, 0x44,
    0x56, 0xd2, 0xa, 0x1c, 0x32, 0xd6, 0x20,

    /* U+00D6 "Ö" */
    0x7, 0xd0, 0xaa, 0x0, 0x9, 0xc0, 0x88, 0x0,
    0x5a, 0x8, 0x80, 0x0, 0xf3, 0xf5, 0x0, 0x1c,
    0x32, 0xd6, 0x22, 0x2b, 0x69, 0x5, 0x30, 0x30,
    0x8, 0x40, 0x3f, 0xf8, 0x46, 0x6, 0x1, 0x8,
    0x8a, 0xda, 0x41, 0x43, 0x86, 0x5a, 0xc4,

    /* U+00D7 "×" */
    0x34, 0x2, 0x50, 0x9b, 0x5c, 0x80, 0xa3, 0xa3,
    0xc0, 0x11, 0x1, 0x98, 0x28, 0xf0, 0xbc, 0x27,
    0xf, 0x78, 0x0,

    /* U+00D8 "Ø" */
    0x3, 0xcf, 0xdc, 0x90, 0xd1, 0x96, 0x3a, 0x11,
    0x43, 0x38, 0x31, 0x80, 0x18, 0x80, 0x31, 0xc4,
    0x0, 0x35, 0xaa, 0x0, 0xc, 0xa, 0x40, 0x21,
    0x19, 0x24, 0x10, 0xc4, 0xa5, 0xa8, 0x5e, 0xb3,
    0xf5, 0x40,

    /* U+00D9 "Ù" */
    0x1, 0xe9, 0x0, 0xc3, 0xa4, 0x60, 0x18, 0xec,
    0xc0, 0x5, 0xec, 0x5, 0xea, 0x1, 0xff, 0xd7,
    0x30, 0x8, 0x40, 0x46, 0xb6, 0xf0, 0x50, 0xd1,
    0x91, 0xa1,

    /* U+00DA "Ú" */
    0x0, 0x9b, 0xcc, 0x2, 0x1d, 0xa3, 0x0, 0x86,
    0xd4, 0x0, 0x5e, 0xc0, 0x5e, 0xa0, 0x1f, 0xfd,
    0x73, 0x0, 0x84, 0x4, 0x6b, 0x6f, 0x5, 0xd,
    0x19, 0x1a, 0x10,

    /* U+00DB "Û" */
    0x0, 0x4f, 0x60, 0x80, 0xf, 0xb9, 0x48, 0x0,
    0x37, 0x6, 0x50, 0x2f, 0x60, 0x2f, 0x50, 0xf,
    0xfe, 0xb9, 0x80, 0x42, 0x2, 0x35, 0xb7, 0x82,
    0x86, 0x8c, 0x8d, 0x8,

    /* U+00DC "Ü" */
    0x7, 0xd0, 0xaa, 0x0, 0x9, 0xc0, 0x88, 0x0,
    0x5a, 0x8, 0x80, 0x17, 0xb0, 0x17, 0xa8, 0x7,
    0xff, 0x5c, 0xc0, 0x21, 0x1, 0x1a, 0xdb, 0xc1,
    0x43, 0x46, 0x46, 0x84,

    /* U+00DD "Ý" */
    0x0, 0x9b, 0xcc, 0x2, 0x1d, 0xa3, 0x0, 0x86,
    0xd4, 0x0, 0xfe, 0x20, 0xd, 0xb6, 0x9, 0x4,
    0x2f, 0x16, 0x60, 0x79, 0xa0, 0x58, 0xba, 0x48,
    0x0, 0x92, 0x5, 0x40, 0x2f, 0x9, 0x0, 0xcc,
    0x4, 0x1, 0xff, 0xc4,

    /* U+00DE "Þ" */
    0x1f, 0x70, 0xf, 0x84, 0x3, 0xa3, 0xbe, 0x80,
    0x26, 0xb9, 0x58, 0x0, 0x72, 0x31, 0x18, 0x4,
    0x26, 0x44, 0x0, 0x47, 0x61, 0x40, 0x1, 0xaf,
    0x74, 0x20, 0xe, 0x42, 0x0, 0x0,

    /* U+00DF "ß" */
    0x2, 0xcf, 0xd5, 0x0, 0x78, 0xcb, 0x51, 0x9,
    0x5b, 0x48, 0x39, 0x80, 0x4a, 0xe, 0x1, 0x6c,
    0x40, 0x80, 0x2f, 0x88, 0x20, 0x4, 0x4e, 0x1a,
    0x1, 0x25, 0x7, 0x80, 0x50, 0x8e, 0xc0,

    /* U+00E0 "à" */
    0x1, 0xda, 0x0, 0xc3, 0xc2, 0x60, 0x18, 0xec,
    0xc0, 0x22, 0xcf, 0xd5, 0x0, 0x70, 0x5b, 0xd0,
    0x87, 0xea, 0x48, 0x28, 0x2e, 0x76, 0x80, 0xa,
    0x6b, 0xe8, 0x0, 0x21, 0xc9, 0xc0, 0x3, 0x76,
    0xb2, 0x0, 0x0,

    /* U+00E1 "á" */
    0x0, 0x97, 0xcc, 0x3, 0x74, 0x98, 0x6, 0xb6,
    0x0, 0x8b, 0x3f, 0x54, 0x1, 0xc1, 0x6f, 0x42,
    0x1f, 0xa9, 0x20, 0xa0, 0xb9, 0xda, 0x0, 0x29,
    0xaf, 0xa0, 0x0, 0x87, 0x27, 0x0, 0xd, 0xda,
    0xc8, 0x0,

    /* U+00E2 "â" */
    0x0, 0x3f, 0xd8, 0x4, 0x91, 0x6d, 0x20, 0x4,
    0xf4, 0xd9, 0x0, 0x16, 0x7e, 0xa8, 0x3, 0x82,
    0xde, 0x84, 0x3f, 0x52, 0x41, 0x41, 0x73, 0xb4,
    0x0, 0x53, 0x5f, 0x40, 0x1, 0xe, 0x4e, 0x0,
    0x1b, 0xb5, 0x90, 0x0,

    /* U+00E3 "ã" */
    0x0, 0x32, 0x92, 0x80, 0x16, 0xa7, 0x48, 0x0,
    0xb9, 0x8f, 0x70, 0x1, 0x67, 0xea, 0x80, 0x38,
    0x2d, 0xe8, 0x43, 0xf5, 0x24, 0x14, 0x17, 0x3b,
    0x40, 0x5, 0x35, 0xf4, 0x0, 0x10, 0xe4, 0xe0,
    0x1, 0xbb, 0x59, 0x0, 0x0,

    /* U+00E4 "ä" */
    0x2, 0x50, 0x34, 0x0, 0x55, 0x2, 0x24, 0x1,
    0x1a, 0x15, 0xe0, 0x2, 0xef, 0xc7, 0x0, 0x70,
    0x5b, 0xd0, 0x87, 0xea, 0x48, 0x28, 0x2e, 0x76,
    0x80, 0xa, 0x6b, 0xe8, 0x0, 0x21, 0xc9, 0xc0,
    0x3, 0x76, 0xb2, 0x0, 0x0,

    /* U+00E5 "å" */
    0x0, 0x36, 0x50, 0x6, 0xbd, 0x63, 0x0, 0xaf,
    0x18, 0xc0, 0x26, 0xda, 0x0, 0x8b, 0x3f, 0x54,
    0x1, 0xc1, 0x6f, 0x42, 0x1f, 0xa9, 0x20, 0xa0,
    0xb9, 0xda, 0x0, 0x29, 0xaf, 0xa0, 0x0, 0x87,
    0x27, 0x0, 0xd, 0xda, 0xc8, 0x0,

    /* U+00E6 "æ" */
    0x1c, 0xe6, 0xde, 0x37, 0xa, 0x9a, 0x48, 0x6c,
    0x40, 0x3d, 0x71, 0xce, 0xb, 0x80, 0x97, 0xe0,
    0xbf, 0xc1, 0x73, 0x3, 0x9b, 0xb0, 0xec, 0xd3,
    0xf8,

    /* U+00E7 "ç" */
    0x2, 0xcf, 0xd6, 0x0, 0x79, 0x4b, 0xc9, 0x89,
    0x4b, 0x54, 0x0, 0x42, 0x0, 0x73, 0x0, 0x8,
    0x1, 0xcc, 0x4a, 0x5a, 0xa0, 0x1, 0xe5, 0x29,
    0x26, 0x5, 0xe7, 0x4c, 0x1, 0x1f, 0x58, 0x80,
    0x4f, 0xec, 0x20,

    /* U+00E8 "è" */
    0x1, 0xe9, 0x0, 0xc3, 0xa4, 0x60, 0x18, 0xec,
    0xc0, 0x23, 0xcf, 0xd4, 0x0, 0x68, 0x5b, 0xd8,
    0x90, 0xca, 0x58, 0x20, 0x2, 0xfb, 0xc0, 0x35,
    0xff, 0xb9, 0x48, 0x65, 0x27, 0x4, 0x34, 0x29,
    0x60, 0x40,

    /* U+00E9 "é" */
    0x0, 0x9b, 0xcc, 0x2, 0x1d, 0xa3, 0x0, 0x86,
    0xd4, 0x2, 0x3c, 0xfd, 0x40, 0x6, 0x85, 0xbd,
    0x89, 0xc, 0xa5, 0x82, 0x0, 0x2f, 0xbc, 0x3,
    0x5f, 0xfb, 0x94, 0x86, 0x52, 0x70, 0x43, 0x42,
    0x96, 0x4,

    /* U+00EA "ê" */
    0x0, 0x47, 0xd8, 0x4, 0xaf, 0x6d, 0x0, 0x5,
    0xf4, 0xd8, 0x0, 0x1e, 0x7e, 0xa0, 0x3, 0x42,
    0xde, 0xc4, 0x86, 0x52, 0xc1, 0x0, 0x17, 0xde,
    0x1, 0xaf, 0xfd, 0xca, 0x43, 0x29, 0x38, 0x21,
    0xa1, 0x4b, 0x2,

    /* U+00EB "ë" */
    0x2, 0x50, 0x44, 0x0, 0x2e, 0x82, 0x20, 0x0,
    0x8d, 0xd, 0xd0, 0x0, 0xbb, 0xf1, 0x40, 0x1a,
    0x16, 0xf6, 0x24, 0x32, 0x96, 0x8, 0x0, 0xbe,
    0xf0, 0xd, 0x7f, 0xee, 0x52, 0x19, 0x49, 0xc1,
    0xd, 0xa, 0x58, 0x10,

    /* U+00EC "ì" */
    0x0, 0x54, 0x0, 0x74, 0xbb, 0x0, 0x63, 0xf6,
    0x0, 0xb7, 0xfd, 0x40, 0x14, 0x48, 0x80, 0x65,
    0x63, 0x0, 0xff, 0xe3, 0x33, 0xd, 0x98, 0x83,
    0x32, 0x13, 0x9f,

    /* U+00ED "í" */
    0x0, 0x86, 0xd4, 0x3, 0x53, 0xa8, 0x6, 0xbc,
    0x0, 0xb7, 0xfd, 0x40, 0x14, 0x48, 0x80, 0x65,
    0x63, 0x0, 0xff, 0xe3, 0x33, 0xd, 0x98, 0x83,
    0x32, 0x13, 0x9f,

    /* U+00EE "î" */
    0x0, 0x27, 0xe8, 0x80, 0xa, 0xe9, 0xa8, 0x0,
    0x5e, 0xb7, 0x60, 0x6, 0xff, 0xa8, 0x2, 0x89,
    0x10, 0xc, 0xac, 0x60, 0x1f, 0xfc, 0x66, 0x61,
    0xb3, 0x10, 0x66, 0x42, 0x73, 0xe0,

    /* U+00EF "ï" */
    0x1, 0x60, 0x25, 0x0, 0x3c, 0x95, 0xd0, 0x1,
    0xb0, 0xa7, 0x40, 0x1b, 0x9f, 0x44, 0x0, 0x89,
    0x10, 0xc, 0xac, 0x60, 0x1f, 0xfc, 0x66, 0x61,
    0xb3, 0x10, 0x66, 0x42, 0x73, 0xe0,

    /* U+00F0 "ð" */
    0x0, 0xfe, 0xcc, 0x5d, 0x80, 0xe, 0x46, 0xf6,
    0x0, 0x4f, 0xc3, 0x50, 0x3, 0x7e, 0x9d, 0x80,
    0xd2, 0xea, 0x8a, 0xa0, 0x41, 0xc8, 0x68, 0x80,
    0x79, 0x7, 0xda, 0xc2, 0xc3, 0x42, 0x5a, 0x8c,

    /* U+00F1 "ñ" */
    0x0, 0x32, 0x92, 0x80, 0x16, 0xa7, 0x48, 0x0,
    0xb9, 0x8f, 0x70, 0x1f, 0x9d, 0xe7, 0x0, 0x96,
    0x52, 0x4, 0x1, 0x69, 0x20, 0xa0, 0x1, 0x0,
    0xff, 0xe6, 0x80,

    /* U+00F2 "ò" */
    0x1, 0xe9, 0x0, 0xc3, 0xa4, 0x60, 0x18, 0xec,
    0xc0, 0x23, 0xcf, 0xd4, 0x0, 0x70, 0xcb, 0x58,
    0x88, 0xad, 0xa4, 0x10, 0xc0, 0xc0, 0x31, 0x81,
    0x80, 0x61, 0x2b, 0x69, 0x4, 0xe, 0x19, 0x6b,
    0x10,

    /* U+00F3 "ó" */
    0x0, 0x9b, 0xcc, 0x2, 0x1d, 0xa3, 0x0, 0x86,
    0xd4, 0x2, 0x3c, 0xfd, 0x40, 0x7, 0xc, 0xb5,
    0x88, 0x8a, 0xda, 0x41, 0xc, 0xc, 0x3, 0x18,
    0x18, 0x6, 0x12, 0xb6, 0x90, 0x40, 0xe1, 0x96,
    0xb1,

    /* U+00F4 "ô" */
    0x0, 0x47, 0xd8, 0x4, 0xaf, 0x6d, 0x0, 0x5,
    0xf4, 0xd8, 0x0, 0x1e, 0x7e, 0xa0, 0x3, 0x86,
    0x5a, 0xc4, 0x45, 0x6d, 0x20, 0x86, 0x6, 0x1,
    0x8c, 0xc, 0x3, 0x9, 0x5b, 0x48, 0x20, 0x70,
    0xcb, 0x58, 0x80,

    /* U+00F5 "õ" */
    0x0, 0x32, 0x92, 0x80, 0x1a, 0xa7, 0x4c, 0x0,
    0xd9, 0x8f, 0x60, 0x1, 0xe7, 0xea, 0x0, 0x38,
    0x65, 0xac, 0x44, 0x56, 0xd2, 0x8, 0x60, 0x60,
    0x18, 0xc0, 0xc0, 0x30, 0x95, 0xb4, 0x82, 0x7,
    0xc, 0xb5, 0x88,

    /* U+00F6 "ö" */
    0x2, 0x50, 0x44, 0x0, 0x2e, 0x82, 0x20, 0x0,
    0x8d, 0xd, 0xd0, 0x0, 0xbb, 0xf1, 0x40, 0x1c,
    0x32, 0xd6, 0x22, 0x2b, 0x69, 0x4, 0x30, 0x30,
    0xc, 0x60, 0x60, 0x18, 0x4a, 0xda, 0x41, 0x3,
    0x86, 0x5a, 0xc4,

    /* U+00F7 "÷" */
    0x0, 0xf2, 0xfc, 0x0, 0x4, 0x3c, 0x5, 0x79,
    0x87, 0x7b, 0xb7, 0xdd, 0x5d, 0x8c, 0x6b, 0x10,
    0x4, 0x3c, 0x0,

    /* U+00F8 "ø" */
    0x0, 0xe4, 0x50, 0x3c, 0xfd, 0xa6, 0xe, 0x19,
    0x31, 0x21, 0x29, 0x3, 0x4, 0x30, 0x28, 0xe0,
    0x1, 0x84, 0x49, 0x0, 0x8f, 0x50, 0x2a, 0x1,
    0xcb, 0x58, 0x80,

    /* U+00F9 "ù" */
    0x1, 0xe9, 0x0, 0xc3, 0xa4, 0x60, 0x18, 0xec,
    0xc0, 0x3, 0xec, 0x7, 0xe8, 0x1, 0xff, 0xc9,
    0x10, 0x10, 0xe, 0x2a, 0x6f, 0x5, 0xf, 0x19,
    0x1b, 0x10,

    /* U+00FA "ú" */
    0x0, 0x9b, 0xcc, 0x2, 0x1d, 0xa3, 0x0, 0x86,
    0xd4, 0x0, 0x3e, 0xc0, 0x7e, 0x80, 0x1f, 0xfc,
    0x91, 0x1, 0x0, 0xe2, 0xa6, 0xf0, 0x50, 0xf1,
    0x91, 0xb1,

    /* U+00FB "û" */
    0x0, 0x47, 0xd8, 0x4, 0xaf, 0x6d, 0x0, 0x5,
    0xf4, 0xd8, 0x1, 0xf6, 0x3, 0xf4, 0x0, 0xff,
    0xe4, 0x88, 0x8, 0x7, 0x15, 0x37, 0x82, 0x87,
    0x8c, 0x8d, 0x88,

    /* U+00FC "ü" */
    0x2, 0x50, 0x44, 0x0, 0x2e, 0x82, 0x20, 0x0,
    0x8d, 0xd, 0xd0, 0xf, 0x20, 0x17, 0x20, 0x7,
    0xff, 0x24, 0x40, 0x40, 0x38, 0xa9, 0xbc, 0x14,
    0x3c, 0x64, 0x6c, 0x40,

    /* U+00FD "ý" */
    0x0, 0x9b, 0xcc, 0x2, 0x1d, 0xa3, 0x0, 0x86,
    0xd4, 0x0, 0xbe, 0x60, 0xf, 0x95, 0xb, 0x5,
    0xa, 0x6, 0x60, 0x79, 0x18, 0x50, 0xaa, 0xc0,
    0x3, 0x28, 0xa, 0x0, 0xac, 0x8c, 0x80, 0x24,
    0xb, 0x0, 0xca, 0xc, 0x1, 0xa9, 0x4, 0x0,

    /* U+00FE "þ" */
    0x1f, 0x60, 0xf, 0xfe, 0xf, 0x6f, 0x38, 0x4,
    0xb6, 0xb0, 0x40, 0xa, 0x68, 0x6, 0x0, 0x8,
    0x8, 0x8, 0x0, 0x40, 0x40, 0x40, 0x14, 0xd0,
    0xc, 0x0, 0x5b, 0x58, 0x20, 0x6, 0xeb, 0x9c,
    0x3, 0xf0,

    /* U+00FF "ÿ" */
    0x2, 0x50, 0x44, 0x0, 0x2e, 0x82, 0x20, 0x0,
    0x8d, 0xd, 0xd0, 0x2f, 0x8, 0xf, 0x4a, 0x85,
    0x82, 0x85, 0x3, 0x30, 0x3c, 0x8c, 0x28, 0x55,
    0x60, 0x1, 0x94, 0x5, 0x0, 0x56, 0x46, 0x40,
    0x12, 0x5, 0x80, 0x65, 0x6, 0x0, 0xd4, 0x82,
    0x0,

    /* U+0100 "Ā" */
    0x7, 0xff, 0xa8, 0x0, 0xd9, 0x95, 0x80, 0x4,
    0xce, 0x10, 0xa, 0x3e, 0x80, 0x31, 0x82, 0x0,
    0x64, 0x61, 0x20, 0x1, 0x85, 0x2, 0x0, 0x10,
    0xc, 0xb0, 0x1, 0x84, 0xe, 0x80, 0x4, 0x2f,
    0x51, 0x23, 0x8, 0xca, 0x4, 0x40, 0x31, 0xa8,
    0xe0,

    /* U+0101 "ā" */
    0x6, 0xff, 0xac, 0x0, 0xf9, 0x94, 0x80, 0x4,
    0xce, 0x20, 0x1, 0x67, 0xea, 0x80, 0x38, 0x2d,
    0xe8, 0x43, 0xf5, 0x24, 0x14, 0x17, 0x3b, 0x40,
    0x5, 0x35, 0xf4, 0x0, 0x10, 0xe4, 0xe0, 0x1,
    0xbb, 0x59, 0x0, 0x0,

    /* U+0102 "Ă" */
    0x6, 0xd0, 0xa9, 0x0, 0x33, 0xf3, 0x40, 0x5,
    0x5d, 0x82, 0x1, 0x47, 0xd0, 0x6, 0x30, 0x40,
    0xc, 0x8c, 0x24, 0x0, 0x30, 0xa0, 0x40, 0x2,
    0x1, 0x96, 0x0, 0x30, 0x81, 0xd0, 0x0, 0x85,
    0xea, 0x24, 0x61, 0x19, 0x40, 0x88, 0x6, 0x35,
    0x1c,

    /* U+0103 "ă" */
    0x4, 0xc1, 0x89, 0x0, 0x22, 0xfa, 0x58, 0x5,
    0x3d, 0x84, 0x0, 0x3c, 0xfd, 0x50, 0x7, 0x3d,
    0x3d, 0x8, 0x6d, 0xac, 0x82, 0x83, 0x6f, 0x68,
    0x0, 0xa6, 0xbe, 0x80, 0x2, 0x1c, 0x9c, 0x0,
    0x37, 0x6b, 0x20, 0x0,

    /* U+0104 "Ą" */
    0x0, 0x47, 0xd0, 0x6, 0x30, 0x40, 0xc, 0x8c,
    0x24, 0x0, 0x30, 0xa0, 0x40, 0x2, 0x1, 0x96,
    0x0, 0x30, 0x81, 0xd0, 0x0, 0x85, 0xea, 0x24,
    0x61, 0x19, 0x40, 0x88, 0x6, 0x35, 0x1c, 0x7f,
    0x10, 0x33, 0x50, 0x6, 0x97, 0x0, 0xec, 0x5d,
    0x0, 0xcd, 0xd8,

    /* U+0105 "ą" */
    0x2, 0xcf, 0xd5, 0x0, 0x70, 0x5b, 0xd0, 0x87,
    0xea, 0x48, 0x28, 0x2e, 0x76, 0x80, 0xa, 0x6b,
    0xe8, 0x0, 0x21, 0xc9, 0xc0, 0x3, 0x76, 0xb2,
    0x0, 0xa3, 0xfb, 0x51, 0x0, 0x1b, 0x53, 0x80,
    0x34, 0x77, 0x80,

    /* U+0106 "Ć" */
    0x0, 0x97, 0xcc, 0x3, 0x74, 0x98, 0x6, 0xb6,
    0x0, 0x8b, 0x3f, 0x98, 0x1, 0xe3, 0x29, 0x26,
    0x25, 0x4d, 0x4a, 0xe0, 0x1, 0x0, 0x52, 0x0,
    0x7f, 0xf1, 0x4, 0x1, 0x48, 0x25, 0x4d, 0x4a,
    0xe1, 0xe3, 0x29, 0x26,

    /* U+0107 "ć" */
    0x0, 0x93, 0xd0, 0x3, 0x74, 0x20, 0x6, 0xa7,
    0x0, 0x8b, 0x3f, 0x58, 0x1, 0xe5, 0x2f, 0x26,
    0x25, 0x2d, 0x50, 0x1, 0x8, 0x1, 0xcc, 0x0,
    0x20, 0x7, 0x31, 0x29, 0x6a, 0x80, 0x7, 0x94,
    0xa4, 0x98,

    /* U+0108 "Ĉ" */
    0x0, 0x4f, 0x60, 0x80, 0xf, 0xb9, 0x28, 0x0,
    0x37, 0x5, 0x50, 0x0, 0xb3, 0xf9, 0x80, 0x1e,
    0x32, 0x92, 0x62, 0x54, 0xd4, 0xae, 0x0, 0x10,
    0x5, 0x20, 0x7, 0xff, 0x10, 0x40, 0x14, 0x82,
    0x54, 0xd4, 0xae, 0x1e, 0x32, 0x92, 0x60,

    /* U+0109 "ĉ" */
    0x0, 0x37, 0xe0, 0x4, 0x73, 0x61, 0x40, 0x3,
    0xf4, 0xca, 0x0, 0x16, 0x7e, 0xb0, 0x3, 0xca,
    0x5e, 0x4c, 0x4a, 0x5a, 0xa0, 0x2, 0x10, 0x3,
    0x98, 0x0, 0x40, 0xe, 0x62, 0x52, 0xd5, 0x0,
    0xf, 0x29, 0x49, 0x30,

    /* U+010A "Ċ" */
    0x0, 0x17, 0x38, 0x7, 0x29, 0x0, 0x62, 0xb5,
    0x0, 0x8b, 0x3f, 0x98, 0x1, 0xe3, 0x29, 0x26,
    0x25, 0x4d, 0x4a, 0xe0, 0x1, 0x0, 0x52, 0x0,
    0x7f, 0xf1, 0x4, 0x1, 0x48, 0x25, 0x4d, 0x4a,
    0xe1, 0xe3, 0x29, 0x26,

    /* U+010B "ċ" */
    0x0, 0x98, 0x80, 0x31, 0xcc, 0x0, 0x63, 0xca,
    0x0, 0x8b, 0x31, 0xac, 0x0, 0xf2, 0x97, 0x93,
    0x12, 0x96, 0xa8, 0x0, 0x84, 0x0, 0xe6, 0x0,
    0x10, 0x3, 0x98, 0x94, 0xb5, 0x40, 0x3, 0xca,
    0x52, 0x4c,

    /* U+010C "Č" */
    0x4, 0xf4, 0xd9, 0x0, 0x24, 0x58, 0xc8, 0x4,
    0xff, 0x80, 0x11, 0x67, 0xf3, 0x80, 0x3c, 0x65,
    0xe1, 0x4, 0xa9, 0xa6, 0x98, 0x0, 0x20, 0x5,
    0x20, 0xf, 0xfe, 0x20, 0x80, 0x2d, 0x4, 0xa9,
    0xa9, 0x1c, 0x3c, 0x65, 0x24, 0xc0,

    /* U+010D "č" */
    0x3, 0xf5, 0xc9, 0x0, 0x1d, 0x43, 0x48, 0x4,
    0xbb, 0x40, 0x11, 0x67, 0xf3, 0x80, 0x3c, 0xa5,
    0x21, 0x4, 0xa5, 0xaa, 0xd8, 0x0, 0x20, 0x4,
    0x20, 0x0, 0x80, 0x20, 0xc4, 0xa5, 0xa9, 0xc0,
    0x1e, 0x52, 0xf2, 0x60,

    /* U+010E "Ď" */
    0x5, 0xf4, 0xd8, 0x0, 0x2b, 0xdb, 0x40, 0x5,
    0x1f, 0x60, 0x1, 0xff, 0xb5, 0x40, 0x25, 0x91,
    0xa2, 0x0, 0x63, 0x70, 0x20, 0x6, 0x30, 0xf,
    0xfe, 0x41, 0x80, 0x6c, 0x6e, 0x4, 0x0, 0x2c,
    0x8d, 0x90,

    /* U+010F "ď" */
    0x0, 0xdd, 0x1e, 0xa0, 0x1f, 0x30, 0x4f, 0xc8,
    0x2, 0xcc, 0xcc, 0xfc, 0x20, 0x80, 0xa1, 0xe,
    0x1, 0xf8, 0x40, 0x3e, 0x10, 0x9, 0x42, 0x1c,
    0x3, 0x1b, 0x3f, 0x8, 0x4,

    /* U+0110 "Đ" */
    0x1f, 0xfb, 0x54, 0x2, 0x59, 0x1a, 0x20, 0x6,
    0x37, 0x2, 0x0, 0x63, 0x0, 0x60, 0x4b, 0x80,
    0x5c, 0x10, 0xc0, 0x11, 0x0, 0x88, 0xc0, 0x36,
    0x37, 0x2, 0x0, 0x16, 0x46, 0xc8,

    /* U+0111 "đ" */
    0x0, 0xc7, 0xe8, 0x1, 0xf, 0x60, 0x59, 0x0,
    0x7, 0x28, 0x28, 0x81, 0x7f, 0x70, 0x4, 0x1,
    0x47, 0x66, 0x1, 0x10, 0x52, 0x70, 0x4, 0x60,
    0x1f, 0x8, 0xad, 0xbc, 0x3, 0x59, 0xc1, 0x80,
    0x40,

    /* U+0112 "Ē" */
    0x6f, 0xfb, 0x1, 0xf3, 0x2e, 0x1, 0x33, 0x88,
    0x3f, 0xf9, 0x41, 0x26, 0x64, 0x3, 0x66, 0x84,
    0x0, 0x22, 0x0, 0x9f, 0xba, 0x0, 0x2d, 0xdb,
    0x40, 0x4, 0x88, 0x30, 0x1, 0xb3, 0x42, 0x9,
    0x33, 0x20,

    /* U+0113 "ē" */
    0x7, 0xff, 0xa8, 0x0, 0xd9, 0x95, 0x80, 0x4,
    0xce, 0x10, 0x1, 0xe7, 0xea, 0x0, 0x34, 0x2d,
    0xec, 0x48, 0x65, 0x2c, 0x10, 0x1, 0x7d, 0xe0,
    0x1a, 0xff, 0xdc, 0xa4, 0x32, 0x93, 0x82, 0x1a,
    0x14, 0xb0, 0x20,

    /* U+0114 "Ĕ" */
    0x4e, 0x8, 0xa0, 0x47, 0xe4, 0x80, 0x4, 0xf6,
    0x10, 0x7f, 0xf2, 0x82, 0x4c, 0xc8, 0x6, 0xcd,
    0x8, 0x0, 0x44, 0x1, 0x3f, 0x74, 0x0, 0x5b,
    0xb6, 0x80, 0x9, 0x10, 0x60, 0x3, 0x66, 0x84,
    0x12, 0x66, 0x40,

    /* U+0115 "ĕ" */
    0x6, 0xc0, 0xa9, 0x0, 0x33, 0x38, 0x60, 0x2,
    0xae, 0xb1, 0x0, 0x1e, 0x7e, 0xa0, 0x3, 0x42,
    0xde, 0xc4, 0x86, 0x52, 0xc1, 0x0, 0x17, 0xde,
    0x1, 0xaf, 0xfd, 0xca, 0x43, 0x29, 0x38, 0x21,
    0xa1, 0x4b, 0x2,

    /* U+0116 "Ė" */
    0x2, 0xe7, 0x0, 0x8d, 0x48, 0x2, 0x1b, 0x50,
    0x7, 0xff, 0x28, 0x24, 0xcc, 0x80, 0x6c, 0xd0,
    0x80, 0x4, 0x40, 0x13, 0xf7, 0x40, 0x5, 0xbb,
    0x68, 0x0, 0x91, 0x6, 0x0, 0x36, 0x68, 0x41,
    0x26, 0x64,

    /* U+0117 "ė" */
    0x0, 0x98, 0x40, 0x32, 0xcc, 0x80, 0x32, 0xe4,
    0x0, 0x47, 0x98, 0xd4, 0x0, 0x68, 0x5b, 0xd8,
    0x90, 0xca, 0x58, 0x20, 0x2, 0xfb, 0xc0, 0x35,
    0xff, 0xb9, 0x48, 0x65, 0x27, 0x4, 0x34, 0x29,
    0x60, 0x40,

    /* U+0118 "Ę" */
    0xff, 0xe5, 0x4, 0x99, 0x90, 0xd, 0x9a, 0x10,
    0x0, 0x88, 0x2, 0x7e, 0xe8, 0x0, 0xb7, 0x6d,
    0x0, 0x12, 0x20, 0xc0, 0x6, 0xcd, 0x8, 0x24,
    0xcc, 0x9f, 0xf1, 0xd2, 0x80, 0xc, 0xc8, 0x1,
    0x10, 0xf2, 0x80, 0x7, 0xb8, 0xa0,

    /* U+0119 "ę" */
    0x3, 0xcf, 0xd4, 0x0, 0x68, 0x5a, 0x58, 0x8d,
    0x29, 0x60, 0x86, 0x15, 0xfa, 0x0, 0x30, 0xaf,
    0xf9, 0x44, 0x5c, 0x93, 0xa2, 0x1a, 0xf6, 0xfc,
    0x20, 0x78, 0x74, 0x60, 0x18, 0xad, 0xc0, 0x37,
    0x71, 0x80,

    /* U+011A "Ě" */
    0x4f, 0x4c, 0x90, 0x49, 0xb0, 0x90, 0x3, 0x7e,
    0x0, 0x3f, 0xf9, 0x41, 0x26, 0x64, 0x3, 0x66,
    0x84, 0x0, 0x22, 0x0, 0x9f, 0xba, 0x0, 0x2d,
    0xdb, 0x40, 0x4, 0x88, 0x30, 0x1, 0xb3, 0x42,
    0x9, 0x33, 0x20,

    /* U+011B "ě" */
    0x5, 0xf4, 0xd8, 0x0, 0x2b, 0xdb, 0x40, 0x5,
    0x1f, 0x60, 0x11, 0xe7, 0xea, 0x0, 0x34, 0x2d,
    0xec, 0x48, 0x65, 0x2c, 0x10, 0x1, 0x7d, 0xe0,
    0x1a, 0xff, 0xdc, 0xa4, 0x32, 0x93, 0x82, 0x1a,
    0x14, 0xb0, 0x20,

    /* U+011C "Ĝ" */
    0x0, 0x4f, 0x60, 0x80, 0xf, 0xb9, 0x48, 0x0,
    0x37, 0x6, 0x50, 0x1, 0xe7, 0xeb, 0x0, 0x34,
    0x65, 0xe4, 0xc4, 0x56, 0xd6, 0xe0, 0x60, 0x60,
    0x9, 0x30, 0xa, 0x7b, 0x8e, 0x1, 0x5d, 0x0,
    0xc, 0xc, 0x90, 0x4, 0x6b, 0x6a, 0x4, 0xd,
    0x19, 0x6a, 0x20,

    /* U+011D "ĝ" */
    0x0, 0x57, 0x60, 0x4, 0x9b, 0xd4, 0xa0, 0x4,
    0x70, 0x65, 0x0, 0x2f, 0x72, 0x3d, 0x2, 0xce,
    0xc, 0x0, 0x22, 0xb6, 0x80, 0x1, 0x81, 0x80,
    0x62, 0xf, 0x1a, 0x0, 0x9d, 0x78, 0xc0, 0x28,
    0xdc, 0x90, 0xc, 0xcf, 0x20, 0xa0, 0x57, 0x67,
    0xa1,

    /* U+011E "Ğ" */
    0x6, 0xd0, 0xa9, 0x0, 0x33, 0xf3, 0x40, 0x5,
    0x5d, 0x82, 0x0, 0x3c, 0xfe, 0x70, 0x6, 0x8c,
    0xa4, 0x18, 0x8a, 0xda, 0xa8, 0x26, 0x6, 0x2,
    0x84, 0x1, 0x4f, 0x71, 0xc0, 0x2b, 0xa0, 0x1,
    0x81, 0x92, 0x0, 0x8d, 0x6d, 0x40, 0x81, 0xa3,
    0x2d, 0x44,

    /* U+011F "ğ" */
    0x6, 0xc0, 0xa8, 0x0, 0x33, 0x38, 0x64, 0x2,
    0xae, 0xb1, 0x0, 0x2f, 0x72, 0x3d, 0x2, 0xce,
    0xc, 0x0, 0x22, 0xb6, 0x80, 0x1, 0x81, 0x80,
    0x62, 0xf, 0x1a, 0x0, 0x9d, 0x78, 0xc0, 0x28,
    0xdc, 0x90, 0xc, 0xcf, 0x20, 0xa0, 0x57, 0x67,
    0xa1,

    /* U+0120 "Ġ" */
    0x0, 0x1f, 0x30, 0x6, 0x15, 0x20, 0xc, 0x56,
    0x80, 0x11, 0xe7, 0xeb, 0x0, 0x34, 0x65, 0xe4,
    0xc4, 0x56, 0xd6, 0xe0, 0x60, 0x60, 0x9, 0x30,
    0xa, 0x7b, 0x8e, 0x1, 0x5d, 0x0, 0xc, 0xc,
    0x90, 0x4, 0x6b, 0x6a, 0x4, 0xd, 0x19, 0x6a,
    0x20,

    /* U+0121 "ġ" */
    0x0, 0xb, 0x8, 0x6, 0x49, 0x60, 0xc, 0xb8,
    0xe0, 0x12, 0xf6, 0xc7, 0xa0, 0x59, 0xc1, 0x80,
    0x4, 0x56, 0xd0, 0x0, 0x30, 0x30, 0xc, 0x41,
    0xe3, 0x40, 0x13, 0xaf, 0x18, 0x5, 0x1b, 0x92,
    0x1, 0x99, 0xe4, 0x14, 0xa, 0xec, 0xf4, 0x20,

    /* U+0122 "Ģ" */
    0x3, 0xcf, 0xd6, 0x0, 0x68, 0xcb, 0xc9, 0x88,
    0xad, 0xad, 0xc0, 0xc0, 0xc0, 0x12, 0x60, 0x14,
    0xf7, 0x1c, 0x2, 0xba, 0x0, 0x18, 0x19, 0x20,
    0x8, 0xd6, 0xd4, 0x8, 0x1a, 0x32, 0xd4, 0x40,
    0x79, 0xfa, 0xa0, 0x1b, 0xa4, 0x3, 0x32, 0xc8,
    0x0,

    /* U+0123 "ģ" */
    0x0, 0x97, 0x80, 0x3a, 0x10, 0x3, 0x31, 0x70,
    0x6, 0x6f, 0x40, 0x9, 0x7b, 0x91, 0xe8, 0x16,
    0x70, 0x60, 0x1, 0x15, 0xb4, 0x0, 0xc, 0xc,
    0x3, 0x10, 0x78, 0xd0, 0x4, 0xeb, 0xc6, 0x1,
    0x46, 0xe4, 0x80, 0x66, 0x79, 0x5, 0x2, 0xbb,
    0x3d, 0x8,

    /* U+0124 "Ĥ" */
    0x0, 0x47, 0xd8, 0x4, 0xaf, 0x6d, 0x0, 0x5,
    0xf4, 0xd8, 0x1, 0xf6, 0x3, 0xf4, 0x0, 0xff,
    0xe2, 0x8, 0x9c, 0x3, 0x47, 0x58, 0x6, 0x6b,
    0x80, 0xd, 0xe8, 0x80, 0xf, 0xfe, 0x20,

    /* U+0125 "ĥ" */
    0x8, 0xed, 0x10, 0x8, 0xff, 0xa1, 0x0, 0x23,
    0x70, 0x55, 0x0, 0x61, 0xf6, 0x0, 0xff, 0xe1,
    0xfe, 0xf3, 0x80, 0x64, 0xb2, 0x81, 0x0, 0xa9,
    0xbc, 0x14, 0x2, 0x10, 0xf, 0xfe, 0x80,

    /* U+0126 "Ħ" */
    0x1f, 0x60, 0x3f, 0x40, 0xc0, 0x9f, 0xc0, 0xb1,
    0xe0, 0x7d, 0xa0, 0x91, 0x20, 0xf3, 0x10, 0x20,
    0xa, 0x3a, 0xc0, 0x39, 0xae, 0x0, 0x3b, 0xd1,
    0x0, 0x1f, 0xfc, 0x70,

    /* U+0127 "ħ" */
    0x1f, 0x60, 0xd, 0xe1, 0x3c, 0x60, 0xc, 0x8,
    0xf3, 0x0, 0x18, 0x77, 0xfa, 0x0, 0x25, 0xb4,
    0x72, 0x0, 0x5a, 0xc0, 0x30, 0x0, 0x40, 0x3f,
    0xf8, 0xc0,

    /* U+0128 "Ĩ" */
    0x2d, 0x94, 0x90, 0x54, 0x3b, 0xc0, 0x79, 0xaf,
    0x50, 0xef, 0xfc, 0x57, 0x0, 0xd2, 0x4a, 0xa0,
    0xc6, 0x0, 0xff, 0xe6, 0xaa, 0x83, 0x18, 0x2e,
    0x1, 0xa4, 0x80,

    /* U+0129 "ĩ" */
    0x0, 0x2b, 0xb, 0x0, 0xe, 0xf7, 0xbc, 0x0,
    0x7d, 0x7f, 0x20, 0xd, 0xff, 0x50, 0x5, 0x12,
    0x20, 0x19, 0x58, 0xc0, 0x3f, 0xf8, 0xcc, 0xc3,
    0x66, 0x20, 0xcc, 0x84, 0xe7, 0xc0,

    /* U+012A "Ī" */
    0x7f, 0xfa, 0x81, 0xb3, 0x2b, 0x1, 0x33, 0x84,
    0x3b, 0xff, 0x15, 0xc0, 0x34, 0x92, 0xa8, 0x31,
    0x80, 0x3f, 0xf9, 0xaa, 0xa0, 0xc6, 0xb, 0x80,
    0x69, 0x20,

    /* U+012B "ī" */
    0x4, 0xff, 0xb8, 0x0, 0x99, 0x98, 0x1, 0xb9,
    0x89, 0x20, 0x4, 0x48, 0x80, 0x65, 0x63, 0x0,
    0xff, 0xe3, 0x33, 0xd, 0x98, 0x83, 0x32, 0x13,
    0x9f,

    /* U+012C "Ĭ" */
    0x6d, 0xa, 0x90, 0x67, 0xe6, 0x80, 0x5, 0x76,
    0x8, 0x77, 0xfe, 0x2b, 0x80, 0x69, 0x25, 0x50,
    0x63, 0x0, 0x7f, 0xf3, 0x55, 0x41, 0x8c, 0x17,
    0x0, 0xd2, 0x40,

    /* U+012D "ĭ" */
    0x2, 0xf1, 0x7d, 0x0, 0x14, 0x7d, 0xf0, 0x4,
    0xfd, 0x86, 0x0, 0xdf, 0xf5, 0x0, 0x51, 0x22,
    0x1, 0x95, 0x8c, 0x3, 0xff, 0x8c, 0xcc, 0x36,
    0x62, 0xc, 0xc8, 0x4e, 0x7c,

    /* U+012E "Į" */
    0xef, 0xfc, 0x57, 0x0, 0xd2, 0x4a, 0xa0, 0xc6,
    0x0, 0xff, 0xe6, 0xaa, 0x83, 0x18, 0x2e, 0x1,
    0xa4, 0xba, 0x53, 0xfc, 0x41, 0x78, 0x1, 0x92,
    0x2c, 0x2, 0x9e, 0xa0, 0x0,

    /* U+012F "į" */
    0x0, 0x94, 0xc0, 0x30, 0xd4, 0x0, 0x61, 0xda,
    0x0, 0xb7, 0xf6, 0xc0, 0x28, 0x91, 0x0, 0xca,
    0xc6, 0x1, 0xff, 0xc6, 0x66, 0x1b, 0x31, 0x6,
    0x64, 0x27, 0x3e, 0x3f, 0x85, 0xdf, 0x60, 0x9,
    0x61, 0x0, 0xd8, 0x9c, 0x1, 0x9b, 0xbc, 0x0,

    /* U+0130 "İ" */
    0x3, 0xe6, 0x0, 0x85, 0x48, 0x2, 0x2b, 0x40,
    0x7, 0x7f, 0xe2, 0xb8, 0x6, 0x92, 0x55, 0x6,
    0x30, 0x7, 0xff, 0x35, 0x54, 0x18, 0xc1, 0x70,
    0xd, 0x24,

    /* U+0131 "ı" */
    0xd, 0xff, 0x50, 0x5, 0x12, 0x20, 0x19, 0x58,
    0xc0, 0x3f, 0xf8, 0xcc, 0xc3, 0x66, 0x20, 0xcc,
    0x84, 0xe7, 0xc0,

    /* U+0132 "Ĳ" */
    0x9f, 0xf9, 0x7, 0xee, 0xc6, 0xe, 0x80, 0x11,
    0x28, 0x58, 0x7, 0xff, 0x60, 0x94, 0x2c, 0x3,
    0x59, 0x83, 0xa0, 0x5, 0x3f, 0xf2, 0x38, 0x10,
    0x4, 0x3f, 0x21, 0x40, 0x10, 0xbb, 0xb0, 0xc0,

    /* U+0133 "ĳ" */
    0x1e, 0x90, 0x6f, 0x40, 0x2e, 0x2, 0x37, 0x1c,
    0x70, 0x4c, 0x31, 0xfb, 0x7, 0xf5, 0x0, 0xff,
    0xef, 0xf, 0xd8, 0x7, 0xd1, 0x40, 0xc0, 0x13,
    0x13, 0x18,

    /* U+0134 "Ĵ" */
    0x0, 0x87, 0x3a, 0x40, 0x32, 0x57, 0x70, 0xc0,
    0x25, 0x60, 0x73, 0x0, 0xcd, 0xe4, 0x1, 0xff,
    0xdd, 0x7b, 0x0, 0xc6, 0x4, 0x92, 0xd0, 0x42,
    0xb, 0xf, 0x2b, 0xe0, 0x0,

    /* U+0135 "ĵ" */
    0x0, 0xa7, 0xb0, 0x40, 0x7, 0xdc, 0xa4, 0x0,
    0x1b, 0x83, 0x28, 0xff, 0xe7, 0x1, 0x99, 0x80,
    0x33, 0x34, 0x1, 0xff, 0xcf, 0x10, 0x10, 0x3,
    0x32, 0x81, 0x40, 0x13, 0x25, 0x93, 0x0,

    /* U+0136 "Ķ" */
    0x1f, 0x60, 0x1f, 0x80, 0xd, 0x21, 0x20, 0x19,
    0x94, 0x40, 0x2, 0xc3, 0x20, 0x14, 0x48, 0x98,
    0x4, 0xcc, 0x13, 0x0, 0xbe, 0x42, 0x40, 0x39,
    0xd4, 0x80, 0x34, 0x85, 0x8f, 0xb0, 0xf, 0xc8,
    0x5, 0x6e, 0x1, 0xa1, 0x9c, 0x0,

    /* U+0137 "ķ" */
    0xf, 0x70, 0xf, 0xfe, 0x19, 0x7c, 0x0, 0x69,
    0x18, 0x0, 0x7a, 0x22, 0x0, 0x27, 0xb0, 0x60,
    0x9, 0xa4, 0x18, 0x2, 0xe6, 0x48, 0x0, 0xe9,
    0x19, 0xf, 0x70, 0x2f, 0x90, 0xa, 0xdc, 0x3,
    0x43, 0x38, 0x0,

    /* U+0138 "ĸ" */
    0xf8, 0x2, 0xf8, 0x0, 0xa0, 0x60, 0x5, 0x16,
    0x40, 0xd, 0x60, 0xe0, 0x5, 0x90, 0x60, 0x1,
    0x32, 0x40, 0x80, 0x52, 0x30,

    /* U+0139 "Ĺ" */
    0xc, 0xc0, 0x4, 0xaf, 0xa0, 0x12, 0xd8, 0x80,
    0x51, 0xe0, 0x1f, 0xfd, 0xe6, 0x69, 0x0, 0x13,
    0x37, 0x0,

    /* U+013A "ĺ" */
    0x0, 0xb6, 0x80, 0x33, 0x32, 0x80, 0x33, 0x58,
    0x5, 0x5f, 0xf0, 0x5, 0xd2, 0x80, 0x19, 0x18,
    0xc0, 0x3f, 0xf9, 0xfe, 0x1, 0xe2, 0x9, 0x64,
    0x0, 0x2a, 0x9a, 0x7c,

    /* U+013B "Ļ" */
    0x8f, 0x0, 0xff, 0xef, 0x33, 0x48, 0x0, 0x99,
    0xba, 0x3f, 0xf5, 0x0, 0x17, 0x4, 0x0, 0x37,
    0x42, 0x0,

    /* U+013C "ļ" */
    0xaf, 0xf8, 0x2, 0xe9, 0x40, 0xc, 0x8c, 0x60,
    0x1f, 0xfc, 0xff, 0x0, 0xf1, 0x4, 0xb2, 0x0,
    0x15, 0x4d, 0x3e, 0x1, 0x57, 0xfa, 0xc0, 0x29,
    0xa0, 0xc, 0x8d, 0x20, 0x0,

    /* U+013D "Ľ" */
    0x8f, 0xc, 0x80, 0xc, 0x3c, 0x1, 0xb9, 0xc0,
    0x31, 0x88, 0x7, 0xff, 0x25, 0x9a, 0x40, 0x4,
    0xcd, 0xc0,

    /* U+013E "ľ" */
    0xaf, 0xf8, 0x35, 0xba, 0x50, 0x0, 0x44, 0x46,
    0x30, 0x6, 0x20, 0x7, 0x18, 0x7, 0xff, 0x17,
    0xc0, 0x3c, 0x41, 0x2c, 0x80, 0x5, 0x53, 0x4f,
    0x80,

    /* U+013F "Ŀ" */
    0x8f, 0x0, 0xff, 0xe4, 0x18, 0x80, 0x49, 0x9a,
    0x1, 0x30, 0xa8, 0x4, 0x5d, 0x20, 0x6, 0x69,
    0x0, 0x13, 0x37, 0x0,

    /* U+0140 "ŀ" */
    0xef, 0xf6, 0x0, 0x6b, 0x92, 0x0, 0xe5, 0x61,
    0x0, 0xff, 0x8c, 0x40, 0x39, 0x32, 0x80, 0x39,
    0x84, 0x80, 0xe, 0x0, 0x2e, 0x90, 0x1, 0x1b,
    0xb1, 0x80, 0x50, 0x71, 0x28, 0x0,

    /* U+0141 "Ł" */
    0x7, 0xf0, 0xf, 0xfe, 0x11, 0xc0, 0x7, 0x60,
    0x4, 0xb2, 0x17, 0x0, 0xe, 0x20, 0x40, 0xa,
    0xec, 0x1, 0xf9, 0x9a, 0x40, 0xa, 0x66, 0x80,

    /* U+0142 "ł" */
    0xaf, 0xf8, 0x2, 0xe9, 0x40, 0xc, 0x8c, 0x60,
    0x6e, 0x1, 0xd9, 0xe0, 0x6, 0x60, 0x64, 0x0,
    0x34, 0x80, 0xc0, 0x2b, 0xb0, 0x7, 0x88, 0x25,
    0x90, 0x0, 0xaa, 0x69, 0xf0,

    /* U+0143 "Ń" */
    0x0, 0x9b, 0xcc, 0x2, 0x1d, 0xa3, 0x0, 0x86,
    0xd4, 0x0, 0x5f, 0xa0, 0xf, 0x50, 0x1, 0x18,
    0x7, 0x1d, 0x80, 0x72, 0x28, 0x7, 0x61, 0x18,
    0x6, 0x75, 0xb0, 0xe, 0xf6, 0x10, 0xc, 0xa2,
    0x20, 0xe, 0x50, 0x0,

    /* U+0144 "ń" */
    0x0, 0x8e, 0xcc, 0x3, 0x70, 0x98, 0x6, 0xda,
    0x0, 0xf, 0xce, 0xf3, 0x80, 0x4b, 0x29, 0x2,
    0x0, 0xb4, 0x90, 0x50, 0x0, 0x80, 0x7f, 0xf3,
    0x40,

    /* U+0145 "Ņ" */
    0x2f, 0xd0, 0x7, 0xa8, 0x0, 0x8c, 0x3, 0x8e,
    0xc0, 0x39, 0x14, 0x3, 0xb0, 0x8c, 0x3, 0x3a,
    0xd8, 0x7, 0x7b, 0x8, 0x6, 0x51, 0x10, 0x7,
    0x28, 0x0, 0xbc, 0xc2, 0xbd, 0x40, 0x2b, 0x70,
    0xd, 0xc, 0xe0, 0x0,

    /* U+0146 "ņ" */
    0x1f, 0x9d, 0xe7, 0x0, 0x96, 0x52, 0x4, 0x1,
    0x69, 0x20, 0xa0, 0x1, 0x0, 0xff, 0xe6, 0x8f,
    0xb0, 0x1f, 0xa0, 0x5, 0x6e, 0x1, 0xa1, 0x9c,
    0x0,

    /* U+0147 "Ň" */
    0x5, 0xf4, 0xd8, 0x0, 0x2b, 0xdb, 0x40, 0x5,
    0x1f, 0x60, 0x2, 0xfd, 0x0, 0x7a, 0x80, 0x8,
    0xc0, 0x38, 0xec, 0x3, 0x91, 0x40, 0x3b, 0x8,
    0xc0, 0x33, 0xad, 0x80, 0x77, 0xb0, 0x80, 0x65,
    0x11, 0x0, 0x72, 0x80, 0x0,

    /* U+0148 "ň" */
    0x4, 0xf4, 0xd9, 0x0, 0x24, 0x58, 0xc8, 0x4,
    0xff, 0x80, 0x1, 0xf9, 0xde, 0x70, 0x9, 0x65,
    0x20, 0x40, 0x16, 0x92, 0xa, 0x0, 0x10, 0xf,
    0xfe, 0x68,

    /* U+0149 "ŉ" */
    0x4, 0xc2, 0x0, 0xea, 0x42, 0x0, 0xee, 0x80,
    0xf, 0xf, 0xce, 0xf3, 0x80, 0x65, 0x94, 0x81,
    0x0, 0xad, 0x24, 0x14, 0x2, 0x10, 0xf, 0xfe,
    0x80,

    /* U+014A "Ŋ" */
    0x2f, 0xe0, 0x7, 0xa8, 0x0, 0x50, 0x3, 0x93,
    0x80, 0x3b, 0x54, 0x40, 0x32, 0x9b, 0x0, 0x75,
    0x50, 0x40, 0x33, 0x10, 0x80, 0x73, 0x0, 0x7b,
    0x40, 0x5, 0xe6, 0xf0, 0xe, 0x1, 0x40, 0xd1,
    0x0,

    /* U+014B "ŋ" */
    0x1f, 0x9d, 0xe7, 0x0, 0x96, 0x52, 0x4, 0x1,
    0x69, 0x20, 0xa0, 0x1f, 0xfc, 0xd7, 0x0, 0xf,
    0xbb, 0xa0, 0x14, 0x0, 0x30, 0x36, 0x20,

    /* U+014C "Ō" */
    0x7, 0xff, 0xa8, 0x0, 0xd9, 0x95, 0x80, 0x4,
    0xce, 0x10, 0x1, 0xe7, 0xea, 0x0, 0x38, 0x65,
    0xac, 0x44, 0x56, 0xd2, 0xa, 0x60, 0x60, 0x10,
    0x80, 0x7f, 0xf0, 0x8c, 0xc, 0x2, 0x11, 0x15,
    0xb4, 0x82, 0x87, 0xc, 0xb5, 0x88,

    /* U+014D "ō" */
    0x7, 0xff, 0xa8, 0x0, 0xd9, 0x95, 0x80, 0x4,
    0xce, 0x10, 0x1, 0xe7, 0xea, 0x0, 0x38, 0x65,
    0xac, 0x44, 0x56, 0xd2, 0x8, 0x60, 0x60, 0x18,
    0xc0, 0xc0, 0x30, 0x95, 0xb4, 0x82, 0x7, 0xc,
    0xb5, 0x88,

    /* U+014E "Ŏ" */
    0x6, 0xd0, 0xa9, 0x0, 0x33, 0xf3, 0x40, 0x5,
    0x5d, 0x82, 0x0, 0x3c, 0xfd, 0x40, 0x7, 0xc,
    0xb5, 0x88, 0x8a, 0xda, 0x41, 0x4c, 0xc, 0x2,
    0x10, 0xf, 0xfe, 0x11, 0x81, 0x80, 0x42, 0x22,
    0xb6, 0x90, 0x50, 0xe1, 0x96, 0xb1,

    /* U+014F "ŏ" */
    0x6, 0xc0, 0xa9, 0x0, 0x33, 0x38, 0x60, 0x2,
    0xae, 0xb1, 0x0, 0x1e, 0x7e, 0xa0, 0x3, 0x86,
    0x5a, 0xc4, 0x45, 0x6d, 0x20, 0x86, 0x6, 0x1,
    0x8c, 0xc, 0x3, 0x9, 0x5b, 0x48, 0x20, 0x70,
    0xcb, 0x58, 0x80,

    /* U+0150 "Ő" */
    0x0, 0x4e, 0x1f, 0xa0, 0x19, 0x6d, 0x4a, 0x1,
    0xd8, 0xcb, 0x0, 0xf, 0x3f, 0x50, 0x1, 0xc3,
    0x2d, 0x62, 0x22, 0xb6, 0x90, 0x53, 0x3, 0x0,
    0x84, 0x3, 0xff, 0x84, 0x60, 0x60, 0x10, 0x88,
    0xad, 0xa4, 0x14, 0x38, 0x65, 0xac, 0x40,

    /* U+0151 "ő" */
    0x0, 0x4e, 0x1f, 0xa0, 0x19, 0x6d, 0x4a, 0x1,
    0xd8, 0xcb, 0x0, 0xf, 0x3f, 0x50, 0x1, 0xc3,
    0x2d, 0x62, 0x22, 0xb6, 0x90, 0x43, 0x3, 0x0,
    0xc6, 0x6, 0x1, 0x84, 0xad, 0xa4, 0x10, 0x38,
    0x65, 0xac, 0x40,

    /* U+0152 "Œ" */
    0x1c, 0xea, 0xff, 0x98, 0xdd, 0xc1, 0x10, 0xe1,
    0x9a, 0x17, 0x70, 0x18, 0x4, 0x20, 0x1c, 0x3d,
    0x40, 0x1d, 0x70, 0x1, 0x85, 0xb, 0x8a, 0x28,
    0x59, 0xa3, 0x67, 0x9, 0x90,

    /* U+0153 "œ" */
    0x2d, 0xe6, 0xde, 0x3a, 0x1a, 0x9a, 0x48, 0x16,
    0x40, 0x4d, 0x70, 0xd, 0x90, 0x1, 0xd9, 0xf8,
    0x2c, 0x80, 0xb1, 0xa, 0x1a, 0x9b, 0x6b,

    /* U+0154 "Ŕ" */
    0x0, 0x9b, 0xcc, 0x2, 0x1d, 0xa3, 0x0, 0x86,
    0xd4, 0x0, 0x3f, 0xf7, 0x38, 0x4, 0xb2, 0x90,
    0x80, 0xc, 0x6a, 0xc, 0x0, 0x8, 0x98, 0x38,
    0x1, 0x1d, 0x28, 0xc0, 0x6, 0x70, 0x90, 0xb,
    0xe0, 0x2c, 0x3, 0x99, 0x82, 0x1, 0xac, 0x18,

    /* U+0155 "ŕ" */
    0x0, 0xd, 0xb0, 0x5, 0x4e, 0xc0, 0x15, 0xe0,
    0x3, 0x6b, 0x3e, 0xc0, 0x9, 0x30, 0x8c, 0x8,
    0xae, 0x3e, 0x1, 0xb2, 0x0, 0x31, 0x8, 0x7,
    0xff, 0x0,

    /* U+0156 "Ŗ" */
    0x1f, 0xfb, 0x9c, 0x2, 0x59, 0x48, 0x40, 0x6,
    0x35, 0x6, 0x0, 0x4, 0x4c, 0x1c, 0x0, 0x8e,
    0x94, 0x60, 0x3, 0x38, 0x48, 0x5, 0xf0, 0x16,
    0x1, 0xcc, 0xc1, 0x0, 0xd6, 0xc, 0x3e, 0xc0,
    0x5e, 0xe0, 0x15, 0xb8, 0x6, 0x86, 0x70, 0x0,

    /* U+0157 "ŗ" */
    0xd, 0xac, 0xfb, 0x0, 0x92, 0x61, 0x18, 0x0,
    0x8a, 0xe3, 0xe0, 0x1d, 0x90, 0x1, 0xc4, 0x20,
    0x1f, 0xfc, 0x3d, 0xa0, 0xe, 0xa9, 0x0, 0xca,
    0xab, 0x0, 0xc0,

    /* U+0158 "Ř" */
    0x4, 0xd3, 0xb7, 0x0, 0x25, 0x60, 0xb8, 0x4,
    0xff, 0x40, 0x1, 0xff, 0xb9, 0xc0, 0x25, 0x94,
    0x84, 0x0, 0x63, 0x50, 0x60, 0x0, 0x44, 0xc1,
    0xc0, 0x8, 0xe9, 0x46, 0x0, 0x33, 0x84, 0x80,
    0x5f, 0x1, 0x60, 0x1c, 0xcc, 0x10, 0xd, 0x60,
    0xc0,

    /* U+0159 "ř" */
    0x2e, 0x6a, 0xc0, 0x2a, 0x97, 0xd0, 0x2, 0x7e,
    0x88, 0x6d, 0x67, 0xd8, 0x1, 0x26, 0x11, 0x81,
    0x15, 0xc7, 0xc0, 0x36, 0x40, 0x6, 0x21, 0x0,
    0xff, 0xe0, 0x0,

    /* U+015A "Ś" */
    0x0, 0x9b, 0xcc, 0x2, 0x1d, 0xa3, 0x0, 0x86,
    0xd4, 0x2, 0x3c, 0xfd, 0x40, 0x6, 0x84, 0xb5,
    0x88, 0xd4, 0xd5, 0x0, 0x25, 0xe, 0x6e, 0x21,
    0xeb, 0x1b, 0x40, 0x2, 0xbf, 0x85, 0x51, 0x51,
    0x3, 0x81, 0x1a, 0xf3, 0x50, 0x18, 0xd8, 0xca,
    0x42, 0x0,

    /* U+015B "ś" */
    0x0, 0x9b, 0xcc, 0x2, 0x1d, 0xa3, 0x0, 0x86,
    0xd4, 0x2, 0x6e, 0xfe, 0x70, 0x4, 0xa6, 0x34,
    0x90, 0x80, 0xb5, 0x71, 0xc, 0x2d, 0x6e, 0x80,
    0xd, 0xdc, 0xa2, 0x51, 0xe9, 0x52, 0x1, 0x14,
    0xbd, 0xcb, 0x20,

    /* U+015C "Ŝ" */
    0x0, 0x4f, 0x60, 0x80, 0xf, 0xb9, 0x48, 0x0,
    0x37, 0x6, 0x50, 0x1, 0xe7, 0xea, 0x0, 0x34,
    0x25, 0xac, 0x46, 0xa6, 0xa8, 0x1, 0x28, 0x73,
    0x71, 0xf, 0x58, 0xda, 0x0, 0x15, 0xfc, 0x2a,
    0x8a, 0x88, 0x1c, 0x8, 0xd7, 0x9a, 0x80, 0xc6,
    0xc6, 0x52, 0x10,

    /* U+015D "ŝ" */
    0x0, 0x47, 0xd8, 0x4, 0xaf, 0x6d, 0x0, 0x5,
    0xf4, 0xd8, 0x0, 0x37, 0x7f, 0x38, 0x2, 0x53,
    0x1a, 0x48, 0x40, 0x5a, 0xb8, 0x86, 0x16, 0xb7,
    0x40, 0x6, 0xee, 0x51, 0x28, 0xf4, 0xa9, 0x0,
    0x8a, 0x5e, 0xe5, 0x90,

    /* U+015E "Ş" */
    0x3, 0xcf, 0xd4, 0x0, 0x68, 0x4b, 0x58, 0x8d,
    0x4d, 0x50, 0x2, 0x50, 0xe6, 0xe2, 0x1e, 0xb1,
    0xb4, 0x0, 0x2b, 0xf8, 0x55, 0x15, 0x10, 0x38,
    0x11, 0xaf, 0x35, 0x1, 0x8d, 0x8c, 0xa4, 0x20,
    0x27, 0x1d, 0x38, 0x4, 0x7d, 0x62, 0x1, 0x3f,
    0xb0, 0x80,

    /* U+015F "ş" */
    0x6, 0xef, 0xe7, 0x0, 0x4a, 0x63, 0x49, 0x8,
    0xb, 0x57, 0x10, 0xc2, 0xd6, 0xe8, 0x0, 0xfd,
    0xca, 0x25, 0x1f, 0x95, 0x20, 0x11, 0x4b, 0xdc,
    0xb2, 0x3, 0x61, 0xdc, 0x80, 0x45, 0xb4, 0x40,
    0x13, 0x62, 0x90, 0x0,

    /* U+0160 "Š" */
    0x5, 0xf4, 0xd8, 0x0, 0x2b, 0xdb, 0x40, 0x5,
    0x1f, 0x60, 0x11, 0xe7, 0xeb, 0x0, 0x34, 0x25,
    0xa4, 0x84, 0x54, 0xd7, 0xa4, 0x25, 0xe, 0x44,
    0x0, 0x7a, 0xc6, 0xd0, 0x0, 0xaf, 0xe1, 0x54,
    0x76, 0x40, 0xe0, 0x44, 0x4e, 0x6a, 0x3, 0x1b,
    0x9, 0x48, 0x40,

    /* U+0161 "š" */
    0x5, 0xf4, 0xd8, 0x0, 0x2b, 0xdb, 0x40, 0x5,
    0x1f, 0x60, 0x13, 0x77, 0xf3, 0x80, 0x25, 0x31,
    0xa4, 0x84, 0x5, 0xab, 0x88, 0x61, 0x6b, 0x74,
    0x0, 0x6e, 0xe5, 0x12, 0x8f, 0x4a, 0x90, 0x8,
    0xa5, 0xee, 0x59, 0x0,

    /* U+0162 "Ţ" */
    0x7f, 0xfe, 0xa5, 0x98, 0x6, 0x9e, 0x26, 0x50,
    0xc6, 0x40, 0xf, 0xff, 0x1, 0x36, 0x80, 0x74,
    0x8d, 0x80, 0x6c, 0x4e, 0x0,

    /* U+0163 "ţ" */
    0x0, 0x66, 0x0, 0x3f, 0xd3, 0xe6, 0x6f, 0xf3,
    0x54, 0x91, 0x26, 0x48, 0x6c, 0x22, 0x66, 0x10,
    0x7, 0xf3, 0x80, 0x78, 0x49, 0x98, 0x40, 0x8,
    0x39, 0x93, 0x80, 0x9, 0x5b, 0x94, 0x2, 0x81,
    0xd0, 0xd, 0x6b, 0x40,

    /* U+0164 "Ť" */
    0x5, 0xf4, 0xd8, 0x0, 0x2b, 0xdb, 0x40, 0x5,
    0x1f, 0x60, 0x7, 0xff, 0xea, 0x59, 0x80, 0x69,
    0xe2, 0x65, 0xc, 0x64, 0x0, 0xff, 0xef, 0x0,

    /* U+0165 "ť" */
    0x0, 0xc9, 0xe0, 0x14, 0xc8, 0x48, 0x2, 0x55,
    0x27, 0x4, 0xf9, 0x9b, 0xb1, 0xaa, 0x48, 0x93,
    0x24, 0x36, 0x11, 0x33, 0x8, 0x3, 0xf9, 0xc0,
    0x3c, 0x24, 0xcc, 0x20, 0x4, 0x1c, 0xc9, 0xc0,

    /* U+0166 "Ŧ" */
    0x7f, 0xfe, 0xa5, 0x98, 0x6, 0x9e, 0x26, 0x50,
    0xc6, 0x40, 0x0, 0x81, 0x80, 0x59, 0x80, 0x9f,
    0x0, 0x7d, 0x3, 0xe0, 0x0, 0xdc, 0x34, 0xc0,
    0x3f, 0xf8, 0x60,

    /* U+0167 "ŧ" */
    0x0, 0x66, 0x0, 0x3f, 0xd3, 0xe6, 0x6f, 0xf3,
    0x54, 0x91, 0x26, 0x48, 0x6c, 0x22, 0x66, 0x10,
    0xf9, 0x9b, 0xf4, 0x7, 0xc, 0xd9, 0xe0, 0x3,
    0x62, 0x54, 0x20, 0x4, 0x1c, 0xc9, 0xc0,

    /* U+0168 "Ũ" */
    0x2, 0xd9, 0x49, 0x0, 0x2a, 0x1d, 0xe0, 0x1,
    0xe6, 0xbd, 0x40, 0xbd, 0x80, 0xbd, 0x40, 0x3f,
    0xfa, 0xe6, 0x1, 0x8, 0x8, 0xd6, 0xde, 0xa,
    0x1a, 0x32, 0x34, 0x20,

    /* U+0169 "ũ" */
    0x0, 0x32, 0x92, 0x80, 0x1a, 0xa7, 0x4c, 0x0,
    0xd9, 0x8f, 0x60, 0x1f, 0x60, 0x3f, 0x40, 0xf,
    0xfe, 0x48, 0x80, 0x80, 0x71, 0x53, 0x78, 0x28,
    0x78, 0xc8, 0xd8, 0x80,

    /* U+016A "Ū" */
    0x7, 0xff, 0xa8, 0x0, 0xd9, 0x95, 0x80, 0x4,
    0xce, 0x10, 0x2f, 0x60, 0x2f, 0x50, 0xf, 0xfe,
    0xb9, 0x80, 0x42, 0x2, 0x35, 0xb7, 0x82, 0x86,
    0x8c, 0x8d, 0x8,

    /* U+016B "ū" */
    0x7, 0xff, 0xa8, 0x0, 0xd9, 0x95, 0x80, 0x4,
    0xce, 0x10, 0x1f, 0x60, 0x3f, 0x40, 0xf, 0xfe,
    0x48, 0x80, 0x80, 0x71, 0x53, 0x78, 0x28, 0x78,
    0xc8, 0xd8, 0x80,

    /* U+016C "Ŭ" */
    0x6, 0xd0, 0xa9, 0x0, 0x33, 0xf3, 0x40, 0x5,
    0x5d, 0x82, 0x5, 0xec, 0x5, 0xea, 0x1, 0xff,
    0xd7, 0x30, 0x8, 0x40, 0x46, 0xb6, 0xf0, 0x50,
    0xd1, 0x91, 0xa1,

    /* U+016D "ŭ" */
    0x6, 0xc0, 0xa9, 0x0, 0x33, 0x38, 0x60, 0x2,
    0xae, 0xb1, 0x1, 0xf6, 0x3, 0xf4, 0x0, 0xff,
    0xe4, 0x88, 0x8, 0x7, 0x15, 0x37, 0x82, 0x87,
    0x8c, 0x8d, 0x88,

    /* U+016E "Ů" */
    0x0, 0x3e, 0xc8, 0x6, 0x9d, 0x52, 0x0, 0xa7,
    0x54, 0x80, 0x27, 0xd9, 0x0, 0x17, 0xb0, 0x17,
    0xa8, 0x7, 0xff, 0x5c, 0xc0, 0x21, 0x1, 0x1a,
    0xdb, 0xc1, 0x43, 0x46, 0x46, 0x84,

    /* U+016F "ů" */
    0x0, 0x3e, 0xc8, 0x6, 0x9d, 0x52, 0x0, 0xa7,
    0x54, 0x80, 0x27, 0xd9, 0x0, 0xf, 0xb0, 0x1f,
    0xa0, 0x7, 0xff, 0x24, 0x40, 0x40, 0x38, 0xa9,
    0xbc, 0x14, 0x3c, 0x64, 0x6c, 0x40,

    /* U+0170 "Ű" */
    0x0, 0x4e, 0x1f, 0xa0, 0x19, 0x6d, 0x4a, 0x1,
    0xd8, 0xcb, 0x1, 0x7b, 0x1, 0x7a, 0x80, 0x7f,
    0xf5, 0xcc, 0x2, 0x10, 0x11, 0xad, 0xbc, 0x14,
    0x34, 0x64, 0x68, 0x40,

    /* U+0171 "ű" */
    0x0, 0x4e, 0x1f, 0xa0, 0x19, 0x6d, 0x4a, 0x1,
    0xd8, 0xcb, 0x0, 0xfb, 0x1, 0xfa, 0x0, 0x7f,
    0xf2, 0x44, 0x4, 0x3, 0x8a, 0x9b, 0xc1, 0x43,
    0xc6, 0x46, 0xc4,

    /* U+0172 "Ų" */
    0x2f, 0x60, 0x2f, 0x50, 0xf, 0xfe, 0xb9, 0x80,
    0x42, 0x2, 0x22, 0xb6, 0x82, 0x40, 0xe1, 0x97,
    0xc0, 0x1, 0xe1, 0xf8, 0x80, 0x62, 0xc7, 0x0,
    0xdd, 0xc6, 0x0,

    /* U+0173 "ų" */
    0x1f, 0x60, 0x3f, 0x40, 0xf, 0xfe, 0x48, 0x80,
    0x80, 0x4e, 0x5, 0x4d, 0x4, 0x61, 0xe3, 0x2d,
    0x80, 0x2, 0xc3, 0xe1, 0x0, 0xc5, 0x8e, 0x1,
    0xbb, 0x8c, 0x0,

    /* U+0174 "Ŵ" */
    0x0, 0x47, 0xd8, 0x6, 0x57, 0xb6, 0x80, 0x9,
    0x7d, 0x36, 0x0, 0x18, 0xe3, 0xea, 0x9e, 0xd,
    0xe4, 0x26, 0x24, 0x6, 0x4c, 0x5c, 0x62, 0x1c,
    0x24, 0x85, 0xcc, 0x2, 0xdd, 0xac, 0x24, 0x4,
    0x64, 0xe2, 0x7e, 0xc, 0x2c, 0x40, 0xc4, 0x6,
    0x1, 0x31, 0x30, 0x8, 0x8, 0x8, 0xc0,

    /* U+0175 "ŵ" */
    0x0, 0x47, 0xd8, 0x6, 0x57, 0xb6, 0x80, 0x9,
    0x7d, 0x36, 0x0, 0x16, 0xe3, 0xea, 0x7e, 0x5,
    0xca, 0x24, 0xc6, 0x1c, 0x44, 0x5d, 0x26, 0x3,
    0x6f, 0xd6, 0xdd, 0x3, 0x12, 0xa1, 0x31, 0x1,
    0x1, 0x10, 0xc9, 0xc0, 0x4, 0x60, 0xe2, 0x40,

    /* U+0176 "Ŷ" */
    0x0, 0x37, 0x48, 0x4, 0x91, 0x48, 0xe0, 0x4,
    0xe4, 0xd7, 0x7, 0xf1, 0x0, 0x6d, 0xb0, 0x48,
    0x21, 0x78, 0xb3, 0x3, 0xcd, 0x2, 0xc5, 0xd2,
    0x40, 0x4, 0x90, 0x2a, 0x1, 0x78, 0x48, 0x6,
    0x60, 0x20, 0xf, 0xfe, 0x20,

    /* U+0177 "ŷ" */
    0x0, 0x4f, 0x60, 0x80, 0xf, 0xb9, 0x48, 0x0,
    0x37, 0x6, 0x50, 0x5f, 0x30, 0x7, 0xca, 0x85,
    0x82, 0x85, 0x3, 0x30, 0x3c, 0x8c, 0x28, 0x55,
    0x60, 0x1, 0x94, 0x5, 0x0, 0x56, 0x46, 0x40,
    0x12, 0x5, 0x80, 0x65, 0x6, 0x0, 0xd4, 0x82,
    0x0,

    /* U+0178 "Ÿ" */
    0x7, 0xd0, 0xaa, 0x0, 0x9, 0xc0, 0x88, 0x0,
    0x5a, 0x8, 0x80, 0x3f, 0x88, 0x3, 0x6d, 0x82,
    0x41, 0xb, 0xc5, 0x98, 0x1e, 0x68, 0x16, 0x2e,
    0x92, 0x0, 0x24, 0x81, 0x50, 0xb, 0xc2, 0x40,
    0x33, 0x1, 0x0, 0x7f, 0xf1, 0x0,

    /* U+0179 "Ź" */
    0x0, 0x9b, 0xcc, 0x2, 0x1d, 0xa3, 0x0, 0x86,
    0xd4, 0x2, 0xff, 0xe2, 0x9, 0x98, 0x80, 0xc1,
    0x98, 0x84, 0xe2, 0x1, 0x48, 0xc0, 0x4, 0x88,
    0xb0, 0xd, 0x26, 0xa0, 0x13, 0x97, 0x80, 0x69,
    0x25, 0x66, 0x8, 0x9, 0x4c, 0xca,

    /* U+017A "ź" */
    0x0, 0x8e, 0xcc, 0x2, 0x1d, 0x23, 0x0, 0x87,
    0xa4, 0x2, 0xff, 0xe2, 0xa, 0x99, 0x8, 0x88,
    0x15, 0xb8, 0x74, 0x2, 0x57, 0x93, 0x0, 0x1d,
    0x33, 0x0, 0x2d, 0x1f, 0x66, 0x8, 0xe9, 0x99,
    0x40,

    /* U+017B "Ż" */
    0x0, 0x1f, 0x30, 0x6, 0x15, 0x20, 0xc, 0x56,
    0x80, 0x17, 0xff, 0x10, 0x4c, 0xc4, 0x6, 0xc,
    0xc4, 0x27, 0x10, 0xa, 0x46, 0x0, 0x24, 0x45,
    0x80, 0x69, 0x35, 0x0, 0x9c, 0xbc, 0x3, 0x49,
    0x2b, 0x30, 0x40, 0x4a, 0x66, 0x50,

    /* U+017C "ż" */
    0x0, 0x98, 0x40, 0x32, 0xcc, 0x80, 0x32, 0xe4,
    0x0, 0x5f, 0xec, 0xff, 0x10, 0x54, 0xc8, 0x44,
    0x40, 0xad, 0xc3, 0xa0, 0x12, 0xbc, 0x98, 0x0,
    0xe9, 0x98, 0x1, 0x68, 0xfb, 0x30, 0x47, 0x4c,
    0xca,

    /* U+017D "Ž" */
    0x5, 0xf4, 0xd8, 0x0, 0x2b, 0xdb, 0x40, 0x5,
    0x1f, 0x60, 0x17, 0xff, 0x10, 0x4c, 0xc4, 0x6,
    0xc, 0xc4, 0x27, 0x10, 0xa, 0x46, 0x0, 0x24,
    0x45, 0x80, 0x69, 0x35, 0x0, 0x9c, 0xbc, 0x3,
    0x49, 0x2b, 0x30, 0x40, 0x4a, 0x66, 0x50,

    /* U+017E "ž" */
    0x5, 0xf4, 0xd8, 0x0, 0x2b, 0xdb, 0x40, 0x5,
    0x1f, 0x60, 0x17, 0xff, 0x10, 0x54, 0xc8, 0x44,
    0x40, 0xad, 0xc3, 0xa0, 0x12, 0xbc, 0x98, 0x0,
    0xe9, 0x98, 0x1, 0x68, 0xfb, 0x30, 0x47, 0x4c,
    0xca,

    /* U+017F "ſ" */
    0x6, 0xef, 0xf2, 0xc, 0xad, 0x51, 0x48, 0x3d,
    0x54, 0x20, 0x1f, 0xfd, 0x80,

    /* U+2007 " " */

    /* U+2008 " " */

    /* U+2009 " " */

    /* U+200A " " */

    /* U+200B "​" */

    /* U+2010 "‐" */
    0x2, 0x28, 0x57, 0x76, 0x94, 0xaa, 0xc0,

    /* U+2012 "‒" */
    0x12, 0x2e, 0x19, 0xdd, 0xe6, 0xaa, 0xf2, 0x80,

    /* U+2013 "–" */
    0x2, 0x2e, 0x1, 0xdd, 0xe4, 0x1a, 0xae, 0x50,

    /* U+2014 "—" */
    0x22, 0xf8, 0x37, 0x7e, 0x3a, 0xaf, 0x88,

    /* U+2015 "―" */
    0x1, 0x1f, 0xf0, 0x47, 0x77, 0xfa, 0x2a, 0xef,
    0xfd, 0x40,

    /* U+2018 "‘" */
    0x1f, 0x86, 0x9, 0xe1, 0x16, 0x91, 0x0,

    /* U+2019 "’" */
    0xe, 0x90, 0x55, 0x2, 0xa9, 0xe, 0xc0,

    /* U+201A "‚" */
    0xb, 0x60, 0x5, 0x2, 0xb2, 0xc, 0x80,

    /* U+201C "“" */
    0x5f, 0x2a, 0xe0, 0x93, 0x25, 0x60, 0x35, 0x30,
    0xc0, 0x73, 0x32, 0x18, 0x0,

    /* U+201D "”" */
    0x6f, 0x29, 0xe0, 0x40, 0x7c, 0x12, 0x50, 0x4f,
    0x12, 0xd6, 0x16, 0x80,

    /* U+201E "„" */
    0x6c, 0x16, 0xc1, 0x43, 0x44, 0x1a, 0x20, 0x1d,
    0x1, 0xe8, 0xca, 0x8c, 0x80,

    /* U+2020 "†" */
    0x0, 0xe, 0x20, 0x6, 0x33, 0x8, 0x4, 0x4c,
    0x4, 0x40, 0x1d, 0xb0, 0x8d, 0x51, 0xa9, 0x7,
    0xa4, 0x5, 0x40, 0xd5, 0x10, 0xf, 0xfe, 0xf0,

    /* U+2021 "‡" */
    0x0, 0xe, 0x20, 0x6, 0x33, 0x8, 0x4, 0x4c,
    0x4, 0x40, 0x1d, 0xb0, 0x8d, 0x51, 0xa9, 0x7,
    0xa4, 0x5, 0x40, 0xd5, 0x10, 0xf, 0xc4, 0xc0,
    0x44, 0x1, 0xdb, 0x8, 0xd5, 0x1a, 0x90, 0x7a,
    0x40, 0x54, 0xd, 0x51, 0x0, 0xf8,

    /* U+2022 "•" */
    0x2, 0x0, 0x56, 0xe8, 0x10, 0x8, 0x64, 0x14,
    0x40,

    /* U+2026 "…" */
    0x3, 0x3, 0x2, 0x15, 0xc1, 0xc4, 0xe9, 0x12,
    0x11, 0x3b, 0x78,

    /* U+2030 "‰" */
    0x9, 0xe8, 0x2, 0xc0, 0x9, 0xf9, 0x82, 0x7c,
    0x3, 0xca, 0x26, 0x1, 0x4e, 0xb4, 0x58, 0x6,
    0x7d, 0xa, 0x10, 0xe, 0x25, 0xdb, 0x8c, 0x20,
    0x4, 0xdb, 0x79, 0x55, 0x1, 0x5, 0xde, 0x3,
    0x0, 0x4c, 0x8, 0x41, 0xcd, 0x80,

    /* U+2032 "′" */
    0x2f, 0x87, 0xc, 0x20, 0x4f, 0x50,

    /* U+2033 "″" */
    0x6f, 0x49, 0xf1, 0xf0, 0x45, 0x21, 0x53, 0x3,
    0x40, 0x5, 0x89, 0x60, 0x0,

    /* U+2039 "‹" */
    0x0, 0x3f, 0x90, 0x1c, 0x51, 0xe, 0xb2, 0x80,
    0x46, 0x0, 0x1d, 0x56, 0x0, 0x1c, 0x49, 0x0,

    /* U+203A "›" */
    0x1d, 0xa0, 0x0, 0xf2, 0xb0, 0x0, 0xe2, 0x48,
    0x0, 0x20, 0x11, 0x4c, 0x88, 0x3d, 0x58, 0x0,

    /* U+2044 "⁄" */
    0x0, 0xf2, 0xe8, 0x7, 0x86, 0xe4, 0x3, 0xd4,
    0xe8, 0x1, 0xca, 0xd2, 0x1, 0xc3, 0x7c, 0x1,
    0xea, 0x73, 0x0, 0xe6, 0x64, 0x80, 0x70, 0xc7,
    0x0, 0x7a, 0x98, 0xc0, 0x38,

    /* U+2052 "⁒" */
    0xcd, 0x9, 0xd0, 0x61, 0x13, 0x50, 0x56, 0x38,
    0x30, 0x5, 0x4a, 0x20, 0x3, 0x34, 0x80, 0x54,
    0x46, 0x1, 0x35, 0x0, 0x4c, 0xd, 0xbc, 0x14,
    0xa2, 0x23, 0x0,

    /* U+20A1 "₡" */
    0x0, 0x87, 0x19, 0xc0, 0x28, 0xf3, 0x9b, 0x0,
    0x5b, 0x8b, 0xb, 0x2, 0x20, 0x92, 0x8e, 0x83,
    0x2, 0x1c, 0x58, 0x0, 0x20, 0x20, 0xe6, 0x0,
    0x10, 0xc6, 0x2d, 0x0, 0x60, 0x3e, 0xe9, 0x80,
    0x8, 0x80, 0x94, 0xe9, 0x0, 0x59, 0x0, 0x9f,
    0x80, 0x6d, 0x5e, 0x60,

    /* U+20A3 "₣" */
    0xe, 0xff, 0xc6, 0x1, 0x33, 0x42, 0x0, 0x19,
    0x98, 0x80, 0x3, 0x33, 0x0, 0x66, 0x68, 0x2,
    0x1f, 0xf8, 0x30, 0x45, 0xf4, 0x0, 0xd1, 0x16,
    0xd8, 0x0, 0x40, 0x4, 0x20, 0x0,

    /* U+20A4 "₤" */
    0x0, 0x4f, 0x7e, 0x90, 0x2b, 0x13, 0xb1, 0x1,
    0x4, 0x42, 0xc1, 0xe0, 0x2f, 0xd8, 0x19, 0xc2,
    0x75, 0x81, 0x9c, 0x27, 0x58, 0x19, 0x42, 0xf5,
    0x81, 0x14, 0x76, 0xe5, 0x74, 0x5, 0x9a, 0xf0,

    /* U+20A6 "₦" */
    0x3f, 0xd0, 0x4f, 0x10, 0x1, 0x10, 0x3, 0x8d,
    0x40, 0x2e, 0x3, 0x8a, 0xa, 0xe0, 0xb0, 0xa0,
    0xae, 0xb, 0xb, 0xa, 0xe0, 0xd6, 0x30, 0xa0,
    0xb, 0x4c, 0x3, 0x90, 0x2,

    /* U+20A7 "₧" */
    0x1f, 0xfb, 0xc, 0x3, 0xe2, 0x63, 0xc1, 0x0,
    0xf3, 0xcb, 0x82, 0xbd, 0x0, 0x7f, 0x58, 0x7,
    0x3d, 0x38, 0xf1, 0xaf, 0x98, 0x0, 0x94, 0xf6,
    0x41, 0x30, 0xc0, 0xb, 0xf8, 0x66, 0x1, 0x30,
    0xf, 0xe7, 0x41, 0x0, 0xfa, 0xa, 0xc8,

    /* U+20A9 "₩" */
    0xbb, 0x3, 0x7a, 0x7, 0x41, 0xb0, 0x78, 0x10,
    0xf, 0x70, 0x80, 0x8f, 0xc8, 0x14, 0x80, 0x55,
    0x9, 0x80, 0xa0, 0x38, 0x59, 0x2c, 0x2f, 0x5,
    0x87, 0xc1, 0x8e, 0x80, 0x94, 0x84, 0x48, 0xa0,
    0x5, 0x35, 0x2, 0x27, 0x80, 0x38, 0x38, 0x14,
    0x8, 0x0,

    /* U+20AB "₫" */
    0x0, 0xc7, 0xe8, 0x1, 0x9b, 0x2, 0xc8, 0x2,
    0x7a, 0xa, 0x20, 0x5f, 0xed, 0x1, 0x0, 0x51,
    0xd9, 0x0, 0x42, 0x14, 0x9c, 0x1, 0x8, 0x70,
    0x10, 0x6, 0x47, 0xea, 0x0, 0xd7, 0x31, 0xce,
    0xc0, 0x5f, 0x32, 0xd7, 0x70, 0x16, 0xef, 0x28,
    0x0,

    /* U+20AC "€" */
    0x2, 0xcf, 0xe6, 0x0, 0x78, 0xca, 0x49, 0x89,
    0x53, 0x52, 0xbe, 0x84, 0x72, 0x52, 0x70, 0x47,
    0xa0, 0x3, 0x82, 0x3d, 0x0, 0x1c, 0x11, 0xeb,
    0x28, 0x44, 0xa7, 0xb6, 0x70, 0xf1, 0x94, 0x93,

    /* U+20AD "₭" */
    0x2f, 0xa0, 0x4f, 0x90, 0xd, 0x23, 0x20, 0x13,
    0x15, 0x80, 0x43, 0x6, 0xa1, 0x80, 0x82, 0x7e,
    0xb4, 0x4, 0x61, 0x68, 0xc0, 0xf0, 0x18, 0x20,
    0x12, 0x13, 0x88, 0x6, 0x80, 0x80,

    /* U+20AE "₮" */
    0x8f, 0xfe, 0xbb, 0x44, 0x1, 0xa3, 0x8d, 0xd8,
    0x31, 0x90, 0x0, 0xa1, 0x7c, 0xa3, 0xf6, 0xf,
    0xa8, 0x39, 0xa0, 0x5e, 0x83, 0x1a, 0x0, 0x84,
    0xc, 0xb0, 0xe5, 0x1, 0x75, 0x0, 0xc0,

    /* U+20B1 "₱" */
    0x3f, 0xfb, 0xc, 0x2, 0x48, 0x3d, 0xe, 0x4,
    0x90, 0x1b, 0xe0, 0x6e, 0x70, 0x8f, 0x6, 0xf7,
    0x8, 0xf0, 0xc, 0xf6, 0x0, 0x4b, 0xe8, 0x0,
    0x89, 0x4, 0x3, 0xf8,

    /* U+20B2 "₲" */
    0x0, 0xda, 0x60, 0x19, 0x30, 0xb3, 0x58, 0x16,
    0xcc, 0x10, 0xc, 0x2c, 0x30, 0xa3, 0x54, 0xc5,
    0xc, 0x3, 0x38, 0x10, 0x3, 0x3e, 0xdc, 0xc,
    0x0, 0x80, 0x3, 0x5, 0x10, 0xf0, 0x9, 0xc3,
    0xcb, 0xc0, 0x28, 0x81, 0x82, 0x16, 0x0, 0x1f,
    0x53, 0x35, 0xc0,

    /* U+20B4 "₴" */
    0x2, 0xbf, 0xe6, 0x0, 0x73, 0x52, 0x48, 0x87,
    0x62, 0xe8, 0x89, 0xf7, 0xbe, 0x6, 0x9f, 0x77,
    0xad, 0xf7, 0x7a, 0xdc, 0x97, 0x75, 0x56, 0x6,
    0xcf, 0x34, 0x21, 0x41, 0x4d, 0x80,

    /* U+20B5 "₵" */
    0x0, 0x97, 0xa4, 0x80, 0x3, 0xb4, 0x2d, 0xa2,
    0x16, 0x4c, 0x51, 0x1, 0x12, 0x94, 0x82, 0x38,
    0x10, 0x38, 0x7, 0x38, 0x18, 0x7, 0x38, 0x10,
    0x7, 0x18, 0x20, 0x80, 0x73, 0x87, 0x97, 0xe8,
    0x2, 0x1c, 0x0, 0x6e, 0x1, 0x47, 0x46, 0xd0,
    0x0,

    /* U+20B8 "₸" */
    0xbf, 0xfe, 0xac, 0x66, 0xef, 0x0, 0xfb, 0x19,
    0xbb, 0xef, 0xe0, 0x2b, 0xe8, 0x3, 0xff, 0xa0,

    /* U+20B9 "₹" */
    0x3f, 0xfe, 0x23, 0xfc, 0x5, 0xf2, 0x3f, 0xc0,
    0x5f, 0x23, 0xfc, 0x4, 0xf2, 0x3e, 0xc1, 0x80,
    0x1, 0x8, 0xbc, 0xc0, 0x3, 0x2, 0xc0, 0x19,
    0xc6, 0x8, 0x3, 0x58, 0x70, 0x0,

    /* U+20BA "₺" */
    0xc, 0xf0, 0xf, 0xab, 0x0, 0x12, 0x61, 0x9e,
    0x0, 0xf2, 0xb, 0xf0, 0x6, 0x90, 0x76, 0x3a,
    0x79, 0x81, 0x94, 0x1a, 0x0, 0x54, 0x8, 0x1,
    0x53, 0xa1, 0x83, 0x82, 0x3d, 0x80,

    /* U+20BC "₼" */
    0x0, 0xd3, 0xe2, 0x1, 0xff, 0xc3, 0x27, 0x50,
    0x95, 0x0, 0x93, 0x60, 0xc1, 0xeb, 0x40, 0x14,
    0x38, 0xc1, 0xae, 0x50, 0x83, 0x26, 0x0, 0x38,
    0x4, 0x10, 0x20, 0xe2, 0x0, 0x10, 0x98, 0x4,
    0xfa, 0x20, 0x3, 0x0, 0xff, 0x0,

    /* U+20BD "₽" */
    0xd, 0xff, 0x74, 0x80, 0x47, 0x72, 0xce, 0x0,
    0x64, 0x72, 0xc0, 0x0, 0x88, 0xc8, 0x98, 0x49,
    0xd8, 0x71, 0xe2, 0x77, 0x98, 0x1f, 0x13, 0xbc,
    0x40, 0xe2, 0x4c, 0xc2, 0x1, 0x0, 0x99, 0x80,
    0x0,

    /* U+2190 "←" */
    0x0, 0x8c, 0x40, 0x35, 0xf0, 0x80, 0x50, 0x9e,
    0x1, 0x23, 0xa2, 0x19, 0xae, 0x5, 0x88, 0xd4,
    0x4b, 0xdd, 0x83, 0xd1, 0xc0, 0x31, 0x56, 0x10,
    0x0,

    /* U+2191 "↑" */
    0x0, 0xd, 0x10, 0x4, 0x58, 0xb8, 0x60, 0x78,
    0x20, 0x58, 0xb2, 0x9c, 0x13, 0x10, 0x9a, 0x30,
    0x3, 0xf1, 0x80, 0x71, 0x80, 0x7f, 0xf2, 0x40,

    /* U+2192 "→" */
    0x0, 0x8c, 0x40, 0x3d, 0x18, 0x20, 0x1d, 0x41,
    0x40, 0x4, 0x66, 0x3a, 0x21, 0xc3, 0xe2, 0x27,
    0xa, 0xb, 0xee, 0xa4, 0x3c, 0x3, 0x24, 0x51,
    0x0, 0x6e, 0x85, 0x0, 0x0,

    /* U+2193 "↓" */
    0x0, 0xe, 0x18, 0x7, 0x1b, 0x0, 0x7f, 0xf1,
    0x4, 0x3, 0x86, 0x18, 0x2, 0x3d, 0xc9, 0x80,
    0xcc, 0x2a, 0xa9, 0x81, 0xa2, 0x41, 0x70, 0x69,
    0xc0, 0x23, 0xe5, 0x0, 0x0,

    /* U+2194 "↔" */
    0x0, 0x84, 0xc0, 0xc8, 0x3, 0x87, 0xe4, 0x13,
    0x4c, 0x3, 0x51, 0xd0, 0x3a, 0x70, 0x80, 0x21,
    0x10, 0xcd, 0x61, 0x50, 0x1, 0x41, 0xe2, 0x29,
    0x4, 0x10, 0xf0, 0x9e, 0xea, 0x82, 0x84, 0xa,
    0x61, 0x0, 0x69, 0x94, 0x2, 0x67, 0xe0, 0x94,
    0x90, 0x0,

    /* U+2195 "↕" */
    0x0, 0xa4, 0x40, 0x21, 0xc6, 0xf3, 0x2, 0xf1,
    0x3, 0xc4, 0xb5, 0xf0, 0x87, 0x9d, 0xb3, 0x0,
    0x44, 0xa0, 0x7, 0x20, 0x7, 0xff, 0x8, 0x80,
    0x38, 0x6e, 0x0, 0x24, 0xdc, 0x7b, 0xf, 0xb4,
    0x5b, 0x40, 0x59, 0x80, 0x4c, 0x2b, 0x60, 0x8,
    0xb5, 0x0, 0x0,

    /* U+2196 "↖" */
    0x3f, 0xfd, 0xa0, 0xe0, 0x7, 0xa8, 0x0, 0x8d,
    0xd9, 0x40, 0x2e, 0x3c, 0x30, 0x8, 0xf0, 0xf0,
    0xd2, 0xc4, 0x30, 0xd0, 0x10, 0x2, 0xc7,

    /* U+2197 "↗" */
    0xa, 0xff, 0xcc, 0x3f, 0x52, 0x0, 0x11, 0x2a,
    0x59, 0x8, 0x0, 0xbc, 0x30, 0x0, 0x58, 0x78,
    0x20, 0x2c, 0x78, 0x20, 0x8c, 0x9a, 0x20, 0xa,
    0x0,

    /* U+2198 "↘" */
    0x0, 0xf9, 0x30, 0x40, 0x12, 0xc, 0x58, 0x20,
    0xec, 0x58, 0x78, 0x20, 0x20, 0x58, 0x78, 0x0,
    0x14, 0x68, 0x21, 0x1, 0xfb, 0x90, 0x8,

    /* U+2199 "↙" */
    0x0, 0xfd, 0x2, 0x0, 0xb5, 0x37, 0x0, 0x5a,
    0x33, 0x80, 0x2d, 0x30, 0xc0, 0x1a, 0x98, 0x60,
    0x11, 0xc3, 0xa1, 0x0, 0x51, 0x72, 0x60,

    /* U+2500 "─" */
    0x0, 0xfe, 0x1f, 0xff, 0xa4, 0x77, 0x7e, 0x80,

    /* U+2550 "═" */
    0x3, 0x3f, 0x88, 0x73, 0x3e, 0xb1, 0xff, 0xfa,
    0x47, 0xff, 0xe9, 0x1b, 0xbf, 0xc0,

    /* U+2551 "║" */
    0x4, 0x4, 0x13, 0xb0, 0xa5, 0x0, 0xff, 0xff,
    0x80, 0x7f, 0x80,

    /* U+2554 "╔" */
    0x3, 0x3e, 0x13, 0xcc, 0xe5, 0x0, 0x7f, 0xe4,
    0x0, 0xbb, 0xfc, 0x80, 0x1a, 0x2d, 0x40, 0x31,
    0xa0, 0x80, 0x7f, 0xf5, 0xc5, 0x1, 0x1c, 0x0,

    /* U+2557 "╗" */
    0x3, 0x3e, 0x13, 0xcc, 0xe5, 0x3f, 0xfc, 0x20,
    0x7f, 0xf0, 0x4, 0x77, 0x20, 0x1c, 0x8a, 0x1,
    0xff, 0xdd, 0x14, 0x4, 0x70,

    /* U+255A "╚" */
    0x17, 0x6, 0x10, 0x1, 0x40, 0x42, 0x80, 0x7f,
    0xf7, 0x4c, 0xc2, 0x1, 0xa3, 0x14, 0x2, 0xef,
    0xf2, 0x0, 0x3f, 0xf2, 0x1d, 0xdf, 0x28,

    /* U+255D "╝" */
    0x0, 0xb, 0x83, 0x8, 0x0, 0xa0, 0x21, 0x40,
    0x3f, 0xfb, 0x6, 0xa0, 0x18, 0xf2, 0x40, 0x31,
    0xff, 0xc0, 0x11, 0xff, 0xe1, 0x3, 0xbb, 0xe5,

    /* U+2588 "█" */
    0x0, 0xfd, 0xff, 0xf1, 0x80, 0x7f, 0xff, 0xc0,
    0x3f, 0xfb, 0x26, 0x7f, 0x8,

    /* U+2594 "▔" */
    0x0, 0xfd, 0xff, 0xf1, 0x88, 0xfe,

    /* U+25A0 "■" */
    0xff, 0xf8, 0xc0, 0x3f, 0xfc, 0x97, 0x7f, 0x18
};


/*---------------------
 *  GLYPH DESCRIPTION
 *--------------------*/

static const lv_font_fmt_txt_glyph_dsc_t glyph_dsc[] = {
    {.bitmap_index = 0, .adv_w = 0, .box_w = 0, .box_h = 0, .ofs_x = 0, .ofs_y = 0} /* id = 0 reserved */,
    {.bitmap_index = 0, .adv_w = 115, .box_w = 0, .box_h = 0, .ofs_x = 0, .ofs_y = 0},
    {.bitmap_index = 0, .adv_w = 115, .box_w = 3, .box_h = 9, .ofs_x = 2, .ofs_y = 0},
    {.bitmap_index = 13, .adv_w = 115, .box_w = 5, .box_h = 4, .ofs_x = 1, .ofs_y = 5},
    {.bitmap_index = 24, .adv_w = 115, .box_w = 7, .box_h = 9, .ofs_x = 0, .ofs_y = 0},
    {.bitmap_index = 57, .adv_w = 115, .box_w = 7, .box_h = 13, .ofs_x = 0, .ofs_y = -2},
    {.bitmap_index = 101, .adv_w = 115, .box_w = 8, .box_h = 9, .ofs_x = 0, .ofs_y = 0},
    {.bitmap_index = 136, .adv_w = 115, .box_w = 8, .box_h = 9, .ofs_x = 0, .ofs_y = 0},
    {.bitmap_index = 172, .adv_w = 115, .box_w = 3, .box_h = 4, .ofs_x = 2, .ofs_y = 5},
    {.bitmap_index = 178, .adv_w = 115, .box_w = 4, .box_h = 13, .ofs_x = 2, .ofs_y = -2},
    {.bitmap_index = 202, .adv_w = 115, .box_w = 5, .box_h = 13, .ofs_x = 1, .ofs_y = -2},
    {.bitmap_index = 232, .adv_w = 115, .box_w = 7, .box_h = 7, .ofs_x = 0, .ofs_y = 1},
    {.bitmap_index = 257, .adv_w = 115, .box_w = 7, .box_h = 6, .ofs_x = 0, .ofs_y = 1},
    {.bitmap_index = 277, .adv_w = 115, .box_w = 3, .box_h = 4, .ofs_x = 2, .ofs_y = -2},
    {.bitmap_index = 284, .adv_w = 115, .box_w = 5, .box_h = 3, .ofs_x = 1, .ofs_y = 3},
    {.bitmap_index = 291, .adv_w = 115, .box_w = 3, .box_h = 3, .ofs_x = 2, .ofs_y = 0},
    {.bitmap_index = 296, .adv_w = 115, .box_w = 7, .box_h = 12, .ofs_x = 0, .ofs_y = -1},
    {.bitmap_index = 331, .adv_w = 115, .box_w = 7, .box_h = 9, .ofs_x = 0, .ofs_y = 0},
    {.bitmap_index = 363, .adv_w = 115, .box_w = 6, .box_h = 9, .ofs_x = 1, .ofs_y = 0},
    {.bitmap_index = 382, .adv_w = 115, .box_w = 7, .box_h = 9, .ofs_x = 0, .ofs_y = 0},
    {.bitmap_index = 414, .adv_w = 115, .box_w = 7, .box_h = 9, .ofs_x = 0, .ofs_y = 0},
    {.bitmap_index = 445, .adv_w = 115, .box_w = 7, .box_h = 9, .ofs_x = 0, .ofs_y = 0},
    {.bitmap_index = 475, .adv_w = 115, .box_w = 7, .box_h = 9, .ofs_x = 0, .ofs_y = 0},
    {.bitmap_index = 504, .adv_w = 115, .box_w = 7, .box_h = 9, .ofs_x = 0, .ofs_y = 0},
    {.bitmap_index = 535, .adv_w = 115, .box_w = 7, .box_h = 9, .ofs_x = 0, .ofs_y = 0},
    {.bitmap_index = 564, .adv_w = 115, .box_w = 7, .box_h = 9, .ofs_x = 0, .ofs_y = 0},
    {.bitmap_index = 596, .adv_w = 115, .box_w = 7, .box_h = 9, .ofs_x = 0, .ofs_y = 0},
    {.bitmap_index = 628, .adv_w = 115, .box_w = 3, .box_h = 7, .ofs_x = 2, .ofs_y = 0},
    {.bitmap_index = 638, .adv_w = 115, .box_w = 3, .box_h = 9, .ofs_x = 2, .ofs_y = -2},
    {.bitmap_index = 652, .adv_w = 115, .box_w = 7, .box_h = 8, .ofs_x = 0, .ofs_y = 0},
    {.bitmap_index = 679, .adv_w = 115, .box_w = 7, .box_h = 6, .ofs_x = 0, .ofs_y = 1},
    {.bitmap_index = 695, .adv_w = 115, .box_w = 7, .box_h = 8, .ofs_x = 0, .ofs_y = 0},
    {.bitmap_index = 722, .adv_w = 115, .box_w = 5, .box_h = 9, .ofs_x = 1, .ofs_y = 0},
    {.bitmap_index = 745, .adv_w = 115, .box_w = 7, .box_h = 11, .ofs_x = 0, .ofs_y = -2},
    {.bitmap_index = 784, .adv_w = 115, .box_w = 7, .box_h = 9, .ofs_x = 0, .ofs_y = 0},
    {.bitmap_index = 815, .adv_w = 115, .box_w = 7, .box_h = 9, .ofs_x = 0, .ofs_y = 0},
    {.bitmap_index = 847, .adv_w = 115, .box_w = 7, .box_h = 9, .ofs_x = 0, .ofs_y = 0},
    {.bitmap_index = 875, .adv_w = 115, .box_w = 7, .box_h = 9, .ofs_x = 0, .ofs_y = 0},
    {.bitmap_index = 899, .adv_w = 115, .box_w = 6, .box_h = 9, .ofs_x = 1, .ofs_y = 0},
    {.bitmap_index = 925, .adv_w = 115, .box_w = 7, .box_h = 9, .ofs_x = 0, .ofs_y = 0},
    {.bitmap_index = 950, .adv_w = 115, .box_w = 7, .box_h = 9, .ofs_x = 0, .ofs_y = 0},
    {.bitmap_index = 982, .adv_w = 115, .box_w = 7, .box_h = 9, .ofs_x = 0, .ofs_y = 0},
    {.bitmap_index = 1003, .adv_w = 115, .box_w = 6, .box_h = 9, .ofs_x = 1, .ofs_y = 0},
    {.bitmap_index = 1021, .adv_w = 115, .box_w = 7, .box_h = 9, .ofs_x = 0, .ofs_y = 0},
    {.bitmap_index = 1037, .adv_w = 115, .box_w = 7, .box_h = 9, .ofs_x = 0, .ofs_y = 0},
    {.bitmap_index = 1066, .adv_w = 115, .box_w = 6, .box_h = 9, .ofs_x = 1, .ofs_y = 0},
    {.bitmap_index = 1075, .adv_w = 115, .box_w = 7, .box_h = 9, .ofs_x = 0, .ofs_y = 0},
    {.bitmap_index = 1100, .adv_w = 115, .box_w = 7, .box_h = 9, .ofs_x = 0, .ofs_y = 0},
    {.bitmap_index = 1126, .adv_w = 115, .box_w = 7, .box_h = 9, .ofs_x = 0, .ofs_y = 0},
    {.bitmap_index = 1154, .adv_w = 115, .box_w = 7, .box_h = 9, .ofs_x = 0, .ofs_y = 0},
    {.bitmap_index = 1181, .adv_w = 115, .box_w = 7, .box_h = 11, .ofs_x = 0, .ofs_y = -2},
    {.bitmap_index = 1215, .adv_w = 115, .box_w = 7, .box_h = 9, .ofs_x = 0, .ofs_y = 0},
    {.bitmap_index = 1245, .adv_w = 115, .box_w = 7, .box_h = 9, .ofs_x = 0, .ofs_y = 0},
    {.bitmap_index = 1277, .adv_w = 115, .box_w = 7, .box_h = 9, .ofs_x = 0, .ofs_y = 0},
    {.bitmap_index = 1290, .adv_w = 115, .box_w = 7, .box_h = 9, .ofs_x = 0, .ofs_y = 0},
    {.bitmap_index = 1307, .adv_w = 115, .box_w = 7, .box_h = 9, .ofs_x = 0, .ofs_y = 0},
    {.bitmap_index = 1339, .adv_w = 115, .box_w = 8, .box_h = 9, .ofs_x = 0, .ofs_y = 0},
    {.bitmap_index = 1375, .adv_w = 115, .box_w = 7, .box_h = 9, .ofs_x = 0, .ofs_y = 0},
    {.bitmap_index = 1407, .adv_w = 115, .box_w = 7, .box_h = 9, .ofs_x = 0, .ofs_y = 0},
    {.bitmap_index = 1434, .adv_w = 115, .box_w = 7, .box_h = 9, .ofs_x = 0, .ofs_y = 0},
    {.bitmap_index = 1463, .adv_w = 115, .box_w = 4, .box_h = 13, .ofs_x = 2, .ofs_y = -2},
    {.bitmap_index = 1480, .adv_w = 115, .box_w = 7, .box_h = 12, .ofs_x = 0, .ofs_y = -1},
    {.bitmap_index = 1513, .adv_w = 115, .box_w = 4, .box_h = 13, .ofs_x = 1, .ofs_y = -2},
    {.bitmap_index = 1530, .adv_w = 115, .box_w = 7, .box_h = 5, .ofs_x = 0, .ofs_y = 4},
    {.bitmap_index = 1548, .adv_w = 115, .box_w = 7, .box_h = 3, .ofs_x = 0, .ofs_y = -2},
    {.bitmap_index = 1556, .adv_w = 115, .box_w = 4, .box_h = 2, .ofs_x = 1, .ofs_y = 8},
    {.bitmap_index = 1561, .adv_w = 115, .box_w = 7, .box_h = 7, .ofs_x = 0, .ofs_y = 0},
    {.bitmap_index = 1587, .adv_w = 115, .box_w = 7, .box_h = 9, .ofs_x = 0, .ofs_y = 0},
    {.bitmap_index = 1613, .adv_w = 115, .box_w = 7, .box_h = 7, .ofs_x = 0, .ofs_y = 0},
    {.bitmap_index = 1638, .adv_w = 115, .box_w = 7, .box_h = 9, .ofs_x = 0, .ofs_y = 0},
    {.bitmap_index = 1668, .adv_w = 115, .box_w = 7, .box_h = 7, .ofs_x = 0, .ofs_y = 0},
    {.bitmap_index = 1693, .adv_w = 115, .box_w = 7, .box_h = 9, .ofs_x = 0, .ofs_y = 0},
    {.bitmap_index = 1719, .adv_w = 115, .box_w = 7, .box_h = 9, .ofs_x = 0, .ofs_y = -2},
    {.bitmap_index = 1750, .adv_w = 115, .box_w = 7, .box_h = 9, .ofs_x = 0, .ofs_y = 0},
    {.bitmap_index = 1769, .adv_w = 115, .box_w = 7, .box_h = 10, .ofs_x = 0, .ofs_y = 0},
    {.bitmap_index = 1796, .adv_w = 115, .box_w = 6, .box_h = 12, .ofs_x = 0, .ofs_y = -2},
    {.bitmap_index = 1822, .adv_w = 115, .box_w = 7, .box_h = 9, .ofs_x = 0, .ofs_y = 0},
    {.bitmap_index = 1847, .adv_w = 115, .box_w = 7, .box_h = 9, .ofs_x = 0, .ofs_y = 0},
    {.bitmap_index = 1866, .adv_w = 115, .box_w = 7, .box_h = 7, .ofs_x = 0, .ofs_y = 0},
    {.bitmap_index = 1880, .adv_w = 115, .box_w = 7, .box_h = 7, .ofs_x = 0, .ofs_y = 0},
    {.bitmap_index = 1896, .adv_w = 115, .box_w = 7, .box_h = 7, .ofs_x = 0, .ofs_y = 0},
    {.bitmap_index = 1920, .adv_w = 115, .box_w = 7, .box_h = 9, .ofs_x = 0, .ofs_y = -2},
    {.bitmap_index = 1948, .adv_w = 115, .box_w = 7, .box_h = 9, .ofs_x = 0, .ofs_y = -2},
    {.bitmap_index = 1978, .adv_w = 115, .box_w = 6, .box_h = 7, .ofs_x = 1, .ofs_y = 0},
    {.bitmap_index = 1995, .adv_w = 115, .box_w = 7, .box_h = 7, .ofs_x = 0, .ofs_y = 0},
    {.bitmap_index = 2021, .adv_w = 115, .box_w = 7, .box_h = 9, .ofs_x = 0, .ofs_y = 0},
    {.bitmap_index = 2048, .adv_w = 115, .box_w = 7, .box_h = 7, .ofs_x = 0, .ofs_y = 0},
    {.bitmap_index = 2065, .adv_w = 115, .box_w = 7, .box_h = 7, .ofs_x = 0, .ofs_y = 0},
    {.bitmap_index = 2090, .adv_w = 115, .box_w = 8, .box_h = 7, .ofs_x = 0, .ofs_y = 0},
    {.bitmap_index = 2119, .adv_w = 115, .box_w = 7, .box_h = 7, .ofs_x = 0, .ofs_y = 0},
    {.bitmap_index = 2144, .adv_w = 115, .box_w = 7, .box_h = 9, .ofs_x = 0, .ofs_y = -2},
    {.bitmap_index = 2174, .adv_w = 115, .box_w = 7, .box_h = 7, .ofs_x = 0, .ofs_y = 0},
    {.bitmap_index = 2197, .adv_w = 115, .box_w = 7, .box_h = 13, .ofs_x = 0, .ofs_y = -2},
    {.bitmap_index = 2236, .adv_w = 115, .box_w = 3, .box_h = 12, .ofs_x = 2, .ofs_y = -1},
    {.bitmap_index = 2243, .adv_w = 115, .box_w = 6, .box_h = 13, .ofs_x = 1, .ofs_y = -2},
    {.bitmap_index = 2279, .adv_w = 115, .box_w = 7, .box_h = 5, .ofs_x = 0, .ofs_y = 2},
    {.bitmap_index = 2295, .adv_w = 115, .box_w = 0, .box_h = 0, .ofs_x = 0, .ofs_y = 0},
    {.bitmap_index = 2295, .adv_w = 115, .box_w = 3, .box_h = 9, .ofs_x = 2, .ofs_y = -2},
    {.bitmap_index = 2307, .adv_w = 115, .box_w = 7, .box_h = 11, .ofs_x = 0, .ofs_y = -2},
    {.bitmap_index = 2342, .adv_w = 115, .box_w = 7, .box_h = 9, .ofs_x = 0, .ofs_y = 0},
    {.bitmap_index = 2374, .adv_w = 115, .box_w = 7, .box_h = 7, .ofs_x = 0, .ofs_y = 1},
    {.bitmap_index = 2399, .adv_w = 115, .box_w = 7, .box_h = 9, .ofs_x = 0, .ofs_y = 0},
    {.bitmap_index = 2430, .adv_w = 115, .box_w = 3, .box_h = 12, .ofs_x = 2, .ofs_y = -1},
    {.bitmap_index = 2443, .adv_w = 115, .box_w = 7, .box_h = 12, .ofs_x = 0, .ofs_y = -3},
    {.bitmap_index = 2485, .adv_w = 115, .box_w = 5, .box_h = 2, .ofs_x = 1, .ofs_y = 8},
    {.bitmap_index = 2491, .adv_w = 115, .box_w = 7, .box_h = 8, .ofs_x = 0, .ofs_y = 1},
    {.bitmap_index = 2518, .adv_w = 115, .box_w = 4, .box_h = 4, .ofs_x = 2, .ofs_y = 5},
    {.bitmap_index = 2526, .adv_w = 115, .box_w = 7, .box_h = 6, .ofs_x = 0, .ofs_y = 1},
    {.bitmap_index = 2545, .adv_w = 115, .box_w = 5, .box_h = 4, .ofs_x = 1, .ofs_y = 2},
    {.bitmap_index = 2554, .adv_w = 115, .box_w = 5, .box_h = 3, .ofs_x = 1, .ofs_y = 3},
    {.bitmap_index = 2561, .adv_w = 115, .box_w = 7, .box_h = 8, .ofs_x = 0, .ofs_y = 1},
    {.bitmap_index = 2589, .adv_w = 115, .box_w = 5, .box_h = 3, .ofs_x = 1, .ofs_y = 7},
    {.bitmap_index = 2595, .adv_w = 115, .box_w = 5, .box_h = 4, .ofs_x = 1, .ofs_y = 5},
    {.bitmap_index = 2605, .adv_w = 115, .box_w = 7, .box_h = 7, .ofs_x = 0, .ofs_y = 0},
    {.bitmap_index = 2630, .adv_w = 115, .box_w = 5, .box_h = 5, .ofs_x = 1, .ofs_y = 5},
    {.bitmap_index = 2643, .adv_w = 115, .box_w = 5, .box_h = 5, .ofs_x = 1, .ofs_y = 5},
    {.bitmap_index = 2656, .adv_w = 115, .box_w = 4, .box_h = 2, .ofs_x = 2, .ofs_y = 8},
    {.bitmap_index = 2661, .adv_w = 115, .box_w = 7, .box_h = 9, .ofs_x = 0, .ofs_y = -2},
    {.bitmap_index = 2680, .adv_w = 115, .box_w = 7, .box_h = 11, .ofs_x = 0, .ofs_y = -2},
    {.bitmap_index = 2700, .adv_w = 115, .box_w = 3, .box_h = 3, .ofs_x = 2, .ofs_y = 3},
    {.bitmap_index = 2705, .adv_w = 115, .box_w = 4, .box_h = 3, .ofs_x = 2, .ofs_y = -3},
    {.bitmap_index = 2712, .adv_w = 115, .box_w = 5, .box_h = 5, .ofs_x = 1, .ofs_y = 5},
    {.bitmap_index = 2723, .adv_w = 115, .box_w = 4, .box_h = 4, .ofs_x = 2, .ofs_y = 5},
    {.bitmap_index = 2731, .adv_w = 115, .box_w = 7, .box_h = 6, .ofs_x = 0, .ofs_y = 1},
    {.bitmap_index = 2751, .adv_w = 115, .box_w = 9, .box_h = 9, .ofs_x = -1, .ofs_y = 0},
    {.bitmap_index = 2791, .adv_w = 115, .box_w = 9, .box_h = 10, .ofs_x = -1, .ofs_y = 0},
    {.bitmap_index = 2835, .adv_w = 115, .box_w = 9, .box_h = 9, .ofs_x = -1, .ofs_y = 0},
    {.bitmap_index = 2874, .adv_w = 115, .box_w = 5, .box_h = 9, .ofs_x = 1, .ofs_y = -2},
    {.bitmap_index = 2897, .adv_w = 115, .box_w = 7, .box_h = 12, .ofs_x = 0, .ofs_y = 0},
    {.bitmap_index = 2937, .adv_w = 115, .box_w = 7, .box_h = 12, .ofs_x = 0, .ofs_y = 0},
    {.bitmap_index = 2977, .adv_w = 115, .box_w = 7, .box_h = 12, .ofs_x = 0, .ofs_y = 0},
    {.bitmap_index = 3019, .adv_w = 115, .box_w = 7, .box_h = 12, .ofs_x = 0, .ofs_y = 0},
    {.bitmap_index = 3061, .adv_w = 115, .box_w = 7, .box_h = 12, .ofs_x = 0, .ofs_y = 0},
    {.bitmap_index = 3103, .adv_w = 115, .box_w = 7, .box_h = 13, .ofs_x = 0, .ofs_y = 0},
    {.bitmap_index = 3145, .adv_w = 115, .box_w = 7, .box_h = 9, .ofs_x = 0, .ofs_y = 0},
    {.bitmap_index = 3177, .adv_w = 115, .box_w = 7, .box_h = 12, .ofs_x = 0, .ofs_y = -3},
    {.bitmap_index = 3215, .adv_w = 115, .box_w = 6, .box_h = 12, .ofs_x = 1, .ofs_y = 0},
    {.bitmap_index = 3249, .adv_w = 115, .box_w = 6, .box_h = 12, .ofs_x = 1, .ofs_y = 0},
    {.bitmap_index = 3284, .adv_w = 115, .box_w = 6, .box_h = 12, .ofs_x = 1, .ofs_y = 0},
    {.bitmap_index = 3319, .adv_w = 115, .box_w = 6, .box_h = 12, .ofs_x = 1, .ofs_y = 0},
    {.bitmap_index = 3354, .adv_w = 115, .box_w = 6, .box_h = 12, .ofs_x = 1, .ofs_y = 0},
    {.bitmap_index = 3380, .adv_w = 115, .box_w = 6, .box_h = 12, .ofs_x = 1, .ofs_y = 0},
    {.bitmap_index = 3407, .adv_w = 115, .box_w = 6, .box_h = 12, .ofs_x = 1, .ofs_y = 0},
    {.bitmap_index = 3434, .adv_w = 115, .box_w = 6, .box_h = 12, .ofs_x = 1, .ofs_y = 0},
    {.bitmap_index = 3461, .adv_w = 115, .box_w = 7, .box_h = 9, .ofs_x = 0, .ofs_y = 0},
    {.bitmap_index = 3491, .adv_w = 115, .box_w = 7, .box_h = 12, .ofs_x = 0, .ofs_y = 0},
    {.bitmap_index = 3528, .adv_w = 115, .box_w = 7, .box_h = 12, .ofs_x = 0, .ofs_y = 0},
    {.bitmap_index = 3565, .adv_w = 115, .box_w = 7, .box_h = 12, .ofs_x = 0, .ofs_y = 0},
    {.bitmap_index = 3602, .adv_w = 115, .box_w = 7, .box_h = 12, .ofs_x = 0, .ofs_y = 0},
    {.bitmap_index = 3641, .adv_w = 115, .box_w = 7, .box_h = 12, .ofs_x = 0, .ofs_y = 0},
    {.bitmap_index = 3680, .adv_w = 115, .box_w = 7, .box_h = 12, .ofs_x = 0, .ofs_y = 0},
    {.bitmap_index = 3719, .adv_w = 115, .box_w = 6, .box_h = 6, .ofs_x = 1, .ofs_y = 1},
    {.bitmap_index = 3738, .adv_w = 115, .box_w = 7, .box_h = 10, .ofs_x = 0, .ofs_y = -1},
    {.bitmap_index = 3772, .adv_w = 115, .box_w = 7, .box_h = 12, .ofs_x = 0, .ofs_y = 0},
    {.bitmap_index = 3798, .adv_w = 115, .box_w = 7, .box_h = 12, .ofs_x = 0, .ofs_y = 0},
    {.bitmap_index = 3825, .adv_w = 115, .box_w = 7, .box_h = 12, .ofs_x = 0, .ofs_y = 0},
    {.bitmap_index = 3853, .adv_w = 115, .box_w = 7, .box_h = 12, .ofs_x = 0, .ofs_y = 0},
    {.bitmap_index = 3881, .adv_w = 115, .box_w = 7, .box_h = 12, .ofs_x = 0, .ofs_y = 0},
    {.bitmap_index = 3917, .adv_w = 115, .box_w = 7, .box_h = 9, .ofs_x = 0, .ofs_y = 0},
    {.bitmap_index = 3947, .adv_w = 115, .box_w = 7, .box_h = 9, .ofs_x = 0, .ofs_y = 0},
    {.bitmap_index = 3978, .adv_w = 115, .box_w = 7, .box_h = 10, .ofs_x = 0, .ofs_y = 0},
    {.bitmap_index = 4013, .adv_w = 115, .box_w = 7, .box_h = 10, .ofs_x = 0, .ofs_y = 0},
    {.bitmap_index = 4047, .adv_w = 115, .box_w = 7, .box_h = 10, .ofs_x = 0, .ofs_y = 0},
    {.bitmap_index = 4083, .adv_w = 115, .box_w = 7, .box_h = 10, .ofs_x = 0, .ofs_y = 0},
    {.bitmap_index = 4120, .adv_w = 115, .box_w = 7, .box_h = 10, .ofs_x = 0, .ofs_y = 0},
    {.bitmap_index = 4157, .adv_w = 115, .box_w = 7, .box_h = 11, .ofs_x = 0, .ofs_y = 0},
    {.bitmap_index = 4195, .adv_w = 115, .box_w = 7, .box_h = 7, .ofs_x = 0, .ofs_y = 0},
    {.bitmap_index = 4220, .adv_w = 115, .box_w = 7, .box_h = 10, .ofs_x = 0, .ofs_y = -3},
    {.bitmap_index = 4255, .adv_w = 115, .box_w = 7, .box_h = 10, .ofs_x = 0, .ofs_y = 0},
    {.bitmap_index = 4289, .adv_w = 115, .box_w = 7, .box_h = 10, .ofs_x = 0, .ofs_y = 0},
    {.bitmap_index = 4323, .adv_w = 115, .box_w = 7, .box_h = 10, .ofs_x = 0, .ofs_y = 0},
    {.bitmap_index = 4358, .adv_w = 115, .box_w = 7, .box_h = 10, .ofs_x = 0, .ofs_y = 0},
    {.bitmap_index = 4394, .adv_w = 115, .box_w = 7, .box_h = 10, .ofs_x = 0, .ofs_y = 0},
    {.bitmap_index = 4421, .adv_w = 115, .box_w = 7, .box_h = 10, .ofs_x = 0, .ofs_y = 0},
    {.bitmap_index = 4448, .adv_w = 115, .box_w = 7, .box_h = 10, .ofs_x = 0, .ofs_y = 0},
    {.bitmap_index = 4478, .adv_w = 115, .box_w = 7, .box_h = 10, .ofs_x = 0, .ofs_y = 0},
    {.bitmap_index = 4508, .adv_w = 115, .box_w = 7, .box_h = 10, .ofs_x = 0, .ofs_y = 0},
    {.bitmap_index = 4540, .adv_w = 115, .box_w = 7, .box_h = 10, .ofs_x = 0, .ofs_y = 0},
    {.bitmap_index = 4567, .adv_w = 115, .box_w = 7, .box_h = 10, .ofs_x = 0, .ofs_y = 0},
    {.bitmap_index = 4600, .adv_w = 115, .box_w = 7, .box_h = 10, .ofs_x = 0, .ofs_y = 0},
    {.bitmap_index = 4633, .adv_w = 115, .box_w = 7, .box_h = 10, .ofs_x = 0, .ofs_y = 0},
    {.bitmap_index = 4668, .adv_w = 115, .box_w = 7, .box_h = 10, .ofs_x = 0, .ofs_y = 0},
    {.bitmap_index = 4703, .adv_w = 115, .box_w = 7, .box_h = 10, .ofs_x = 0, .ofs_y = 0},
    {.bitmap_index = 4738, .adv_w = 115, .box_w = 5, .box_h = 8, .ofs_x = 1, .ofs_y = 0},
    {.bitmap_index = 4757, .adv_w = 115, .box_w = 7, .box_h = 8, .ofs_x = 0, .ofs_y = 0},
    {.bitmap_index = 4784, .adv_w = 115, .box_w = 7, .box_h = 10, .ofs_x = 0, .ofs_y = 0},
    {.bitmap_index = 4810, .adv_w = 115, .box_w = 7, .box_h = 10, .ofs_x = 0, .ofs_y = 0},
    {.bitmap_index = 4836, .adv_w = 115, .box_w = 7, .box_h = 10, .ofs_x = 0, .ofs_y = 0},
    {.bitmap_index = 4863, .adv_w = 115, .box_w = 7, .box_h = 10, .ofs_x = 0, .ofs_y = 0},
    {.bitmap_index = 4891, .adv_w = 115, .box_w = 7, .box_h = 12, .ofs_x = 0, .ofs_y = -2},
    {.bitmap_index = 4931, .adv_w = 115, .box_w = 7, .box_h = 11, .ofs_x = 0, .ofs_y = -2},
    {.bitmap_index = 4965, .adv_w = 115, .box_w = 7, .box_h = 12, .ofs_x = 0, .ofs_y = -2},
    {.bitmap_index = 5006, .adv_w = 115, .box_w = 7, .box_h = 12, .ofs_x = 0, .ofs_y = 0},
    {.bitmap_index = 5047, .adv_w = 115, .box_w = 7, .box_h = 10, .ofs_x = 0, .ofs_y = 0},
    {.bitmap_index = 5083, .adv_w = 115, .box_w = 7, .box_h = 12, .ofs_x = 0, .ofs_y = 0},
    {.bitmap_index = 5124, .adv_w = 115, .box_w = 7, .box_h = 10, .ofs_x = 0, .ofs_y = 0},
    {.bitmap_index = 5160, .adv_w = 115, .box_w = 7, .box_h = 13, .ofs_x = 0, .ofs_y = -4},
    {.bitmap_index = 5203, .adv_w = 115, .box_w = 7, .box_h = 10, .ofs_x = 0, .ofs_y = -3},
    {.bitmap_index = 5238, .adv_w = 115, .box_w = 7, .box_h = 12, .ofs_x = 0, .ofs_y = 0},
    {.bitmap_index = 5274, .adv_w = 115, .box_w = 7, .box_h = 10, .ofs_x = 0, .ofs_y = 0},
    {.bitmap_index = 5308, .adv_w = 115, .box_w = 7, .box_h = 12, .ofs_x = 0, .ofs_y = 0},
    {.bitmap_index = 5347, .adv_w = 115, .box_w = 7, .box_h = 10, .ofs_x = 0, .ofs_y = 0},
    {.bitmap_index = 5383, .adv_w = 115, .box_w = 7, .box_h = 12, .ofs_x = 0, .ofs_y = 0},
    {.bitmap_index = 5419, .adv_w = 115, .box_w = 7, .box_h = 10, .ofs_x = 0, .ofs_y = 0},
    {.bitmap_index = 5453, .adv_w = 115, .box_w = 7, .box_h = 12, .ofs_x = 0, .ofs_y = 0},
    {.bitmap_index = 5491, .adv_w = 115, .box_w = 7, .box_h = 10, .ofs_x = 0, .ofs_y = 0},
    {.bitmap_index = 5527, .adv_w = 115, .box_w = 7, .box_h = 12, .ofs_x = 0, .ofs_y = 0},
    {.bitmap_index = 5561, .adv_w = 115, .box_w = 8, .box_h = 9, .ofs_x = 0, .ofs_y = 0},
    {.bitmap_index = 5590, .adv_w = 115, .box_w = 7, .box_h = 9, .ofs_x = 0, .ofs_y = 0},
    {.bitmap_index = 5620, .adv_w = 115, .box_w = 8, .box_h = 9, .ofs_x = 0, .ofs_y = 0},
    {.bitmap_index = 5653, .adv_w = 115, .box_w = 6, .box_h = 12, .ofs_x = 1, .ofs_y = 0},
    {.bitmap_index = 5687, .adv_w = 115, .box_w = 7, .box_h = 10, .ofs_x = 0, .ofs_y = 0},
    {.bitmap_index = 5722, .adv_w = 115, .box_w = 6, .box_h = 12, .ofs_x = 1, .ofs_y = 0},
    {.bitmap_index = 5757, .adv_w = 115, .box_w = 7, .box_h = 10, .ofs_x = 0, .ofs_y = 0},
    {.bitmap_index = 5792, .adv_w = 115, .box_w = 6, .box_h = 12, .ofs_x = 1, .ofs_y = 0},
    {.bitmap_index = 5826, .adv_w = 115, .box_w = 7, .box_h = 10, .ofs_x = 0, .ofs_y = 0},
    {.bitmap_index = 5860, .adv_w = 115, .box_w = 6, .box_h = 13, .ofs_x = 1, .ofs_y = -4},
    {.bitmap_index = 5898, .adv_w = 115, .box_w = 7, .box_h = 10, .ofs_x = 0, .ofs_y = -3},
    {.bitmap_index = 5932, .adv_w = 115, .box_w = 6, .box_h = 12, .ofs_x = 1, .ofs_y = 0},
    {.bitmap_index = 5967, .adv_w = 115, .box_w = 7, .box_h = 10, .ofs_x = 0, .ofs_y = 0},
    {.bitmap_index = 6002, .adv_w = 115, .box_w = 7, .box_h = 12, .ofs_x = 0, .ofs_y = 0},
    {.bitmap_index = 6045, .adv_w = 115, .box_w = 7, .box_h = 12, .ofs_x = 0, .ofs_y = -2},
    {.bitmap_index = 6086, .adv_w = 115, .box_w = 7, .box_h = 12, .ofs_x = 0, .ofs_y = 0},
    {.bitmap_index = 6128, .adv_w = 115, .box_w = 7, .box_h = 12, .ofs_x = 0, .ofs_y = -2},
    {.bitmap_index = 6169, .adv_w = 115, .box_w = 7, .box_h = 12, .ofs_x = 0, .ofs_y = 0},
    {.bitmap_index = 6210, .adv_w = 115, .box_w = 7, .box_h = 12, .ofs_x = 0, .ofs_y = -2},
    {.bitmap_index = 6250, .adv_w = 115, .box_w = 7, .box_h = 12, .ofs_x = 0, .ofs_y = -3},
    {.bitmap_index = 6291, .adv_w = 115, .box_w = 7, .box_h = 13, .ofs_x = 0, .ofs_y = -2},
    {.bitmap_index = 6333, .adv_w = 115, .box_w = 7, .box_h = 12, .ofs_x = 0, .ofs_y = 0},
    {.bitmap_index = 6364, .adv_w = 115, .box_w = 8, .box_h = 12, .ofs_x = -1, .ofs_y = 0},
    {.bitmap_index = 6395, .adv_w = 115, .box_w = 8, .box_h = 9, .ofs_x = 0, .ofs_y = 0},
    {.bitmap_index = 6423, .adv_w = 115, .box_w = 7, .box_h = 9, .ofs_x = 0, .ofs_y = 0},
    {.bitmap_index = 6449, .adv_w = 115, .box_w = 6, .box_h = 12, .ofs_x = 1, .ofs_y = 0},
    {.bitmap_index = 6476, .adv_w = 115, .box_w = 7, .box_h = 10, .ofs_x = 0, .ofs_y = 0},
    {.bitmap_index = 6506, .adv_w = 115, .box_w = 6, .box_h = 12, .ofs_x = 1, .ofs_y = 0},
    {.bitmap_index = 6532, .adv_w = 115, .box_w = 7, .box_h = 9, .ofs_x = 0, .ofs_y = 0},
    {.bitmap_index = 6557, .adv_w = 115, .box_w = 6, .box_h = 12, .ofs_x = 1, .ofs_y = 0},
    {.bitmap_index = 6584, .adv_w = 115, .box_w = 7, .box_h = 10, .ofs_x = 0, .ofs_y = 0},
    {.bitmap_index = 6613, .adv_w = 115, .box_w = 6, .box_h = 13, .ofs_x = 1, .ofs_y = -4},
    {.bitmap_index = 6642, .adv_w = 115, .box_w = 7, .box_h = 14, .ofs_x = 0, .ofs_y = -4},
    {.bitmap_index = 6682, .adv_w = 115, .box_w = 6, .box_h = 12, .ofs_x = 1, .ofs_y = 0},
    {.bitmap_index = 6708, .adv_w = 115, .box_w = 7, .box_h = 7, .ofs_x = 0, .ofs_y = 0},
    {.bitmap_index = 6727, .adv_w = 139, .box_w = 8, .box_h = 12, .ofs_x = 0, .ofs_y = -3},
    {.bitmap_index = 6759, .adv_w = 117, .box_w = 7, .box_h = 13, .ofs_x = 0, .ofs_y = -3},
    {.bitmap_index = 6785, .adv_w = 115, .box_w = 8, .box_h = 12, .ofs_x = 0, .ofs_y = 0},
    {.bitmap_index = 6814, .adv_w = 115, .box_w = 7, .box_h = 12, .ofs_x = 0, .ofs_y = -2},
    {.bitmap_index = 6845, .adv_w = 115, .box_w = 7, .box_h = 12, .ofs_x = 0, .ofs_y = -3},
    {.bitmap_index = 6883, .adv_w = 115, .box_w = 7, .box_h = 12, .ofs_x = 0, .ofs_y = -3},
    {.bitmap_index = 6918, .adv_w = 115, .box_w = 6, .box_h = 7, .ofs_x = 1, .ofs_y = 0},
    {.bitmap_index = 6939, .adv_w = 115, .box_w = 6, .box_h = 12, .ofs_x = 1, .ofs_y = 0},
    {.bitmap_index = 6957, .adv_w = 115, .box_w = 7, .box_h = 12, .ofs_x = 0, .ofs_y = 0},
    {.bitmap_index = 6985, .adv_w = 115, .box_w = 6, .box_h = 12, .ofs_x = 1, .ofs_y = -3},
    {.bitmap_index = 7003, .adv_w = 115, .box_w = 7, .box_h = 12, .ofs_x = 0, .ofs_y = -3},
    {.bitmap_index = 7032, .adv_w = 115, .box_w = 6, .box_h = 9, .ofs_x = 1, .ofs_y = 0},
    {.bitmap_index = 7050, .adv_w = 115, .box_w = 7, .box_h = 9, .ofs_x = 0, .ofs_y = 0},
    {.bitmap_index = 7075, .adv_w = 115, .box_w = 6, .box_h = 9, .ofs_x = 1, .ofs_y = 0},
    {.bitmap_index = 7095, .adv_w = 115, .box_w = 8, .box_h = 9, .ofs_x = 0, .ofs_y = 0},
    {.bitmap_index = 7125, .adv_w = 115, .box_w = 7, .box_h = 9, .ofs_x = 0, .ofs_y = 0},
    {.bitmap_index = 7149, .adv_w = 115, .box_w = 7, .box_h = 9, .ofs_x = 0, .ofs_y = 0},
    {.bitmap_index = 7178, .adv_w = 115, .box_w = 7, .box_h = 12, .ofs_x = 0, .ofs_y = 0},
    {.bitmap_index = 7214, .adv_w = 115, .box_w = 7, .box_h = 10, .ofs_x = 0, .ofs_y = 0},
    {.bitmap_index = 7239, .adv_w = 115, .box_w = 7, .box_h = 12, .ofs_x = 0, .ofs_y = -3},
    {.bitmap_index = 7275, .adv_w = 115, .box_w = 7, .box_h = 10, .ofs_x = 0, .ofs_y = -3},
    {.bitmap_index = 7300, .adv_w = 115, .box_w = 7, .box_h = 12, .ofs_x = 0, .ofs_y = 0},
    {.bitmap_index = 7337, .adv_w = 115, .box_w = 7, .box_h = 10, .ofs_x = 0, .ofs_y = 0},
    {.bitmap_index = 7363, .adv_w = 115, .box_w = 8, .box_h = 10, .ofs_x = -1, .ofs_y = 0},
    {.bitmap_index = 7388, .adv_w = 115, .box_w = 7, .box_h = 11, .ofs_x = 0, .ofs_y = -2},
    {.bitmap_index = 7421, .adv_w = 115, .box_w = 7, .box_h = 9, .ofs_x = 0, .ofs_y = -2},
    {.bitmap_index = 7444, .adv_w = 115, .box_w = 7, .box_h = 12, .ofs_x = 0, .ofs_y = 0},
    {.bitmap_index = 7482, .adv_w = 115, .box_w = 7, .box_h = 10, .ofs_x = 0, .ofs_y = 0},
    {.bitmap_index = 7516, .adv_w = 115, .box_w = 7, .box_h = 12, .ofs_x = 0, .ofs_y = 0},
    {.bitmap_index = 7554, .adv_w = 115, .box_w = 7, .box_h = 10, .ofs_x = 0, .ofs_y = 0},
    {.bitmap_index = 7589, .adv_w = 115, .box_w = 7, .box_h = 12, .ofs_x = 0, .ofs_y = 0},
    {.bitmap_index = 7628, .adv_w = 115, .box_w = 7, .box_h = 10, .ofs_x = 0, .ofs_y = 0},
    {.bitmap_index = 7663, .adv_w = 115, .box_w = 7, .box_h = 9, .ofs_x = 0, .ofs_y = 0},
    {.bitmap_index = 7692, .adv_w = 115, .box_w = 7, .box_h = 7, .ofs_x = 0, .ofs_y = 0},
    {.bitmap_index = 7715, .adv_w = 115, .box_w = 7, .box_h = 12, .ofs_x = 0, .ofs_y = 0},
    {.bitmap_index = 7755, .adv_w = 115, .box_w = 6, .box_h = 10, .ofs_x = 1, .ofs_y = 0},
    {.bitmap_index = 7781, .adv_w = 115, .box_w = 7, .box_h = 12, .ofs_x = 0, .ofs_y = -3},
    {.bitmap_index = 7821, .adv_w = 115, .box_w = 7, .box_h = 10, .ofs_x = 0, .ofs_y = -3},
    {.bitmap_index = 7848, .adv_w = 115, .box_w = 7, .box_h = 12, .ofs_x = 0, .ofs_y = 0},
    {.bitmap_index = 7889, .adv_w = 115, .box_w = 6, .box_h = 10, .ofs_x = 1, .ofs_y = 0},
    {.bitmap_index = 7916, .adv_w = 115, .box_w = 7, .box_h = 12, .ofs_x = 0, .ofs_y = 0},
    {.bitmap_index = 7958, .adv_w = 115, .box_w = 7, .box_h = 10, .ofs_x = 0, .ofs_y = 0},
    {.bitmap_index = 7993, .adv_w = 115, .box_w = 7, .box_h = 12, .ofs_x = 0, .ofs_y = 0},
    {.bitmap_index = 8036, .adv_w = 115, .box_w = 7, .box_h = 10, .ofs_x = 0, .ofs_y = 0},
    {.bitmap_index = 8072, .adv_w = 115, .box_w = 7, .box_h = 12, .ofs_x = 0, .ofs_y = -3},
    {.bitmap_index = 8114, .adv_w = 115, .box_w = 7, .box_h = 10, .ofs_x = 0, .ofs_y = -3},
    {.bitmap_index = 8150, .adv_w = 115, .box_w = 7, .box_h = 12, .ofs_x = 0, .ofs_y = 0},
    {.bitmap_index = 8193, .adv_w = 115, .box_w = 7, .box_h = 10, .ofs_x = 0, .ofs_y = 0},
    {.bitmap_index = 8229, .adv_w = 115, .box_w = 7, .box_h = 12, .ofs_x = 0, .ofs_y = -3},
    {.bitmap_index = 8250, .adv_w = 115, .box_w = 7, .box_h = 12, .ofs_x = 0, .ofs_y = -3},
    {.bitmap_index = 8286, .adv_w = 115, .box_w = 7, .box_h = 12, .ofs_x = 0, .ofs_y = 0},
    {.bitmap_index = 8310, .adv_w = 115, .box_w = 7, .box_h = 10, .ofs_x = 0, .ofs_y = 0},
    {.bitmap_index = 8342, .adv_w = 115, .box_w = 7, .box_h = 9, .ofs_x = 0, .ofs_y = 0},
    {.bitmap_index = 8369, .adv_w = 115, .box_w = 7, .box_h = 9, .ofs_x = 0, .ofs_y = 0},
    {.bitmap_index = 8400, .adv_w = 115, .box_w = 7, .box_h = 12, .ofs_x = 0, .ofs_y = 0},
    {.bitmap_index = 8428, .adv_w = 115, .box_w = 7, .box_h = 10, .ofs_x = 0, .ofs_y = 0},
    {.bitmap_index = 8456, .adv_w = 115, .box_w = 7, .box_h = 12, .ofs_x = 0, .ofs_y = 0},
    {.bitmap_index = 8483, .adv_w = 115, .box_w = 7, .box_h = 10, .ofs_x = 0, .ofs_y = 0},
    {.bitmap_index = 8510, .adv_w = 115, .box_w = 7, .box_h = 12, .ofs_x = 0, .ofs_y = 0},
    {.bitmap_index = 8537, .adv_w = 115, .box_w = 7, .box_h = 10, .ofs_x = 0, .ofs_y = 0},
    {.bitmap_index = 8564, .adv_w = 115, .box_w = 7, .box_h = 13, .ofs_x = 0, .ofs_y = 0},
    {.bitmap_index = 8594, .adv_w = 115, .box_w = 7, .box_h = 11, .ofs_x = 0, .ofs_y = 0},
    {.bitmap_index = 8624, .adv_w = 115, .box_w = 7, .box_h = 12, .ofs_x = 0, .ofs_y = 0},
    {.bitmap_index = 8652, .adv_w = 115, .box_w = 7, .box_h = 10, .ofs_x = 0, .ofs_y = 0},
    {.bitmap_index = 8679, .adv_w = 115, .box_w = 7, .box_h = 12, .ofs_x = 0, .ofs_y = -3},
    {.bitmap_index = 8706, .adv_w = 115, .box_w = 7, .box_h = 10, .ofs_x = 0, .ofs_y = -3},
    {.bitmap_index = 8733, .adv_w = 115, .box_w = 8, .box_h = 12, .ofs_x = 0, .ofs_y = 0},
    {.bitmap_index = 8780, .adv_w = 115, .box_w = 8, .box_h = 10, .ofs_x = 0, .ofs_y = 0},
    {.bitmap_index = 8820, .adv_w = 115, .box_w = 7, .box_h = 12, .ofs_x = 0, .ofs_y = 0},
    {.bitmap_index = 8857, .adv_w = 115, .box_w = 7, .box_h = 12, .ofs_x = 0, .ofs_y = -2},
    {.bitmap_index = 8898, .adv_w = 115, .box_w = 7, .box_h = 12, .ofs_x = 0, .ofs_y = 0},
    {.bitmap_index = 8936, .adv_w = 115, .box_w = 7, .box_h = 12, .ofs_x = 0, .ofs_y = 0},
    {.bitmap_index = 8974, .adv_w = 115, .box_w = 7, .box_h = 10, .ofs_x = 0, .ofs_y = 0},
    {.bitmap_index = 9007, .adv_w = 115, .box_w = 7, .box_h = 12, .ofs_x = 0, .ofs_y = 0},
    {.bitmap_index = 9045, .adv_w = 115, .box_w = 7, .box_h = 10, .ofs_x = 0, .ofs_y = 0},
    {.bitmap_index = 9078, .adv_w = 115, .box_w = 7, .box_h = 12, .ofs_x = 0, .ofs_y = 0},
    {.bitmap_index = 9117, .adv_w = 115, .box_w = 7, .box_h = 10, .ofs_x = 0, .ofs_y = 0},
    {.bitmap_index = 9150, .adv_w = 115, .box_w = 6, .box_h = 9, .ofs_x = 1, .ofs_y = 0},
    {.bitmap_index = 9163, .adv_w = 110, .box_w = 0, .box_h = 0, .ofs_x = 0, .ofs_y = 0},
    {.bitmap_index = 9163, .adv_w = 54, .box_w = 0, .box_h = 0, .ofs_x = 0, .ofs_y = 0},
    {.bitmap_index = 9163, .adv_w = 32, .box_w = 0, .box_h = 0, .ofs_x = 0, .ofs_y = 0},
    {.bitmap_index = 9163, .adv_w = 19, .box_w = 0, .box_h = 0, .ofs_x = 0, .ofs_y = 0},
    {.bitmap_index = 9163, .adv_w = 115, .box_w = 0, .box_h = 0, .ofs_x = 0, .ofs_y = 0},
    {.bitmap_index = 9163, .adv_w = 115, .box_w = 5, .box_h = 3, .ofs_x = 1, .ofs_y = 3},
    {.bitmap_index = 9170, .adv_w = 111, .box_w = 7, .box_h = 3, .ofs_x = 0, .ofs_y = 3},
    {.bitmap_index = 9178, .adv_w = 115, .box_w = 7, .box_h = 3, .ofs_x = 0, .ofs_y = 3},
    {.bitmap_index = 9186, .adv_w = 115, .box_w = 8, .box_h = 3, .ofs_x = 0, .ofs_y = 3},
    {.bitmap_index = 9193, .adv_w = 192, .box_w = 12, .box_h = 3, .ofs_x = 0, .ofs_y = 2},
    {.bitmap_index = 9203, .adv_w = 115, .box_w = 3, .box_h = 4, .ofs_x = 2, .ofs_y = 5},
    {.bitmap_index = 9210, .adv_w = 115, .box_w = 3, .box_h = 4, .ofs_x = 2, .ofs_y = 5},
    {.bitmap_index = 9217, .adv_w = 115, .box_w = 3, .box_h = 4, .ofs_x = 2, .ofs_y = -2},
    {.bitmap_index = 9224, .adv_w = 115, .box_w = 6, .box_h = 4, .ofs_x = 1, .ofs_y = 5},
    {.bitmap_index = 9237, .adv_w = 115, .box_w = 6, .box_h = 4, .ofs_x = 1, .ofs_y = 5},
    {.bitmap_index = 9249, .adv_w = 115, .box_w = 6, .box_h = 4, .ofs_x = 1, .ofs_y = -2},
    {.bitmap_index = 9262, .adv_w = 115, .box_w = 7, .box_h = 12, .ofs_x = 0, .ofs_y = -1},
    {.bitmap_index = 9286, .adv_w = 115, .box_w = 7, .box_h = 12, .ofs_x = 0, .ofs_y = -1},
    {.bitmap_index = 9324, .adv_w = 115, .box_w = 4, .box_h = 4, .ofs_x = 2, .ofs_y = 3},
    {.bitmap_index = 9333, .adv_w = 115, .box_w = 7, .box_h = 3, .ofs_x = 0, .ofs_y = 0},
    {.bitmap_index = 9344, .adv_w = 115, .box_w = 9, .box_h = 9, .ofs_x = -1, .ofs_y = 0},
    {.bitmap_index = 9382, .adv_w = 115, .box_w = 3, .box_h = 4, .ofs_x = 2, .ofs_y = 5},
    {.bitmap_index = 9388, .adv_w = 115, .box_w = 6, .box_h = 4, .ofs_x = 1, .ofs_y = 5},
    {.bitmap_index = 9401, .adv_w = 115, .box_w = 5, .box_h = 6, .ofs_x = 1, .ofs_y = 1},
    {.bitmap_index = 9417, .adv_w = 115, .box_w = 5, .box_h = 6, .ofs_x = 1, .ofs_y = 1},
    {.bitmap_index = 9433, .adv_w = 115, .box_w = 9, .box_h = 9, .ofs_x = -1, .ofs_y = 0},
    {.bitmap_index = 9462, .adv_w = 81, .box_w = 6, .box_h = 9, .ofs_x = 0, .ofs_y = 0},
    {.bitmap_index = 9489, .adv_w = 117, .box_w = 8, .box_h = 11, .ofs_x = 0, .ofs_y = -1},
    {.bitmap_index = 9533, .adv_w = 110, .box_w = 7, .box_h = 9, .ofs_x = 0, .ofs_y = 0},
    {.bitmap_index = 9563, .adv_w = 110, .box_w = 7, .box_h = 9, .ofs_x = 0, .ofs_y = 0},
    {.bitmap_index = 9595, .adv_w = 110, .box_w = 7, .box_h = 9, .ofs_x = 0, .ofs_y = 0},
    {.bitmap_index = 9624, .adv_w = 171, .box_w = 11, .box_h = 9, .ofs_x = 0, .ofs_y = 0},
    {.bitmap_index = 9663, .adv_w = 142, .box_w = 9, .box_h = 9, .ofs_x = 0, .ofs_y = 0},
    {.bitmap_index = 9705, .adv_w = 115, .box_w = 8, .box_h = 11, .ofs_x = 0, .ofs_y = -2},
    {.bitmap_index = 9746, .adv_w = 115, .box_w = 7, .box_h = 9, .ofs_x = 0, .ofs_y = 0},
    {.bitmap_index = 9778, .adv_w = 110, .box_w = 7, .box_h = 9, .ofs_x = 0, .ofs_y = 0},
    {.bitmap_index = 9808, .adv_w = 115, .box_w = 7, .box_h = 9, .ofs_x = 0, .ofs_y = 0},
    {.bitmap_index = 9839, .adv_w = 110, .box_w = 7, .box_h = 9, .ofs_x = 0, .ofs_y = 0},
    {.bitmap_index = 9867, .adv_w = 141, .box_w = 8, .box_h = 11, .ofs_x = 0, .ofs_y = -1},
    {.bitmap_index = 9910, .adv_w = 115, .box_w = 7, .box_h = 9, .ofs_x = 0, .ofs_y = 0},
    {.bitmap_index = 9940, .adv_w = 122, .box_w = 8, .box_h = 11, .ofs_x = 0, .ofs_y = -1},
    {.bitmap_index = 9981, .adv_w = 110, .box_w = 7, .box_h = 9, .ofs_x = 0, .ofs_y = 0},
    {.bitmap_index = 9997, .adv_w = 110, .box_w = 7, .box_h = 9, .ofs_x = 0, .ofs_y = 0},
    {.bitmap_index = 10027, .adv_w = 110, .box_w = 7, .box_h = 9, .ofs_x = 0, .ofs_y = 0},
    {.bitmap_index = 10057, .adv_w = 168, .box_w = 10, .box_h = 9, .ofs_x = 0, .ofs_y = 0},
    {.bitmap_index = 10095, .adv_w = 115, .box_w = 7, .box_h = 9, .ofs_x = 0, .ofs_y = 0},
    {.bitmap_index = 10128, .adv_w = 115, .box_w = 7, .box_h = 8, .ofs_x = 0, .ofs_y = 0},
    {.bitmap_index = 10153, .adv_w = 115, .box_w = 7, .box_h = 9, .ofs_x = 0, .ofs_y = 0},
    {.bitmap_index = 10177, .adv_w = 115, .box_w = 8, .box_h = 8, .ofs_x = 0, .ofs_y = 0},
    {.bitmap_index = 10206, .adv_w = 115, .box_w = 7, .box_h = 10, .ofs_x = 0, .ofs_y = -1},
    {.bitmap_index = 10235, .adv_w = 115, .box_w = 11, .box_h = 8, .ofs_x = -2, .ofs_y = 0},
    {.bitmap_index = 10277, .adv_w = 115, .box_w = 7, .box_h = 14, .ofs_x = 0, .ofs_y = -3},
    {.bitmap_index = 10320, .adv_w = 115, .box_w = 7, .box_h = 7, .ofs_x = 0, .ofs_y = 2},
    {.bitmap_index = 10343, .adv_w = 115, .box_w = 7, .box_h = 7, .ofs_x = 0, .ofs_y = 2},
    {.bitmap_index = 10368, .adv_w = 115, .box_w = 7, .box_h = 7, .ofs_x = 0, .ofs_y = 0},
    {.bitmap_index = 10391, .adv_w = 115, .box_w = 7, .box_h = 7, .ofs_x = 0, .ofs_y = 0},
    {.bitmap_index = 10414, .adv_w = 115, .box_w = 9, .box_h = 3, .ofs_x = -1, .ofs_y = 3},
    {.bitmap_index = 10422, .adv_w = 115, .box_w = 9, .box_h = 5, .ofs_x = -1, .ofs_y = 2},
    {.bitmap_index = 10436, .adv_w = 115, .box_w = 5, .box_h = 19, .ofs_x = 1, .ofs_y = -5},
    {.bitmap_index = 10447, .adv_w = 115, .box_w = 7, .box_h = 12, .ofs_x = 1, .ofs_y = -5},
    {.bitmap_index = 10471, .adv_w = 115, .box_w = 7, .box_h = 12, .ofs_x = -1, .ofs_y = -5},
    {.bitmap_index = 10492, .adv_w = 115, .box_w = 7, .box_h = 12, .ofs_x = 1, .ofs_y = 2},
    {.bitmap_index = 10515, .adv_w = 115, .box_w = 7, .box_h = 12, .ofs_x = -1, .ofs_y = 2},
    {.bitmap_index = 10539, .adv_w = 115, .box_w = 8, .box_h = 17, .ofs_x = 0, .ofs_y = -4},
    {.bitmap_index = 10552, .adv_w = 115, .box_w = 8, .box_h = 3, .ofs_x = 0, .ofs_y = 10},
    {.bitmap_index = 10558, .adv_w = 115, .box_w = 8, .box_h = 8, .ofs_x = 0, .ofs_y = 0}
};

/*---------------------
 *  CHARACTER MAPPING
 *--------------------*/

static const uint16_t unicode_list_2[] = {
    0x0, 0x1, 0x2, 0x3, 0x4, 0x9, 0xb, 0xc,
    0xd, 0xe, 0x11, 0x12, 0x13, 0x15, 0x16, 0x17,
    0x19, 0x1a, 0x1b, 0x1f, 0x29, 0x2b, 0x2c, 0x32,
    0x33, 0x3d, 0x4b, 0x9a, 0x9c, 0x9d, 0x9f, 0xa0,
    0xa2, 0xa4, 0xa5, 0xa6, 0xa7, 0xaa, 0xab, 0xad,
    0xae, 0xb1, 0xb2, 0xb3, 0xb5, 0xb6, 0x189, 0x18a,
    0x18b, 0x18c, 0x18d, 0x18e, 0x18f, 0x190, 0x191, 0x192,
    0x4f9, 0x549, 0x54a, 0x54d, 0x550, 0x553, 0x556, 0x581,
    0x58d, 0x599
};

/*Collect the unicode lists and glyph_id offsets*/
static const lv_font_fmt_txt_cmap_t cmaps[] =
{
    {
        .range_start = 32, .range_length = 95, .glyph_id_start = 1,
        .unicode_list = NULL, .glyph_id_ofs_list = NULL, .list_length = 0, .type = LV_FONT_FMT_TXT_CMAP_FORMAT0_TINY
    },
    {
        .range_start = 160, .range_length = 224, .glyph_id_start = 96,
        .unicode_list = NULL, .glyph_id_ofs_list = NULL, .list_length = 0, .type = LV_FONT_FMT_TXT_CMAP_FORMAT0_TINY
    },
    {
        .range_start = 8199, .range_length = 1434, .glyph_id_start = 320,
        .unicode_list = unicode_list_2, .glyph_id_ofs_list = NULL, .list_length = 66, .type = LV_FONT_FMT_TXT_CMAP_SPARSE_TINY
    }
};



/*--------------------
 *  ALL CUSTOM DATA
 *--------------------*/

#if LVGL_VERSION_MAJOR == 8
/*Store all the custom data of the font*/
static  lv_font_fmt_txt_glyph_cache_t cache;
#endif

#if LVGL_VERSION_MAJOR >= 8
static const lv_font_fmt_txt_dsc_t font_dsc = {
#else
static lv_font_fmt_txt_dsc_t font_dsc = {
#endif
    .glyph_bitmap = glyph_bitmap,
    .glyph_dsc = glyph_dsc,
    .cmaps = cmaps,
    .kern_dsc = NULL,
    .kern_scale = 0,
    .cmap_num = 3,
    .bpp = 4,
    .kern_classes = 0,
    .bitmap_format = 1,
#if LVGL_VERSION_MAJOR == 8
    .cache = &cache
#endif
};



/*-----------------
 *  PUBLIC FONT
 *----------------*/

/* Preserve original UTF-8 while mapping unsupported codepoints to ASCII
 * question mark instead of LVGL's missing-glyph rectangle. */
static bool nomadnet_font_12_bold_get_glyph_dsc(const lv_font_t * font,
        lv_font_glyph_dsc_t * dsc, uint32_t letter, uint32_t letter_next)
{
    if(nomadnet_font_has_codepoint(letter) &&
       lv_font_get_glyph_dsc_fmt_txt(font, dsc, letter, letter_next)) return true;
    return lv_font_get_glyph_dsc_fmt_txt(font, dsc, '?', 0);
}

static const uint8_t * nomadnet_font_12_bold_get_glyph_bitmap(
        const lv_font_t * font, uint32_t letter)
{
    lv_font_glyph_dsc_t dsc;
    if(!nomadnet_font_has_codepoint(letter) ||
       !lv_font_get_glyph_dsc_fmt_txt(font, &dsc, letter, 0)) letter = '?';
    return lv_font_get_bitmap_fmt_txt(font, letter);
}

/*Initialize a public general font descriptor*/
#if LVGL_VERSION_MAJOR >= 8
const lv_font_t nomadnet_font_12_bold = {
#else
lv_font_t nomadnet_font_12_bold = {
#endif
    .get_glyph_dsc = nomadnet_font_12_bold_get_glyph_dsc,
    .get_glyph_bitmap = nomadnet_font_12_bold_get_glyph_bitmap,
    .line_height = 19,          /*The maximum line height required by the font*/
    .base_line = 5,             /*Baseline measured from the bottom of the line*/
#if !(LVGL_VERSION_MAJOR == 6 && LVGL_VERSION_MINOR == 0)
    .subpx = LV_FONT_SUBPX_NONE,
#endif
#if LV_VERSION_CHECK(7, 4, 0) || LVGL_VERSION_MAJOR >= 8
    .underline_position = -2,
    .underline_thickness = 1,
#endif
    .dsc = &font_dsc,          /*The custom font data. Will be accessed by `get_glyph_bitmap/dsc` */
#if LV_VERSION_CHECK(8, 2, 0) || LVGL_VERSION_MAJOR >= 9
    .fallback = NULL,
#endif
    .user_data = NULL,
};



#endif /*#if NOMADNET_FONT_12_BOLD*/
