/*******************************************************************************
 * Bounded NomadNet font, 16 px, 4 bpp.
 * Primary source: JetBrains Mono NL Regular, Version 2.304.
 * Missing-codepoint donor: Noto Sans Regular, Version 2.015
 * (23 glyphs only). Both use SIL OFL 1.1; see
 * LICENSE-JetBrains-Mono-OFL-1.1.txt and LICENSE-Noto-Sans-OFL-1.1.txt.
 * Generated with lv_font_conv 1.5.3; kerning omitted, RLE compressed.
 * Exact coverage is defined by NomadNetFontCoverage.h.
 ******************************************************************************/

#ifdef LV_LVGL_H_INCLUDE_SIMPLE
#include "lvgl.h"
#else
#include "lvgl.h"
#endif
#include "NomadNetFontCoverage.h"

#if !LV_USE_FONT_COMPRESSED
#error "NomadNet fonts require LV_USE_FONT_COMPRESSED=1"
#endif

#ifndef NOMADNET_FONT_16
#define NOMADNET_FONT_16 1
#endif

#if NOMADNET_FONT_16

/*-----------------
 *    BITMAPS
 *----------------*/

/*Store the image of the glyphs*/
static LV_ATTRIBUTE_LARGE_CONST const uint8_t glyph_bitmap[] = {
    /* U+0020 " " */

    /* U+0021 "!" */
    0xf, 0xa0, 0x1, 0x80, 0x70, 0x80, 0x61, 0x0,
    0xbc, 0x3, 0x6a, 0x81, 0x91, 0xf5, 0x80, 0xb8,

    /* U+0022 "\"" */
    0xbe, 0x4, 0xf4, 0x10, 0xf, 0x18, 0x6, 0x30,
    0x3, 0x83, 0xf3, 0x80, 0x90, 0x80,

    /* U+0023 "#" */
    0x0, 0xa6, 0x0, 0x1c, 0x40, 0x19, 0x74, 0x4,
    0x44, 0x1, 0x89, 0x80, 0x84, 0x3, 0x8, 0x8c,
    0x15, 0x40, 0x16, 0x78, 0x77, 0x25, 0x38, 0x1,
    0xb2, 0x9f, 0xe3, 0x8f, 0x0, 0xf, 0x18, 0x88,
    0x90, 0x40, 0x25, 0xd0, 0x11, 0x18, 0x1, 0xb8,
    0xeb, 0xbc, 0x39, 0xc1, 0xb4, 0x3b, 0xd9, 0x3d,
    0xc0, 0xc, 0x62, 0x22, 0xc1, 0x0, 0xb1, 0x0,
    0x8, 0x80, 0x8,

    /* U+0024 "$" */
    0x0, 0x90, 0x80, 0x3d, 0xae, 0x1, 0xe3, 0x20,
    0xc, 0xde, 0xb1, 0xc6, 0x7, 0x2e, 0xb0, 0x5a,
    0x8, 0x10, 0x65, 0xe2, 0x62, 0x2, 0x0, 0x3f,
    0x37, 0xa, 0x20, 0xc, 0x36, 0xa9, 0xe, 0x1,
    0x27, 0x28, 0xc5, 0x80, 0x63, 0x9a, 0x43, 0x65,
    0x0, 0x94, 0x17, 0x20, 0x2, 0x30, 0x28, 0x2d,
    0x49, 0xc3, 0x42, 0xd4, 0x31, 0x8c, 0x0, 0x14,
    0xbc, 0x38, 0x7, 0xf8,

    /* U+0025 "%" */
    0x2c, 0xfb, 0x10, 0x1, 0x70, 0xc3, 0x68, 0x40,
    0x3, 0xa0, 0x5b, 0x8, 0xcc, 0xe, 0xe6, 0x7,
    0xf0, 0x23, 0x29, 0xa0, 0x4, 0x3f, 0xa5, 0xf4,
    0x8, 0x0, 0xfb, 0xa5, 0x76, 0x0, 0xe1, 0x29,
    0xa0, 0xf, 0xba, 0x13, 0x7a, 0x0, 0x27, 0x73,
    0x55, 0xeb, 0x98, 0x14, 0xd0, 0x83, 0x99, 0x30,
    0x74, 0x8, 0x81, 0x8, 0xc5, 0xdc, 0xc0, 0x9,
    0xbd, 0x74,

    /* U+0026 "&" */
    0x0, 0x1e, 0x7e, 0xa0, 0x7, 0x63, 0xdb, 0xd8,
    0x80, 0x46, 0x10, 0x94, 0xe, 0x1, 0x18, 0xa0,
    0x3, 0xd8, 0x3, 0x5c, 0x18, 0x7, 0x9a, 0x3,
    0x44, 0x3, 0x1c, 0xd6, 0x96, 0x81, 0xfb, 0x58,
    0xb9, 0x69, 0x56, 0xb3, 0x4, 0xc0, 0x3, 0x6a,
    0x52, 0x1c, 0x60, 0x17, 0x81, 0x8, 0x20, 0xd2,
    0xd2, 0xe1, 0x50, 0x1d, 0x3d, 0x36, 0x1f, 0x23,
    0x80,

    /* U+0027 "'" */
    0xf, 0x90, 0xe, 0x10, 0x10, 0x2, 0xf0,

    /* U+0028 "(" */
    0x0, 0xc2, 0x80, 0x14, 0x77, 0x80, 0x29, 0xe2,
    0xc1, 0x16, 0x5c, 0x1, 0xe4, 0xc0, 0x12, 0x28,
    0x7, 0x70, 0x7, 0xff, 0x2c, 0x40, 0x31, 0x60,
    0x6, 0x54, 0x20, 0xa, 0x47, 0x84, 0x0, 0x3a,
    0x5e, 0xe0, 0x3, 0xf6, 0xd0,

    /* U+0029 ")" */
    0x15, 0x0, 0xc7, 0x5c, 0x80, 0x2, 0xd5, 0xb4,
    0x0, 0x15, 0x9c, 0x80, 0x6f, 0x24, 0x0, 0x8c,
    0x70, 0x3, 0x18, 0x80, 0x61, 0x30, 0xf, 0xfe,
    0x20, 0x98, 0x4, 0x25, 0xe0, 0x14, 0x83, 0x80,
    0x15, 0xdc, 0x22, 0xba, 0x58, 0x3, 0xa, 0xa0,
    0x0,

    /* U+002A "*" */
    0x0, 0xdc, 0xe0, 0x1f, 0xfc, 0x21, 0x93, 0x3,
    0x10, 0x57, 0x2, 0x4c, 0xc1, 0xef, 0x56, 0x81,
    0xee, 0x20, 0xac, 0x75, 0x0, 0x46, 0x8a, 0x20,
    0x20, 0x1a, 0xe, 0xe2, 0x48, 0x2, 0x17, 0x91,
    0x73, 0xb0, 0x8, 0x79, 0x80, 0x1b, 0x20, 0x0,

    /* U+002B "+" */
    0x0, 0xba, 0x0, 0x3f, 0xf8, 0xff, 0xf0, 0xbf,
    0xfa, 0x73, 0x21, 0x6c, 0xc5, 0x99, 0xc0, 0x26,
    0x62, 0x0, 0xff, 0x9b, 0x0, 0x20,

    /* U+002C "," */
    0xc, 0xc0, 0x1b, 0x18, 0x62, 0x82, 0x70, 0x10,

    /* U+002D "-" */
    0x0, 0xf6, 0x7f, 0xe5, 0xec, 0xcc, 0x80,

    /* U+002E "." */
    0x8, 0x50, 0x77, 0x50, 0x20, 0x98, 0x0,

    /* U+002F "/" */
    0x0, 0xe5, 0xf3, 0x0, 0xee, 0x23, 0x0, 0xc2,
    0x94, 0x1, 0xcc, 0xc, 0x1, 0xd4, 0x82, 0x1,
    0x8c, 0xb8, 0x3, 0xa8, 0x54, 0x3, 0x9d, 0x80,
    0x39, 0x46, 0x80, 0x3b, 0x8c, 0x80, 0x30, 0xa5,
    0x0, 0x73, 0x3, 0x80, 0x75, 0x28, 0x80, 0x63,
    0x2e, 0x0, 0xea, 0x14, 0x0, 0xe0,

    /* U+0030 "0" */
    0x3, 0xcf, 0xe9, 0x10, 0x2c, 0x7b, 0x87, 0xa0,
    0xa1, 0xb4, 0x6a, 0x42, 0x35, 0x0, 0x94, 0x18,
    0x4, 0x3, 0x84, 0x0, 0x3d, 0x20, 0x1c, 0x2b,
    0xe0, 0x1e, 0xb6, 0x0, 0xff, 0x9, 0x38, 0x4,
    0xa0, 0xd6, 0x56, 0x8d, 0x46, 0x44, 0xc7, 0xb8,
    0x7d, 0x0,

    /* U+0031 "1" */
    0x0, 0x47, 0xf8, 0x2, 0x1c, 0x74, 0x0, 0xd2,
    0x3b, 0xa0, 0xd, 0x9a, 0x40, 0x1c, 0x80, 0x1f,
    0xfe, 0x32, 0x55, 0x78, 0x2a, 0x8e, 0xea, 0x8c,
    0x15, 0x49,

    /* U+0032 "2" */
    0x3, 0xcf, 0xe9, 0x0, 0x16, 0x3d, 0x4b, 0x58,
    0x59, 0x5a, 0xbc, 0xa0, 0xe4, 0x0, 0x4a, 0x4,
    0xaa, 0x0, 0x94, 0x8, 0x3, 0xc, 0x28, 0x80,
    0x6d, 0xb, 0x0, 0xd6, 0x58, 0x20, 0x14, 0xa6,
    0x90, 0x5, 0xd, 0x66, 0x1, 0x33, 0xb0, 0xaa,
    0xc5, 0x80, 0xd5, 0x59, 0x40,

    /* U+0033 "3" */
    0x9f, 0xfe, 0xe0, 0xba, 0xaa, 0x41, 0x0, 0x95,
    0x6a, 0x3a, 0x0, 0xd8, 0x3a, 0x1, 0xa0, 0xd0,
    0xc0, 0x37, 0x2a, 0x6a, 0x80, 0x4d, 0x5a, 0x96,
    0x1, 0xee, 0x11, 0x29, 0x80, 0x42, 0x7, 0xde,
    0x1, 0x18, 0x17, 0x1c, 0xab, 0xc3, 0x2, 0xd2,
    0x55, 0x1e, 0x40,

    /* U+0034 "4" */
    0x0, 0xdd, 0x60, 0x1a, 0x6, 0x40, 0x22, 0x78,
    0x20, 0xa, 0x49, 0xc0, 0x25, 0x49, 0x0, 0xd6,
    0xa8, 0xf, 0x50, 0x36, 0x0, 0xe7, 0x55, 0x0,
    0x88, 0x0, 0x6b, 0xdd, 0x30, 0x6d, 0xde, 0x40,
    0x34, 0x4c, 0x40, 0x1f, 0x80,

    /* U+0035 "5" */
    0x6f, 0xfe, 0xd0, 0xa, 0xab, 0x48, 0x4, 0xab,
    0x90, 0x3, 0xfe, 0x10, 0xf, 0xbb, 0xfd, 0x64,
    0xf, 0x77, 0x4a, 0xf0, 0xa, 0x24, 0xd6, 0x64,
    0x41, 0x0, 0x98, 0x6, 0x34, 0x2, 0x60, 0x2e,
    0x3a, 0x56, 0xb4, 0x14, 0xa6, 0xa8, 0x7a, 0x0,

    /* U+0036 "6" */
    0x0, 0x9f, 0xc8, 0x3, 0xc, 0x31, 0x0, 0x68,
    0xb, 0x0, 0xc4, 0xcc, 0x20, 0xd, 0x1, 0x0,
    0x18, 0x94, 0xb3, 0xac, 0x82, 0xc1, 0x7a, 0x9f,
    0x5, 0xd2, 0xd, 0x34, 0x58, 0xc, 0x2, 0x11,
    0x79, 0x18, 0x4, 0x43, 0xd0, 0x94, 0xad, 0x84,
    0xc9, 0x6d, 0x50, 0x98, 0x0,

    /* U+0037 "7" */
    0xbf, 0xff, 0x58, 0x15, 0x56, 0x1, 0x1, 0x55,
    0x84, 0x3a, 0x7c, 0x2, 0xe1, 0x42, 0x30, 0x0,
    0xab, 0x0, 0x73, 0x85, 0x0, 0x75, 0xa1, 0x0,
    0x63, 0x2e, 0x0, 0xea, 0x15, 0x0, 0xe6, 0x70,
    0xe, 0x50, 0xa0, 0xe, 0x93, 0x30, 0x4,

    /* U+0038 "8" */
    0x4, 0xcf, 0xe9, 0x10, 0x3b, 0x7a, 0x97, 0xd0,
    0xb1, 0xb5, 0x78, 0x32, 0x0, 0xe2, 0x0, 0x50,
    0xc0, 0x94, 0x21, 0x12, 0xdb, 0xb5, 0xec, 0xe,
    0xd2, 0xe9, 0xb0, 0x20, 0xe9, 0x17, 0xcd, 0x54,
    0x80, 0x11, 0xe, 0x92, 0x0, 0x44, 0x3d, 0x27,
    0x6a, 0xd8, 0x4c, 0xb4, 0xf5, 0x9, 0x80,

    /* U+0039 "9" */
    0x4, 0xcf, 0xe9, 0x10, 0x4b, 0x7a, 0x87, 0xc0,
    0x83, 0xb5, 0x6c, 0x25, 0x34, 0x0, 0x88, 0x74,
    0x88, 0x1, 0x87, 0xe9, 0x58, 0x6, 0xc1, 0x1d,
    0xa7, 0xfc, 0x86, 0x60, 0x9f, 0xe9, 0x8, 0x0,
    0xe9, 0x44, 0x0, 0x69, 0x19, 0x0, 0xc2, 0xec,
    0x40, 0x1a, 0x2, 0x0, 0x20,

    /* U+003A ":" */
    0x4f, 0xc0, 0x30, 0x30, 0x7a, 0xc0, 0x2, 0x98,
    0x7, 0xf9, 0x4c, 0x1e, 0xb0, 0xc, 0xc, 0x0,

    /* U+003B ";" */
    0x4f, 0xc0, 0x30, 0x31, 0x7a, 0xc1, 0x5, 0x30,
    0xf, 0xfe, 0x16, 0xd8, 0x9, 0x10, 0x14, 0x30,
    0xc, 0x10, 0x34, 0x44, 0x0,

    /* U+003C "<" */
    0x0, 0xf1, 0x88, 0x6, 0x3b, 0xc2, 0x0, 0x1d,
    0x60, 0x61, 0x95, 0x60, 0x65, 0x98, 0x43, 0xed,
    0x18, 0x5, 0x85, 0xea, 0x1, 0x9b, 0x92, 0xb5,
    0x40, 0x21, 0x9e, 0x4a, 0xd2, 0x0, 0x86, 0x79,
    0x4,

    /* U+003D "=" */
    0x0, 0xfd, 0x5f, 0xfe, 0x38, 0xcc, 0xf1, 0x91,
    0x9f, 0x80, 0x3f, 0xab, 0xff, 0xc7, 0x19, 0x9e,
    0x30,

    /* U+003E ">" */
    0x40, 0xf, 0xbb, 0x8e, 0x1, 0xd5, 0x32, 0xe7,
    0x0, 0xcf, 0xd3, 0x2e, 0x70, 0xc, 0xfd, 0x30,
    0x60, 0x19, 0xe4, 0x84, 0x5, 0xfa, 0xaf, 0x49,
    0xba, 0xa3, 0x54, 0x1, 0xd3, 0xac, 0x1, 0x80,

    /* U+003F "?" */
    0xef, 0xf5, 0x98, 0x5d, 0x4b, 0x61, 0x2a, 0x9b,
    0x6, 0xc0, 0x21, 0x52, 0x0, 0xcc, 0x20, 0x1,
    0x82, 0xf0, 0xbe, 0x77, 0x28, 0x0, 0xfa, 0x0,
    0x1b, 0x62, 0x1, 0x33, 0x80, 0x43, 0xba, 0x0,
    0xc6, 0x61, 0x0, 0x0,

    /* U+0040 "@" */
    0x0, 0x25, 0xff, 0xb1, 0x0, 0x9, 0x65, 0x98,
    0x4b, 0x30, 0x96, 0x93, 0x34, 0x2c, 0x11, 0x2c,
    0x3, 0x7a, 0xb0, 0x10, 0x26, 0xe6, 0x4, 0x3,
    0x52, 0xf1, 0x0, 0x62, 0x1a, 0x2e, 0x0, 0xff,
    0xe3, 0x8, 0x4, 0x42, 0x81, 0x8a, 0x1, 0xae,
    0x3d, 0x25, 0x80, 0xc1, 0x7b, 0x9a, 0x45, 0x48,
    0x4, 0x20, 0x17, 0x2d, 0xa9, 0x98, 0x2, 0x3c,
    0x1b, 0xcc, 0x0, 0x0,

    /* U+0041 "A" */
    0x0, 0x93, 0xf8, 0x3, 0xd8, 0x22, 0x20, 0xe,
    0x47, 0x4, 0x0, 0xe3, 0xc3, 0xc0, 0xc, 0x80,
    0x89, 0x0, 0x6c, 0x11, 0x60, 0x90, 0x4, 0x88,
    0x5, 0x4, 0x0, 0x9, 0xe8, 0x9, 0x60, 0x1,
    0x2, 0x3f, 0xc4, 0x80, 0xc, 0xc, 0xca, 0x4,
    0x81, 0x14, 0xce, 0x60, 0x41, 0x2c, 0x0, 0x84,
    0xf0,

    /* U+0042 "B" */
    0x8f, 0xfb, 0xa8, 0x40, 0x3, 0x76, 0x84, 0xd0,
    0x9, 0x10, 0xd6, 0x62, 0x1, 0xc2, 0x1, 0xe2,
    0x85, 0x10, 0x1f, 0xf6, 0xbd, 0x0, 0x7, 0x31,
    0x4d, 0x40, 0x11, 0x99, 0x7d, 0x50, 0x3, 0x88,
    0xc, 0x3, 0x88, 0x8, 0x0, 0x88, 0x6f, 0x15,
    0x1, 0xbb, 0x43, 0x60, 0x0,

    /* U+0043 "C" */
    0x2, 0xbe, 0xe5, 0x8, 0xe, 0x34, 0x41, 0x34,
    0x1c, 0x71, 0x99, 0x46, 0x6e, 0x11, 0x0, 0x12,
    0x88, 0x3, 0xca, 0x20, 0x1f, 0xfd, 0x25, 0x1e,
    0x11, 0x0, 0x12, 0x89, 0xc7, 0x55, 0xa8, 0xcc,
    0x38, 0xf7, 0x9, 0xa0,

    /* U+0044 "D" */
    0x8f, 0xfb, 0x5c, 0x2, 0x1b, 0xb2, 0xc4, 0x80,
    0x48, 0x88, 0x76, 0x0, 0xf6, 0x1, 0x0, 0x7c,
    0x20, 0x1f, 0xfd, 0x31, 0x0, 0xec, 0x2, 0x0,
    0x22, 0x21, 0xd8, 0x0, 0x37, 0x65, 0x89, 0x0,

    /* U+0045 "E" */
    0x6f, 0xff, 0x28, 0x2, 0xab, 0x90, 0x0, 0xab,
    0xc2, 0x1, 0xfe, 0x10, 0xf, 0xbb, 0xfe, 0xc0,
    0xa, 0xf3, 0x2e, 0x0, 0x90, 0xce, 0x20, 0xf,
    0xfe, 0x3a, 0xaf, 0x8, 0x2, 0xab, 0x90,

    /* U+0046 "F" */
    0x7f, 0xff, 0x30, 0x2, 0xab, 0x90, 0x5, 0x57,
    0x88, 0x3, 0xff, 0x8c, 0x23, 0x80, 0x21, 0xee,
    0xde, 0x1, 0x5d, 0xec, 0x0, 0x91, 0x31, 0x80,
    0x7f, 0xf3, 0x40,

    /* U+0047 "G" */
    0x3, 0xbf, 0xe9, 0x10, 0x1c, 0x7a, 0x97, 0xa0,
    0x60, 0xc5, 0x7b, 0x42, 0xe2, 0x0, 0x92, 0xc,
    0x3, 0x85, 0xc4, 0x3, 0x8, 0xc0, 0x1a, 0x3b,
    0xa4, 0x0, 0xaa, 0xe8, 0x3, 0x89, 0x1c, 0x1,
    0xc4, 0x1, 0x38, 0x33, 0x3, 0x15, 0xac, 0xc8,
    0x71, 0xea, 0x13, 0x40,

    /* U+0048 "H" */
    0x8e, 0x0, 0x97, 0xc4, 0x3, 0xff, 0x9c, 0x23,
    0x0, 0x61, 0xee, 0xa8, 0x3, 0x5d, 0xd0, 0x1,
    0xa, 0x24, 0x40, 0x1f, 0xfd, 0x60,

    /* U+0049 "I" */
    0x5f, 0xfe, 0xe4, 0xaa, 0x2, 0xd5, 0x5, 0x54,
    0x4, 0xa8, 0x1, 0xff, 0xe5, 0x15, 0x50, 0x12,
    0xa2, 0x2a, 0x80, 0xb5, 0x40,

    /* U+004A "J" */
    0x0, 0xf4, 0x70, 0x7, 0xff, 0xb0, 0xa0, 0x40,
    0x38, 0xdd, 0xc0, 0x12, 0x28, 0xac, 0x3a, 0xd1,
    0xf8, 0x53, 0x55, 0x1a, 0x90,

    /* U+004B "K" */
    0x8e, 0x0, 0x87, 0xe0, 0x3, 0xa4, 0x24, 0x3,
    0xb, 0xc0, 0x80, 0x68, 0x17, 0x0, 0xc4, 0xd2,
    0x1, 0xf, 0xe8, 0x38, 0x4, 0x39, 0x20, 0xa0,
    0x18, 0xd8, 0xe0, 0x3, 0xd2, 0x48, 0x1, 0xca,
    0x50, 0x1, 0xeb, 0x33, 0x0, 0x73, 0xc, 0x0,

    /* U+004C "L" */
    0xe8, 0x0, 0xff, 0xfc, 0x92, 0xae, 0x30, 0x5a,
    0xad, 0xe0,

    /* U+004D "M" */
    0xdf, 0x60, 0x6, 0xfb, 0x81, 0xe8, 0x11, 0x98,
    0x0, 0xa8, 0x8, 0x81, 0x0, 0x9, 0x26, 0xf9,
    0x80, 0x4b, 0xa8, 0xa0, 0x1a, 0xd9, 0x0, 0x38,
    0xdb, 0xc0, 0x40, 0x34, 0xa0, 0x7, 0xff, 0x5c,

    /* U+004E "N" */
    0x9f, 0x80, 0x1, 0xf9, 0x0, 0x14, 0x3, 0xc6,
    0x46, 0x1, 0xe4, 0xa0, 0xf, 0x73, 0x80, 0x70,
    0xa8, 0xa0, 0x7, 0x97, 0x40, 0x3d, 0xee, 0xe0,
    0xe, 0x51, 0x30, 0xf, 0x2d, 0x80, 0x7b, 0x8c,
    0x3, 0xc8, 0x20, 0x0,

    /* U+004F "O" */
    0x3, 0xbf, 0xe9, 0x0, 0xe, 0x3d, 0x4b, 0x50,
    0x30, 0x62, 0xbc, 0xa8, 0x71, 0x0, 0x44, 0x4,
    0x1, 0xf0, 0x80, 0x7f, 0xf4, 0xc7, 0x88, 0x2,
    0x20, 0x26, 0xb, 0x57, 0x85, 0x1, 0xc7, 0xa9,
    0x7a, 0x0,

    /* U+0050 "P" */
    0x8f, 0xfd, 0x86, 0x0, 0x1b, 0xb5, 0x6, 0x10,
    0x1, 0x10, 0xb8, 0x36, 0x1, 0xe5, 0x50, 0x7,
    0x99, 0x80, 0x18, 0x60, 0xb8, 0x7, 0xfd, 0xcf,
    0x8, 0x3, 0x98, 0xdf, 0x70, 0x8, 0xcc, 0x40,
    0x1f, 0xfc, 0xf0,

    /* U+0051 "Q" */
    0x3, 0xcf, 0xe9, 0x10, 0x2c, 0x7a, 0x97, 0xa0,
    0xa1, 0xb5, 0x7b, 0x42, 0x35, 0x0, 0x9c, 0x18,
    0x3, 0xe1, 0x0, 0xff, 0xe9, 0x89, 0x28, 0x4,
    0xe0, 0xd6, 0x36, 0xad, 0x68, 0x44, 0xc7, 0xa9,
    0x2a, 0x0, 0x1e, 0x7b, 0x18, 0x7, 0xa0, 0x20,
    0x3, 0x85, 0xd8, 0x80,

    /* U+0052 "R" */
    0x8f, 0xfd, 0x64, 0x0, 0x1b, 0xb4, 0xb6, 0x0,
    0x48, 0x86, 0xf1, 0x60, 0xe, 0x20, 0xe0, 0xe,
    0x10, 0xf0, 0xc, 0x54, 0xc, 0x3, 0xfe, 0xd5,
    0xa1, 0x1, 0xcb, 0x6, 0x50, 0x8, 0xd1, 0xdc,
    0x20, 0x1d, 0x21, 0x20, 0x1c, 0x2c, 0xc0, 0xf,
    0x40, 0xb8,

    /* U+0053 "S" */
    0x3, 0xcf, 0xe8, 0x0, 0x16, 0x3d, 0x4b, 0xd0,
    0x28, 0x5a, 0xbc, 0x28, 0x78, 0x80, 0x4f, 0xc1,
    0x63, 0x2, 0x0, 0x10, 0x38, 0x7e, 0xc7, 0x0,
    0x9f, 0xa5, 0xe2, 0xc0, 0x21, 0x6b, 0xa4, 0x34,
    0x30, 0x9, 0x41, 0x7f, 0xc0, 0x11, 0x1, 0x79,
    0xd2, 0xb7, 0x92, 0x22, 0xda, 0xa1, 0xf0, 0x0,

    /* U+0054 "T" */
    0x2f, 0xff, 0xac, 0xaa, 0xa0, 0x5a, 0xa4, 0x2,
    0xac, 0x24, 0xaa, 0x30, 0xf, 0xff, 0xf8, 0x7,
    0x80,

    /* U+0055 "U" */
    0x9e, 0x0, 0x93, 0xc8, 0x3, 0xff, 0xd8, 0x20,
    0x1f, 0x70, 0x88, 0x0, 0x60, 0x4e, 0x14, 0xad,
    0x2a, 0x3, 0x8f, 0x50, 0xf4, 0x0,

    /* U+0056 "V" */
    0x1f, 0x60, 0xd, 0x94, 0x25, 0x80, 0x18, 0xf0,
    0x11, 0x0, 0x12, 0x2, 0x6, 0x8, 0x80, 0x18,
    0x24, 0x8, 0x8, 0x0, 0x44, 0x0, 0x4, 0xb0,
    0x0, 0x78, 0x1, 0x22, 0x0, 0xc1, 0x0, 0x2c,
    0x21, 0x41, 0x20, 0x9, 0x1, 0x31, 0x0, 0x30,
    0x96, 0xae, 0x0, 0x72, 0x28, 0xa0, 0x7, 0x61,
    0x9, 0x0, 0x0,

    /* U+0057 "W" */
    0xab, 0x0, 0x7d, 0x0, 0x3c, 0xc9, 0xc0, 0x85,
    0x80, 0x80, 0xb8, 0x81, 0x88, 0x80, 0xc0, 0x24,
    0x20, 0x4a, 0x20, 0x24, 0xc, 0x3, 0xdc, 0x22,
    0x98, 0x8, 0x8, 0xa6, 0x67, 0x8, 0x0, 0x59,
    0xa2, 0x21, 0x90, 0x0, 0xcc, 0x44, 0xee, 0x37,
    0x0, 0x1b, 0xc4, 0x44, 0x58, 0x0, 0x4a, 0x40,
    0x23, 0x30, 0x3, 0x8d, 0x81, 0x94, 0x8, 0x0,
    0x40, 0x40, 0x42, 0x20, 0x0,

    /* U+0058 "X" */
    0xe, 0xb0, 0x8, 0x7e, 0x2, 0x10, 0xc0, 0x10,
    0x30, 0xc, 0x5e, 0x2, 0xd0, 0x1, 0x49, 0xa4,
    0x13, 0x0, 0x48, 0x70, 0xd0, 0x1, 0xde, 0x66,
    0x50, 0xe, 0x60, 0x20, 0xf, 0x42, 0x8c, 0x0,
    0x66, 0x2b, 0x77, 0x8, 0x5, 0xe, 0x32, 0x30,
    0x0, 0x81, 0x90, 0x19, 0x62, 0x17, 0x81, 0x0,
    0x38, 0xc0,

    /* U+0059 "Y" */
    0x3f, 0x50, 0xd, 0x58, 0x6, 0x92, 0x1, 0x12,
    0xc8, 0x3, 0xcd, 0x0, 0x16, 0x4a, 0x0, 0x43,
    0xf0, 0x16, 0xb0, 0xd, 0x28, 0x52, 0x2c, 0x1,
    0x94, 0xa1, 0xa4, 0x3, 0xd6, 0xa2, 0xe0, 0x1e,
    0x60, 0x60, 0xf, 0xc2, 0x20, 0xf, 0xfe, 0xb0,

    /* U+005A "Z" */
    0x9f, 0xff, 0xd, 0xd5, 0x64, 0x1, 0x25, 0x59,
    0x11, 0x0, 0x1d, 0x4, 0xe0, 0x18, 0xda, 0x0,
    0x3b, 0xcd, 0x40, 0x32, 0x9f, 0x80, 0x74, 0x29,
    0x80, 0x67, 0x2b, 0x0, 0xc3, 0x10, 0x10, 0xd,
    0x20, 0x4a, 0xb8, 0x48, 0x2a, 0xb8, 0x80,

    /* U+005B "[" */
    0x0, 0xeb, 0xff, 0x8c, 0xf, 0x30, 0x60, 0xe6,
    0x60, 0xf, 0xff, 0x6a, 0x7f, 0x8e, 0x73, 0x23,

    /* U+005C "\\" */
    0x9e, 0x0, 0xf5, 0xa, 0x0, 0x71, 0x97, 0x0,
    0x7a, 0x94, 0x40, 0x39, 0x81, 0xc0, 0x38, 0x52,
    0x80, 0x3d, 0xc6, 0x40, 0x1c, 0xa3, 0x40, 0x1e,
    0x76, 0x0, 0xf5, 0xa, 0x80, 0x71, 0x97, 0x0,
    0x7a, 0x90, 0x40, 0x39, 0x81, 0x80, 0x38, 0x52,
    0x80, 0x3d, 0xc4, 0x60,

    /* U+005D "]" */
    0x0, 0xe9, 0xff, 0x96, 0xf2, 0x80, 0x4, 0x6e,
    0x1, 0xff, 0xed, 0x9f, 0xd0, 0x5, 0xe6, 0x48,

    /* U+005E "^" */
    0x0, 0x9d, 0x0, 0x39, 0x22, 0x80, 0x3b, 0xe0,
    0xd4, 0x2, 0x24, 0x6b, 0x90, 0xa, 0xd4, 0x58,
    0xcc, 0x2, 0xd2, 0x0, 0x69, 0x9, 0x33, 0x0,
    0x2d, 0x44,

    /* U+005F "_" */
    0x0, 0xff, 0x7f, 0xfd, 0x41, 0x99, 0xf5, 0x80,

    /* U+0060 "`" */
    0x18, 0x20, 0x12, 0xf0, 0x5, 0x4, 0x80,

    /* U+0061 "a" */
    0x5, 0xdf, 0xea, 0x10, 0x4a, 0x5b, 0xb3, 0xe8,
    0x27, 0x42, 0x2c, 0x18, 0x2, 0x7b, 0xfd, 0x40,
    0x50, 0xf7, 0xba, 0x90, 0x2, 0xac, 0x44, 0x30,
    0xf, 0xb4, 0x0, 0xaa, 0x74, 0x75, 0x0, 0x43,
    0x4d, 0xec, 0x0, 0x0,

    /* U+0062 "b" */
    0x8e, 0x0, 0xff, 0xe6, 0x2e, 0xfd, 0x88, 0x5,
    0xd3, 0x25, 0xd0, 0x0, 0xd2, 0x35, 0x98, 0x80,
    0x88, 0x0, 0xc0, 0x40, 0x1f, 0xfc, 0x51, 0x10,
    0x1, 0x80, 0x80, 0x69, 0x16, 0xcc, 0x40, 0x1d,
    0x34, 0xbc, 0x0,

    /* U+0063 "c" */
    0x3, 0xbe, 0xe5, 0x8, 0xe, 0x3d, 0xc3, 0xe0,
    0x30, 0x62, 0xb7, 0x12, 0x71, 0x0, 0x47, 0xe8,
    0x1, 0xff, 0xc4, 0xe2, 0x0, 0x8f, 0xd1, 0x83,
    0x15, 0xb8, 0x90, 0x71, 0xee, 0x1f, 0xc0,

    /* U+0064 "d" */
    0x0, 0xe5, 0xf2, 0x0, 0xff, 0xe0, 0x88, 0x4,
    0xbb, 0xf6, 0x40, 0x3, 0xa7, 0xbd, 0xb0, 0x5,
    0x85, 0x23, 0x50, 0x0, 0x48, 0x2, 0x20, 0xf,
    0xfe, 0x30, 0x90, 0x4, 0x40, 0xb, 0xa, 0x46,
    0xa0, 0x1, 0xd3, 0xde, 0xd8, 0x0,

    /* U+0065 "e" */
    0x3, 0xbf, 0xe9, 0x0, 0x16, 0xe, 0x5b, 0xd0,
    0x28, 0xd1, 0xad, 0xa8, 0xe9, 0x0, 0x4e, 0x4,
    0x7, 0xff, 0x68, 0x38, 0x1e, 0xef, 0x26, 0x91,
    0x63, 0x60, 0x51, 0xa4, 0x5d, 0x90, 0x2c, 0x6b,
    0xb3, 0x60, 0x0,

    /* U+0066 "f" */
    0x0, 0xd5, 0xff, 0x38, 0x4, 0xcb, 0x35, 0x45,
    0x0, 0xb8, 0x59, 0x54, 0x40, 0x23, 0x0, 0x8c,
    0x5, 0xdc, 0x61, 0xee, 0x9c, 0xae, 0xca, 0x37,
    0x73, 0x2, 0x20, 0xc1, 0x12, 0x10, 0xf, 0xff,
    0x8,

    /* U+0067 "g" */
    0x5, 0xdf, 0xb6, 0xf1, 0x3a, 0x6b, 0xdb, 0x0,
    0x20, 0x5a, 0x35, 0x0, 0x38, 0x80, 0x22, 0x0,
    0xff, 0x9, 0x80, 0x46, 0x0, 0xc1, 0x70, 0x2a,
    0x0, 0x23, 0xc7, 0xe2, 0x0, 0x51, 0xfb, 0xda,
    0x1, 0xc4, 0x6, 0x2, 0x4, 0xaa, 0x68, 0x40,
    0x2, 0x55, 0x21, 0x28, 0x0,

    /* U+0068 "h" */
    0x8e, 0x0, 0xff, 0xe6, 0x2e, 0xfd, 0x88, 0x5,
    0xd3, 0x4b, 0xa0, 0x1, 0xa4, 0x58, 0x31, 0x1,
    0x10, 0x0, 0x80, 0xc0, 0x3f, 0xfb, 0x80,

    /* U+0069 "i" */
    0x0, 0xb7, 0x40, 0x1e, 0x33, 0x8, 0x7, 0x77,
    0x4, 0x3, 0xfc, 0xbf, 0xf7, 0x0, 0x49, 0x54,
    0x50, 0xc, 0x2a, 0xa2, 0x0, 0xff, 0xec, 0x1a,
    0xa8, 0x85, 0x54, 0x93, 0x54, 0x50, 0xaa, 0x80,

    /* U+006A "j" */
    0x0, 0xd9, 0xc2, 0x1, 0x84, 0x40, 0x1d, 0xbe,
    0x20, 0x1f, 0x57, 0xff, 0x4, 0xd5, 0x4a, 0x0,
    0x35, 0x5b, 0x40, 0x3f, 0xfb, 0xbe, 0x20, 0x1c,
    0x64, 0x4, 0xaa, 0x94, 0x90, 0xba, 0xa2, 0x4a,
    0x80,

    /* U+006B "k" */
    0x7f, 0x0, 0xff, 0xe7, 0x97, 0xb8, 0x7, 0x71,
    0x38, 0x6, 0x63, 0xe0, 0xc, 0x32, 0xc6, 0x1,
    0x7f, 0x4, 0x0, 0x6c, 0xb0, 0x80, 0xc, 0x69,
    0x2c, 0x80, 0x1c, 0xc9, 0x40, 0x1e, 0x91, 0x90,

    /* U+006C "l" */
    0x8f, 0xfc, 0x1, 0xaa, 0xa5, 0x0, 0xe2, 0x55,
    0x68, 0x7, 0xff, 0xec, 0xc2, 0x15, 0x46, 0x1,
    0x24, 0x35, 0x53, 0xc0,

    /* U+006D "m" */
    0xf, 0x9f, 0xb6, 0xec, 0x10, 0x0, 0xf2, 0x7f,
    0xc, 0x80, 0x30, 0x4f, 0xc1, 0x88, 0x3, 0xff,
    0xd4,

    /* U+006E "n" */
    0x8e, 0x5e, 0xfb, 0x10, 0x0, 0xe6, 0x4d, 0xa0,
    0x14, 0x91, 0xd9, 0x88, 0x8, 0x4, 0x40, 0x60,
    0x1f, 0xfd, 0xc0,

    /* U+006F "o" */
    0x3, 0xcf, 0xe9, 0x0, 0x16, 0x3d, 0x43, 0xd8,
    0x50, 0xda, 0xb5, 0xa0, 0x91, 0x0, 0x26, 0x2,
    0x0, 0xf9, 0xc0, 0x3e, 0x7d, 0x20, 0x9, 0x80,
    0x94, 0x6d, 0x5a, 0xd4, 0x4b, 0x1e, 0xa1, 0xe8,
    0x0,

    /* U+0070 "p" */
    0x8e, 0x5d, 0xfb, 0x20, 0x0, 0xe7, 0xe3, 0x70,
    0x5, 0x24, 0x70, 0x62, 0x2, 0x1, 0x30, 0x10,
    0x7, 0xff, 0x14, 0x44, 0x0, 0x50, 0x20, 0x1a,
    0x56, 0x83, 0x10, 0x7, 0xc4, 0xaf, 0x0, 0x49,
    0xbf, 0x64, 0x1, 0xff, 0xc5,

    /* U+0071 "q" */
    0x5, 0xdf, 0xb6, 0xf2, 0x3a, 0x7b, 0xdb, 0x0,
    0x58, 0xd2, 0x35, 0x0, 0x4, 0xc0, 0x22, 0x0,
    0xff, 0xe3, 0x9, 0x80, 0x44, 0x0, 0xb1, 0xa4,
    0x6b, 0x0, 0x1d, 0x3d, 0xed, 0x0, 0x4b, 0xbf,
    0x64, 0x1, 0xf0, 0x80, 0x7f, 0x80,

    /* U+0072 "r" */
    0x3f, 0x6c, 0xfd, 0x50, 0xb, 0x7f, 0x52, 0x88,
    0x1, 0xc6, 0x52, 0x8, 0x0, 0x60, 0x8, 0xc0,
    0x3e, 0xc6, 0x0, 0xff, 0xea, 0x0,

    /* U+0073 "s" */
    0x6, 0xdf, 0xf5, 0x90, 0x24, 0xd6, 0x5b, 0xf8,
    0x18, 0xb9, 0xa6, 0xc8, 0x18, 0xd3, 0x18, 0xa0,
    0x24, 0xb4, 0xe7, 0xb8, 0x1, 0xb3, 0xf9, 0xa0,
    0x55, 0xc0, 0x3, 0x40, 0x47, 0xe, 0x88, 0x81,
    0x36, 0x79, 0xbb, 0x3e, 0x80,

    /* U+0074 "t" */
    0x0, 0x95, 0x40, 0x1f, 0x77, 0x0, 0x3f, 0xf8,
    0x29, 0xfe, 0x44, 0x7f, 0xca, 0xaa, 0xa1, 0x9a,
    0xaa, 0x41, 0x55, 0x3b, 0x95, 0x61, 0x0, 0xff,
    0xed, 0x9a, 0x32, 0xa8, 0x40, 0x29, 0x49, 0xaa,
    0x10,

    /* U+0075 "u" */
    0x9e, 0x0, 0x93, 0xc8, 0x3, 0xff, 0xa8, 0x20,
    0x1f, 0x70, 0x88, 0x0, 0x60, 0x4e, 0x3a, 0xad,
    0xc, 0x3, 0xaf, 0x50, 0xf2, 0x0,

    /* U+0076 "v" */
    0xf, 0x90, 0xd, 0xd2, 0xa, 0xe0, 0x12, 0xd,
    0x7, 0x9, 0x80, 0x34, 0x4c, 0x10, 0x2c, 0x0,
    0xee, 0x0, 0x95, 0x40, 0x63, 0x40, 0x17, 0x11,
    0x2c, 0x4c, 0x2, 0x40, 0x55, 0x38, 0x7, 0x2d,
    0x15, 0x0, 0x77, 0x10, 0x98, 0x0,

    /* U+0077 "w" */
    0x6d, 0x0, 0x7c, 0x81, 0x78, 0x11, 0x0, 0x85,
    0x41, 0x88, 0x14, 0x5, 0xd0, 0xc0, 0xdc, 0x4,
    0xb, 0x74, 0x44, 0xe2, 0x0, 0x1a, 0x99, 0x99,
    0x85, 0xa0, 0x5, 0xe5, 0x51, 0x99, 0x5c, 0x1,
    0xc6, 0x22, 0xed, 0x12, 0x0, 0x1a, 0x98, 0x2a,
    0x10, 0x4, 0xc2, 0xa0, 0x42, 0xe0, 0x0,

    /* U+0078 "x" */
    0xa, 0xe1, 0x0, 0x37, 0xa0, 0x58, 0x58, 0xc,
    0x2a, 0x0, 0xda, 0xa5, 0x85, 0x80, 0x4a, 0xa9,
    0x5a, 0x10, 0xd, 0xc4, 0x44, 0x0, 0xe9, 0x32,
    0x70, 0xd, 0x5, 0xcf, 0x4, 0x0, 0x37, 0x82,
    0x82, 0xe0, 0x7, 0x1b, 0x80, 0x38, 0xdc,

    /* U+0079 "y" */
    0xe, 0x90, 0xd, 0xd0, 0xc, 0xc0, 0x9, 0x6,
    0x82, 0x81, 0x40, 0x1c, 0x44, 0x2, 0x3e, 0x0,
    0x2d, 0x0, 0x54, 0x82, 0xa0, 0xc0, 0x13, 0x3,
    0x7a, 0x8, 0x6, 0x5a, 0x5e, 0x0, 0xe9, 0x20,
    0x50, 0xe, 0x30, 0x50, 0xf, 0x18, 0x70, 0x7,
    0xa8, 0x50, 0x3, 0xcc, 0xc0, 0xc,

    /* U+007A "z" */
    0x7f, 0xff, 0x2, 0xd5, 0x61, 0x20, 0x25, 0x5b,
    0x7, 0xc0, 0x32, 0xb5, 0x10, 0x4, 0x54, 0xea,
    0x1, 0xf, 0xa4, 0x0, 0x6a, 0xb, 0x0, 0xce,
    0x94, 0xab, 0x83, 0x82, 0x2a, 0xb1, 0x0,

    /* U+007B "{" */
    0x0, 0xff, 0xe0, 0x47, 0x78, 0x80, 0x4c, 0xf3,
    0x82, 0x1, 0x79, 0x39, 0x80, 0x61, 0x30, 0xf,
    0x70, 0x80, 0x78, 0xc0, 0x3c, 0x3e, 0x60, 0x16,
    0x7f, 0xe, 0x80, 0x5d, 0x96, 0xf6, 0x1, 0x11,
    0xa5, 0x28, 0x7, 0xff, 0xb, 0x84, 0x3, 0xc2,
    0x60, 0x1e, 0xe2, 0x40, 0xe, 0x74, 0xbf, 0x10,
    0xd, 0x7d, 0x82,

    /* U+007C "|" */
    0xe8, 0x0, 0xff, 0xe8, 0x0,

    /* U+007D "}" */
    0x0, 0xfc, 0xff, 0xa8, 0x1, 0x9a, 0xda, 0xc4,
    0x2, 0x14, 0xf0, 0x20, 0xe, 0x10, 0x20, 0xe,
    0xd1, 0x10, 0x7, 0x11, 0x0, 0x3d, 0xa4, 0x60,
    0x1c, 0xe9, 0x9f, 0xe6, 0x0, 0x32, 0xce, 0x61,
    0xc0, 0x18, 0x6c, 0x66, 0x10, 0x1, 0x10, 0x3,
    0xdc, 0x20, 0x1e, 0x20, 0x20, 0xc, 0x3a, 0x1,
    0xcf, 0xcd, 0x4, 0x1, 0x36, 0x7b, 0x80, 0x60,

    /* U+007E "~" */
    0x3d, 0xe8, 0x0, 0x73, 0xfb, 0x5b, 0x40, 0x8e,
    0xc5, 0xa7, 0xe2, 0x7f, 0x60, 0x4f, 0xdd, 0x8,

    /* U+00A0 " " */

    /* U+00A1 "¡" */
    0x3f, 0xc0, 0x17, 0x3e, 0xb0, 0x32, 0xd, 0x50,
    0xe, 0xf0, 0x10, 0xf, 0x8, 0x7, 0x18,

    /* U+00A2 "¢" */
    0x0, 0x8c, 0x40, 0x3d, 0x28, 0x1, 0xf1, 0x80,
    0x66, 0xf5, 0x9e, 0x40, 0x39, 0x65, 0x95, 0xb1,
    0xb1, 0x90, 0x39, 0x32, 0x13, 0x0, 0x8b, 0xc,
    0x3, 0xff, 0x84, 0x41, 0xc4, 0x20, 0x4, 0xd3,
    0x61, 0xc6, 0xfa, 0x33, 0xe, 0x39, 0x23, 0xe8,
    0x0, 0xa9, 0x2e, 0x44, 0x3, 0xf8,

    /* U+00A3 "£" */
    0x4, 0xcf, 0xe9, 0x10, 0x2b, 0x7a, 0x97, 0xa0,
    0xa1, 0xb5, 0x78, 0x41, 0x10, 0x6, 0x6d, 0x1c,
    0x13, 0x0, 0x88, 0x14, 0xa0, 0x3, 0xb0, 0x93,
    0xfe, 0x0, 0x75, 0x3, 0xe6, 0x0, 0x4, 0xc1,
    0x86, 0x60, 0xb, 0xc9, 0x0, 0x35, 0x9d, 0xa2,
    0x62, 0x70, 0x9b, 0xbe,

    /* U+00A4 "¤" */
    0xa, 0x30, 0xc, 0xc8, 0xd, 0x97, 0xfd, 0x53,
    0x81, 0xa0, 0x5b, 0x4e, 0x70, 0xe, 0x52, 0x49,
    0xc6, 0x1, 0x8, 0x7, 0xc8, 0x6e, 0x3, 0x8,
    0x0, 0x90, 0xaf, 0xe6, 0x45, 0x0, 0x5e, 0xf7,
    0xea, 0x90, 0x5a, 0x0, 0x80, 0x29, 0xc0,

    /* U+00A5 "¥" */
    0x3f, 0x50, 0xd, 0x78, 0x6, 0x90, 0x1, 0x12,
    0x40, 0x2, 0x9, 0x40, 0x10, 0x68, 0x0, 0x34,
    0x90, 0x25, 0x90, 0xd, 0x6, 0x90, 0x4a, 0x1,
    0x8d, 0x21, 0x60, 0x3, 0x7f, 0x90, 0xc2, 0xbe,
    0x80, 0x19, 0x90, 0xb6, 0x62, 0xc0, 0x6, 0x70,
    0x9, 0x98, 0x40, 0x1f, 0xf0, 0xbf, 0xfa, 0x80,
    0x19, 0x90, 0xb6, 0x62, 0xc0, 0x6, 0x70, 0x9,
    0x98, 0x40,

    /* U+00A6 "¦" */
    0x10, 0xf8, 0x0, 0xff, 0x74, 0x0, 0x4, 0x3e,
    0x0, 0x3f, 0xc0,

    /* U+00A7 "§" */
    0x6, 0xdf, 0xf6, 0x18, 0x24, 0xa5, 0xd0, 0x68,
    0x60, 0xca, 0x2e, 0xd8, 0xe8, 0xa8, 0x0, 0x54,
    0x55, 0xab, 0xb1, 0xc0, 0x2, 0x88, 0x96, 0x8b,
    0x9, 0x2b, 0x7a, 0xa2, 0x18, 0x8, 0x4, 0xe0,
    0xa, 0x18, 0x20, 0xb4, 0x32, 0xc3, 0xdf, 0x7e,
    0x0, 0x1d, 0xfe, 0xa5, 0x11, 0x40, 0x2, 0x80,
    0x7b, 0xd3, 0x1, 0xa0, 0x78, 0x3c, 0xfe, 0x79,
    0x21, 0xce, 0xcc, 0x7b, 0x0,

    /* U+00A8 "¨" */
    0x0, 0xf6, 0xe8, 0x13, 0xd8, 0x40, 0x38,

    /* U+00A9 "©" */
    0x0, 0x25, 0xee, 0x48, 0x80, 0x1f, 0xe7, 0x73,
    0x22, 0x1a, 0xb4, 0xdc, 0x68, 0xb2, 0x70, 0x9c,
    0x98, 0x54, 0x73, 0x21, 0x12, 0xd8, 0x18, 0x7,
    0xf3, 0x99, 0x8, 0x96, 0xc0, 0xc9, 0xc2, 0x72,
    0x61, 0x50, 0x6a, 0xd3, 0x71, 0xa2, 0xc1, 0xfe,
    0x77, 0x32, 0x20,

    /* U+00AA "ª" */
    0x4, 0xaa, 0x10, 0x15, 0x44, 0x3, 0xaa, 0x4,
    0x8e, 0xa4, 0x8, 0xe5, 0x88,

    /* U+00AB "«" */
    0x0, 0xa2, 0x80, 0x15, 0x0, 0x13, 0x3f, 0x4,
    0xa4, 0x80, 0xe, 0x64, 0x8c, 0xcd, 0x10, 0x1d,
    0x66, 0x1c, 0xd1, 0x80, 0x8, 0x7c, 0x14, 0x18,
    0x2, 0x38, 0x93, 0x65, 0xd1, 0x0, 0x9d, 0x74,
    0x68, 0xb4, 0x3, 0x51, 0x68, 0x69, 0x48, 0x0,

    /* U+00AC "¬" */
    0x1, 0x1f, 0x37, 0x77, 0x9f, 0x33, 0x38, 0x9,
    0x9e, 0xd0, 0xf, 0x26, 0x0,

    /* U+00AD "­" */
    0x0, 0xf6, 0x7f, 0xe5, 0xec, 0xcc, 0x80,

    /* U+00AE "®" */
    0x0, 0x25, 0xee, 0x48, 0x80, 0x1f, 0xe7, 0x73,
    0x22, 0x1a, 0xbf, 0xdc, 0x68, 0xb2, 0x70, 0x2d,
    0xa9, 0x54, 0x73, 0x0, 0x6c, 0x48, 0x18, 0x6,
    0xd0, 0x20, 0x3, 0x98, 0x4, 0xcc, 0x3, 0x27,
    0x8, 0xa, 0x25, 0x41, 0xab, 0x50, 0x20, 0x8b,
    0x7, 0xf9, 0xdc, 0xc8, 0x80,

    /* U+00AF "¯" */
    0x0, 0xf6, 0x7f, 0xe5, 0xec, 0xcc, 0x80,

    /* U+00B0 "°" */
    0x8, 0xdc, 0x30, 0x54, 0xdf, 0xd0, 0xdb, 0x3,
    0x2, 0xdb, 0x3, 0x2, 0x54, 0xee, 0x50, 0x0,

    /* U+00B1 "±" */
    0x0, 0xba, 0x0, 0x3f, 0xf8, 0xff, 0xf0, 0xbf,
    0xfa, 0x73, 0x21, 0x6c, 0xc5, 0x99, 0xc0, 0x26,
    0x62, 0x0, 0xfc, 0x24, 0x40, 0x12, 0x20, 0x7e,
    0xe8, 0x5b, 0x74, 0xe0,

    /* U+00B2 "²" */
    0x9, 0xfe, 0x50, 0x75, 0xea, 0xa1, 0x2e, 0x8a,
    0x0, 0x90, 0x85, 0xb1, 0x81, 0x69, 0x48, 0x1e,
    0x5c, 0x80, 0x2c, 0x67, 0xfc, 0xa0,

    /* U+00B3 "³" */
    0x6f, 0xfc, 0x4d, 0xfc, 0xaa, 0x20, 0x6, 0x8d,
    0x80, 0x52, 0x38, 0x26, 0x2b, 0x40, 0x95, 0x41,
    0x32, 0x68, 0x1e, 0xd9, 0x30,

    /* U+00B4 "´" */
    0x0, 0x33, 0x1, 0x24, 0x82, 0x9d, 0x0,

    /* U+00B5 "µ" */
    0x8e, 0x0, 0x97, 0xc4, 0x3, 0xff, 0xba, 0x20,
    0x11, 0x0, 0x43, 0x24, 0x94, 0x1, 0x87, 0x66,
    0x80, 0x34, 0x7e, 0xbf, 0x88, 0x7, 0xff, 0x10,

    /* U+00B6 "¶" */
    0x9, 0xef, 0x53, 0xf1, 0xa6, 0x10, 0xe, 0x40,
    0xf, 0x84, 0x3, 0xe2, 0x0, 0xfa, 0x80, 0x3e,
    0x7a, 0x50, 0xf, 0x2d, 0x8, 0x7, 0xff, 0xc0,

    /* U+00B7 "·" */
    0x8, 0x50, 0x77, 0x50, 0x20, 0x98, 0x0,

    /* U+00B8 "¸" */
    0x7, 0x0, 0x2d, 0x20, 0x2f, 0xdb, 0xd6, 0x1a,
    0x80,

    /* U+00B9 "¹" */
    0x8, 0xfd, 0x0, 0x41, 0x48, 0x5, 0x14, 0x40,
    0x1f, 0xfc, 0x51, 0x0, 0xa7, 0xe8, 0xbe, 0xc0,

    /* U+00BA "º" */
    0x5, 0xa9, 0x10, 0x8a, 0xd9, 0x1, 0x6, 0x20,
    0x10, 0x62, 0x8, 0xae, 0x90,

    /* U+00BB "»" */
    0x1b, 0x50, 0x3b, 0x30, 0x8, 0x76, 0x8c, 0xc3,
    0xa2, 0x1, 0x33, 0x34, 0x68, 0xb4, 0x3, 0x49,
    0x68, 0x71, 0x48, 0x6, 0x52, 0x12, 0x35, 0x0,
    0x99, 0x94, 0x34, 0x7a, 0x0, 0x39, 0x84, 0x65,
    0xa1, 0x1, 0xd5, 0x73, 0x98, 0x40, 0x0,

    /* U+00BC "¼" */
    0x2, 0x82, 0x0, 0xce, 0x43, 0xe8, 0xe0, 0x14,
    0x59, 0x7, 0xb0, 0x4, 0x6f, 0xc0, 0x24, 0x1,
    0xba, 0x48, 0x3, 0xd0, 0xcc, 0x0, 0x36, 0x3c,
    0x63, 0x50, 0x4, 0xd9, 0xba, 0x1a, 0x10, 0xf,
    0x4a, 0x21, 0xe4, 0x3, 0x2a, 0x4a, 0x5d, 0x8c,
    0x0, 0x57, 0xc1, 0x5c, 0xf2, 0x0, 0xe9, 0x31,
    0xf, 0x80, 0x4, 0x3, 0x80, 0xf6, 0xc0, 0x0,

    /* U+00BD "½" */
    0x4, 0x93, 0x0, 0x86, 0x48, 0x9c, 0x6c, 0x1,
    0x51, 0x15, 0x40, 0x1a, 0x16, 0x80, 0x3c, 0xaf,
    0x62, 0xd, 0x8f, 0x1b, 0x4a, 0xa0, 0x3, 0x66,
    0xe8, 0x4a, 0x80, 0x3c, 0xe7, 0x59, 0x84, 0x0,
    0x8a, 0x1e, 0xbb, 0x94, 0x1, 0x49, 0xc6, 0x11,
    0x80, 0x4c, 0x9c, 0x2, 0x5b, 0x0, 0x31, 0x24,
    0xf, 0xde, 0xc1, 0x8, 0xc0, 0xa, 0xf, 0xc1,

    /* U+00BE "¾" */
    0x2c, 0xc6, 0x98, 0x0, 0xb4, 0xcb, 0x2d, 0xc,
    0x1, 0xc8, 0x60, 0x8, 0x30, 0x3, 0x8c, 0x80,
    0x87, 0x83, 0x14, 0x70, 0x1, 0xa4, 0x2, 0xe7,
    0x30, 0x3, 0x9e, 0x1f, 0xc, 0x0, 0x6a, 0xca,
    0x7e, 0x0, 0xfb, 0xa0, 0xe2, 0x40, 0x34, 0xb,
    0xa2, 0x2c, 0xc0, 0x6, 0xfc, 0x15, 0xcf, 0x20,
    0xe, 0x82, 0x10, 0xf8, 0x0, 0x48, 0xb8, 0xf,
    0x6c, 0x0, 0x0,

    /* U+00BF "¿" */
    0x0, 0x9b, 0xe4, 0x3, 0x18, 0x88, 0x3, 0x2f,
    0x40, 0x6, 0x18, 0x20, 0xc, 0x6e, 0xc0, 0x14,
    0xe0, 0x6, 0xa6, 0x8c, 0x40, 0x2, 0xc3, 0x18,
    0x0, 0x80, 0x80, 0x31, 0x6, 0x0, 0x73, 0xb4,
    0xb2, 0x90, 0x44, 0x12, 0x6a, 0x80,

    /* U+00C0 "À" */
    0x0, 0x1c, 0x8, 0x7, 0x8d, 0x28, 0x3, 0xee,
    0x47, 0x0, 0xf1, 0x7b, 0x80, 0x79, 0x3f, 0x80,
    0x3d, 0x82, 0x22, 0x0, 0xe4, 0x70, 0x40, 0xe,
    0x3c, 0x3c, 0x0, 0xc8, 0x8, 0x90, 0x6, 0xc1,
    0x16, 0x9, 0x0, 0x48, 0x80, 0x50, 0x40, 0x0,
    0x9e, 0x80, 0x96, 0x0, 0x10, 0x23, 0xfc, 0x48,
    0x0, 0xc0, 0xcc, 0xa0, 0x48, 0x11, 0x4c, 0xe6,
    0x4, 0x12, 0xc0, 0x8, 0x4f, 0x0,

    /* U+00C1 "Á" */
    0x0, 0xe4, 0x70, 0xf, 0x15, 0x88, 0x7, 0xb9,
    0x18, 0x3, 0xd9, 0x60, 0x1e, 0x4f, 0xe0, 0xf,
    0x60, 0x88, 0x80, 0x39, 0x1c, 0x10, 0x3, 0x8f,
    0xf, 0x0, 0x32, 0x2, 0x24, 0x1, 0xb0, 0x45,
    0x82, 0x40, 0x12, 0x20, 0x14, 0x10, 0x0, 0x27,
    0xa0, 0x25, 0x80, 0x4, 0x8, 0xff, 0x12, 0x0,
    0x30, 0x33, 0x28, 0x12, 0x4, 0x53, 0x39, 0x81,
    0x4, 0xb0, 0x2, 0x13, 0xc0,

    /* U+00C2 "Â" */
    0x0, 0xce, 0xa0, 0x1e, 0xba, 0xa2, 0x80, 0x6a,
    0x6c, 0xaa, 0x20, 0x5, 0x5a, 0x2b, 0xe8, 0x1,
    0x93, 0xf8, 0x3, 0xd8, 0x22, 0x20, 0xe, 0x47,
    0x4, 0x0, 0xe3, 0xc3, 0xc0, 0xc, 0x80, 0x89,
    0x0, 0x6c, 0x11, 0x60, 0x90, 0x4, 0x88, 0x5,
    0x4, 0x0, 0x9, 0xe8, 0x9, 0x60, 0x1, 0x2,
    0x3f, 0xc4, 0x80, 0xc, 0xc, 0xca, 0x4, 0x81,
    0x14, 0xce, 0x60, 0x41, 0x2c, 0x0, 0x84, 0xf0,

    /* U+00C3 "Ã" */
    0x0, 0x2f, 0x59, 0x5a, 0x80, 0x5d, 0x7b, 0x8c,
    0x80, 0x15, 0xab, 0x76, 0x88, 0x6, 0x4f, 0xe0,
    0xf, 0x60, 0x88, 0x80, 0x39, 0x1c, 0x10, 0x3,
    0x8f, 0xf, 0x0, 0x32, 0x2, 0x24, 0x1, 0xb0,
    0x45, 0x82, 0x40, 0x12, 0x20, 0x14, 0x10, 0x0,
    0x27, 0xa0, 0x25, 0x80, 0x4, 0x8, 0xff, 0x12,
    0x0, 0x30, 0x33, 0x28, 0x12, 0x4, 0x53, 0x39,
    0x81, 0x4, 0xb0, 0x2, 0x13, 0xc0,

    /* U+00C4 "Ä" */
    0x0, 0xff, 0xb7, 0x40, 0x9e, 0xc0, 0x10, 0x80,
    0x7e, 0xcd, 0x4, 0xf6, 0x0, 0xc9, 0xfc, 0x1,
    0xec, 0x11, 0x10, 0x7, 0x23, 0x82, 0x0, 0x71,
    0xe1, 0xe0, 0x6, 0x40, 0x44, 0x80, 0x36, 0x8,
    0xb0, 0x48, 0x2, 0x44, 0x2, 0x82, 0x0, 0x4,
    0xf4, 0x4, 0xb0, 0x0, 0x81, 0x1f, 0xe2, 0x40,
    0x6, 0x6, 0x65, 0x2, 0x40, 0x8a, 0x67, 0x30,
    0x20, 0x96, 0x0, 0x42, 0x78,

    /* U+00C5 "Å" */
    0x0, 0x9b, 0x2c, 0x80, 0x3a, 0x33, 0x6c, 0x3,
    0xff, 0x85, 0x1b, 0x56, 0x1, 0xc4, 0x58, 0x3,
    0xb0, 0x44, 0x40, 0x1c, 0x8e, 0x8, 0x1, 0xc7,
    0x87, 0x80, 0x19, 0x1, 0x12, 0x0, 0xd8, 0x22,
    0xc1, 0x20, 0x9, 0x10, 0xa, 0x8, 0x0, 0x13,
    0xd0, 0x12, 0xc0, 0x2, 0x4, 0x7f, 0x89, 0x0,
    0x18, 0x19, 0x94, 0x9, 0x2, 0x29, 0x9c, 0xc0,
    0x82, 0x58, 0x1, 0x9, 0xe0,

    /* U+00C6 "Æ" */
    0x0, 0x27, 0xff, 0x88, 0x0, 0x63, 0x21, 0x15,
    0x42, 0x0, 0x62, 0xa0, 0x22, 0xa8, 0x2, 0x52,
    0x0, 0xf8, 0x45, 0xe0, 0x7, 0x10, 0x9, 0x41,
    0x40, 0x17, 0xd6, 0x0, 0x30, 0x30, 0x4, 0xdc,
    0x80, 0x34, 0x40, 0x25, 0x42, 0x0, 0x38, 0xfe,
    0x80, 0x78, 0x9b, 0x28, 0x3, 0x8c, 0x34, 0xdc,
    0x11, 0x54, 0xa, 0x8, 0x1, 0x45, 0x50, 0x80,

    /* U+00C7 "Ç" */
    0x2, 0xbe, 0xe5, 0x8, 0xe, 0x34, 0x41, 0x34,
    0x1c, 0x71, 0x99, 0x46, 0x6e, 0x11, 0x0, 0x12,
    0x88, 0x3, 0xca, 0x20, 0x1f, 0xfd, 0x25, 0x1e,
    0x11, 0x0, 0x12, 0x89, 0xc3, 0x55, 0xa8, 0xcc,
    0x38, 0xf5, 0x9, 0xa0, 0x3, 0x81, 0x8a, 0x10,
    0x8, 0xfe, 0x20, 0x1, 0xa7, 0xce, 0xc0, 0x0,

    /* U+00C8 "È" */
    0x1, 0x82, 0x0, 0xe1, 0x2f, 0x0, 0xf5, 0x4,
    0x80, 0x7b, 0x64, 0x2, 0x6f, 0xff, 0x28, 0x2,
    0xab, 0x90, 0x0, 0xab, 0xc2, 0x1, 0xfe, 0x10,
    0xf, 0xbb, 0xfe, 0xc0, 0xa, 0xf3, 0x2e, 0x0,
    0x90, 0xce, 0x20, 0xf, 0xfe, 0x3a, 0xaf, 0x8,
    0x2, 0xab, 0x90,

    /* U+00C9 "É" */
    0x0, 0xc6, 0xe0, 0x1e, 0xde, 0x0, 0xea, 0x39,
    0x0, 0xea, 0xd0, 0x9, 0xbf, 0xfc, 0xa0, 0xa,
    0xae, 0x40, 0x2, 0xaf, 0x8, 0x7, 0xf8, 0x40,
    0x3e, 0xef, 0xfb, 0x0, 0x2b, 0xcc, 0xb8, 0x2,
    0x43, 0x38, 0x80, 0x3f, 0xf8, 0xea, 0xbc, 0x20,
    0xa, 0xae, 0x40,

    /* U+00CA "Ê" */
    0x0, 0x9d, 0x80, 0x3a, 0x66, 0x80, 0x9, 0xdb,
    0x71, 0xd8, 0x0, 0xfe, 0x66, 0xf6, 0x6, 0xff,
    0xf2, 0x80, 0x2a, 0xb9, 0x0, 0xa, 0xbc, 0x20,
    0x1f, 0xe1, 0x0, 0xfb, 0xbf, 0xec, 0x0, 0xaf,
    0x32, 0xe0, 0x9, 0xc, 0xe2, 0x0, 0xff, 0xe3,
    0xaa, 0xf0, 0x80, 0x2a, 0xb9, 0x0,

    /* U+00CB "Ë" */
    0x0, 0xfe, 0xaf, 0x12, 0xf9, 0x0, 0x84, 0x0,
    0x22, 0x0, 0x57, 0x9, 0x74, 0x3, 0x7f, 0xf9,
    0x40, 0x15, 0x5c, 0x80, 0x5, 0x5e, 0x10, 0xf,
    0xf0, 0x80, 0x7d, 0xdf, 0xf6, 0x0, 0x57, 0x99,
    0x70, 0x4, 0x86, 0x71, 0x0, 0x7f, 0xf1, 0xd5,
    0x78, 0x40, 0x15, 0x5c, 0x80,

    /* U+00CC "Ì" */
    0x3, 0x81, 0x0, 0xc6, 0x94, 0x1, 0xdc, 0x8e,
    0x1, 0x8b, 0xdc, 0x0, 0xbf, 0xfd, 0xc9, 0x54,
    0x5, 0xaa, 0xa, 0xa8, 0x9, 0x50, 0x3, 0xff,
    0xca, 0x2a, 0xa0, 0x25, 0x44, 0x55, 0x1, 0x6a,
    0x80,

    /* U+00CD "Í" */
    0x0, 0xc8, 0xe0, 0x18, 0xac, 0x40, 0x37, 0x23,
    0x0, 0x6c, 0xb0, 0x2, 0xff, 0xf7, 0x25, 0x50,
    0x16, 0xa8, 0x2a, 0xa0, 0x25, 0x40, 0xf, 0xff,
    0x28, 0xaa, 0x80, 0x95, 0x11, 0x54, 0x5, 0xaa,
    0x0,

    /* U+00CE "Î" */
    0x0, 0x9d, 0x40, 0x35, 0xd5, 0x14, 0x1, 0x4d,
    0x95, 0x44, 0xa, 0xd1, 0x5f, 0x45, 0xff, 0xee,
    0x4a, 0xa0, 0x2d, 0x50, 0x55, 0x40, 0x4a, 0x80,
    0x1f, 0xfe, 0x51, 0x55, 0x1, 0x2a, 0x22, 0xa8,
    0xb, 0x54,

    /* U+00CF "Ï" */
    0x0, 0xfd, 0xba, 0x4, 0xf6, 0x1, 0x0, 0xf6,
    0x68, 0x27, 0xb2, 0xff, 0xf7, 0x25, 0x50, 0x16,
    0xa8, 0x2a, 0xa0, 0x25, 0x40, 0xf, 0xff, 0x28,
    0xaa, 0x80, 0x95, 0x11, 0x54, 0x5, 0xaa, 0x0,

    /* U+00D0 "Ð" */
    0x8, 0xff, 0xb5, 0xc0, 0x30, 0xdd, 0x96, 0x24,
    0x3, 0x22, 0x21, 0xd8, 0x3, 0xec, 0x2, 0x0,
    0xfc, 0x3a, 0xe3, 0xf4, 0x1, 0xbd, 0x87, 0x2c,
    0x3, 0x10, 0x81, 0x88, 0x7, 0xff, 0x0, 0x40,
    0x3d, 0x80, 0x40, 0x12, 0x22, 0x1d, 0x80, 0x21,
    0xbb, 0x2c, 0x48, 0x0,

    /* U+00D1 "Ñ" */
    0x5, 0xeb, 0x2b, 0x50, 0x7, 0x5e, 0xe3, 0x20,
    0x2, 0xd5, 0xbb, 0x44, 0x27, 0xe0, 0x0, 0x7e,
    0x40, 0x5, 0x0, 0xf1, 0x91, 0x80, 0x79, 0x28,
    0x3, 0xdc, 0xe0, 0x1c, 0x2a, 0x28, 0x1, 0xe5,
    0xd0, 0xf, 0x7b, 0xb8, 0x3, 0x94, 0x4c, 0x3,
    0xcb, 0x60, 0x1e, 0xe3, 0x0, 0xf2, 0x8, 0x0,

    /* U+00D2 "Ò" */
    0x3, 0x81, 0x0, 0xe3, 0x4a, 0x0, 0xf7, 0x23,
    0x80, 0x71, 0x7b, 0x80, 0x63, 0xbf, 0xe9, 0x0,
    0xe, 0x3d, 0x4b, 0x50, 0x30, 0x62, 0xbc, 0xa8,
    0x71, 0x0, 0x44, 0x4, 0x1, 0xf0, 0x80, 0x7f,
    0xf4, 0xc7, 0x88, 0x2, 0x20, 0x26, 0xb, 0x57,
    0x85, 0x1, 0xc7, 0xa9, 0x7a, 0x0,

    /* U+00D3 "Ó" */
    0x0, 0xc8, 0xe0, 0x1c, 0x56, 0x20, 0x1d, 0xc8,
    0xc0, 0x1d, 0x96, 0x1, 0x8e, 0xff, 0xa4, 0x0,
    0x38, 0xf5, 0x2d, 0x40, 0xc1, 0x8a, 0xf2, 0xa1,
    0xc4, 0x1, 0x10, 0x10, 0x7, 0xc2, 0x1, 0xff,
    0xd3, 0x1e, 0x20, 0x8, 0x80, 0x98, 0x2d, 0x5e,
    0x14, 0x7, 0x1e, 0xa5, 0xe8, 0x0,

    /* U+00D4 "Ô" */
    0x0, 0x9d, 0x40, 0x3a, 0xea, 0x8a, 0x1, 0x53,
    0x65, 0x51, 0x0, 0x15, 0xa2, 0xbe, 0x80, 0x3,
    0xbf, 0xe9, 0x0, 0xe, 0x3d, 0x4b, 0x50, 0x30,
    0x62, 0xbc, 0xa8, 0x71, 0x0, 0x44, 0x4, 0x1,
    0xf0, 0x80, 0x7f, 0xf4, 0xc7, 0x88, 0x2, 0x20,
    0x26, 0xb, 0x57, 0x85, 0x1, 0xc7, 0xa9, 0x7a,
    0x0,

    /* U+00D5 "Õ" */
    0x5, 0xeb, 0x2b, 0x50, 0x7, 0x5e, 0xe3, 0x20,
    0x2, 0xd5, 0xbb, 0x44, 0x0, 0x77, 0xfd, 0x20,
    0x1, 0xc7, 0xa9, 0x6a, 0x6, 0xc, 0x57, 0x95,
    0xe, 0x20, 0x8, 0x80, 0x80, 0x3e, 0x10, 0xf,
    0xfe, 0x98, 0xf1, 0x0, 0x44, 0x4, 0xc1, 0x6a,
    0xf0, 0xa0, 0x38, 0xf5, 0x2f, 0x40,

    /* U+00D6 "Ö" */
    0x0, 0xfe, 0xdd, 0x2, 0x7b, 0x0, 0x4, 0x3,
    0xec, 0xd0, 0x4f, 0x60, 0x1, 0xdf, 0xf4, 0x80,
    0x7, 0x1e, 0xa5, 0xa8, 0x18, 0x31, 0x5e, 0x54,
    0x38, 0x80, 0x22, 0x2, 0x0, 0xf8, 0x40, 0x3f,
    0xfa, 0x63, 0xc4, 0x1, 0x10, 0x13, 0x5, 0xab,
    0xc2, 0x80, 0xe3, 0xd4, 0xbd, 0x0,

    /* U+00D7 "×" */
    0x2, 0x0, 0x84, 0x87, 0x58, 0x7, 0x60, 0x6e,
    0x5f, 0x5e, 0x81, 0x2a, 0x6, 0xc0, 0x29, 0x32,
    0x60, 0x6, 0x6, 0x5c, 0xb0, 0x26, 0x2, 0x59,
    0x80,

    /* U+00D8 "Ø" */
    0x0, 0x1e, 0x7f, 0x4d, 0x58, 0x0, 0x70, 0x2a,
    0x59, 0x64, 0x0, 0xc1, 0x8a, 0xe6, 0x6, 0x0,
    0xe2, 0x0, 0x29, 0x81, 0x80, 0x7a, 0xd4, 0x4,
    0x3, 0x9c, 0xf8, 0x3, 0xc3, 0x12, 0x1, 0xf5,
    0xa2, 0x0, 0x3c, 0x4b, 0x20, 0x10, 0x80, 0x38,
    0x18, 0x80, 0x80, 0x80, 0x4, 0xa, 0xa7, 0x85,
    0x0, 0xa1, 0x82, 0xa5, 0xe8, 0x0, 0x55, 0x39,
    0xfd, 0x20, 0x10,

    /* U+00D9 "Ù" */
    0x3, 0x81, 0x0, 0xe3, 0x4a, 0x0, 0xf7, 0x23,
    0x80, 0x71, 0x7b, 0x80, 0x53, 0xc0, 0x12, 0x79,
    0x0, 0x7f, 0xfb, 0x4, 0x3, 0xee, 0x11, 0x0,
    0xc, 0x9, 0xc2, 0x95, 0xa5, 0x40, 0x71, 0xea,
    0x1e, 0x80,

    /* U+00DA "Ú" */
    0x0, 0xc8, 0xe0, 0x1c, 0x56, 0x20, 0x1d, 0xc8,
    0xc0, 0x1d, 0x96, 0x1, 0x4f, 0x0, 0x49, 0xe4,
    0x1, 0xff, 0xec, 0x10, 0xf, 0xb8, 0x44, 0x0,
    0x30, 0x27, 0xa, 0x56, 0x95, 0x1, 0xc7, 0xa8,
    0x7a, 0x0,

    /* U+00DB "Û" */
    0x0, 0x9d, 0x40, 0x3a, 0xea, 0x8a, 0x1, 0x53,
    0x65, 0x51, 0x0, 0x15, 0xa2, 0xbe, 0x81, 0x3c,
    0x1, 0x27, 0x90, 0x7, 0xff, 0xb0, 0x40, 0x3e,
    0xe1, 0x10, 0x0, 0xc0, 0x9c, 0x29, 0x5a, 0x54,
    0x7, 0x1e, 0xa1, 0xe8, 0x0,

    /* U+00DC "Ü" */
    0x0, 0xfe, 0xdd, 0x2, 0x7b, 0x0, 0x4, 0x3,
    0xec, 0xd0, 0x4f, 0x60, 0x9e, 0x0, 0x93, 0xc8,
    0x3, 0xff, 0xd8, 0x20, 0x1f, 0x70, 0x88, 0x0,
    0x60, 0x4e, 0x14, 0xad, 0x2a, 0x3, 0x8f, 0x50,
    0xf4, 0x0,

    /* U+00DD "Ý" */
    0x0, 0xe4, 0x70, 0xf, 0x8a, 0xc4, 0x3, 0xee,
    0x46, 0x0, 0xfb, 0x2c, 0x3, 0x1f, 0xa8, 0x6,
    0xac, 0x3, 0x49, 0x0, 0x89, 0x64, 0x1, 0xe6,
    0x80, 0xb, 0x25, 0x0, 0x21, 0xf8, 0xb, 0x58,
    0x6, 0x94, 0x29, 0x16, 0x0, 0xca, 0x50, 0xd2,
    0x1, 0xeb, 0x51, 0x70, 0xf, 0x30, 0x30, 0x7,
    0xe1, 0x10, 0x7, 0xff, 0x58,

    /* U+00DE "Þ" */
    0x9e, 0x0, 0xff, 0xe5, 0x8f, 0xfd, 0xac, 0x0,
    0x1c, 0xc5, 0xa4, 0xa8, 0x0, 0xcc, 0x92, 0x5c,
    0x1, 0xe1, 0x0, 0xe1, 0x63, 0xc0, 0x1f, 0xf7,
    0x4b, 0x38, 0xe, 0x65, 0xf2, 0x1, 0x19, 0xc0,
    0x1f, 0xf0,

    /* U+00DF "ß" */
    0x2, 0xbf, 0xea, 0x10, 0x1c, 0x6a, 0x94, 0xd0,
    0x71, 0xc5, 0x78, 0x32, 0xe1, 0x10, 0x0, 0x80,
    0xc0, 0x31, 0x43, 0x8, 0x5, 0xda, 0x10, 0x1,
    0xb6, 0x87, 0x0, 0x31, 0xae, 0x13, 0x0, 0x70,
    0x8b, 0x80, 0x38, 0x87, 0x80, 0x24, 0x6c, 0x17,
    0x0, 0xaa, 0x57, 0x4,

    /* U+00E0 "à" */
    0x2, 0xf7, 0x0, 0xe2, 0x98, 0x30, 0xe, 0x69,
    0x60, 0xf, 0x32, 0x80, 0x64, 0xcf, 0xea, 0x10,
    0x3b, 0x5b, 0xb3, 0xe8, 0xc, 0xc9, 0x16, 0xc,
    0xb, 0xb9, 0xfe, 0xa0, 0x28, 0x7b, 0xdd, 0x48,
    0x1, 0x56, 0x22, 0x18, 0x7, 0xda, 0x0, 0x55,
    0x3a, 0x3a, 0x80, 0x21, 0xa6, 0xf6, 0x0, 0x0,

    /* U+00E1 "á" */
    0x0, 0xd7, 0xa0, 0x1c, 0xa9, 0xe0, 0x1c, 0x76,
    0x40, 0x1c, 0xc8, 0x1, 0x97, 0x7f, 0xa8, 0x41,
    0x29, 0x6e, 0xcf, 0xa0, 0x9d, 0x8, 0xb0, 0x60,
    0x9, 0xef, 0xf5, 0x1, 0x43, 0xde, 0xea, 0x40,
    0xa, 0xb1, 0x10, 0xc0, 0x3e, 0xd0, 0x2, 0xa9,
    0xd1, 0xd4, 0x1, 0xd, 0x37, 0xb0, 0x0,

    /* U+00E2 "â" */
    0x0, 0x27, 0xf0, 0x80, 0x45, 0x6e, 0xb8, 0x1,
    0x24, 0xc5, 0xd2, 0x0, 0x19, 0x80, 0x7, 0x40,
    0x2, 0xef, 0xf5, 0x8, 0x25, 0x2d, 0xd9, 0xf4,
    0x13, 0xa1, 0x16, 0xc, 0x1, 0x3d, 0xfe, 0xa0,
    0x28, 0x7b, 0xdd, 0x48, 0x1, 0x56, 0x22, 0x18,
    0x7, 0xda, 0x0, 0x55, 0x3a, 0x3a, 0x80, 0x21,
    0xa6, 0xf6, 0x0, 0x0,

    /* U+00E3 "ã" */
    0x4, 0xec, 0x2a, 0x60, 0x7, 0x44, 0xfb, 0xa0,
    0x2, 0x99, 0x77, 0x44, 0x1, 0xfe, 0x5d, 0xfe,
    0xa1, 0x4, 0xa5, 0xbb, 0x3e, 0x82, 0x74, 0x22,
    0xc1, 0x80, 0x27, 0xbf, 0xd4, 0x5, 0xf, 0x7b,
    0xa9, 0x0, 0x2a, 0xc4, 0x43, 0x0, 0xfb, 0x40,
    0xa, 0xa7, 0x47, 0x50, 0x4, 0x34, 0xde, 0xc0,
    0x0,

    /* U+00E4 "ä" */
    0xb, 0xd0, 0x3f, 0x70, 0x3, 0x98, 0x5, 0xe0,
    0xc, 0xe0, 0x3f, 0x80, 0xf, 0xf2, 0xef, 0xf5,
    0x8, 0x25, 0x2d, 0xd9, 0xf4, 0x13, 0xa1, 0x16,
    0xc, 0x1, 0x3d, 0xfe, 0xa0, 0x28, 0x7b, 0xdd,
    0x48, 0x1, 0x56, 0x22, 0x18, 0x7, 0xda, 0x0,
    0x55, 0x3a, 0x3a, 0x80, 0x21, 0xa6, 0xf6, 0x0,
    0x0,

    /* U+00E5 "å" */
    0x0, 0x2e, 0xe1, 0x0, 0x6b, 0xc9, 0x90, 0x7,
    0x84, 0x3, 0xaf, 0x22, 0x40, 0x32, 0xee, 0x10,
    0x4, 0xbb, 0xfd, 0x42, 0x9, 0x4b, 0x76, 0x7d,
    0x4, 0xe8, 0x45, 0x83, 0x0, 0x4f, 0x7f, 0xa8,
    0xa, 0x1e, 0xf7, 0x52, 0x0, 0x55, 0x88, 0x86,
    0x1, 0xf6, 0x80, 0x15, 0x4e, 0x8e, 0xa0, 0x8,
    0x69, 0xbd, 0x80, 0x0,

    /* U+00E6 "æ" */
    0x6, 0xee, 0x2c, 0xfe, 0x10, 0xc, 0xca, 0xec,
    0x96, 0xfc, 0x0, 0xa7, 0x53, 0x54, 0xe3, 0x1,
    0x50, 0x0, 0xf8, 0x8, 0x4, 0xfd, 0xe7, 0x1f,
    0x60, 0x4, 0x8b, 0xd2, 0x7d, 0xd8, 0xc, 0x54,
    0x87, 0xc8, 0xdc, 0xc, 0x59, 0x4a, 0xd2, 0xe0,
    0x11, 0xe2, 0xe9, 0x2d, 0xf8, 0x0,

    /* U+00E7 "ç" */
    0x3, 0xbe, 0xe5, 0x8, 0xe, 0x3d, 0xc3, 0xe0,
    0x30, 0x62, 0xb7, 0x12, 0x71, 0x0, 0x47, 0xe8,
    0x1, 0xff, 0xc4, 0xe2, 0x0, 0x8f, 0xd1, 0x83,
    0x15, 0xb8, 0x90, 0x71, 0xea, 0x1f, 0xc0, 0x7,
    0xe3, 0x74, 0x40, 0x12, 0x7d, 0xc0, 0x6, 0x9f,
    0x3b, 0x0, 0x0,

    /* U+00E8 "è" */
    0x3, 0xf6, 0x0, 0xe3, 0x89, 0x20, 0xe, 0x78,
    0x60, 0xf, 0x3a, 0x0, 0x63, 0xbf, 0xe9, 0x0,
    0x16, 0xe, 0x5b, 0xd0, 0x28, 0xd1, 0xad, 0xa8,
    0xe9, 0x0, 0x4e, 0x4, 0x7, 0xff, 0x68, 0x38,
    0x1e, 0xef, 0x26, 0x91, 0x63, 0x60, 0x51, 0xa4,
    0x5d, 0x90, 0x2c, 0x6b, 0xb3, 0x60, 0x0,

    /* U+00E9 "é" */
    0x0, 0xd9, 0x80, 0xe, 0x72, 0xd0, 0xf, 0x50,
    0x80, 0x73, 0xa0, 0x6, 0x3b, 0xfe, 0x90, 0x1,
    0x60, 0xe5, 0xbd, 0x2, 0x8d, 0x1a, 0xda, 0x8e,
    0x90, 0x4, 0xe0, 0x40, 0x7f, 0xf6, 0x83, 0x81,
    0xee, 0xf2, 0x69, 0x16, 0x36, 0x5, 0x1a, 0x45,
    0xd9, 0x2, 0xc6, 0xbb, 0x36, 0x0,

    /* U+00EA "ê" */
    0x0, 0x2f, 0xe8, 0x80, 0x47, 0x50, 0x3a, 0x1,
    0x2d, 0x3e, 0xd9, 0x80, 0x19, 0x40, 0x5c, 0xc0,
    0x7, 0x7f, 0xd2, 0x0, 0x2c, 0x1c, 0xb7, 0xa0,
    0x51, 0xa3, 0x5b, 0x51, 0xd2, 0x0, 0x9c, 0x8,
    0xf, 0xfe, 0xd0, 0x70, 0x3d, 0xde, 0x4d, 0x22,
    0xc6, 0xc0, 0xa3, 0x48, 0xbb, 0x20, 0x58, 0xd7,
    0x66, 0xc0,

    /* U+00EB "ë" */
    0xc, 0xd0, 0x4f, 0x60, 0x0, 0x80, 0x7d, 0xba,
    0x4, 0xf6, 0x0, 0xff, 0x1d, 0xff, 0x48, 0x0,
    0xb0, 0x72, 0xde, 0x81, 0x46, 0x8d, 0x6d, 0x47,
    0x48, 0x2, 0x70, 0x20, 0x3f, 0xfb, 0x41, 0xc0,
    0xf7, 0x79, 0x34, 0x8b, 0x1b, 0x2, 0x8d, 0x22,
    0xec, 0x81, 0x63, 0x5d, 0x9b, 0x0,

    /* U+00EC "ì" */
    0x0, 0x39, 0x80, 0x78, 0x70, 0xc0, 0x39, 0xa9,
    0x40, 0x3c, 0xac, 0x1, 0x2f, 0xfd, 0xc0, 0x12,
    0x55, 0x14, 0x3, 0xa, 0xa8, 0x80, 0x3f, 0xfb,
    0x6, 0xaa, 0x21, 0x55, 0x24, 0xd5, 0x14, 0x2a,
    0xa0,

    /* U+00ED "í" */
    0x0, 0xc6, 0xe2, 0x1, 0x8b, 0x40, 0x40, 0x33,
    0xc3, 0x80, 0x72, 0xb0, 0x4, 0xbf, 0xf7, 0x0,
    0x49, 0x54, 0x50, 0xc, 0x2a, 0xa2, 0x0, 0xff,
    0xec, 0x1a, 0xa8, 0x85, 0x54, 0x93, 0x54, 0x50,
    0xaa, 0x80,

    /* U+00EE "î" */
    0x0, 0x99, 0xc0, 0x3a, 0xee, 0xc1, 0x0, 0x26,
    0x6e, 0x5a, 0x0, 0x11, 0xc0, 0xe, 0xa0, 0xbf,
    0xf7, 0x0, 0x49, 0x54, 0x50, 0xc, 0x2a, 0xa2,
    0x0, 0xff, 0xec, 0x1a, 0xa8, 0x85, 0x54, 0x93,
    0x54, 0x50, 0xaa, 0x80,

    /* U+00EF "ï" */
    0x8, 0xe2, 0x1e, 0x90, 0x0, 0x88, 0x0, 0x26,
    0x0, 0x9f, 0x21, 0xfa, 0x0, 0xfe, 0x5f, 0xfb,
    0x80, 0x24, 0xaa, 0x28, 0x6, 0x15, 0x51, 0x0,
    0x7f, 0xf6, 0xd, 0x54, 0x42, 0xaa, 0x49, 0xaa,
    0x28, 0x55, 0x40,

    /* U+00F0 "ð" */
    0x0, 0xfe, 0x1e, 0xa2, 0xa5, 0x0, 0xc, 0xae,
    0x8b, 0x80, 0x2a, 0x4, 0x56, 0x40, 0x21, 0x9e,
    0x12, 0x0, 0x1a, 0x31, 0xa6, 0x40, 0x3, 0x6f,
    0xc1, 0xc0, 0x2c, 0xbd, 0xc8, 0x99, 0x71, 0xd2,
    0x2f, 0x2, 0x32, 0x80, 0x46, 0x2, 0xca, 0x1,
    0x18, 0x1f, 0x9d, 0xab, 0x69, 0xa2, 0x2d, 0xea,
    0x1f, 0x40,

    /* U+00F1 "ñ" */
    0x4, 0xec, 0x2a, 0x60, 0x7, 0x44, 0xfb, 0xa0,
    0x2, 0x99, 0x77, 0x44, 0x1, 0xfd, 0x1c, 0xbd,
    0xf6, 0x20, 0x1, 0xcc, 0x9b, 0x40, 0x29, 0x23,
    0xb3, 0x10, 0x10, 0x8, 0x80, 0xc0, 0x3f, 0xfb,
    0x80,

    /* U+00F2 "ò" */
    0x3, 0xf6, 0x0, 0xe3, 0x89, 0x20, 0xe, 0x78,
    0x60, 0xf, 0x3a, 0x0, 0x63, 0xcf, 0xe9, 0x0,
    0x16, 0x3d, 0x43, 0xd8, 0x50, 0xda, 0xb5, 0xa0,
    0x91, 0x0, 0x26, 0x2, 0x0, 0xf9, 0xc0, 0x3e,
    0x7d, 0x20, 0x9, 0x80, 0x94, 0x6d, 0x5a, 0xd4,
    0x4b, 0x1e, 0xa1, 0xe8, 0x0,

    /* U+00F3 "ó" */
    0x0, 0xd9, 0x80, 0xe, 0x72, 0xd0, 0xf, 0x50,
    0x80, 0x73, 0xa0, 0x6, 0x3c, 0xfe, 0x90, 0x1,
    0x63, 0xd4, 0x3d, 0x85, 0xd, 0xab, 0x5a, 0x9,
    0x10, 0x2, 0x60, 0x20, 0xf, 0x9c, 0x3, 0xe7,
    0xd2, 0x0, 0x98, 0x9, 0x46, 0xd5, 0xad, 0x44,
    0xb1, 0xea, 0x1e, 0x80,

    /* U+00F4 "ô" */
    0x0, 0x2f, 0xe8, 0x80, 0x47, 0x50, 0x3a, 0x1,
    0x2d, 0x3e, 0xd9, 0x80, 0x19, 0x40, 0x5c, 0xc0,
    0x7, 0x9f, 0xd2, 0x0, 0x2c, 0x7a, 0x87, 0xb0,
    0xa1, 0xb5, 0x6b, 0x41, 0x22, 0x0, 0x4c, 0x4,
    0x1, 0xf3, 0x80, 0x7c, 0xfa, 0x40, 0x13, 0x1,
    0x28, 0xda, 0xb5, 0xa8, 0x96, 0x3d, 0x43, 0xd0,
    0x0,

    /* U+00F5 "õ" */
    0x5, 0xfc, 0x2b, 0x50, 0x7, 0x54, 0xe3, 0x20,
    0x2, 0xd5, 0x5d, 0xa2, 0x1, 0xfe, 0x3c, 0xfe,
    0x90, 0x1, 0x63, 0xd4, 0x3d, 0x85, 0xd, 0xab,
    0x5a, 0x9, 0x10, 0x2, 0x60, 0x20, 0xf, 0x9c,
    0x3, 0xe7, 0xd2, 0x0, 0x98, 0x9, 0x46, 0xd5,
    0xad, 0x44, 0xb1, 0xea, 0x1e, 0x80,

    /* U+00F6 "ö" */
    0xc, 0xd0, 0x4f, 0x60, 0x0, 0x80, 0x7d, 0xba,
    0x4, 0xf6, 0x0, 0xff, 0x1e, 0x7f, 0x48, 0x0,
    0xb1, 0xea, 0x1e, 0xc2, 0x86, 0xd5, 0xad, 0x4,
    0x88, 0x1, 0x30, 0x10, 0x7, 0xce, 0x1, 0xf3,
    0xe9, 0x0, 0x4c, 0x4, 0xa3, 0x6a, 0xd6, 0xa2,
    0x58, 0xf5, 0xf, 0x40,

    /* U+00F7 "÷" */
    0x0, 0x27, 0x60, 0x6, 0x31, 0x30, 0xc, 0xf5,
    0x80, 0x1c, 0xa6, 0x0, 0x6f, 0xff, 0x3e, 0x67,
    0x84, 0xcc, 0xc0, 0x66, 0x0, 0x3d, 0x60, 0x6,
    0x31, 0x30, 0x0,

    /* U+00F8 "ø" */
    0x0, 0xf9, 0x18, 0x2, 0x3c, 0xfe, 0xab, 0x30,
    0x1, 0x63, 0xd4, 0x29, 0x28, 0x1, 0x46, 0xd7,
    0x80, 0x84, 0x1, 0xc4, 0x8, 0xf2, 0x6, 0x1,
    0x86, 0xa1, 0x0, 0x40, 0x35, 0x2b, 0x80, 0x4,
    0x1, 0xc6, 0xb4, 0xe, 0x4, 0x0, 0x30, 0x24,
    0x6b, 0x50, 0xa, 0x10, 0x2a, 0x1e, 0xc0, 0x4,
    0x95, 0x9f, 0xd2, 0x20, 0x0,

    /* U+00F9 "ù" */
    0x3, 0xf6, 0x0, 0xe3, 0x89, 0x20, 0xe, 0x78,
    0x60, 0xf, 0x3a, 0x0, 0x53, 0xc0, 0x12, 0x79,
    0x0, 0x7f, 0xf5, 0x4, 0x3, 0xee, 0x11, 0x0,
    0xc, 0x9, 0xc7, 0x55, 0xa1, 0x80, 0x75, 0xea,
    0x1e, 0x40,

    /* U+00FA "ú" */
    0x0, 0xd9, 0x80, 0xe, 0x72, 0xd0, 0xf, 0x50,
    0x80, 0x73, 0xa0, 0x5, 0x3c, 0x1, 0x27, 0x90,
    0x7, 0xff, 0x50, 0x40, 0x3e, 0xe1, 0x10, 0x0,
    0xc0, 0x9c, 0x75, 0x5a, 0x18, 0x7, 0x5e, 0xa1,
    0xe4, 0x0,

    /* U+00FB "û" */
    0x0, 0x2f, 0xe8, 0x80, 0x47, 0x50, 0x3a, 0x1,
    0x2d, 0x3e, 0xd9, 0x80, 0x19, 0x40, 0x5c, 0xc2,
    0x78, 0x2, 0x4f, 0x20, 0xf, 0xfe, 0xa0, 0x80,
    0x7d, 0xc2, 0x20, 0x1, 0x81, 0x38, 0xea, 0xb4,
    0x30, 0xe, 0xbd, 0x43, 0xc8, 0x0,

    /* U+00FC "ü" */
    0xc, 0xd0, 0x4f, 0x60, 0x0, 0x80, 0x7d, 0xba,
    0x4, 0xf6, 0x0, 0xfe, 0x9e, 0x0, 0x93, 0xc8,
    0x3, 0xff, 0xa8, 0x20, 0x1f, 0x70, 0x88, 0x0,
    0x60, 0x4e, 0x3a, 0xad, 0xc, 0x3, 0xaf, 0x50,
    0xf2, 0x0,

    /* U+00FD "ý" */
    0x0, 0xe5, 0x70, 0xf, 0x25, 0x18, 0x7, 0x8e,
    0xd0, 0x3, 0xce, 0x80, 0x1b, 0xa4, 0x3, 0x74,
    0x3, 0x30, 0x2, 0x41, 0xa0, 0xa0, 0x50, 0x7,
    0x11, 0x0, 0x8f, 0x80, 0xb, 0x40, 0x15, 0x20,
    0xa8, 0x30, 0x4, 0xc0, 0xde, 0x82, 0x1, 0x96,
    0x97, 0x80, 0x3a, 0x48, 0x14, 0x3, 0x8c, 0x14,
    0x3, 0xc6, 0x1c, 0x1, 0xea, 0x14, 0x0, 0xf3,
    0x30, 0x3, 0x0,

    /* U+00FE "þ" */
    0x9d, 0x0, 0xff, 0xe6, 0x37, 0x7d, 0x8, 0x0,
    0xf6, 0xa5, 0x28, 0x0, 0x36, 0x8d, 0x28, 0x0,
    0x20, 0x8, 0x80, 0x40, 0x3e, 0x30, 0xf, 0x8c,
    0x8, 0x2, 0x20, 0x10, 0x1b, 0x46, 0x94, 0x0,
    0x1e, 0xd4, 0xa5, 0x0, 0x4d, 0xdf, 0x42, 0x1,
    0xff, 0xc5,

    /* U+00FF "ÿ" */
    0x0, 0x66, 0x82, 0x7b, 0x0, 0x42, 0x1, 0xfb,
    0x74, 0x9, 0xec, 0x1, 0xff, 0x74, 0x80, 0x6e,
    0x80, 0x66, 0x0, 0x48, 0x34, 0x14, 0xa, 0x0,
    0xe2, 0x20, 0x11, 0xf0, 0x1, 0x68, 0x2, 0xa4,
    0x15, 0x6, 0x0, 0x98, 0x1b, 0xd0, 0x40, 0x32,
    0xd2, 0xf0, 0x7, 0x49, 0x2, 0x80, 0x71, 0x82,
    0x80, 0x78, 0xc3, 0x80, 0x3d, 0x42, 0x80, 0x1e,
    0x66, 0x0, 0x60,

    /* U+0100 "Ā" */
    0x0, 0x67, 0xfe, 0x50, 0xb, 0xb3, 0x32, 0x0,
    0x44, 0x67, 0x84, 0x3, 0x27, 0xf0, 0x7, 0xb0,
    0x44, 0x40, 0x1c, 0x8e, 0x8, 0x1, 0xc7, 0x87,
    0x80, 0x19, 0x1, 0x12, 0x0, 0xd8, 0x22, 0xc1,
    0x20, 0x9, 0x10, 0xa, 0x8, 0x0, 0x13, 0xd0,
    0x12, 0xc0, 0x2, 0x4, 0x7f, 0x89, 0x0, 0x18,
    0x19, 0x94, 0x9, 0x2, 0x29, 0x9c, 0xc0, 0x82,
    0x58, 0x1, 0x9, 0xe0,

    /* U+0101 "ā" */
    0xb, 0xff, 0xce, 0x0, 0x9c, 0xcc, 0xc0, 0x2,
    0x33, 0xc2, 0x0, 0x5d, 0xfe, 0xa1, 0x4, 0xa5,
    0xbb, 0x3e, 0x82, 0x74, 0x22, 0xc1, 0x80, 0x27,
    0xbf, 0xd4, 0x5, 0xf, 0x7b, 0xa9, 0x0, 0x2a,
    0xc4, 0x43, 0x0, 0xfb, 0x40, 0xa, 0xa7, 0x47,
    0x50, 0x4, 0x34, 0xde, 0xc0, 0x0,

    /* U+0102 "Ă" */
    0x0, 0x29, 0x80, 0x18, 0x80, 0x2d, 0x80, 0x39,
    0x0, 0xd0, 0x5d, 0xca, 0x20, 0xd, 0x3d, 0xaa,
    0x1, 0xc9, 0xfc, 0x1, 0xec, 0x11, 0x10, 0x7,
    0x23, 0x82, 0x0, 0x71, 0xe1, 0xe0, 0x6, 0x40,
    0x44, 0x80, 0x36, 0x8, 0xb0, 0x48, 0x2, 0x44,
    0x2, 0x82, 0x0, 0x4, 0xf4, 0x4, 0xb0, 0x0,
    0x81, 0x1f, 0xe2, 0x40, 0x6, 0x6, 0x65, 0x2,
    0x40, 0x8a, 0x67, 0x30, 0x20, 0x96, 0x0, 0x42,
    0x78,

    /* U+0103 "ă" */
    0x9, 0x80, 0x6, 0x28, 0x3, 0x14, 0x4c, 0xc8,
    0x0, 0x5a, 0xce, 0xb1, 0x0, 0x9f, 0x74, 0x80,
    0x13, 0x6f, 0xf5, 0x8, 0x2c, 0xd5, 0xd9, 0xf4,
    0x17, 0xdd, 0x16, 0xc, 0x1, 0x1d, 0xfe, 0xa0,
    0x28, 0x7b, 0xdd, 0x48, 0x1, 0x56, 0x22, 0x18,
    0x7, 0xda, 0x0, 0x55, 0x3a, 0x3a, 0x80, 0x21,
    0xa6, 0xf6, 0x0, 0x0,

    /* U+0104 "Ą" */
    0x0, 0x93, 0xf8, 0x3, 0xec, 0x21, 0x20, 0xf,
    0x25, 0xa, 0x0, 0x78, 0xd1, 0x18, 0x1, 0xc8,
    0x7, 0x88, 0x1, 0xd8, 0x80, 0xe2, 0x40, 0x19,
    0x30, 0x4, 0x90, 0x2, 0x13, 0x8f, 0xf1, 0x60,
    0x4, 0x81, 0x99, 0x42, 0x0, 0x58, 0x67, 0x94,
    0x48, 0x0, 0x8a, 0x1, 0x10, 0x20, 0x9, 0x60,
    0x6, 0x3c, 0x1, 0xf5, 0x0, 0x90, 0x6c, 0x3,
    0xe8, 0x71, 0x0, 0xfa, 0x53, 0xd4,

    /* U+0105 "ą" */
    0x5, 0xdf, 0xea, 0x10, 0x4a, 0x5b, 0xb3, 0xe8,
    0x27, 0x42, 0x2c, 0x18, 0x2, 0x7b, 0xfd, 0x40,
    0x50, 0xf7, 0xba, 0x90, 0x2, 0xac, 0x44, 0x30,
    0xf, 0xb4, 0x0, 0xaa, 0x74, 0x75, 0x0, 0x43,
    0x4d, 0xec, 0x1, 0x84, 0xf7, 0xd7, 0xb8, 0x80,
    0x62, 0x5c, 0x0, 0xe2, 0x5b, 0xf0,

    /* U+0106 "Ć" */
    0x0, 0xc8, 0xe0, 0x1c, 0x34, 0x1, 0xea, 0x27,
    0x0, 0xeb, 0xc0, 0xc, 0x57, 0xdc, 0xa1, 0x1,
    0xc6, 0x88, 0x26, 0x83, 0x8e, 0x33, 0x28, 0xcd,
    0xc2, 0x20, 0x2, 0x51, 0x0, 0x79, 0x44, 0x3,
    0xff, 0xa4, 0xa3, 0xc2, 0x20, 0x2, 0x51, 0x38,
    0xea, 0xb5, 0x19, 0x87, 0x1e, 0xe1, 0x34, 0x0,

    /* U+0107 "ć" */
    0x0, 0xd5, 0xa0, 0x1c, 0xaa, 0xe0, 0xe, 0x3a,
    0x30, 0xe, 0x65, 0x0, 0xc7, 0x7d, 0xca, 0x10,
    0x1c, 0x7b, 0x87, 0xc0, 0x60, 0xc5, 0x6e, 0x24,
    0xe2, 0x0, 0x8f, 0xd0, 0x3, 0xff, 0x89, 0xc4,
    0x1, 0x1f, 0xa3, 0x6, 0x2b, 0x71, 0x20, 0xe3,
    0xdc, 0x3f, 0x80,

    /* U+0108 "Ĉ" */
    0x0, 0x9d, 0x80, 0x3a, 0xa6, 0x4c, 0x1, 0x4a,
    0x65, 0xca, 0x80, 0x27, 0x89, 0x3d, 0x40, 0x5,
    0x7d, 0xca, 0x10, 0x1c, 0x68, 0x82, 0x68, 0x38,
    0xe3, 0x32, 0x8c, 0xdc, 0x22, 0x0, 0x25, 0x10,
    0x7, 0x94, 0x40, 0x3f, 0xfa, 0x4a, 0x3c, 0x22,
    0x0, 0x25, 0x13, 0x8e, 0xab, 0x51, 0x98, 0x71,
    0xee, 0x13, 0x40,

    /* U+0109 "ĉ" */
    0x0, 0x1f, 0xf1, 0x0, 0x45, 0xac, 0xbe, 0x20,
    0x7, 0x89, 0xba, 0x50, 0x2, 0xb0, 0x1, 0xd0,
    0x0, 0x77, 0xdc, 0xa1, 0x1, 0xc7, 0xb8, 0x7c,
    0x6, 0xc, 0x56, 0xe2, 0x4e, 0x20, 0x8, 0xfd,
    0x0, 0x3f, 0xf8, 0x9c, 0x40, 0x11, 0xfa, 0x30,
    0x62, 0xb7, 0x12, 0xe, 0x3d, 0xc3, 0xf8, 0x0,

    /* U+010A "Ċ" */
    0x0, 0xff, 0xf, 0xe8, 0x7, 0x84, 0x40, 0x1c,
    0x3d, 0x80, 0x18, 0xaf, 0xb9, 0x42, 0x3, 0x8d,
    0x10, 0x4d, 0x7, 0x1c, 0x66, 0x51, 0x9b, 0x84,
    0x40, 0x4, 0xa2, 0x0, 0xf2, 0x88, 0x7, 0xff,
    0x49, 0x47, 0x84, 0x40, 0x4, 0xa2, 0x71, 0xd5,
    0x6a, 0x33, 0xe, 0x3d, 0xc2, 0x68, 0x0,

    /* U+010B "ċ" */
    0x0, 0xf, 0x60, 0x7, 0xc2, 0x1, 0xc3, 0xda,
    0x1, 0xff, 0xc0, 0x3b, 0xee, 0x50, 0x80, 0xe3,
    0xdc, 0x3e, 0x3, 0x6, 0x2b, 0x71, 0x27, 0x10,
    0x4, 0x7e, 0x80, 0x1f, 0xfc, 0x4e, 0x20, 0x8,
    0xfd, 0x18, 0x31, 0x5b, 0x89, 0x7, 0x1e, 0xe1,
    0xfc, 0x0,

    /* U+010C "Č" */
    0x8, 0xa0, 0x2b, 0x50, 0x4, 0xbd, 0xe0, 0xa8,
    0x0, 0x70, 0x12, 0x80, 0x30, 0xdd, 0x0, 0x62,
    0xbe, 0xe5, 0x10, 0xe, 0x34, 0x41, 0xfc, 0x1c,
    0x71, 0x99, 0xc4, 0x9c, 0x22, 0x0, 0x1f, 0xa0,
    0x7, 0xff, 0x69, 0xcb, 0x84, 0x40, 0x4, 0x81,
    0x71, 0xd5, 0x6a, 0x33, 0xe, 0x3d, 0xc2, 0x68,
    0x0,

    /* U+010D "č" */
    0x6, 0x90, 0x1a, 0x50, 0x3, 0x2e, 0x60, 0x14,
    0x2, 0xc5, 0x55, 0x0, 0x74, 0xc0, 0x6, 0x3b,
    0xee, 0x50, 0x80, 0xe3, 0xdc, 0x3e, 0x3, 0x6,
    0x2b, 0x71, 0x27, 0x10, 0x4, 0x7e, 0x80, 0x1f,
    0xfc, 0x4e, 0x20, 0x8, 0xfd, 0x18, 0x31, 0x5b,
    0x89, 0x7, 0x1e, 0xe1, 0xfc, 0x0,

    /* U+010E "Ď" */
    0x6, 0x50, 0x17, 0x30, 0x2, 0xd3, 0xed, 0x98,
    0x0, 0xea, 0x7, 0x40, 0x32, 0xfe, 0x88, 0x2,
    0x3f, 0xed, 0x70, 0x8, 0x6e, 0xcb, 0x12, 0x1,
    0x22, 0x21, 0xd8, 0x3, 0xd8, 0x4, 0x1, 0xf0,
    0x80, 0x7f, 0xf4, 0xc4, 0x3, 0xb0, 0x8, 0x0,
    0x88, 0x87, 0x60, 0x0, 0xdd, 0x96, 0x24, 0x0,

    /* U+010F "ď" */
    0x0, 0xc7, 0xe9, 0x72, 0x1, 0xf3, 0xf0, 0x6,
    0x10, 0x8, 0xc6, 0xbf, 0x5c, 0x1, 0x89, 0xb,
    0x31, 0xc0, 0x19, 0xd9, 0x8b, 0xc0, 0x18, 0x78,
    0x0, 0xc0, 0x1f, 0xfc, 0xa1, 0xe0, 0x3, 0x0,
    0x67, 0x66, 0x2f, 0x0, 0x68, 0x49, 0x8e, 0x0,
    0xc0,

    /* U+0110 "Đ" */
    0x8, 0xff, 0xb5, 0xc0, 0x30, 0xdd, 0x96, 0x24,
    0x3, 0x22, 0x21, 0xd8, 0x3, 0xec, 0x2, 0x0,
    0xfc, 0x3a, 0xe3, 0xf4, 0x1, 0xbd, 0x87, 0x2c,
    0x3, 0x10, 0x81, 0x88, 0x7, 0xff, 0x0, 0x40,
    0x3d, 0x80, 0x40, 0x12, 0x22, 0x1d, 0x80, 0x21,
    0xbb, 0x2c, 0x48, 0x0,

    /* U+0111 "đ" */
    0x0, 0xe5, 0xf1, 0x0, 0xdf, 0xea, 0xe, 0x90,
    0xb, 0x31, 0x1, 0x70, 0x1, 0x19, 0x88, 0x14,
    0x41, 0x7b, 0xec, 0xc0, 0x22, 0xa4, 0xbd, 0xa0,
    0x9, 0x42, 0x91, 0xac, 0x2, 0xf1, 0x0, 0x88,
    0x3, 0xff, 0x81, 0xe2, 0x1, 0x68, 0x4, 0xa1,
    0x68, 0xca, 0x1, 0x15, 0x35, 0xed, 0x80, 0x40,

    /* U+0112 "Ē" */
    0x9, 0xff, 0xd0, 0x0, 0x8c, 0xcd, 0x20, 0x1,
    0x33, 0xc2, 0xd, 0xff, 0xe5, 0x0, 0x55, 0x72,
    0x0, 0x15, 0x78, 0x40, 0x3f, 0xc2, 0x1, 0xf7,
    0x7f, 0xd8, 0x1, 0x5e, 0x65, 0xc0, 0x12, 0x19,
    0xc4, 0x1, 0xff, 0xc7, 0x55, 0xe1, 0x0, 0x55,
    0x72, 0x0,

    /* U+0113 "ē" */
    0xc, 0xff, 0xca, 0x0, 0xec, 0xcc, 0x80, 0x2,
    0x33, 0xc2, 0x0, 0x3b, 0xfe, 0x90, 0x1, 0x60,
    0xe5, 0xbd, 0x2, 0x8d, 0x1a, 0xda, 0x8e, 0x90,
    0x4, 0xe0, 0x40, 0x7f, 0xf6, 0x83, 0x81, 0xee,
    0xf2, 0x69, 0x16, 0x36, 0x5, 0x1a, 0x45, 0xd9,
    0x2, 0xc6, 0xbb, 0x36, 0x0,

    /* U+0114 "Ĕ" */
    0x4, 0x40, 0x1, 0x4c, 0x0, 0x32, 0x22, 0xb7,
    0x0, 0x2a, 0xb3, 0x12, 0x80, 0x14, 0x6e, 0x9c,
    0x0, 0xdf, 0xfe, 0x50, 0x5, 0x57, 0x20, 0x1,
    0x57, 0x84, 0x3, 0xfc, 0x20, 0x1f, 0x77, 0xfd,
    0x80, 0x15, 0xe6, 0x5c, 0x1, 0x21, 0x9c, 0x40,
    0x1f, 0xfc, 0x75, 0x5e, 0x10, 0x5, 0x57, 0x20,

    /* U+0115 "ĕ" */
    0xb, 0x60, 0x6, 0xa0, 0x3, 0x68, 0x10, 0xd4,
    0x0, 0xc9, 0xd1, 0x42, 0x1, 0x47, 0x62, 0x0,
    0x47, 0x7f, 0xd2, 0x0, 0x2c, 0x1c, 0xb7, 0xa0,
    0x51, 0xa3, 0x5b, 0x51, 0xd2, 0x0, 0x9c, 0x8,
    0xf, 0xfe, 0xd0, 0x70, 0x3d, 0xde, 0x4d, 0x22,
    0xc6, 0xc0, 0xa3, 0x48, 0xbb, 0x20, 0x58, 0xd7,
    0x66, 0xc0,

    /* U+0116 "Ė" */
    0x0, 0xff, 0xf, 0x70, 0x3, 0x84, 0xcc, 0x1,
    0xed, 0xd0, 0x4, 0xdf, 0xfe, 0x50, 0x5, 0x57,
    0x20, 0x1, 0x57, 0x84, 0x3, 0xfc, 0x20, 0x1f,
    0x77, 0xfd, 0x80, 0x15, 0xe6, 0x5c, 0x1, 0x21,
    0x9c, 0x40, 0x1f, 0xfc, 0x75, 0x5e, 0x10, 0x5,
    0x57, 0x20,

    /* U+0117 "ė" */
    0x0, 0x17, 0x58, 0x7, 0x8, 0x9c, 0x3, 0x8f,
    0xf0, 0x3, 0xff, 0x80, 0x77, 0xfd, 0x20, 0x2,
    0xc1, 0xcb, 0x7a, 0x5, 0x1a, 0x35, 0xb5, 0x1d,
    0x20, 0x9, 0xc0, 0x80, 0xff, 0xed, 0x7, 0x3,
    0xdd, 0xe4, 0xd2, 0x2c, 0x6c, 0xa, 0x34, 0x8b,
    0xb2, 0x5, 0x8d, 0x76, 0x6c, 0x0,

    /* U+0118 "Ę" */
    0x6f, 0xff, 0x28, 0x2, 0xab, 0x90, 0x0, 0xab,
    0xc2, 0x1, 0xfe, 0x10, 0xf, 0xbb, 0xfe, 0xc0,
    0xa, 0xf3, 0x2e, 0x0, 0x90, 0xce, 0x20, 0xf,
    0xfe, 0x3a, 0xaf, 0x8, 0x2, 0xab, 0x91, 0xbf,
    0xeb, 0x2d, 0x50, 0xd, 0xec, 0x40, 0x1d, 0xcb,
    0xec,

    /* U+0119 "ę" */
    0x3, 0xbf, 0xe8, 0x0, 0xe, 0x5, 0xd9, 0xa4,
    0x18, 0x2d, 0x16, 0x18, 0x38, 0x80, 0x25, 0x2,
    0x2, 0xff, 0xb0, 0x4, 0xb, 0x77, 0x8f, 0x8c,
    0x8a, 0x36, 0x6, 0x1a, 0x44, 0x6c, 0x80, 0xe3,
    0x5d, 0x83, 0x0, 0x7, 0x90, 0x98, 0x20, 0x1a,
    0x4c, 0x3, 0xd2, 0xde, 0x60,

    /* U+011A "Ě" */
    0x5, 0x60, 0x3, 0xa8, 0x1, 0xe2, 0x6a, 0x88,
    0x0, 0x2d, 0x64, 0xf1, 0x0, 0x8f, 0xf8, 0x80,
    0xd, 0xff, 0xe5, 0x0, 0x55, 0x72, 0x0, 0x15,
    0x78, 0x40, 0x3f, 0xc2, 0x1, 0xf7, 0x7f, 0xd8,
    0x1, 0x5e, 0x65, 0xc0, 0x12, 0x19, 0xc4, 0x1,
    0xff, 0xc7, 0x55, 0xe1, 0x0, 0x55, 0x72, 0x0,

    /* U+011B "ě" */
    0xa, 0xd1, 0x6f, 0x40, 0x5, 0x36, 0x4d, 0x20,
    0x5, 0x75, 0x45, 0x0, 0xe7, 0x50, 0xc, 0x77,
    0xfd, 0x20, 0x2, 0xc1, 0xcb, 0x7a, 0x5, 0x1a,
    0x35, 0xb5, 0x1d, 0x20, 0x9, 0xc0, 0x80, 0xff,
    0xed, 0x7, 0x3, 0xdd, 0xe4, 0xd2, 0x2c, 0x6c,
    0xa, 0x34, 0x8b, 0xb2, 0x5, 0x8d, 0x76, 0x6c,
    0x0,

    /* U+011C "Ĝ" */
    0x0, 0x9d, 0x40, 0x3a, 0xea, 0x8a, 0x1, 0x53,
    0x65, 0x51, 0x0, 0x15, 0xa2, 0xbe, 0x80, 0x3,
    0xbf, 0xe9, 0x10, 0x1c, 0x7a, 0x97, 0xa0, 0x60,
    0xc5, 0x7b, 0x42, 0xe2, 0x0, 0x92, 0xc, 0x3,
    0x85, 0xc4, 0x3, 0x8, 0xc0, 0x1a, 0x3b, 0xa4,
    0x0, 0xaa, 0xe8, 0x3, 0x89, 0x1c, 0x1, 0xc4,
    0x1, 0x38, 0x33, 0x3, 0x15, 0xac, 0xc8, 0x71,
    0xea, 0x13, 0x40,

    /* U+011D "ĝ" */
    0x0, 0xb, 0xa8, 0x6, 0x2f, 0xdb, 0x80, 0x9,
    0x22, 0xbf, 0xc4, 0x0, 0x66, 0x0, 0xb9, 0x0,
    0x17, 0x7e, 0xdb, 0xc4, 0xe9, 0xaf, 0x6c, 0x0,
    0x81, 0x68, 0xd4, 0x0, 0xe2, 0x0, 0x88, 0x3,
    0xfc, 0x26, 0x1, 0x18, 0x3, 0x5, 0xc0, 0xa8,
    0x0, 0x8f, 0x1f, 0x88, 0x1, 0x47, 0xef, 0x68,
    0x7, 0x10, 0x18, 0x8, 0x12, 0xa9, 0xa1, 0x0,
    0x9, 0x54, 0x84, 0xa0,

    /* U+011E "Ğ" */
    0x8, 0x50, 0x4, 0x98, 0x3, 0xe4, 0xd, 0x88,
    0x0, 0xeb, 0xdc, 0xb1, 0x0, 0xa7, 0xb5, 0x0,
    0x23, 0xbf, 0xea, 0x10, 0x1c, 0x7a, 0x87, 0xc0,
    0x60, 0xc5, 0x69, 0x23, 0xe2, 0x0, 0x93, 0xcc,
    0x3, 0xff, 0x80, 0x23, 0x0, 0x68, 0xee, 0x90,
    0x2, 0xab, 0xa0, 0xe, 0x24, 0x70, 0x7, 0x10,
    0x4, 0xe0, 0xcc, 0xc, 0x56, 0xb3, 0x21, 0xc7,
    0xa8, 0x4d, 0x0,

    /* U+011F "ğ" */
    0x6, 0x20, 0x3, 0x10, 0x3, 0xe0, 0xe, 0x4c,
    0x1, 0x21, 0xdc, 0xa1, 0x0, 0xab, 0xb5, 0x40,
    0x25, 0xdf, 0xb6, 0xf1, 0x3a, 0x6b, 0xdb, 0x0,
    0x20, 0x5a, 0x35, 0x0, 0x38, 0x80, 0x22, 0x0,
    0xff, 0x9, 0x80, 0x46, 0x0, 0xc1, 0x70, 0x2a,
    0x0, 0x23, 0xc7, 0xe2, 0x0, 0x51, 0xfb, 0xda,
    0x1, 0xc4, 0x6, 0x2, 0x4, 0xaa, 0x68, 0x40,
    0x2, 0x55, 0x21, 0x28, 0x0,

    /* U+0120 "Ġ" */
    0x0, 0xff, 0x1f, 0xd8, 0x7, 0x8, 0x80, 0x3c,
    0x5d, 0x60, 0x18, 0xef, 0xfa, 0x44, 0x7, 0x1e,
    0xa5, 0xe8, 0x18, 0x31, 0x5e, 0xd0, 0xb8, 0x80,
    0x24, 0x83, 0x0, 0xe1, 0x71, 0x0, 0xc2, 0x30,
    0x6, 0x8e, 0xe9, 0x0, 0x2a, 0xba, 0x0, 0xe2,
    0x47, 0x0, 0x71, 0x0, 0x4e, 0xc, 0xc0, 0xc5,
    0x6b, 0x32, 0x1c, 0x7a, 0x84, 0xd0,

    /* U+0121 "ġ" */
    0x0, 0x1f, 0x50, 0x7, 0x84, 0x40, 0x1c, 0x7f,
    0x60, 0x1f, 0xfc, 0x5, 0xdf, 0xb6, 0xf1, 0x3a,
    0x6b, 0xdb, 0x0, 0x20, 0x5a, 0x35, 0x0, 0x38,
    0x80, 0x22, 0x0, 0xff, 0x9, 0x80, 0x46, 0x0,
    0xc1, 0x70, 0x2a, 0x0, 0x23, 0xc7, 0xe2, 0x0,
    0x51, 0xfb, 0xda, 0x1, 0xc4, 0x6, 0x2, 0x4,
    0xaa, 0x68, 0x40, 0x2, 0x55, 0x21, 0x28, 0x0,

    /* U+0122 "Ģ" */
    0x3, 0xbf, 0xe9, 0x10, 0x1c, 0x7a, 0x97, 0xa0,
    0x60, 0xc5, 0x7b, 0x42, 0xe2, 0x0, 0x92, 0xc,
    0x3, 0x85, 0xc4, 0x3, 0x8, 0xc0, 0x1a, 0x3b,
    0xa4, 0x0, 0xaa, 0xe8, 0x3, 0x89, 0x1c, 0x1,
    0xc4, 0x1, 0x38, 0x33, 0x3, 0x15, 0xac, 0xc8,
    0x71, 0xea, 0x13, 0x40, 0x7, 0x7f, 0xd4, 0x20,
    0x19, 0xa8, 0x3, 0x8e, 0x70, 0x3, 0x9a, 0x58,
    0x2,

    /* U+0123 "ģ" */
    0x0, 0xda, 0xc0, 0x1d, 0x4, 0xe0, 0x18, 0x9d,
    0x44, 0x3, 0x33, 0xc8, 0x7, 0x24, 0x18, 0x6,
    0x5d, 0xfb, 0x6f, 0x13, 0xa6, 0xbd, 0xb0, 0x2,
    0x5, 0xa3, 0x50, 0x3, 0x88, 0x2, 0x20, 0xf,
    0xf0, 0x98, 0x4, 0x60, 0xc, 0x17, 0x2, 0xa0,
    0x2, 0x3c, 0x7e, 0x20, 0x5, 0x1f, 0xbd, 0xa0,
    0x1c, 0x40, 0x60, 0x20, 0x4a, 0xa6, 0x84, 0x0,
    0x25, 0x52, 0x12, 0x80,

    /* U+0124 "Ĥ" */
    0x0, 0x9d, 0x40, 0x3a, 0xea, 0x8a, 0x1, 0x53,
    0x65, 0x51, 0x0, 0x15, 0xa2, 0xbe, 0x81, 0x1c,
    0x1, 0x2f, 0x88, 0x7, 0xff, 0x38, 0x46, 0x0,
    0xc3, 0xdd, 0x50, 0x6, 0xbb, 0xa0, 0x2, 0x14,
    0x48, 0x80, 0x3f, 0xfa, 0xc0,

    /* U+0125 "ĥ" */
    0x0, 0x33, 0x88, 0x7, 0xa6, 0x37, 0x4, 0x3,
    0x1f, 0x7d, 0x5b, 0x80, 0x63, 0x71, 0x6, 0x60,
    0x7, 0xa3, 0x80, 0x3f, 0xfa, 0x4b, 0xbf, 0x62,
    0x1, 0xdd, 0x34, 0xba, 0x1, 0x86, 0x91, 0x60,
    0xc4, 0x2, 0x11, 0x0, 0x8, 0xc, 0x3, 0xff,
    0xcc,

    /* U+0126 "Ħ" */
    0x8, 0xe0, 0x9, 0x7c, 0x40, 0x3f, 0xed, 0x71,
    0xff, 0xa8, 0x39, 0xfd, 0x83, 0x32, 0x80, 0xb6,
    0x21, 0x11, 0x16, 0x5, 0x10, 0x0, 0xf7, 0x54,
    0x1, 0xeb, 0xba, 0x0, 0x38, 0x51, 0x22, 0x0,
    0xff, 0xef, 0x80,

    /* U+0127 "ħ" */
    0x8, 0xe0, 0xf, 0xfe, 0x1f, 0xb8, 0xff, 0xa4,
    0x2, 0xc6, 0x1c, 0xc4, 0x0, 0x46, 0x20, 0xdb,
    0xd6, 0x40, 0x1b, 0xea, 0x8b, 0xc0, 0x10, 0xda,
    0x2c, 0x18, 0x80, 0x4, 0x40, 0x2, 0x3, 0x0,
    0xff, 0xec, 0x0,

    /* U+0128 "Ĩ" */
    0x5, 0xeb, 0x2b, 0x50, 0xeb, 0xdc, 0x64, 0xb,
    0x56, 0xed, 0x15, 0xff, 0xee, 0x4a, 0xa0, 0x2d,
    0x50, 0x55, 0x40, 0x4a, 0x80, 0x1f, 0xfe, 0x51,
    0x55, 0x1, 0x2a, 0x22, 0xa8, 0xb, 0x54,

    /* U+0129 "ĩ" */
    0x2, 0xed, 0x48, 0x90, 0x2, 0xb7, 0x43, 0x50,
    0x1, 0xe0, 0xf3, 0x8c, 0x3, 0xf9, 0x7f, 0xee,
    0x0, 0x92, 0xa8, 0xa0, 0x18, 0x55, 0x44, 0x1,
    0xff, 0xd8, 0x35, 0x51, 0xa, 0xa9, 0x26, 0xa8,
    0xa1, 0x55, 0x0,

    /* U+012A "Ī" */
    0xc, 0xff, 0xca, 0x1d, 0x99, 0x90, 0x8, 0xcf,
    0xa, 0xff, 0xf7, 0x25, 0x50, 0x16, 0xa8, 0x2a,
    0xa0, 0x25, 0x40, 0xf, 0xff, 0x28, 0xaa, 0x80,
    0x95, 0x11, 0x54, 0x5, 0xaa, 0x0,

    /* U+012B "ī" */
    0x8, 0xff, 0xd2, 0x0, 0x9c, 0xcd, 0x0, 0x1,
    0x33, 0xc2, 0xb, 0xff, 0x70, 0x4, 0x95, 0x45,
    0x0, 0xc2, 0xaa, 0x20, 0xf, 0xfe, 0xc1, 0xaa,
    0x88, 0x55, 0x49, 0x35, 0x45, 0xa, 0xa8,

    /* U+012C "Ĭ" */
    0x5, 0x30, 0x3, 0x10, 0x6c, 0x1, 0xc8, 0x2,
    0xb, 0xb9, 0x44, 0x0, 0x9e, 0xd5, 0x5, 0xff,
    0xee, 0x4a, 0xa0, 0x2d, 0x50, 0x55, 0x40, 0x4a,
    0x80, 0x1f, 0xfe, 0x51, 0x55, 0x1, 0x2a, 0x22,
    0xa8, 0xb, 0x54,

    /* U+012D "ĭ" */
    0x3, 0x50, 0x2, 0x20, 0x0, 0xf6, 0x22, 0x91,
    0x0, 0x24, 0xe6, 0x15, 0x40, 0x13, 0xee, 0xa0,
    0x0, 0xbf, 0xf7, 0x0, 0x49, 0x54, 0x50, 0xc,
    0x2a, 0xa2, 0x0, 0xff, 0xec, 0x1a, 0xa8, 0x85,
    0x54, 0x93, 0x54, 0x50, 0xaa, 0x80,

    /* U+012E "Į" */
    0x5f, 0xfe, 0xe4, 0xaa, 0x2, 0xd5, 0x5, 0x54,
    0x4, 0xa8, 0x1, 0xff, 0xe5, 0x15, 0x50, 0x12,
    0xa2, 0x2a, 0x80, 0xb5, 0x45, 0xf8, 0x4f, 0xf7,
    0x0, 0x23, 0x0, 0x39, 0xe3, 0xc8, 0x0,

    /* U+012F "į" */
    0x0, 0xb7, 0x40, 0x1e, 0x33, 0x8, 0x7, 0x77,
    0x4, 0x3, 0xfc, 0xbf, 0xf7, 0x0, 0x49, 0x54,
    0x50, 0xc, 0x2a, 0xa2, 0x0, 0xff, 0xec, 0x1a,
    0xa8, 0x85, 0x54, 0x93, 0x54, 0x50, 0xaa, 0xdf,
    0x65, 0xbf, 0xee, 0x0, 0x7b, 0x10, 0x7, 0x72,
    0xfb, 0x0, 0x0,

    /* U+0130 "İ" */
    0x0, 0xfe, 0x3f, 0xb0, 0xc, 0x22, 0x0, 0xe2,
    0xeb, 0x0, 0x2f, 0xff, 0x72, 0x55, 0x1, 0x6a,
    0x82, 0xaa, 0x2, 0x54, 0x0, 0xff, 0xf2, 0x8a,
    0xa8, 0x9, 0x51, 0x15, 0x40, 0x5a, 0xa0,

    /* U+0131 "ı" */
    0x5f, 0xfb, 0x80, 0x24, 0xaa, 0x28, 0x6, 0x15,
    0x51, 0x0, 0x7f, 0xf6, 0xd, 0x54, 0x42, 0xaa,
    0x49, 0xaa, 0x28, 0x55, 0x40,

    /* U+0132 "Ĳ" */
    0x5f, 0xfa, 0xc0, 0x7d, 0x55, 0xc0, 0xf6, 0x1,
    0xc2, 0x1c, 0x1, 0xff, 0xf9, 0x10, 0x10, 0xe,
    0x5e, 0x8, 0xb0, 0xc, 0xbf, 0xf5, 0x81, 0x80,
    0x80, 0x61, 0x15, 0x82, 0x80, 0x6c, 0xe6, 0x91,
    0x0, 0xd9, 0x8e, 0x60,

    /* U+0133 "ĳ" */
    0x9b, 0x0, 0x3e, 0x87, 0x10, 0x0, 0x58, 0x1e,
    0x40, 0xd, 0x61, 0x58, 0x0, 0x8e, 0x0, 0xff,
    0xf6, 0xd6, 0x0, 0x7f, 0x8c, 0x2, 0x33, 0x2b,
    0x0, 0x53, 0x81, 0x20,

    /* U+0134 "Ĵ" */
    0x0, 0xf2, 0xb8, 0x7, 0xe5, 0xaa, 0x58, 0x7,
    0x92, 0xa7, 0x1a, 0x80, 0x39, 0x3d, 0x87, 0x68,
    0x3, 0xe8, 0xe0, 0xf, 0xff, 0xf8, 0x7, 0x14,
    0x8, 0x7, 0xe3, 0x77, 0x0, 0x48, 0xa0, 0x10,
    0xac, 0x3a, 0xd1, 0xf8, 0x6, 0xa6, 0xaa, 0x35,
    0x20, 0x4,

    /* U+0135 "ĵ" */
    0x0, 0xcc, 0xe0, 0x1d, 0x57, 0x98, 0x10, 0x2,
    0x6e, 0xae, 0x90, 0x0, 0x8e, 0x0, 0x65, 0xaf,
    0xfe, 0x0, 0x4d, 0x54, 0xa0, 0x11, 0xaa, 0xda,
    0x1, 0xff, 0xe3, 0xf1, 0x0, 0xf1, 0x90, 0x0,
    0x95, 0x52, 0x92, 0x0, 0xba, 0xa2, 0x4a, 0x80,
    0x0,

    /* U+0136 "Ķ" */
    0x8e, 0x0, 0x87, 0xe0, 0x3, 0xa4, 0x24, 0x3,
    0xb, 0xc0, 0x80, 0x68, 0x17, 0x0, 0xc4, 0xd2,
    0x1, 0xf, 0xe8, 0x38, 0x4, 0x39, 0x20, 0xa0,
    0x18, 0xd8, 0xe0, 0x3, 0xd2, 0x48, 0x1, 0xca,
    0x50, 0x1, 0xeb, 0x33, 0x0, 0x73, 0xc, 0x43,
    0x80, 0x37, 0x58, 0x4, 0x6c, 0x1, 0xc3, 0xbe,
    0x1, 0xd6, 0x72, 0x1, 0x0,

    /* U+0137 "ķ" */
    0x7f, 0x0, 0xff, 0xe7, 0x97, 0xb8, 0x7, 0x71,
    0x38, 0x6, 0x63, 0xe0, 0xc, 0x32, 0xc6, 0x1,
    0x7f, 0x4, 0x0, 0x6c, 0xb0, 0x80, 0xc, 0x69,
    0x2c, 0x80, 0x1c, 0xc9, 0x40, 0x1e, 0x91, 0x97,
    0xf0, 0x8, 0xbe, 0x40, 0x23, 0x60, 0xe, 0x1d,
    0xf0, 0xe, 0xb3, 0x90, 0x8,

    /* U+0138 "ĸ" */
    0x5f, 0x10, 0x0, 0xfc, 0x0, 0x7a, 0x86, 0x0,
    0x39, 0x52, 0x80, 0x31, 0x8d, 0xaa, 0x0, 0x6d,
    0xe1, 0x90, 0xe, 0xab, 0x19, 0x0, 0xe4, 0x45,
    0xaa, 0x80, 0x3c, 0xaa, 0xb1, 0x0, 0xf5, 0x85,
    0x0,

    /* U+0139 "Ĺ" */
    0x0, 0x23, 0x80, 0x71, 0x58, 0x80, 0x77, 0x23,
    0x0, 0x76, 0x58, 0x7, 0xba, 0x0, 0x3f, 0xff,
    0xe0, 0x18, 0x95, 0x71, 0x80, 0x16, 0xab, 0x78,

    /* U+013A "ĺ" */
    0x0, 0xc8, 0xe0, 0x1e, 0x2b, 0x0, 0xfa, 0x51,
    0xc0, 0x3d, 0x76, 0x0, 0xd1, 0xff, 0x80, 0x35,
    0x54, 0xa0, 0x1c, 0x4a, 0xad, 0x0, 0xff, 0xfd,
    0x98, 0x42, 0xa8, 0xc0, 0x24, 0x86, 0xaa, 0x78,

    /* U+013B "Ļ" */
    0xe8, 0x0, 0xff, 0xfc, 0x92, 0xae, 0x30, 0x5a,
    0xad, 0xfd, 0xff, 0xd8, 0x1, 0x2a, 0x0, 0x65,
    0xa0, 0xc, 0x36, 0xe8, 0x0,

    /* U+013C "ļ" */
    0x8f, 0xfc, 0x1, 0xaa, 0xa5, 0x0, 0xe2, 0x55,
    0x68, 0x7, 0xff, 0xec, 0xc2, 0x15, 0x46, 0x1,
    0x24, 0x35, 0x53, 0xc0, 0x33, 0xf7, 0xfb, 0x0,
    0x30, 0xb1, 0x0, 0x7a, 0xac, 0x80, 0x39, 0x53,
    0x80, 0x20,

    /* U+013D "Ľ" */
    0xe8, 0x4, 0xf0, 0xe, 0x11, 0x0, 0x71, 0xa8,
    0x7, 0x35, 0x80, 0x7f, 0xf8, 0x49, 0x57, 0x18,
    0x2d, 0x56, 0xf0,

    /* U+013E "ľ" */
    0x8f, 0xfc, 0x7, 0xe3, 0x55, 0x28, 0x1, 0x80,
    0x49, 0x55, 0xa0, 0x12, 0x0, 0x7c, 0xb6, 0x1,
    0xff, 0xee, 0x30, 0x85, 0x51, 0x80, 0x49, 0xd,
    0x54, 0xf0,

    /* U+013F "Ŀ" */
    0xe8, 0x0, 0xff, 0xec, 0xc7, 0xb0, 0x6, 0x50,
    0xd0, 0xd, 0xcd, 0x20, 0x18, 0xe4, 0x80, 0x3f,
    0x12, 0xae, 0x30, 0x5a, 0xad, 0xe0,

    /* U+0140 "ŀ" */
    0xdf, 0xfa, 0x80, 0x3d, 0x35, 0x42, 0x0, 0xf9,
    0x15, 0x42, 0x1, 0xff, 0xd8, 0x4e, 0xb0, 0xf,
    0xd8, 0x28, 0x1, 0xfa, 0x5e, 0x80, 0x3f, 0xc,
    0x28, 0x7, 0xff, 0xd, 0x54, 0xca, 0xa2, 0x0,
    0xe8, 0x59, 0xaa, 0x28, 0x0,

    /* U+0141 "Ł" */
    0x0, 0x74, 0x0, 0x7f, 0xf3, 0xc6, 0x8c, 0x3,
    0x8f, 0xc0, 0xc0, 0x30, 0xad, 0xd0, 0x4, 0x7a,
    0xc, 0xa0, 0x1a, 0x6c, 0x40, 0x3d, 0x4c, 0x1,
    0xff, 0xc7, 0x25, 0x5c, 0x60, 0x12, 0xd5, 0x6f,

    /* U+0142 "ł" */
    0x8f, 0xfc, 0x1, 0xaa, 0xa5, 0x0, 0xe2, 0x55,
    0x68, 0x7, 0xfd, 0x10, 0x0, 0xf6, 0x25, 0x0,
    0x6e, 0x4, 0xc2, 0x0, 0xd, 0xb0, 0x40, 0x6,
    0x72, 0x70, 0xf, 0x34, 0xf8, 0x7, 0xff, 0x14,
    0xc2, 0x15, 0x46, 0x1, 0x24, 0x35, 0x53, 0xc0,

    /* U+0143 "Ń" */
    0x0, 0xc8, 0xe0, 0x1c, 0x56, 0x20, 0x1d, 0xc8,
    0xc0, 0x1d, 0x96, 0x1, 0x4f, 0xc0, 0x0, 0xfc,
    0x80, 0xa, 0x1, 0xe3, 0x23, 0x0, 0xf2, 0x50,
    0x7, 0xb9, 0xc0, 0x38, 0x54, 0x50, 0x3, 0xcb,
    0xa0, 0x1e, 0xf7, 0x70, 0x7, 0x28, 0x98, 0x7,
    0x96, 0xc0, 0x3d, 0xc6, 0x1, 0xe4, 0x10, 0x0,

    /* U+0144 "ń" */
    0x0, 0xc8, 0xe0, 0x1c, 0x76, 0x40, 0x1c, 0xb4,
    0xa0, 0x1c, 0xca, 0x1, 0x47, 0x2f, 0x7d, 0x88,
    0x0, 0x73, 0x26, 0xd0, 0xa, 0x48, 0xec, 0xc4,
    0x4, 0x2, 0x20, 0x30, 0xf, 0xfe, 0xe0,

    /* U+0145 "Ņ" */
    0x9f, 0x80, 0x1, 0xf9, 0x0, 0x14, 0x3, 0xc6,
    0x46, 0x1, 0xe4, 0xa0, 0xf, 0x73, 0x80, 0x70,
    0xa8, 0xa0, 0x7, 0x97, 0x40, 0x3d, 0xee, 0xe0,
    0xe, 0x51, 0x30, 0xf, 0x2d, 0x80, 0x7b, 0x8c,
    0x3, 0xc8, 0x20, 0x9, 0xd0, 0xb, 0xbc, 0x80,
    0x23, 0x60, 0xe, 0x1d, 0xf0, 0xe, 0xb3, 0x90,
    0x8,

    /* U+0146 "ņ" */
    0x8e, 0x5e, 0xfb, 0x10, 0x0, 0xe6, 0x4d, 0xa0,
    0x14, 0x91, 0xd9, 0x88, 0x8, 0x4, 0x40, 0x60,
    0x1f, 0xfd, 0xc8, 0xe0, 0x9, 0x3c, 0x80, 0x23,
    0x60, 0xe, 0x1d, 0xf0, 0xe, 0xb3, 0x90, 0x8,

    /* U+0147 "Ň" */
    0x6, 0x50, 0x17, 0x30, 0x2, 0xd3, 0xed, 0x98,
    0x0, 0xea, 0x7, 0x40, 0x32, 0xfe, 0x88, 0x2,
    0x7e, 0x0, 0x7, 0xe4, 0x0, 0x50, 0xf, 0x19,
    0x18, 0x7, 0x92, 0x80, 0x3d, 0xce, 0x1, 0xc2,
    0xa2, 0x80, 0x1e, 0x5d, 0x0, 0xf7, 0xbb, 0x80,
    0x39, 0x44, 0xc0, 0x3c, 0xb6, 0x1, 0xee, 0x30,
    0xf, 0x20, 0x80, 0x0,

    /* U+0148 "ň" */
    0x6, 0x80, 0x19, 0x40, 0x3, 0xa6, 0x78, 0x20,
    0x0, 0x71, 0x22, 0x40, 0x3a, 0x18, 0x2, 0x8e,
    0x5e, 0xfb, 0x10, 0x0, 0xe6, 0x4d, 0xa0, 0x14,
    0x91, 0xd9, 0x88, 0x8, 0x4, 0x40, 0x60, 0x1f,
    0xfd, 0xc0,

    /* U+0149 "ŉ" */
    0x0, 0x33, 0x0, 0x3e, 0x69, 0x50, 0xf, 0x86,
    0xcc, 0x3, 0xe7, 0x40, 0xf, 0xe8, 0xe5, 0xef,
    0xb1, 0x0, 0xc3, 0x99, 0x36, 0x80, 0x74, 0x91,
    0xd9, 0x88, 0x4, 0x20, 0x11, 0x1, 0x80, 0x7f,
    0xf9, 0x80,

    /* U+014A "Ŋ" */
    0x9f, 0x80, 0x1, 0xf9, 0x0, 0x18, 0x3, 0xc6,
    0x2a, 0x1, 0xe6, 0xe0, 0xf, 0x52, 0x10, 0x6,
    0x13, 0x35, 0x0, 0x7a, 0x98, 0x3, 0xcc, 0x28,
    0x1, 0xe6, 0xa0, 0xf, 0x59, 0x0, 0x78, 0x8c,
    0x3, 0xea, 0x0, 0x4e, 0x80, 0x42, 0x4, 0x1,
    0x2b, 0xca, 0x80, 0x45, 0x52, 0xf4, 0x0,

    /* U+014B "ŋ" */
    0x8f, 0x5e, 0xfb, 0x10, 0xb, 0x32, 0x6a, 0x0,
    0xa0, 0x8e, 0xd0, 0x2, 0x10, 0x1, 0x80, 0x80,
    0x7c, 0x60, 0x1f, 0xfd, 0x33, 0x8f, 0x0, 0x88,
    0x4, 0x2, 0x57, 0x85, 0x0, 0x8a, 0xa5, 0xa8,
    0x0,

    /* U+014C "Ō" */
    0xc, 0xff, 0xca, 0x0, 0xec, 0xcc, 0x80, 0x2,
    0x33, 0xc2, 0x0, 0x3b, 0xfe, 0x90, 0x0, 0xe3,
    0xd4, 0xb5, 0x3, 0x6, 0x2b, 0xca, 0x87, 0x10,
    0x4, 0x40, 0x40, 0x1f, 0x8, 0x7, 0xff, 0x4c,
    0x78, 0x80, 0x22, 0x2, 0x60, 0xb5, 0x78, 0x50,
    0x1c, 0x7a, 0x97, 0xa0,

    /* U+014D "ō" */
    0xc, 0xff, 0xca, 0x0, 0xec, 0xcc, 0x80, 0x2,
    0x33, 0xc2, 0x0, 0x3c, 0xfe, 0x90, 0x1, 0x63,
    0xd4, 0x3d, 0x85, 0xd, 0xab, 0x5a, 0x9, 0x10,
    0x2, 0x60, 0x20, 0xf, 0x9c, 0x3, 0xe7, 0xd2,
    0x0, 0x98, 0x9, 0x46, 0xd5, 0xad, 0x44, 0xb1,
    0xea, 0x1e, 0x80,

    /* U+014E "Ŏ" */
    0x5, 0x30, 0x3, 0x10, 0x3, 0x60, 0xe, 0x40,
    0x28, 0x2e, 0xe5, 0x10, 0x5, 0x3d, 0xaa, 0x1,
    0x1d, 0xff, 0x48, 0x0, 0x71, 0xea, 0x5a, 0x81,
    0x83, 0x15, 0xe5, 0x43, 0x88, 0x2, 0x20, 0x20,
    0xf, 0x84, 0x3, 0xff, 0xa6, 0x3c, 0x40, 0x11,
    0x1, 0x30, 0x5a, 0xbc, 0x28, 0xe, 0x3d, 0x4b,
    0xd0, 0x0,

    /* U+014F "ŏ" */
    0xb, 0x60, 0x6, 0xa0, 0x3, 0x68, 0x10, 0xd4,
    0x0, 0xc9, 0xd1, 0x42, 0x1, 0x47, 0x62, 0x0,
    0x47, 0x9f, 0xd2, 0x0, 0x2c, 0x7a, 0x87, 0xb0,
    0xa1, 0xb5, 0x6b, 0x41, 0x22, 0x0, 0x4c, 0x4,
    0x1, 0xf3, 0x80, 0x7c, 0xfa, 0x40, 0x13, 0x1,
    0x28, 0xda, 0xb5, 0xa8, 0x96, 0x3d, 0x43, 0xd0,
    0x0,

    /* U+0150 "Ő" */
    0x0, 0x8c, 0x41, 0x4, 0x0, 0xfa, 0x13, 0x2,
    0x9, 0x1a, 0xee, 0xd0, 0x2, 0x79, 0xb7, 0x8,
    0x0, 0xef, 0xfa, 0x40, 0x3, 0x8f, 0x52, 0xd4,
    0xc, 0x18, 0xaf, 0x2a, 0x1c, 0x40, 0x11, 0x1,
    0x0, 0x7c, 0x20, 0x1f, 0xfd, 0x31, 0xe2, 0x0,
    0x88, 0x9, 0x82, 0xd5, 0xe1, 0x40, 0x71, 0xea,
    0x5e, 0x80,

    /* U+0151 "ő" */
    0x0, 0x27, 0x9b, 0x70, 0x81, 0x55, 0x2, 0x74,
    0x40, 0x1a, 0xa3, 0xa6, 0x0, 0x23, 0x2, 0x20,
    0x4, 0x79, 0xfd, 0x20, 0x2, 0xc7, 0xa8, 0x7b,
    0xa, 0x1b, 0x56, 0xb4, 0x12, 0x20, 0x4, 0xc0,
    0x40, 0x1f, 0x38, 0x7, 0xcf, 0xa4, 0x1, 0x30,
    0x12, 0x8d, 0xab, 0x5a, 0x89, 0x63, 0xd4, 0x3d,
    0x0,

    /* U+0152 "Œ" */
    0x5, 0xde, 0x5f, 0xfc, 0x63, 0x40, 0xd2, 0xb,
    0x10, 0x25, 0xe, 0x8e, 0xc, 0x77, 0x8, 0x80,
    0x80, 0x80, 0x3f, 0xf8, 0x2, 0x1, 0xfa, 0x7b,
    0x0, 0x3e, 0x7b, 0xf0, 0xf, 0xb9, 0xc, 0x3,
    0xfe, 0x10, 0x20, 0x20, 0xe, 0x50, 0xe8, 0xe0,
    0xc7, 0x70, 0x8a, 0x8d, 0xa4, 0x16, 0x20, 0x40,

    /* U+0153 "œ" */
    0x8, 0xee, 0x24, 0xfe, 0x98, 0x1b, 0xcc, 0x5a,
    0x58, 0xf0, 0x28, 0x3b, 0xa, 0xa4, 0x90, 0x8,
    0x80, 0x2f, 0x0, 0xfe, 0x8f, 0xa0, 0xf, 0x9b,
    0x76, 0x1, 0x10, 0x5, 0xc4, 0x50, 0x28, 0x3b,
    0xd, 0x26, 0x60, 0xd, 0xe6, 0x2d, 0x2c, 0x7c,
    0x0,

    /* U+0154 "Ŕ" */
    0x0, 0xc8, 0xe0, 0x1c, 0x56, 0x20, 0x1d, 0xc8,
    0xc0, 0x1d, 0x96, 0x1, 0x47, 0xfe, 0xb2, 0x0,
    0xd, 0xda, 0x5b, 0x0, 0x24, 0x43, 0x78, 0xb0,
    0x7, 0x10, 0x70, 0x7, 0x8, 0x78, 0x6, 0x2a,
    0x6, 0x1, 0xff, 0x6a, 0xd0, 0x80, 0xe5, 0x83,
    0x28, 0x4, 0x68, 0xee, 0x10, 0xe, 0x90, 0x90,
    0xe, 0x16, 0x60, 0x7, 0xa0, 0x5c,

    /* U+0155 "ŕ" */
    0x0, 0xc4, 0xe2, 0x1, 0x87, 0xfc, 0x20, 0x19,
    0x6e, 0x0, 0x39, 0x18, 0x2, 0x3f, 0x6c, 0xfd,
    0x50, 0xb, 0x7f, 0x52, 0x88, 0x1, 0xc6, 0x52,
    0x8, 0x0, 0x60, 0x8, 0xc0, 0x3e, 0xc6, 0x0,
    0xff, 0xea, 0x0,

    /* U+0156 "Ŗ" */
    0x8f, 0xfd, 0x64, 0x0, 0x1b, 0xb4, 0xb6, 0x0,
    0x48, 0x86, 0xf1, 0x60, 0xe, 0x20, 0xe0, 0xe,
    0x10, 0xf0, 0xc, 0x54, 0xc, 0x3, 0xfe, 0xd5,
    0xa1, 0x1, 0xcb, 0x6, 0x50, 0x8, 0xd1, 0xdc,
    0x20, 0x1d, 0x21, 0x20, 0x1c, 0x2c, 0xc0, 0xf,
    0x40, 0xbc, 0x70, 0x4, 0x3e, 0xe0, 0x11, 0xb0,
    0x7, 0xe, 0xf8, 0x7, 0x59, 0xc8, 0x4,

    /* U+0157 "ŗ" */
    0x3, 0xf6, 0xcf, 0xd5, 0x0, 0xdb, 0xfa, 0x94,
    0x40, 0x17, 0x19, 0x48, 0x20, 0x4, 0xc0, 0x11,
    0x80, 0x7e, 0xc6, 0x0, 0xff, 0xec, 0x9f, 0x98,
    0x7, 0xcc, 0x80, 0x1e, 0x79, 0x60, 0xe, 0x28,
    0x92, 0x0, 0xe0,

    /* U+0158 "Ř" */
    0x6, 0x50, 0x17, 0x30, 0x2, 0xd3, 0xed, 0x98,
    0x0, 0xea, 0x7, 0x40, 0x32, 0xfe, 0x88, 0x2,
    0x3f, 0xf5, 0x90, 0x0, 0x6e, 0xd2, 0xd8, 0x1,
    0x22, 0x1b, 0xc5, 0x80, 0x38, 0x83, 0x80, 0x38,
    0x43, 0xc0, 0x31, 0x50, 0x30, 0xf, 0xfb, 0x56,
    0x84, 0x7, 0x2c, 0x19, 0x40, 0x23, 0x47, 0x70,
    0x80, 0x74, 0x84, 0x80, 0x70, 0xb3, 0x0, 0x3d,
    0x2, 0xe0,

    /* U+0159 "ř" */
    0x4, 0x71, 0x6, 0x50, 0x2, 0x6e, 0x5d, 0x20,
    0x5, 0x57, 0x98, 0x10, 0xc, 0xce, 0x1, 0x1f,
    0xb6, 0x7e, 0xa8, 0x5, 0xbf, 0xa9, 0x44, 0x0,
    0xe3, 0x29, 0x4, 0x0, 0x30, 0x4, 0x60, 0x1f,
    0x63, 0x0, 0x7f, 0xf5, 0x0,

    /* U+015A "Ś" */
    0x0, 0xc8, 0xe0, 0x1c, 0x56, 0x40, 0x1d, 0xe,
    0xa0, 0x1d, 0x50, 0x1, 0x8f, 0x3f, 0xa4, 0x0,
    0x58, 0xf5, 0x2d, 0x40, 0xa1, 0x6a, 0xf0, 0xa1,
    0xe2, 0x1, 0x3f, 0x85, 0x8c, 0x8, 0x6, 0x38,
    0x7e, 0xc7, 0x0, 0x9f, 0xa5, 0xe2, 0xc0, 0x21,
    0x6b, 0xa4, 0x35, 0x30, 0x9, 0x41, 0x7b, 0xc0,
    0x22, 0x2, 0xf3, 0xb5, 0x6f, 0x24, 0x45, 0xbd,
    0x43, 0xe0, 0x0,

    /* U+015B "ś" */
    0x0, 0xd9, 0x80, 0xe, 0x72, 0xd0, 0xf, 0x50,
    0x80, 0x73, 0xa0, 0x6, 0x6d, 0xff, 0x59, 0x2,
    0x4d, 0x65, 0xbf, 0x81, 0x8b, 0x9a, 0x6c, 0x81,
    0x8d, 0x31, 0x8a, 0x2, 0x4b, 0x4e, 0x7b, 0x80,
    0x1b, 0x3f, 0x9a, 0x5, 0x5c, 0x0, 0x34, 0x4,
    0x70, 0xe8, 0x88, 0x13, 0x67, 0x9b, 0xb3, 0xe8,
    0x0,

    /* U+015C "Ŝ" */
    0x0, 0x9d, 0x40, 0x3a, 0xea, 0x8a, 0x1, 0x53,
    0x65, 0x51, 0x0, 0x15, 0xa2, 0xbe, 0x80, 0x3,
    0xcf, 0xe8, 0x0, 0x16, 0x3d, 0x4b, 0xd0, 0x28,
    0x5a, 0xbc, 0x28, 0x78, 0x80, 0x4f, 0xc1, 0x63,
    0x2, 0x0, 0x10, 0x38, 0x7e, 0xc7, 0x0, 0x9f,
    0xa5, 0xe2, 0xc0, 0x21, 0x6b, 0xa4, 0x34, 0x30,
    0x9, 0x41, 0x7f, 0xc0, 0x11, 0x1, 0x79, 0xd2,
    0xb7, 0x92, 0x22, 0xda, 0xa1, 0xf0, 0x0,

    /* U+015D "ŝ" */
    0x0, 0x2f, 0xe8, 0x80, 0x47, 0x50, 0x3a, 0x1,
    0x2d, 0x3e, 0xd9, 0x80, 0x19, 0x40, 0x5c, 0xc0,
    0xd, 0xbf, 0xeb, 0x20, 0x49, 0xac, 0xb7, 0xf0,
    0x31, 0x73, 0x4d, 0x90, 0x31, 0xa6, 0x31, 0x40,
    0x49, 0x69, 0xcf, 0x70, 0x3, 0x67, 0xf3, 0x40,
    0xab, 0x80, 0x6, 0x80, 0x8e, 0x1d, 0x11, 0x2,
    0x6c, 0xf3, 0x76, 0x7d, 0x0,

    /* U+015E "Ş" */
    0x3, 0xcf, 0xe8, 0x0, 0x16, 0x3d, 0x4b, 0xd0,
    0x28, 0x5a, 0xbc, 0x28, 0x78, 0x80, 0x4f, 0xc1,
    0x63, 0x2, 0x0, 0x10, 0x38, 0x7e, 0xc7, 0x0,
    0x9f, 0xa5, 0xe2, 0xc0, 0x21, 0x6b, 0xa4, 0x34,
    0x30, 0x9, 0x41, 0x7f, 0xc0, 0x11, 0x1, 0x79,
    0xd2, 0xb7, 0x92, 0x22, 0x9a, 0xa1, 0xf0, 0x0,
    0xb2, 0x57, 0x42, 0x1, 0x2e, 0x53, 0x80, 0x6a,
    0xf2, 0x40, 0x0,

    /* U+015F "ş" */
    0x6, 0xdf, 0xf5, 0x90, 0x24, 0xd6, 0x5b, 0xf8,
    0x18, 0xb9, 0xa6, 0xc8, 0x18, 0xd3, 0x18, 0xa0,
    0x24, 0xb4, 0xe7, 0xb8, 0x1, 0xb3, 0xf9, 0xa0,
    0x55, 0xc0, 0x3, 0x40, 0x47, 0xe, 0x88, 0x81,
    0x36, 0x79, 0xbb, 0x3e, 0x80, 0x23, 0x6, 0xb0,
    0xc0, 0x22, 0xf8, 0x90, 0xd, 0x1e, 0x7a, 0x0,

    /* U+0160 "Š" */
    0x6, 0x50, 0x17, 0x30, 0x2, 0xd4, 0x66, 0xc,
    0x0, 0x78, 0xad, 0x60, 0x18, 0xf6, 0xc0, 0x31,
    0xe7, 0xf4, 0x80, 0xb, 0x1e, 0xa5, 0xa8, 0x14,
    0x2d, 0x5e, 0x14, 0x3c, 0x40, 0x27, 0xf0, 0xb1,
    0x81, 0x0, 0xc7, 0xf, 0xd8, 0xe0, 0x13, 0xf4,
    0xbc, 0x58, 0x4, 0x2d, 0x74, 0x86, 0xa6, 0x1,
    0x28, 0x2f, 0x78, 0x4, 0x40, 0x5e, 0x76, 0xad,
    0xe4, 0x88, 0xb7, 0xa8, 0x7c, 0x0,

    /* U+0161 "š" */
    0x9, 0xd1, 0x5e, 0x40, 0x4, 0xb6, 0x54, 0x20,
    0x5, 0x75, 0x46, 0x0, 0xe7, 0x50, 0xc, 0xdb,
    0xfe, 0xc3, 0x4, 0x9a, 0xcb, 0x7d, 0x3, 0x17,
    0x34, 0xbe, 0x3, 0x1a, 0x63, 0x0, 0x92, 0x5a,
    0x73, 0xdc, 0x0, 0xd9, 0xfc, 0xd0, 0x2b, 0x0,
    0x1, 0xa0, 0x23, 0x77, 0x22, 0x20, 0x4d, 0xa2,
    0x6e, 0xcf, 0xa0,

    /* U+0162 "Ţ" */
    0x2f, 0xff, 0xac, 0xaa, 0xa0, 0x5a, 0xa4, 0x2,
    0xac, 0x24, 0xaa, 0x30, 0xf, 0xff, 0xf8, 0x7,
    0xf9, 0xc8, 0x80, 0x1e, 0x9f, 0xd2, 0x0, 0xee,
    0xa4, 0x20,

    /* U+0163 "ţ" */
    0x0, 0x95, 0x40, 0x1f, 0x77, 0x0, 0x3f, 0xf8,
    0x29, 0xfe, 0x44, 0x7f, 0xca, 0xaa, 0xa1, 0x9a,
    0xaa, 0x41, 0x55, 0x3b, 0x95, 0x61, 0x0, 0xff,
    0xed, 0x9a, 0x32, 0xa8, 0x40, 0x29, 0x49, 0xaa,
    0x10, 0x4, 0x3c, 0x59, 0xe6, 0x1, 0x97, 0xf1,
    0x80, 0x3a, 0xb0, 0x90, 0x0,

    /* U+0164 "Ť" */
    0x0, 0x32, 0x80, 0xb9, 0x80, 0x4b, 0x4f, 0xb6,
    0x60, 0x11, 0xd4, 0xe, 0x80, 0x72, 0xfe, 0x88,
    0x0, 0xbf, 0xfe, 0xb2, 0xaa, 0x81, 0x6a, 0x90,
    0xa, 0xb0, 0x92, 0xa8, 0xc0, 0x3f, 0xff, 0xe0,
    0x1e,

    /* U+0165 "ť" */
    0x0, 0xf6, 0x30, 0x6, 0x44, 0x1, 0x98, 0x3,
    0x7f, 0x80, 0xc, 0x1, 0xf7, 0x98, 0x27, 0xf9,
    0x11, 0xff, 0x2a, 0xaa, 0x86, 0x6a, 0xa9, 0x5,
    0x54, 0xee, 0x55, 0x84, 0x3, 0xff, 0xb6, 0x68,
    0xca, 0xa1, 0x0, 0xa5, 0x26, 0xa8, 0x40,

    /* U+0166 "Ŧ" */
    0x2f, 0xff, 0xac, 0xaa, 0xa0, 0x5a, 0xa4, 0x2,
    0xac, 0x24, 0xaa, 0x30, 0xf, 0xfe, 0x81, 0xff,
    0x85, 0xff, 0x40, 0x7, 0x98, 0x16, 0xcf, 0x0,
    0x8c, 0xc0, 0x26, 0x40, 0x1f, 0xfd, 0x0,

    /* U+0167 "ŧ" */
    0x0, 0x95, 0x40, 0x1f, 0x77, 0x0, 0x3f, 0xf8,
    0x29, 0xfe, 0x44, 0x7f, 0xca, 0xaa, 0xa1, 0x9a,
    0xaa, 0x41, 0x55, 0x3b, 0x95, 0x61, 0x0, 0xff,
    0x57, 0xa2, 0x3f, 0xd2, 0x0, 0xbc, 0x33, 0x66,
    0x20, 0x0, 0x26, 0xee, 0x33, 0x8, 0x6, 0x34,
    0x65, 0x50, 0x80, 0x52, 0x93, 0x54, 0x20,

    /* U+0168 "Ũ" */
    0x5, 0xeb, 0x2b, 0x50, 0x7, 0x5e, 0xe3, 0x20,
    0x2, 0xd5, 0xbb, 0x44, 0x27, 0x80, 0x24, 0xf2,
    0x0, 0xff, 0xf6, 0x8, 0x7, 0xdc, 0x22, 0x0,
    0x18, 0x13, 0x85, 0x2b, 0x4a, 0x80, 0xe3, 0xd4,
    0x3d, 0x0,

    /* U+0169 "ũ" */
    0x5, 0xfc, 0x2b, 0x50, 0x7, 0x54, 0xe3, 0x20,
    0x2, 0xd5, 0x5d, 0xa2, 0x1, 0xfd, 0x3c, 0x1,
    0x27, 0x90, 0x7, 0xff, 0x50, 0x40, 0x3e, 0xe1,
    0x10, 0x0, 0xc0, 0x9c, 0x75, 0x5a, 0x18, 0x7,
    0x5e, 0xa1, 0xe4, 0x0,

    /* U+016A "Ū" */
    0xc, 0xff, 0xca, 0x0, 0xec, 0xcc, 0x80, 0x2,
    0x33, 0xc2, 0x13, 0xc0, 0x12, 0x79, 0x0, 0x7f,
    0xfb, 0x4, 0x3, 0xee, 0x11, 0x0, 0xc, 0x9,
    0xc2, 0x95, 0xa5, 0x40, 0x71, 0xea, 0x1e, 0x80,

    /* U+016B "ū" */
    0xc, 0xff, 0xca, 0x0, 0xec, 0xcc, 0x80, 0x2,
    0x33, 0xc2, 0x13, 0xc0, 0x12, 0x79, 0x0, 0x7f,
    0xf5, 0x4, 0x3, 0xee, 0x11, 0x0, 0xc, 0x9,
    0xc7, 0x55, 0xa1, 0x80, 0x75, 0xea, 0x1e, 0x40,

    /* U+016C "Ŭ" */
    0x5, 0x30, 0x3, 0x10, 0x3, 0x60, 0xe, 0x40,
    0x28, 0x2e, 0xe5, 0x10, 0x5, 0x3d, 0xaa, 0x0,
    0x9e, 0x0, 0x93, 0xc8, 0x3, 0xff, 0xd8, 0x20,
    0x1f, 0x70, 0x88, 0x0, 0x60, 0x4e, 0x14, 0xad,
    0x2a, 0x3, 0x8f, 0x50, 0xf4, 0x0,

    /* U+016D "ŭ" */
    0xb, 0x60, 0x6, 0xa0, 0x3, 0x68, 0x10, 0xd4,
    0x0, 0xc9, 0xd1, 0x42, 0x1, 0x47, 0x62, 0x0,
    0x27, 0x80, 0x24, 0xf2, 0x0, 0xff, 0xea, 0x8,
    0x7, 0xdc, 0x22, 0x0, 0x18, 0x13, 0x8e, 0xab,
    0x43, 0x0, 0xeb, 0xd4, 0x3c, 0x80,

    /* U+016E "Ů" */
    0x0, 0x36, 0x59, 0x0, 0x68, 0xcd, 0xb0, 0xf,
    0xfe, 0x4, 0x6d, 0x58, 0x2, 0x79, 0xb7, 0x1b,
    0xc8, 0x3, 0xff, 0xd8, 0x20, 0x1f, 0x70, 0x88,
    0x0, 0x60, 0x4e, 0x14, 0xad, 0x2a, 0x3, 0x8f,
    0x50, 0xf4, 0x0,

    /* U+016F "ů" */
    0x0, 0x36, 0xe1, 0x0, 0x68, 0xca, 0xb0, 0xe,
    0x10, 0xf, 0x46, 0xd5, 0x80, 0x66, 0xdc, 0x20,
    0x4, 0xf0, 0x4, 0x9e, 0x40, 0x1f, 0xfd, 0x41,
    0x0, 0xfb, 0x84, 0x40, 0x3, 0x2, 0x71, 0xd5,
    0x68, 0x60, 0x1d, 0x7a, 0x87, 0x90,

    /* U+0170 "Ű" */
    0x0, 0x8c, 0x41, 0x4, 0x0, 0xfa, 0x13, 0x2,
    0x9, 0x1a, 0xee, 0xd0, 0x2, 0x79, 0xb7, 0x8,
    0x4f, 0x0, 0x49, 0xe4, 0x1, 0xff, 0xec, 0x10,
    0xf, 0xb8, 0x44, 0x0, 0x30, 0x27, 0xa, 0x56,
    0x95, 0x1, 0xc7, 0xa8, 0x7a, 0x0,

    /* U+0171 "ű" */
    0x0, 0x27, 0x9b, 0x70, 0x81, 0x55, 0x2, 0x74,
    0x40, 0x1a, 0xa3, 0xa6, 0x0, 0x23, 0x2, 0x20,
    0x2, 0x78, 0x2, 0x4f, 0x20, 0xf, 0xfe, 0xa0,
    0x80, 0x7d, 0xc2, 0x20, 0x1, 0x81, 0x38, 0xea,
    0xb4, 0x30, 0xe, 0xbd, 0x43, 0xc8, 0x0,

    /* U+0172 "Ų" */
    0x9e, 0x0, 0x93, 0xc8, 0x3, 0xff, 0xd8, 0x20,
    0x1f, 0x70, 0x88, 0x0, 0x60, 0x4e, 0x1a, 0xaf,
    0xa, 0x3, 0x81, 0x50, 0xb4, 0x0, 0x3c, 0x94,
    0xa0, 0xe, 0xb1, 0x0, 0xf5, 0xa7, 0xa0, 0x0,

    /* U+0173 "ų" */
    0x9e, 0x0, 0x93, 0xc8, 0x3, 0xff, 0xa8, 0x20,
    0x1f, 0x70, 0x80, 0x46, 0x4, 0xe1, 0x6a, 0xd2,
    0xa0, 0x38, 0xf5, 0x29, 0x40, 0x3, 0xc7, 0x5a,
    0x0, 0xe6, 0x20, 0xf, 0x4b, 0xf9, 0x80,

    /* U+0174 "Ŵ" */
    0x0, 0xce, 0xa0, 0x1f, 0x5d, 0x51, 0x40, 0x3a,
    0x9b, 0x2a, 0x88, 0x1, 0xab, 0x45, 0x7d, 0x0,
    0x15, 0x60, 0xf, 0xa0, 0x7, 0x99, 0x38, 0x10,
    0xb0, 0x10, 0x17, 0x10, 0x31, 0x10, 0x18, 0x4,
    0x84, 0x9, 0x44, 0x4, 0x81, 0x80, 0x7b, 0x84,
    0x53, 0x1, 0x1, 0x14, 0xcc, 0xe1, 0x0, 0xb,
    0x34, 0x44, 0x32, 0x0, 0x19, 0x88, 0x9d, 0xc6,
    0xe0, 0x3, 0x78, 0x88, 0x8b, 0x0, 0x9, 0x48,
    0x4, 0x66, 0x0, 0x71, 0xb0, 0x32, 0x81, 0x0,
    0x8, 0x8, 0x8, 0x44, 0x0,

    /* U+0175 "ŵ" */
    0x0, 0x85, 0xd4, 0x3, 0xc5, 0x9b, 0x72, 0x1,
    0xc9, 0x75, 0xfc, 0x60, 0x19, 0x98, 0x2, 0xe6,
    0x0, 0x6d, 0x0, 0x7c, 0x81, 0x78, 0x11, 0x0,
    0x85, 0x41, 0x88, 0x14, 0x5, 0xd0, 0xc0, 0xdc,
    0x4, 0xb, 0x74, 0x44, 0xe2, 0x0, 0x1a, 0x99,
    0x99, 0x85, 0xa0, 0x5, 0xe5, 0x51, 0x99, 0x5c,
    0x1, 0xc6, 0x22, 0xed, 0x12, 0x0, 0x1a, 0x98,
    0x2a, 0x10, 0x4, 0xc2, 0xa0, 0x42, 0xe0, 0x0,

    /* U+0176 "Ŷ" */
    0x0, 0xce, 0xa0, 0x1f, 0x5d, 0x51, 0x40, 0x3a,
    0x9b, 0x2a, 0x88, 0x1, 0xab, 0x45, 0x7d, 0x0,
    0x7, 0xea, 0x1, 0xab, 0x0, 0xd2, 0x40, 0x22,
    0x59, 0x0, 0x79, 0xa0, 0x2, 0xc9, 0x40, 0x8,
    0x7e, 0x2, 0xd6, 0x1, 0xa5, 0xa, 0x45, 0x80,
    0x32, 0x94, 0x34, 0x80, 0x7a, 0xd4, 0x5c, 0x3,
    0xcc, 0xc, 0x1, 0xf8, 0x44, 0x1, 0xff, 0xd6,

    /* U+0177 "ŷ" */
    0x0, 0x85, 0xd4, 0x3, 0x8b, 0x36, 0xe4, 0x3,
    0x25, 0xd7, 0xf1, 0x80, 0x4c, 0xc0, 0x17, 0x30,
    0x7, 0x48, 0x6, 0xe8, 0x6, 0x60, 0x4, 0x83,
    0x41, 0x40, 0xa0, 0xe, 0x22, 0x1, 0x1f, 0x0,
    0x16, 0x80, 0x2a, 0x41, 0x50, 0x60, 0x9, 0x81,
    0xbd, 0x4, 0x3, 0x2d, 0x2f, 0x0, 0x74, 0x90,
    0x28, 0x7, 0x18, 0x28, 0x7, 0x8c, 0x38, 0x3,
    0xd4, 0x28, 0x1, 0xe6, 0x60, 0x6,

    /* U+0178 "Ÿ" */
    0x0, 0xff, 0xe0, 0x6e, 0x81, 0x3d, 0x80, 0x30,
    0x80, 0x7f, 0x66, 0x82, 0x7b, 0x0, 0xf, 0xd4,
    0x3, 0x56, 0x1, 0xa4, 0x80, 0x44, 0xb2, 0x0,
    0xf3, 0x40, 0x5, 0x92, 0x80, 0x10, 0xfc, 0x5,
    0xac, 0x3, 0x4a, 0x14, 0x8b, 0x0, 0x65, 0x28,
    0x69, 0x0, 0xf5, 0xa8, 0xb8, 0x7, 0x98, 0x18,
    0x3, 0xf0, 0x88, 0x3, 0xff, 0xac,

    /* U+0179 "Ź" */
    0x0, 0xc8, 0xe0, 0x1c, 0x56, 0x20, 0x1d, 0xc8,
    0xc0, 0x1d, 0x96, 0x1, 0x4f, 0xff, 0x86, 0xea,
    0xb2, 0x0, 0x92, 0xac, 0x88, 0x80, 0xe, 0x82,
    0x70, 0xc, 0x6d, 0x0, 0x1d, 0xe6, 0xa0, 0x19,
    0x4f, 0xc0, 0x3a, 0x14, 0xc0, 0x33, 0x95, 0x80,
    0x61, 0x88, 0x8, 0x6, 0x90, 0x25, 0x5c, 0x24,
    0x15, 0x5c, 0x40,

    /* U+017A "ź" */
    0x0, 0xca, 0xe0, 0x1c, 0x94, 0x60, 0x1c, 0x76,
    0x80, 0x1c, 0xe8, 0x1, 0x3f, 0xff, 0x81, 0x6a,
    0xb0, 0x90, 0x12, 0xad, 0x83, 0xe0, 0x19, 0x5a,
    0x88, 0x2, 0x2a, 0x75, 0x0, 0x87, 0xd2, 0x0,
    0x35, 0x5, 0x80, 0x67, 0x4a, 0x55, 0xc1, 0xc1,
    0x15, 0x58, 0x80,

    /* U+017B "Ż" */
    0x0, 0xff, 0x1f, 0xd8, 0x7, 0x8, 0x80, 0x3c,
    0x5d, 0x60, 0x14, 0xff, 0xf8, 0x6e, 0xab, 0x20,
    0x9, 0x2a, 0xc8, 0x88, 0x0, 0xe8, 0x27, 0x0,
    0xc6, 0xd0, 0x1, 0xde, 0x6a, 0x1, 0x94, 0xfc,
    0x3, 0xa1, 0x4c, 0x3, 0x39, 0x58, 0x6, 0x18,
    0x80, 0x80, 0x69, 0x2, 0x55, 0xc2, 0x41, 0x55,
    0xc4,

    /* U+017C "ż" */
    0x0, 0x17, 0x58, 0x7, 0x8, 0x9c, 0x3, 0x8f,
    0xf0, 0x3, 0xfe, 0x7f, 0xff, 0x2, 0xd5, 0x61,
    0x20, 0x25, 0x5b, 0x7, 0xc0, 0x32, 0xb5, 0x10,
    0x4, 0x54, 0xea, 0x1, 0xf, 0xa4, 0x0, 0x6a,
    0xb, 0x0, 0xce, 0x94, 0xab, 0x83, 0x82, 0x2a,
    0xb1, 0x0,

    /* U+017D "Ž" */
    0x6, 0x50, 0x17, 0x30, 0x2, 0xd3, 0xed, 0x98,
    0x0, 0xea, 0x7, 0x40, 0x32, 0xfe, 0x88, 0x2,
    0x7f, 0xfc, 0x37, 0x55, 0x90, 0x4, 0x95, 0x64,
    0x44, 0x0, 0x74, 0x13, 0x80, 0x63, 0x68, 0x0,
    0xef, 0x35, 0x0, 0xca, 0x7e, 0x1, 0xd0, 0xa6,
    0x1, 0x9c, 0xac, 0x3, 0xc, 0x40, 0x40, 0x34,
    0x81, 0x2a, 0xe1, 0x20, 0xaa, 0xe2,

    /* U+017E "ž" */
    0x6, 0x60, 0xb, 0x98, 0x1, 0x2e, 0xbf, 0x8c,
    0x0, 0x59, 0xb7, 0x20, 0x18, 0x5d, 0x40, 0x27,
    0xff, 0xf0, 0x2d, 0x56, 0x12, 0x2, 0x55, 0xb0,
    0x7c, 0x3, 0x2b, 0x51, 0x0, 0x45, 0x4e, 0xa0,
    0x10, 0xfa, 0x40, 0x6, 0xa0, 0xb0, 0xc, 0xe9,
    0x4a, 0xb8, 0x38, 0x22, 0xab, 0x10,

    /* U+017F "ſ" */
    0x5, 0xdf, 0xf8, 0x86, 0x9e, 0xee, 0x24, 0xb,
    0x44, 0x80, 0x3f, 0xfe, 0x80,

    /* U+2007 " " */

    /* U+2008 " " */

    /* U+2009 " " */

    /* U+200A " " */

    /* U+200B "​" */

    /* U+2010 "‐" */
    0x0, 0xf6, 0x7f, 0xe5, 0xec, 0xcc, 0x80,

    /* U+2012 "‒" */
    0x0, 0xfe, 0x5f, 0xff, 0xa1, 0x33, 0x3e, 0x90,

    /* U+2013 "–" */
    0x0, 0xfd, 0x7f, 0xfe, 0x59, 0xcc, 0xf2, 0x0,

    /* U+2014 "—" */
    0x0, 0xff, 0x7f, 0xff, 0x4e, 0x67, 0xf5, 0x80,

    /* U+2015 "―" */
    0x0, 0xff, 0xe2, 0x2f, 0xff, 0xff, 0x9, 0x53,
    0x33, 0xff, 0x84, 0x80,

    /* U+2018 "‘" */
    0xb, 0xd0, 0x34, 0xb0, 0xb0, 0x60, 0x10, 0xa,
    0x85, 0x40,

    /* U+2019 "’" */
    0xb, 0xc0, 0x7, 0x19, 0x1, 0x1, 0x85, 0x18,
    0xa1, 0xc0, 0x0,

    /* U+201A "‚" */
    0xb, 0xb0, 0x3, 0x90, 0x80, 0xc0, 0xc2, 0x8c,
    0x50, 0xe4, 0x0,

    /* U+201C "“" */
    0x6, 0xf2, 0xe, 0xa0, 0xb4, 0x26, 0x19, 0x32,
    0xe0, 0xd2, 0x30, 0x0, 0x83, 0x88, 0x19, 0xb4,
    0x24, 0x88,

    /* U+201D "”" */
    0x9, 0xe1, 0x2f, 0x80, 0xa1, 0x42, 0x55, 0x3,
    0x80, 0x83, 0x8, 0x70, 0xa1, 0x1d, 0xa, 0x48,
    0x51, 0x30,

    /* U+201E "„" */
    0x8, 0xd0, 0x5, 0x58, 0x2, 0xc9, 0x43, 0xd0,
    0xc1, 0xc0, 0x40, 0xc0, 0x43, 0x85, 0x2, 0x88,
    0x82, 0xac, 0x6, 0x6b, 0x0,

    /* U+2020 "†" */
    0x0, 0xad, 0x80, 0x3c, 0xbc, 0x1, 0xff, 0xc0,
    0x11, 0x0, 0x4, 0x41, 0x7d, 0xc1, 0x7e, 0xe2,
    0xce, 0x60, 0x17, 0x30, 0x84, 0x66, 0x12, 0x33,
    0x8, 0x7, 0xff, 0xdf, 0x64, 0x2,

    /* U+2021 "‡" */
    0x0, 0xad, 0x80, 0x3c, 0xbc, 0x1, 0xff, 0xc7,
    0xbf, 0xf0, 0xbf, 0xf9, 0x67, 0x30, 0xb, 0x98,
    0x42, 0x33, 0x9, 0x19, 0x84, 0x3, 0xff, 0x99,
    0x7f, 0xe1, 0x7f, 0xf2, 0xce, 0x60, 0x17, 0x30,
    0x84, 0x66, 0x12, 0x33, 0x8, 0x7, 0xff, 0x1f,
    0x64, 0x2,

    /* U+2022 "•" */
    0x5, 0xca, 0x10, 0xa3, 0x58, 0x0, 0xc6, 0x10,
    0x5, 0x0,

    /* U+2026 "…" */
    0xb, 0x50, 0xa5, 0xa, 0x60, 0x4c, 0x5, 0xc0,
    0x5c, 0x2, 0xf0, 0x3f, 0x3, 0xd0,

    /* U+2030 "‰" */
    0x5, 0xee, 0x20, 0x1, 0x6c, 0x3, 0x45, 0x52,
    0x40, 0x17, 0x20, 0x18, 0xd5, 0x46, 0x10, 0xc4,
    0x1, 0x8d, 0x54, 0x64, 0xd0, 0x1, 0xd3, 0x2a,
    0x99, 0x58, 0x7, 0x93, 0x78, 0x1d, 0x40, 0x3f,
    0xa7, 0xc0, 0x3f, 0x9d, 0x2f, 0x5e, 0xb5, 0x40,
    0x21, 0x9a, 0x6d, 0xc3, 0xfb, 0x0, 0xa2, 0x40,
    0x80, 0xbc, 0x84, 0x0, 0x68, 0xe2, 0x40, 0x42,
    0x30, 0x3, 0xe4, 0x9, 0xf0, 0xb3, 0x10, 0x0,

    /* U+2032 "′" */
    0xd, 0xd0, 0x12, 0x18, 0x7a, 0x82, 0x71, 0x10,

    /* U+2033 "″" */
    0x8, 0xf2, 0xe, 0xc0, 0x31, 0x21, 0x12, 0x82,
    0xa8, 0x14, 0x30, 0x45, 0x80, 0x60, 0x84, 0x26,
    0x1e, 0x42,

    /* U+2039 "‹" */
    0x0, 0xa2, 0x80, 0x27, 0x74, 0x80, 0x12, 0x28,
    0xc0, 0xae, 0x14, 0x0, 0xe0, 0x60, 0x12, 0xbd,
    0x90, 0x5, 0xb, 0x82, 0x1, 0x51, 0x68, 0x0,

    /* U+203A "›" */
    0x3b, 0x30, 0x8, 0xcb, 0x48, 0x2, 0x95, 0xf0,
    0xd, 0x41, 0x60, 0x10, 0xba, 0x88, 0x1, 0xd7,
    0x4, 0x16, 0x2c, 0x80, 0xea, 0x10, 0x0,

    /* U+2044 "⁄" */
    0x0, 0xf8, 0xfc, 0xc0, 0x3e, 0xe7, 0x30, 0xf,
    0x40, 0xc0, 0x7, 0x8d, 0xf8, 0x3, 0xee, 0x82,
    0x0, 0xf4, 0xb, 0x80, 0x78, 0xdf, 0x80, 0x3e,
    0xe8, 0x20, 0xf, 0x48, 0xb8, 0x7, 0x8d, 0xb8,
    0x3, 0xee, 0x82, 0x0, 0xf4, 0x8b, 0x80, 0x7c,

    /* U+2052 "⁒" */
    0xbc, 0x0, 0x4d, 0x13, 0x0, 0x1f, 0xa6, 0x81,
    0x41, 0x0, 0x2e, 0x60, 0x8, 0x52, 0x80, 0x26,
    0x32, 0x0, 0xaa, 0x80, 0x11, 0x93, 0x80, 0x54,
    0xa2, 0x1, 0x3f, 0x0, 0x4a, 0x8, 0x1b, 0x7c,
    0xc0, 0x10, 0x80,

    /* U+20A1 "₡" */
    0x0, 0xcb, 0x43, 0xe0, 0x18, 0xb9, 0x78, 0x18,
    0x1, 0x1a, 0x92, 0xc6, 0x0, 0x57, 0x70, 0xb1,
    0xcb, 0x4, 0x1c, 0x98, 0x3b, 0x80, 0x4a, 0x95,
    0xc0, 0x88, 0x6, 0xa, 0x7a, 0x66, 0x0, 0xcf,
    0x86, 0xaa, 0x0, 0x10, 0x1a, 0xab, 0xf8, 0x2,
    0x59, 0x11, 0x29, 0x80, 0x56, 0x2, 0x86, 0xc6,
    0x60, 0x19, 0x1b, 0xd, 0xc6, 0x0, 0x6d, 0x51,
    0x37, 0xd4, 0x1, 0x88, 0xde, 0x40, 0x0,

    /* U+20A3 "₣" */
    0x0, 0x77, 0xff, 0x20, 0x4, 0xb7, 0x79, 0x40,
    0x2d, 0x44, 0xc2, 0x1, 0xff, 0xd2, 0x8f, 0xfc,
    0x1, 0x9b, 0x33, 0x0, 0x6e, 0x33, 0xc0, 0x9e,
    0x31, 0xfa, 0x1, 0x26, 0x8b, 0xee, 0x0, 0x62,
    0xf, 0x21, 0x0, 0x80,

    /* U+20A4 "₤" */
    0x0, 0x9f, 0xbf, 0xa8, 0x2, 0x68, 0x9c, 0x83,
    0x0, 0xb5, 0x5c, 0xda, 0x40, 0x26, 0x20, 0xf,
    0x8c, 0x3, 0xcd, 0xe2, 0xff, 0xeb, 0x0, 0x36,
    0x8b, 0x6e, 0xa8, 0x0, 0xda, 0x2d, 0xba, 0xa0,
    0x3, 0x68, 0xbe, 0xea, 0x80, 0x23, 0x1d, 0x22,
    0x8, 0x0, 0xb4, 0x81, 0x57, 0x12, 0x99, 0x55,
    0x75, 0x80,

    /* U+20A6 "₦" */
    0x9, 0xf4, 0x0, 0x46, 0x0, 0x6e, 0x0, 0xf8,
    0xd4, 0x3, 0xe5, 0x16, 0x0, 0xd8, 0xcc, 0x19,
    0xf7, 0x3e, 0xd5, 0x55, 0x86, 0xb1, 0xe0, 0x98,
    0x20, 0x37, 0x1, 0x63, 0x2f, 0x85, 0xc1, 0xf6,
    0xaa, 0x6d, 0x3, 0x1e, 0x9, 0x89, 0x28, 0xa0,
    0x10, 0x7, 0x31, 0x0, 0x7d, 0x40, 0x10,

    /* U+20A7 "₧" */
    0xcf, 0xf7, 0x50, 0x80, 0x79, 0x2e, 0x53, 0x0,
    0x3c, 0x48, 0xf4, 0x48, 0x1, 0xf9, 0x40, 0x45,
    0xc0, 0x1e, 0x20, 0x17, 0x0, 0xc6, 0x29, 0xc4,
    0x72, 0x3f, 0x20, 0xbd, 0x63, 0xec, 0xe3, 0xb0,
    0x9, 0x9d, 0x84, 0x3e, 0x4, 0x20, 0x46, 0x20,
    0x1f, 0xfc, 0xd2, 0x11, 0x80, 0x3e, 0x54, 0xec,

    /* U+20A9 "₩" */
    0xaa, 0x0, 0x1f, 0xcc, 0x1, 0xcb, 0xac, 0x0,
    0xd0, 0x50, 0x11, 0x39, 0x98, 0x0, 0xeb, 0xe0,
    0x40, 0x4a, 0x4, 0x5, 0xea, 0xc, 0x40, 0x22,
    0x62, 0x17, 0x30, 0xd7, 0xc, 0x1b, 0xd1, 0xd0,
    0xf7, 0x58, 0xd5, 0x53, 0x2e, 0x94, 0x94, 0xc8,
    0x74, 0x4f, 0x49, 0xc4, 0xd4, 0x40, 0xd9, 0xcc,
    0x37, 0x42, 0x60, 0x5, 0x22, 0x28, 0x1a, 0x8,
    0x4, 0x20, 0x1, 0x6, 0x12, 0x0, 0xc6, 0x60,
    0x1, 0x2, 0x80, 0x0,

    /* U+20AB "₫" */
    0x0, 0xe5, 0xf1, 0x0, 0xc7, 0xf4, 0x1d, 0x20,
    0x11, 0xe4, 0x5, 0xc0, 0x6, 0x32, 0x5, 0x10,
    0x6e, 0xfb, 0x30, 0x8, 0xe5, 0x2f, 0x68, 0x2,
    0x40, 0xa4, 0x6b, 0x0, 0xbc, 0x40, 0x22, 0x0,
    0xbc, 0x40, 0x2d, 0x0, 0x94, 0x31, 0x9d, 0x40,
    0x22, 0xb0, 0x8d, 0x80, 0xc, 0x99, 0xd4, 0xbe,
    0x21, 0x3f, 0xfe, 0x20, 0xbc, 0xcf, 0x10, 0x0,

    /* U+20AC "€" */
    0x0, 0x1d, 0xf7, 0x28, 0x40, 0x3, 0xaf, 0x10,
    0x4c, 0x0, 0x38, 0xeb, 0x32, 0x88, 0xc3, 0x84,
    0x40, 0x4, 0xb2, 0xa7, 0x1e, 0xe5, 0x2, 0xd,
    0xb0, 0xff, 0xac, 0x2, 0x11, 0x0, 0x8c, 0x1,
    0x53, 0x8f, 0x72, 0x80, 0x2b, 0x61, 0xff, 0x58,
    0x18, 0x8b, 0xc4, 0x4, 0x47, 0x84, 0xe, 0x1a,
    0xad, 0xc4, 0x60, 0x38, 0xf5, 0xf, 0x80,

    /* U+20AD "₭" */
    0x6, 0xf0, 0x8, 0x7a, 0x40, 0x3e, 0xd5, 0x90,
    0xf, 0x49, 0x50, 0x7, 0x95, 0xb4, 0x40, 0x38,
    0xea, 0x86, 0x1, 0x5c, 0x86, 0x5, 0x7f, 0x8c,
    0x2a, 0x1, 0x89, 0x37, 0x46, 0x2, 0x20, 0x99,
    0x20, 0x90, 0x7, 0x91, 0x78, 0x3, 0xf5, 0x9c,
    0x0, 0x7c, 0x30, 0xe6, 0x1, 0xf3, 0x1f, 0x0,

    /* U+20AE "₮" */
    0x4f, 0xff, 0xb9, 0x6e, 0xe1, 0x5b, 0xb6, 0x8a,
    0x24, 0x4, 0x88, 0x30, 0xf, 0x84, 0x40, 0x1c,
    0x9b, 0xca, 0xb, 0x7e, 0x22, 0xbd, 0x40, 0xc3,
    0xb1, 0x56, 0x11, 0x4, 0xc2, 0x82, 0xf6, 0x28,
    0x36, 0x70, 0x8a, 0xfd, 0x0, 0x6f, 0x45, 0x14,
    0x2, 0x77, 0x10, 0x7, 0xff, 0x8,

    /* U+20B1 "₱" */
    0x7, 0xff, 0xb0, 0xc0, 0x30, 0xe5, 0x86, 0x10,
    0x6, 0x34, 0xd1, 0xb0, 0xb9, 0x1e, 0xe7, 0x8b,
    0x6d, 0xc8, 0xf7, 0x50, 0x1b, 0x72, 0x3d, 0xd4,
    0x6, 0xdc, 0x8f, 0x7c, 0x4, 0xe8, 0x0, 0x7f,
    0xa2, 0xc, 0x1, 0xe, 0x6f, 0x38, 0x7, 0x19,
    0x0, 0x7f, 0xf2, 0x80,

    /* U+20B2 "₲" */
    0x0, 0x8a, 0x7b, 0xfd, 0xb2, 0x20, 0x5, 0xd4,
    0x90, 0xa5, 0x41, 0x2, 0xa4, 0xd7, 0x5, 0x8d,
    0x0, 0x58, 0x50, 0x7, 0xe7, 0x51, 0x0, 0xfc,
    0x24, 0x1, 0x84, 0x60, 0xf, 0xdd, 0xd3, 0x80,
    0x90, 0x6, 0xbb, 0x0, 0x48, 0x80, 0xc, 0x88,
    0x0, 0xa4, 0x64, 0x3, 0xf1, 0xc3, 0x63, 0x82,
    0xb8, 0x6, 0x7b, 0x78, 0xa, 0xa2, 0xa0, 0x4,
    0x97, 0xe1, 0xfb, 0x46, 0x1, 0xed, 0x0, 0xc0,

    /* U+20B4 "₴" */
    0x0, 0x1e, 0x7f, 0x59, 0x0, 0x7, 0x1e, 0xad,
    0xfc, 0x0, 0x49, 0x4a, 0xab, 0x20, 0x1, 0xd8,
    0x81, 0x4c, 0x80, 0xff, 0xf6, 0x8c, 0xe1, 0xee,
    0xfe, 0x2, 0x2f, 0x84, 0xff, 0xfe, 0xc3, 0xc1,
    0x7d, 0xde, 0x5, 0x18, 0x22, 0x27, 0x8, 0x10,
    0x4a, 0x34, 0x30, 0x1, 0x29, 0x2e, 0x1a, 0x80,

    /* U+20B5 "₵" */
    0x0, 0x8e, 0xfb, 0xfd, 0x88, 0x0, 0x6c, 0x77,
    0x14, 0xbb, 0x80, 0xa5, 0x73, 0x45, 0xac, 0xc2,
    0xc2, 0x80, 0x3e, 0x75, 0x0, 0xfc, 0x24, 0x1,
    0xff, 0xc6, 0x12, 0x0, 0xfc, 0xa8, 0x1, 0xfb,
    0x86, 0x0, 0x3e, 0x55, 0x3d, 0xe0, 0xac, 0x8,
    0x2, 0xa1, 0x9c, 0xa9, 0x0, 0x33, 0xed, 0x9f,
    0xe0, 0x80,

    /* U+20B8 "₸" */
    0xbf, 0xff, 0x9e, 0x2e, 0xfe, 0x53, 0x44, 0xf8,
    0xaf, 0xff, 0xe7, 0x8b, 0xb3, 0x85, 0x5d, 0x94,
    0xd1, 0x1a, 0x8, 0x91, 0x0, 0x7f, 0xfa, 0x80,

    /* U+20B9 "₹" */
    0x0, 0xfa, 0xff, 0xfb, 0xaf, 0xac, 0x63, 0xfa,
    0xfa, 0xc6, 0x3f, 0xaf, 0xfc, 0x69, 0xfc, 0x49,
    0x27, 0x80, 0x9, 0xb6, 0x47, 0x0, 0x18, 0x5d,
    0x80, 0x28, 0x2d, 0x0, 0xe9, 0x64, 0x0, 0xc8,
    0xb4, 0x1, 0xd6, 0x32, 0x0,

    /* U+20BA "₺" */
    0x0, 0x7b, 0x0, 0x7f, 0x8d, 0x80, 0x3a, 0xbb,
    0x80, 0x12, 0xe0, 0x3e, 0xe9, 0xc0, 0x7, 0x0,
    0x69, 0xb6, 0x0, 0x72, 0x7, 0xe9, 0xa0, 0x5,
    0xe8, 0x4c, 0x90, 0x2a, 0x6a, 0xc0, 0x39, 0xc4,
    0x3, 0xc2, 0x5a, 0x1, 0xeb, 0x15, 0x0, 0xbd,
    0xb1, 0x74, 0x2, 0x16, 0x86, 0xd3, 0x0,

    /* U+20BC "₼" */
    0x0, 0xe4, 0xf2, 0x0, 0xff, 0xef, 0x15, 0x75,
    0x86, 0xf4, 0x0, 0x43, 0x8f, 0x12, 0x15, 0x2f,
    0xa0, 0x8, 0xc, 0x62, 0x7, 0x76, 0x13, 0x3,
    0xb8, 0x40, 0x38, 0xcd, 0xa0, 0x3e, 0x1, 0xf2,
    0xb0, 0x7, 0x27, 0x10, 0x0, 0x4c, 0x40, 0x38,
    0x40, 0x3f, 0xf8, 0xa0,

    /* U+20BD "₽" */
    0x3, 0xff, 0xd8, 0x80, 0x1a, 0x6e, 0x9e, 0xcc,
    0x2, 0x54, 0x5b, 0x19, 0x0, 0xf9, 0x58, 0x3,
    0xe6, 0x60, 0x38, 0x4, 0x30, 0x5f, 0x16, 0x19,
    0xfc, 0xf0, 0xb5, 0x1, 0x37, 0x6e, 0x70, 0xa8,
    0x9, 0xbb, 0x78, 0x2, 0x64, 0x13, 0x98, 0xd0,
    0x0, 0xa8, 0x29, 0x9c, 0x1, 0xff, 0x0,

    /* U+2190 "←" */
    0x0, 0xa2, 0xc4, 0x3, 0xca, 0xfc, 0x20, 0x1c,
    0x54, 0xea, 0x1, 0xc3, 0xe9, 0x0, 0x1e, 0xb2,
    0x4f, 0xff, 0x24, 0x82, 0xd5, 0x79, 0x4e, 0x54,
    0x55, 0x78, 0x41, 0x96, 0x84, 0x3, 0xea, 0x2d,
    0x0, 0xfd, 0xbc, 0x1, 0xc0,

    /* U+2191 "↑" */
    0x0, 0xd2, 0x60, 0x1c, 0x38, 0xd8, 0x80, 0x11,
    0x60, 0xa, 0x5b, 0x1, 0x63, 0x60, 0x75, 0x4c,
    0x2a, 0x58, 0x4, 0xb6, 0xaa, 0xa0, 0xe, 0x4c,
    0x20, 0xf, 0x84, 0x3, 0xff, 0xc2,

    /* U+2192 "→" */
    0x0, 0xcb, 0x86, 0x1, 0xf2, 0xbe, 0x88, 0x7,
    0xd4, 0x14, 0x1, 0xf0, 0xea, 0xc0, 0x57, 0xff,
    0x60, 0xb9, 0xcd, 0x57, 0x84, 0xce, 0x55, 0xef,
    0xd, 0x0, 0xf3, 0xae, 0x88, 0x7, 0x1c, 0x40,
    0xc0, 0x3c, 0x5a, 0xe0, 0x10,

    /* U+2193 "↓" */
    0x0, 0xd4, 0x60, 0x1f, 0x23, 0x0, 0x7f, 0xf9,
    0x19, 0x40, 0x38, 0x68, 0xe9, 0xc0, 0x21, 0xc6,
    0x5a, 0x88, 0x6, 0xfb, 0x60, 0x2d, 0xb0, 0xbb,
    0xac, 0x2, 0x4c, 0x18, 0x90, 0xe, 0x2e, 0x70,
    0x8,

    /* U+2194 "↔" */
    0x0, 0x87, 0x1c, 0x1, 0x70, 0x1, 0xed, 0x17,
    0x0, 0x7b, 0xb0, 0x6, 0x93, 0xf0, 0x9, 0x1e,
    0x4c, 0x0, 0xad, 0x64, 0x1, 0xa1, 0x74, 0x45,
    0x41, 0x7f, 0xfe, 0x51, 0xb1, 0x50, 0x9a, 0xaf,
    0x28, 0x48, 0x51, 0x52, 0xaf, 0x32, 0xc1, 0x80,
    0x3c, 0xa4, 0x2, 0x1d, 0x57, 0x0, 0x8a, 0x99,
    0x80, 0xd, 0x3a, 0x0, 0xe4, 0xd4, 0x0, 0x76,
    0x0, 0x40,

    /* U+2195 "↕" */
    0x0, 0xc4, 0x1, 0xf2, 0xed, 0x80, 0x73, 0xd0,
    0x2e, 0x8, 0x2, 0x62, 0x86, 0x3, 0xc9, 0x9f,
    0x14, 0xf, 0x13, 0xcf, 0xc, 0x3, 0x55, 0x14,
    0x80, 0x3c, 0xe0, 0x1f, 0xfe, 0x12, 0x0, 0xf8,
    0xd6, 0xc0, 0x39, 0x79, 0x5b, 0x44, 0x0, 0xf5,
    0x42, 0xc1, 0xc1, 0x98, 0xa7, 0x1, 0xc7, 0x2,
    0xc5, 0x0, 0xd5, 0x1e, 0x60, 0x0,

    /* U+2196 "↖" */
    0xe, 0xef, 0x40, 0x0, 0x44, 0xf7, 0x76, 0x88,
    0x1, 0x18, 0x55, 0x61, 0x0, 0x7b, 0xda, 0x0,
    0x7a, 0x1e, 0xd0, 0x3, 0xd0, 0xf6, 0x80, 0x3,
    0x0, 0xa1, 0xed, 0x3, 0x58, 0x2, 0x87, 0x20,

    /* U+2197 "↗" */
    0x3, 0xde, 0xee, 0x60, 0x78, 0xbb, 0x40, 0x88,
    0x0, 0x8a, 0xa4, 0xb2, 0x10, 0xc, 0x38, 0x18,
    0x1, 0x87, 0x3, 0x4, 0x2, 0x1c, 0xc, 0x10,
    0x8, 0x70, 0x30, 0x40, 0x25, 0x36, 0xc1, 0x0,
    0xb4, 0xc0,

    /* U+2198 "↘" */
    0x1a, 0x0, 0xe2, 0x0, 0x26, 0x0, 0x6f, 0x21,
    0xf1, 0xc0, 0x8, 0xd0, 0x7, 0x7, 0x0, 0x3c,
    0x38, 0x38, 0x1, 0xe1, 0xc1, 0xc0, 0x8, 0xd1,
    0xb, 0x66, 0x20, 0x7, 0xbb, 0xa4, 0x2,

    /* U+2199 "↙" */
    0x0, 0x8, 0x6, 0x75, 0xb, 0x50, 0x9, 0xe0,
    0xc1, 0x0, 0x27, 0x89, 0x60, 0xc, 0xf1, 0x2c,
    0x1, 0x9e, 0x29, 0x80, 0x37, 0x45, 0x28, 0x7,
    0x2b, 0xa, 0x24, 0x20, 0x13, 0x5d, 0xda, 0x20,

    /* U+2500 "─" */
    0x3a, 0xaf, 0xe9, 0x75, 0x5f, 0xe7,

    /* U+2550 "═" */
    0x28, 0x8f, 0xe7, 0x7f, 0xfa, 0x57, 0xbb, 0xfc,
    0x2, 0x3f, 0xc0, 0xbf, 0xff, 0xdc, 0xec, 0xdf,
    0xe0,

    /* U+2551 "║" */
    0x9f, 0x8, 0xf1, 0x0, 0xff, 0xff, 0x80, 0x7f,
    0xfc, 0xea, 0x42, 0xe4, 0x40,

    /* U+2554 "╔" */
    0x58, 0x8f, 0x36, 0x3b, 0xfa, 0x80, 0x1d, 0xdd,
    0x80, 0x1, 0x1e, 0x0, 0xd1, 0xff, 0x60, 0x7,
    0x33, 0x2c, 0x3, 0xa2, 0x5c, 0x3, 0xff, 0xe9,
    0xb0, 0x19, 0x2, 0x0,

    /* U+2557 "╗" */
    0x28, 0x8f, 0x81, 0xdf, 0xf0, 0xaf, 0x77, 0x38,
    0x4, 0x23, 0xc0, 0x12, 0xff, 0xe0, 0xc, 0xec,
    0xc2, 0x0, 0xe2, 0x99, 0x20, 0x7, 0xff, 0xfc,
    0x3, 0xb6, 0x3, 0x20, 0x40,

    /* U+255A "╚" */
    0x12, 0x1, 0x20, 0xa, 0x34, 0x27, 0x44, 0x3,
    0xff, 0xf7, 0x10, 0x60, 0xe, 0x67, 0xa0, 0xa,
    0x3b, 0xac, 0x0, 0xc2, 0x30, 0x5, 0xff, 0xd9,
    0x86, 0x6f, 0x58,

    /* U+255D "╝" */
    0x0, 0x84, 0x80, 0x48, 0x3, 0x46, 0x84, 0xe8,
    0x80, 0x7f, 0xff, 0xa, 0x20, 0xa0, 0x1c, 0xef,
    0x18, 0x7, 0x2f, 0x76, 0x0, 0xe1, 0x1c, 0x1,
    0x97, 0xff, 0x9c, 0x0, 0xec, 0xdf, 0x8,

    /* U+2588 "█" */
    0x22, 0xfe, 0x1d, 0xdf, 0xe8, 0x0, 0xff, 0xff,
    0x80, 0x7f, 0xff, 0xc0, 0x3f, 0xfc, 0xc0,

    /* U+2594 "▔" */
    0x88, 0xfe, 0x57, 0x7f, 0xec, 0x0, 0xff, 0x77,
    0x7f, 0x48,

    /* U+25A0 "■" */
    0x99, 0xfe, 0x56, 0x6f, 0xec, 0x0, 0xff, 0xff,
    0x80, 0x77, 0xff, 0xf4, 0x80
};


/*---------------------
 *  GLYPH DESCRIPTION
 *--------------------*/

static const lv_font_fmt_txt_glyph_dsc_t glyph_dsc[] = {
    {.bitmap_index = 0, .adv_w = 0, .box_w = 0, .box_h = 0, .ofs_x = 0, .ofs_y = 0} /* id = 0 reserved */,
    {.bitmap_index = 0, .adv_w = 154, .box_w = 0, .box_h = 0, .ofs_x = 0, .ofs_y = 0},
    {.bitmap_index = 0, .adv_w = 154, .box_w = 3, .box_h = 12, .ofs_x = 3, .ofs_y = 0},
    {.bitmap_index = 16, .adv_w = 154, .box_w = 6, .box_h = 5, .ofs_x = 2, .ofs_y = 7},
    {.bitmap_index = 30, .adv_w = 154, .box_w = 10, .box_h = 12, .ofs_x = 0, .ofs_y = 0},
    {.bitmap_index = 89, .adv_w = 154, .box_w = 8, .box_h = 17, .ofs_x = 1, .ofs_y = -2},
    {.bitmap_index = 149, .adv_w = 154, .box_w = 10, .box_h = 12, .ofs_x = 0, .ofs_y = 0},
    {.bitmap_index = 207, .adv_w = 154, .box_w = 10, .box_h = 12, .ofs_x = 0, .ofs_y = 0},
    {.bitmap_index = 264, .adv_w = 154, .box_w = 3, .box_h = 5, .ofs_x = 3, .ofs_y = 7},
    {.bitmap_index = 271, .adv_w = 154, .box_w = 6, .box_h = 16, .ofs_x = 2, .ofs_y = -2},
    {.bitmap_index = 308, .adv_w = 154, .box_w = 6, .box_h = 16, .ofs_x = 1, .ofs_y = -2},
    {.bitmap_index = 349, .adv_w = 154, .box_w = 10, .box_h = 9, .ofs_x = 0, .ofs_y = 1},
    {.bitmap_index = 389, .adv_w = 154, .box_w = 8, .box_h = 8, .ofs_x = 1, .ofs_y = 1},
    {.bitmap_index = 411, .adv_w = 154, .box_w = 3, .box_h = 5, .ofs_x = 3, .ofs_y = -3},
    {.bitmap_index = 419, .adv_w = 154, .box_w = 6, .box_h = 3, .ofs_x = 2, .ofs_y = 4},
    {.bitmap_index = 426, .adv_w = 154, .box_w = 4, .box_h = 3, .ofs_x = 3, .ofs_y = 0},
    {.bitmap_index = 433, .adv_w = 154, .box_w = 8, .box_h = 15, .ofs_x = 1, .ofs_y = -2},
    {.bitmap_index = 479, .adv_w = 154, .box_w = 8, .box_h = 12, .ofs_x = 1, .ofs_y = 0},
    {.bitmap_index = 521, .adv_w = 154, .box_w = 8, .box_h = 12, .ofs_x = 1, .ofs_y = 0},
    {.bitmap_index = 547, .adv_w = 154, .box_w = 8, .box_h = 12, .ofs_x = 1, .ofs_y = 0},
    {.bitmap_index = 592, .adv_w = 154, .box_w = 8, .box_h = 12, .ofs_x = 1, .ofs_y = 0},
    {.bitmap_index = 635, .adv_w = 154, .box_w = 7, .box_h = 12, .ofs_x = 1, .ofs_y = 0},
    {.bitmap_index = 672, .adv_w = 154, .box_w = 8, .box_h = 12, .ofs_x = 1, .ofs_y = 0},
    {.bitmap_index = 712, .adv_w = 154, .box_w = 8, .box_h = 12, .ofs_x = 1, .ofs_y = 0},
    {.bitmap_index = 757, .adv_w = 154, .box_w = 8, .box_h = 12, .ofs_x = 1, .ofs_y = 0},
    {.bitmap_index = 796, .adv_w = 154, .box_w = 8, .box_h = 12, .ofs_x = 1, .ofs_y = 0},
    {.bitmap_index = 843, .adv_w = 154, .box_w = 8, .box_h = 12, .ofs_x = 1, .ofs_y = 0},
    {.bitmap_index = 888, .adv_w = 154, .box_w = 4, .box_h = 9, .ofs_x = 3, .ofs_y = 0},
    {.bitmap_index = 904, .adv_w = 154, .box_w = 4, .box_h = 12, .ofs_x = 3, .ofs_y = -3},
    {.bitmap_index = 925, .adv_w = 154, .box_w = 8, .box_h = 9, .ofs_x = 1, .ofs_y = 1},
    {.bitmap_index = 958, .adv_w = 154, .box_w = 8, .box_h = 7, .ofs_x = 1, .ofs_y = 2},
    {.bitmap_index = 975, .adv_w = 154, .box_w = 8, .box_h = 9, .ofs_x = 1, .ofs_y = 1},
    {.bitmap_index = 1007, .adv_w = 154, .box_w = 6, .box_h = 12, .ofs_x = 2, .ofs_y = 0},
    {.bitmap_index = 1043, .adv_w = 154, .box_w = 9, .box_h = 15, .ofs_x = 0, .ofs_y = -3},
    {.bitmap_index = 1103, .adv_w = 154, .box_w = 9, .box_h = 12, .ofs_x = 0, .ofs_y = 0},
    {.bitmap_index = 1152, .adv_w = 154, .box_w = 8, .box_h = 12, .ofs_x = 1, .ofs_y = 0},
    {.bitmap_index = 1197, .adv_w = 154, .box_w = 8, .box_h = 12, .ofs_x = 1, .ofs_y = 0},
    {.bitmap_index = 1233, .adv_w = 154, .box_w = 8, .box_h = 12, .ofs_x = 1, .ofs_y = 0},
    {.bitmap_index = 1265, .adv_w = 154, .box_w = 8, .box_h = 12, .ofs_x = 1, .ofs_y = 0},
    {.bitmap_index = 1296, .adv_w = 154, .box_w = 8, .box_h = 12, .ofs_x = 1, .ofs_y = 0},
    {.bitmap_index = 1323, .adv_w = 154, .box_w = 8, .box_h = 12, .ofs_x = 1, .ofs_y = 0},
    {.bitmap_index = 1367, .adv_w = 154, .box_w = 8, .box_h = 12, .ofs_x = 1, .ofs_y = 0},
    {.bitmap_index = 1389, .adv_w = 154, .box_w = 7, .box_h = 12, .ofs_x = 1, .ofs_y = 0},
    {.bitmap_index = 1410, .adv_w = 154, .box_w = 8, .box_h = 12, .ofs_x = 0, .ofs_y = 0},
    {.bitmap_index = 1431, .adv_w = 154, .box_w = 8, .box_h = 12, .ofs_x = 1, .ofs_y = 0},
    {.bitmap_index = 1471, .adv_w = 154, .box_w = 7, .box_h = 12, .ofs_x = 2, .ofs_y = 0},
    {.bitmap_index = 1481, .adv_w = 154, .box_w = 8, .box_h = 12, .ofs_x = 1, .ofs_y = 0},
    {.bitmap_index = 1513, .adv_w = 154, .box_w = 8, .box_h = 12, .ofs_x = 1, .ofs_y = 0},
    {.bitmap_index = 1549, .adv_w = 154, .box_w = 8, .box_h = 12, .ofs_x = 1, .ofs_y = 0},
    {.bitmap_index = 1583, .adv_w = 154, .box_w = 8, .box_h = 12, .ofs_x = 1, .ofs_y = 0},
    {.bitmap_index = 1618, .adv_w = 154, .box_w = 8, .box_h = 15, .ofs_x = 1, .ofs_y = -3},
    {.bitmap_index = 1662, .adv_w = 154, .box_w = 8, .box_h = 12, .ofs_x = 1, .ofs_y = 0},
    {.bitmap_index = 1704, .adv_w = 154, .box_w = 8, .box_h = 12, .ofs_x = 1, .ofs_y = 0},
    {.bitmap_index = 1752, .adv_w = 154, .box_w = 9, .box_h = 12, .ofs_x = 0, .ofs_y = 0},
    {.bitmap_index = 1769, .adv_w = 154, .box_w = 8, .box_h = 12, .ofs_x = 1, .ofs_y = 0},
    {.bitmap_index = 1791, .adv_w = 154, .box_w = 9, .box_h = 12, .ofs_x = 0, .ofs_y = 0},
    {.bitmap_index = 1842, .adv_w = 154, .box_w = 10, .box_h = 12, .ofs_x = 0, .ofs_y = 0},
    {.bitmap_index = 1903, .adv_w = 154, .box_w = 9, .box_h = 12, .ofs_x = 0, .ofs_y = 0},
    {.bitmap_index = 1953, .adv_w = 154, .box_w = 10, .box_h = 12, .ofs_x = 0, .ofs_y = 0},
    {.bitmap_index = 1993, .adv_w = 154, .box_w = 8, .box_h = 12, .ofs_x = 1, .ofs_y = 0},
    {.bitmap_index = 2032, .adv_w = 154, .box_w = 5, .box_h = 17, .ofs_x = 3, .ofs_y = -3},
    {.bitmap_index = 2048, .adv_w = 154, .box_w = 8, .box_h = 15, .ofs_x = 1, .ofs_y = -2},
    {.bitmap_index = 2092, .adv_w = 154, .box_w = 5, .box_h = 17, .ofs_x = 2, .ofs_y = -3},
    {.bitmap_index = 2108, .adv_w = 154, .box_w = 8, .box_h = 7, .ofs_x = 1, .ofs_y = 5},
    {.bitmap_index = 2134, .adv_w = 154, .box_w = 9, .box_h = 3, .ofs_x = 0, .ofs_y = -2},
    {.bitmap_index = 2142, .adv_w = 154, .box_w = 4, .box_h = 3, .ofs_x = 2, .ofs_y = 10},
    {.bitmap_index = 2149, .adv_w = 154, .box_w = 8, .box_h = 9, .ofs_x = 1, .ofs_y = 0},
    {.bitmap_index = 2185, .adv_w = 154, .box_w = 8, .box_h = 12, .ofs_x = 1, .ofs_y = 0},
    {.bitmap_index = 2220, .adv_w = 154, .box_w = 8, .box_h = 9, .ofs_x = 1, .ofs_y = 0},
    {.bitmap_index = 2251, .adv_w = 154, .box_w = 8, .box_h = 12, .ofs_x = 1, .ofs_y = 0},
    {.bitmap_index = 2289, .adv_w = 154, .box_w = 8, .box_h = 9, .ofs_x = 1, .ofs_y = 0},
    {.bitmap_index = 2324, .adv_w = 154, .box_w = 9, .box_h = 12, .ofs_x = 0, .ofs_y = 0},
    {.bitmap_index = 2357, .adv_w = 154, .box_w = 8, .box_h = 12, .ofs_x = 1, .ofs_y = -3},
    {.bitmap_index = 2402, .adv_w = 154, .box_w = 8, .box_h = 12, .ofs_x = 1, .ofs_y = 0},
    {.bitmap_index = 2425, .adv_w = 154, .box_w = 8, .box_h = 13, .ofs_x = 1, .ofs_y = 0},
    {.bitmap_index = 2457, .adv_w = 154, .box_w = 7, .box_h = 16, .ofs_x = 1, .ofs_y = -3},
    {.bitmap_index = 2490, .adv_w = 154, .box_w = 8, .box_h = 12, .ofs_x = 1, .ofs_y = 0},
    {.bitmap_index = 2522, .adv_w = 154, .box_w = 9, .box_h = 12, .ofs_x = 0, .ofs_y = 0},
    {.bitmap_index = 2542, .adv_w = 154, .box_w = 9, .box_h = 9, .ofs_x = 0, .ofs_y = 0},
    {.bitmap_index = 2559, .adv_w = 154, .box_w = 8, .box_h = 9, .ofs_x = 1, .ofs_y = 0},
    {.bitmap_index = 2578, .adv_w = 154, .box_w = 8, .box_h = 9, .ofs_x = 1, .ofs_y = 0},
    {.bitmap_index = 2611, .adv_w = 154, .box_w = 8, .box_h = 12, .ofs_x = 1, .ofs_y = -3},
    {.bitmap_index = 2648, .adv_w = 154, .box_w = 8, .box_h = 12, .ofs_x = 1, .ofs_y = -3},
    {.bitmap_index = 2686, .adv_w = 154, .box_w = 8, .box_h = 9, .ofs_x = 1, .ofs_y = 0},
    {.bitmap_index = 2708, .adv_w = 154, .box_w = 8, .box_h = 9, .ofs_x = 1, .ofs_y = 0},
    {.bitmap_index = 2745, .adv_w = 154, .box_w = 9, .box_h = 12, .ofs_x = 0, .ofs_y = 0},
    {.bitmap_index = 2778, .adv_w = 154, .box_w = 8, .box_h = 9, .ofs_x = 1, .ofs_y = 0},
    {.bitmap_index = 2800, .adv_w = 154, .box_w = 9, .box_h = 9, .ofs_x = 0, .ofs_y = 0},
    {.bitmap_index = 2838, .adv_w = 154, .box_w = 10, .box_h = 9, .ofs_x = 0, .ofs_y = 0},
    {.bitmap_index = 2885, .adv_w = 154, .box_w = 9, .box_h = 9, .ofs_x = 0, .ofs_y = 0},
    {.bitmap_index = 2924, .adv_w = 154, .box_w = 9, .box_h = 12, .ofs_x = 0, .ofs_y = -3},
    {.bitmap_index = 2970, .adv_w = 154, .box_w = 8, .box_h = 9, .ofs_x = 1, .ofs_y = 0},
    {.bitmap_index = 3001, .adv_w = 154, .box_w = 8, .box_h = 17, .ofs_x = 1, .ofs_y = -3},
    {.bitmap_index = 3052, .adv_w = 154, .box_w = 2, .box_h = 15, .ofs_x = 4, .ofs_y = -2},
    {.bitmap_index = 3057, .adv_w = 154, .box_w = 8, .box_h = 17, .ofs_x = 1, .ofs_y = -3},
    {.bitmap_index = 3113, .adv_w = 154, .box_w = 8, .box_h = 4, .ofs_x = 1, .ofs_y = 3},
    {.bitmap_index = 3129, .adv_w = 154, .box_w = 0, .box_h = 0, .ofs_x = 0, .ofs_y = 0},
    {.bitmap_index = 3129, .adv_w = 154, .box_w = 3, .box_h = 12, .ofs_x = 3, .ofs_y = -3},
    {.bitmap_index = 3144, .adv_w = 154, .box_w = 8, .box_h = 14, .ofs_x = 1, .ofs_y = -2},
    {.bitmap_index = 3190, .adv_w = 154, .box_w = 8, .box_h = 12, .ofs_x = 1, .ofs_y = 0},
    {.bitmap_index = 3234, .adv_w = 154, .box_w = 9, .box_h = 9, .ofs_x = 0, .ofs_y = 1},
    {.bitmap_index = 3273, .adv_w = 154, .box_w = 10, .box_h = 12, .ofs_x = 0, .ofs_y = 0},
    {.bitmap_index = 3331, .adv_w = 154, .box_w = 2, .box_h = 16, .ofs_x = 4, .ofs_y = -2},
    {.bitmap_index = 3342, .adv_w = 154, .box_w = 8, .box_h = 15, .ofs_x = 1, .ofs_y = -3},
    {.bitmap_index = 3403, .adv_w = 154, .box_w = 6, .box_h = 3, .ofs_x = 2, .ofs_y = 10},
    {.bitmap_index = 3410, .adv_w = 154, .box_w = 9, .box_h = 10, .ofs_x = 0, .ofs_y = 2},
    {.bitmap_index = 3453, .adv_w = 154, .box_w = 5, .box_h = 5, .ofs_x = 2, .ofs_y = 7},
    {.bitmap_index = 3466, .adv_w = 154, .box_w = 10, .box_h = 8, .ofs_x = 0, .ofs_y = 1},
    {.bitmap_index = 3506, .adv_w = 154, .box_w = 7, .box_h = 5, .ofs_x = 1, .ofs_y = 2},
    {.bitmap_index = 3519, .adv_w = 154, .box_w = 6, .box_h = 3, .ofs_x = 2, .ofs_y = 4},
    {.bitmap_index = 3526, .adv_w = 154, .box_w = 9, .box_h = 10, .ofs_x = 0, .ofs_y = 2},
    {.bitmap_index = 3571, .adv_w = 154, .box_w = 6, .box_h = 3, .ofs_x = 2, .ofs_y = 10},
    {.bitmap_index = 3578, .adv_w = 154, .box_w = 6, .box_h = 5, .ofs_x = 2, .ofs_y = 7},
    {.bitmap_index = 3594, .adv_w = 154, .box_w = 8, .box_h = 9, .ofs_x = 1, .ofs_y = 0},
    {.bitmap_index = 3622, .adv_w = 154, .box_w = 6, .box_h = 7, .ofs_x = 2, .ofs_y = 6},
    {.bitmap_index = 3644, .adv_w = 154, .box_w = 6, .box_h = 7, .ofs_x = 2, .ofs_y = 6},
    {.bitmap_index = 3665, .adv_w = 154, .box_w = 4, .box_h = 3, .ofs_x = 3, .ofs_y = 10},
    {.bitmap_index = 3672, .adv_w = 154, .box_w = 8, .box_h = 12, .ofs_x = 1, .ofs_y = -3},
    {.bitmap_index = 3696, .adv_w = 154, .box_w = 8, .box_h = 15, .ofs_x = 1, .ofs_y = -3},
    {.bitmap_index = 3720, .adv_w = 154, .box_w = 4, .box_h = 3, .ofs_x = 3, .ofs_y = 4},
    {.bitmap_index = 3727, .adv_w = 154, .box_w = 4, .box_h = 4, .ofs_x = 3, .ofs_y = -3},
    {.bitmap_index = 3736, .adv_w = 154, .box_w = 6, .box_h = 7, .ofs_x = 2, .ofs_y = 6},
    {.bitmap_index = 3752, .adv_w = 154, .box_w = 5, .box_h = 5, .ofs_x = 2, .ofs_y = 7},
    {.bitmap_index = 3765, .adv_w = 154, .box_w = 10, .box_h = 8, .ofs_x = 0, .ofs_y = 1},
    {.bitmap_index = 3804, .adv_w = 154, .box_w = 10, .box_h = 12, .ofs_x = 0, .ofs_y = 0},
    {.bitmap_index = 3860, .adv_w = 154, .box_w = 10, .box_h = 12, .ofs_x = 0, .ofs_y = 0},
    {.bitmap_index = 3916, .adv_w = 154, .box_w = 10, .box_h = 12, .ofs_x = 0, .ofs_y = 0},
    {.bitmap_index = 3975, .adv_w = 154, .box_w = 7, .box_h = 12, .ofs_x = 1, .ofs_y = -3},
    {.bitmap_index = 4013, .adv_w = 154, .box_w = 9, .box_h = 16, .ofs_x = 0, .ofs_y = 0},
    {.bitmap_index = 4075, .adv_w = 154, .box_w = 9, .box_h = 16, .ofs_x = 0, .ofs_y = 0},
    {.bitmap_index = 4136, .adv_w = 154, .box_w = 9, .box_h = 16, .ofs_x = 0, .ofs_y = 0},
    {.bitmap_index = 4200, .adv_w = 154, .box_w = 9, .box_h = 15, .ofs_x = 0, .ofs_y = 0},
    {.bitmap_index = 4262, .adv_w = 154, .box_w = 9, .box_h = 16, .ofs_x = 0, .ofs_y = 0},
    {.bitmap_index = 4323, .adv_w = 154, .box_w = 9, .box_h = 16, .ofs_x = 0, .ofs_y = 0},
    {.bitmap_index = 4384, .adv_w = 154, .box_w = 10, .box_h = 12, .ofs_x = 0, .ofs_y = 0},
    {.bitmap_index = 4440, .adv_w = 154, .box_w = 8, .box_h = 15, .ofs_x = 1, .ofs_y = -3},
    {.bitmap_index = 4488, .adv_w = 154, .box_w = 8, .box_h = 16, .ofs_x = 1, .ofs_y = 0},
    {.bitmap_index = 4531, .adv_w = 154, .box_w = 8, .box_h = 16, .ofs_x = 1, .ofs_y = 0},
    {.bitmap_index = 4574, .adv_w = 154, .box_w = 8, .box_h = 16, .ofs_x = 1, .ofs_y = 0},
    {.bitmap_index = 4620, .adv_w = 154, .box_w = 8, .box_h = 16, .ofs_x = 1, .ofs_y = 0},
    {.bitmap_index = 4665, .adv_w = 154, .box_w = 7, .box_h = 16, .ofs_x = 1, .ofs_y = 0},
    {.bitmap_index = 4698, .adv_w = 154, .box_w = 7, .box_h = 16, .ofs_x = 1, .ofs_y = 0},
    {.bitmap_index = 4731, .adv_w = 154, .box_w = 7, .box_h = 16, .ofs_x = 1, .ofs_y = 0},
    {.bitmap_index = 4765, .adv_w = 154, .box_w = 7, .box_h = 16, .ofs_x = 1, .ofs_y = 0},
    {.bitmap_index = 4797, .adv_w = 154, .box_w = 9, .box_h = 12, .ofs_x = 0, .ofs_y = 0},
    {.bitmap_index = 4841, .adv_w = 154, .box_w = 8, .box_h = 15, .ofs_x = 1, .ofs_y = 0},
    {.bitmap_index = 4889, .adv_w = 154, .box_w = 8, .box_h = 16, .ofs_x = 1, .ofs_y = 0},
    {.bitmap_index = 4935, .adv_w = 154, .box_w = 8, .box_h = 16, .ofs_x = 1, .ofs_y = 0},
    {.bitmap_index = 4981, .adv_w = 154, .box_w = 8, .box_h = 16, .ofs_x = 1, .ofs_y = 0},
    {.bitmap_index = 5030, .adv_w = 154, .box_w = 8, .box_h = 15, .ofs_x = 1, .ofs_y = 0},
    {.bitmap_index = 5076, .adv_w = 154, .box_w = 8, .box_h = 16, .ofs_x = 1, .ofs_y = 0},
    {.bitmap_index = 5122, .adv_w = 154, .box_w = 7, .box_h = 7, .ofs_x = 1, .ofs_y = 2},
    {.bitmap_index = 5147, .adv_w = 154, .box_w = 10, .box_h = 13, .ofs_x = 0, .ofs_y = -1},
    {.bitmap_index = 5206, .adv_w = 154, .box_w = 8, .box_h = 16, .ofs_x = 1, .ofs_y = 0},
    {.bitmap_index = 5240, .adv_w = 154, .box_w = 8, .box_h = 16, .ofs_x = 1, .ofs_y = 0},
    {.bitmap_index = 5274, .adv_w = 154, .box_w = 8, .box_h = 16, .ofs_x = 1, .ofs_y = 0},
    {.bitmap_index = 5311, .adv_w = 154, .box_w = 8, .box_h = 16, .ofs_x = 1, .ofs_y = 0},
    {.bitmap_index = 5345, .adv_w = 154, .box_w = 10, .box_h = 16, .ofs_x = 0, .ofs_y = 0},
    {.bitmap_index = 5398, .adv_w = 154, .box_w = 8, .box_h = 12, .ofs_x = 1, .ofs_y = 0},
    {.bitmap_index = 5432, .adv_w = 154, .box_w = 8, .box_h = 12, .ofs_x = 1, .ofs_y = 0},
    {.bitmap_index = 5476, .adv_w = 154, .box_w = 8, .box_h = 13, .ofs_x = 1, .ofs_y = 0},
    {.bitmap_index = 5524, .adv_w = 154, .box_w = 8, .box_h = 13, .ofs_x = 1, .ofs_y = 0},
    {.bitmap_index = 5571, .adv_w = 154, .box_w = 8, .box_h = 13, .ofs_x = 1, .ofs_y = 0},
    {.bitmap_index = 5623, .adv_w = 154, .box_w = 8, .box_h = 13, .ofs_x = 1, .ofs_y = 0},
    {.bitmap_index = 5672, .adv_w = 154, .box_w = 8, .box_h = 13, .ofs_x = 1, .ofs_y = 0},
    {.bitmap_index = 5721, .adv_w = 154, .box_w = 8, .box_h = 14, .ofs_x = 1, .ofs_y = 0},
    {.bitmap_index = 5773, .adv_w = 154, .box_w = 10, .box_h = 9, .ofs_x = 0, .ofs_y = 0},
    {.bitmap_index = 5819, .adv_w = 154, .box_w = 8, .box_h = 12, .ofs_x = 1, .ofs_y = -3},
    {.bitmap_index = 5862, .adv_w = 154, .box_w = 8, .box_h = 13, .ofs_x = 1, .ofs_y = 0},
    {.bitmap_index = 5909, .adv_w = 154, .box_w = 8, .box_h = 13, .ofs_x = 1, .ofs_y = 0},
    {.bitmap_index = 5955, .adv_w = 154, .box_w = 8, .box_h = 13, .ofs_x = 1, .ofs_y = 0},
    {.bitmap_index = 6005, .adv_w = 154, .box_w = 8, .box_h = 13, .ofs_x = 1, .ofs_y = 0},
    {.bitmap_index = 6051, .adv_w = 154, .box_w = 8, .box_h = 13, .ofs_x = 1, .ofs_y = 0},
    {.bitmap_index = 6084, .adv_w = 154, .box_w = 8, .box_h = 13, .ofs_x = 1, .ofs_y = 0},
    {.bitmap_index = 6118, .adv_w = 154, .box_w = 8, .box_h = 13, .ofs_x = 1, .ofs_y = 0},
    {.bitmap_index = 6154, .adv_w = 154, .box_w = 8, .box_h = 13, .ofs_x = 1, .ofs_y = 0},
    {.bitmap_index = 6189, .adv_w = 154, .box_w = 8, .box_h = 13, .ofs_x = 1, .ofs_y = 0},
    {.bitmap_index = 6239, .adv_w = 154, .box_w = 8, .box_h = 13, .ofs_x = 1, .ofs_y = 0},
    {.bitmap_index = 6272, .adv_w = 154, .box_w = 8, .box_h = 13, .ofs_x = 1, .ofs_y = 0},
    {.bitmap_index = 6317, .adv_w = 154, .box_w = 8, .box_h = 13, .ofs_x = 1, .ofs_y = 0},
    {.bitmap_index = 6361, .adv_w = 154, .box_w = 8, .box_h = 13, .ofs_x = 1, .ofs_y = 0},
    {.bitmap_index = 6410, .adv_w = 154, .box_w = 8, .box_h = 13, .ofs_x = 1, .ofs_y = 0},
    {.bitmap_index = 6456, .adv_w = 154, .box_w = 8, .box_h = 13, .ofs_x = 1, .ofs_y = 0},
    {.bitmap_index = 6500, .adv_w = 154, .box_w = 7, .box_h = 9, .ofs_x = 1, .ofs_y = 1},
    {.bitmap_index = 6527, .adv_w = 154, .box_w = 10, .box_h = 11, .ofs_x = 0, .ofs_y = -1},
    {.bitmap_index = 6580, .adv_w = 154, .box_w = 8, .box_h = 13, .ofs_x = 1, .ofs_y = 0},
    {.bitmap_index = 6614, .adv_w = 154, .box_w = 8, .box_h = 13, .ofs_x = 1, .ofs_y = 0},
    {.bitmap_index = 6648, .adv_w = 154, .box_w = 8, .box_h = 13, .ofs_x = 1, .ofs_y = 0},
    {.bitmap_index = 6686, .adv_w = 154, .box_w = 8, .box_h = 13, .ofs_x = 1, .ofs_y = 0},
    {.bitmap_index = 6720, .adv_w = 154, .box_w = 9, .box_h = 16, .ofs_x = 0, .ofs_y = -3},
    {.bitmap_index = 6779, .adv_w = 154, .box_w = 8, .box_h = 15, .ofs_x = 1, .ofs_y = -3},
    {.bitmap_index = 6821, .adv_w = 154, .box_w = 9, .box_h = 16, .ofs_x = 0, .ofs_y = -3},
    {.bitmap_index = 6880, .adv_w = 154, .box_w = 9, .box_h = 15, .ofs_x = 0, .ofs_y = 0},
    {.bitmap_index = 6940, .adv_w = 154, .box_w = 8, .box_h = 12, .ofs_x = 1, .ofs_y = 0},
    {.bitmap_index = 6986, .adv_w = 154, .box_w = 9, .box_h = 16, .ofs_x = 0, .ofs_y = 0},
    {.bitmap_index = 7051, .adv_w = 154, .box_w = 8, .box_h = 13, .ofs_x = 1, .ofs_y = 0},
    {.bitmap_index = 7103, .adv_w = 154, .box_w = 10, .box_h = 15, .ofs_x = 0, .ofs_y = -3},
    {.bitmap_index = 7165, .adv_w = 154, .box_w = 8, .box_h = 12, .ofs_x = 1, .ofs_y = -3},
    {.bitmap_index = 7211, .adv_w = 154, .box_w = 8, .box_h = 16, .ofs_x = 1, .ofs_y = 0},
    {.bitmap_index = 7259, .adv_w = 154, .box_w = 8, .box_h = 13, .ofs_x = 1, .ofs_y = 0},
    {.bitmap_index = 7302, .adv_w = 154, .box_w = 8, .box_h = 16, .ofs_x = 1, .ofs_y = 0},
    {.bitmap_index = 7353, .adv_w = 154, .box_w = 8, .box_h = 13, .ofs_x = 1, .ofs_y = 0},
    {.bitmap_index = 7401, .adv_w = 154, .box_w = 8, .box_h = 16, .ofs_x = 1, .ofs_y = 0},
    {.bitmap_index = 7448, .adv_w = 154, .box_w = 8, .box_h = 13, .ofs_x = 1, .ofs_y = 0},
    {.bitmap_index = 7490, .adv_w = 154, .box_w = 8, .box_h = 16, .ofs_x = 1, .ofs_y = 0},
    {.bitmap_index = 7539, .adv_w = 154, .box_w = 8, .box_h = 13, .ofs_x = 1, .ofs_y = 0},
    {.bitmap_index = 7585, .adv_w = 154, .box_w = 8, .box_h = 16, .ofs_x = 1, .ofs_y = 0},
    {.bitmap_index = 7633, .adv_w = 154, .box_w = 9, .box_h = 12, .ofs_x = 1, .ofs_y = 0},
    {.bitmap_index = 7674, .adv_w = 154, .box_w = 9, .box_h = 12, .ofs_x = 0, .ofs_y = 0},
    {.bitmap_index = 7718, .adv_w = 154, .box_w = 9, .box_h = 12, .ofs_x = 1, .ofs_y = 0},
    {.bitmap_index = 7766, .adv_w = 154, .box_w = 8, .box_h = 15, .ofs_x = 1, .ofs_y = 0},
    {.bitmap_index = 7808, .adv_w = 154, .box_w = 8, .box_h = 12, .ofs_x = 1, .ofs_y = 0},
    {.bitmap_index = 7853, .adv_w = 154, .box_w = 8, .box_h = 16, .ofs_x = 1, .ofs_y = 0},
    {.bitmap_index = 7901, .adv_w = 154, .box_w = 8, .box_h = 13, .ofs_x = 1, .ofs_y = 0},
    {.bitmap_index = 7951, .adv_w = 154, .box_w = 8, .box_h = 16, .ofs_x = 1, .ofs_y = 0},
    {.bitmap_index = 7993, .adv_w = 154, .box_w = 8, .box_h = 13, .ofs_x = 1, .ofs_y = 0},
    {.bitmap_index = 8039, .adv_w = 154, .box_w = 8, .box_h = 15, .ofs_x = 1, .ofs_y = -3},
    {.bitmap_index = 8080, .adv_w = 154, .box_w = 8, .box_h = 12, .ofs_x = 1, .ofs_y = -3},
    {.bitmap_index = 8125, .adv_w = 154, .box_w = 8, .box_h = 16, .ofs_x = 1, .ofs_y = 0},
    {.bitmap_index = 8173, .adv_w = 154, .box_w = 8, .box_h = 13, .ofs_x = 1, .ofs_y = 0},
    {.bitmap_index = 8222, .adv_w = 154, .box_w = 8, .box_h = 16, .ofs_x = 1, .ofs_y = 0},
    {.bitmap_index = 8281, .adv_w = 154, .box_w = 8, .box_h = 16, .ofs_x = 1, .ofs_y = -3},
    {.bitmap_index = 8341, .adv_w = 154, .box_w = 8, .box_h = 16, .ofs_x = 1, .ofs_y = 0},
    {.bitmap_index = 8400, .adv_w = 154, .box_w = 8, .box_h = 16, .ofs_x = 1, .ofs_y = -3},
    {.bitmap_index = 8461, .adv_w = 154, .box_w = 8, .box_h = 16, .ofs_x = 1, .ofs_y = 0},
    {.bitmap_index = 8515, .adv_w = 154, .box_w = 8, .box_h = 16, .ofs_x = 1, .ofs_y = -3},
    {.bitmap_index = 8571, .adv_w = 154, .box_w = 8, .box_h = 16, .ofs_x = 1, .ofs_y = -4},
    {.bitmap_index = 8628, .adv_w = 154, .box_w = 8, .box_h = 17, .ofs_x = 1, .ofs_y = -3},
    {.bitmap_index = 8688, .adv_w = 154, .box_w = 8, .box_h = 16, .ofs_x = 1, .ofs_y = 0},
    {.bitmap_index = 8725, .adv_w = 154, .box_w = 10, .box_h = 16, .ofs_x = -1, .ofs_y = 0},
    {.bitmap_index = 8766, .adv_w = 154, .box_w = 10, .box_h = 12, .ofs_x = 0, .ofs_y = 0},
    {.bitmap_index = 8801, .adv_w = 154, .box_w = 9, .box_h = 12, .ofs_x = 0, .ofs_y = 0},
    {.bitmap_index = 8836, .adv_w = 154, .box_w = 7, .box_h = 15, .ofs_x = 1, .ofs_y = 0},
    {.bitmap_index = 8867, .adv_w = 154, .box_w = 8, .box_h = 13, .ofs_x = 1, .ofs_y = 0},
    {.bitmap_index = 8902, .adv_w = 154, .box_w = 7, .box_h = 15, .ofs_x = 1, .ofs_y = 0},
    {.bitmap_index = 8932, .adv_w = 154, .box_w = 8, .box_h = 12, .ofs_x = 1, .ofs_y = 0},
    {.bitmap_index = 8963, .adv_w = 154, .box_w = 7, .box_h = 16, .ofs_x = 1, .ofs_y = 0},
    {.bitmap_index = 8998, .adv_w = 154, .box_w = 8, .box_h = 13, .ofs_x = 1, .ofs_y = 0},
    {.bitmap_index = 9036, .adv_w = 154, .box_w = 7, .box_h = 15, .ofs_x = 1, .ofs_y = -3},
    {.bitmap_index = 9067, .adv_w = 154, .box_w = 8, .box_h = 16, .ofs_x = 1, .ofs_y = -3},
    {.bitmap_index = 9110, .adv_w = 154, .box_w = 7, .box_h = 16, .ofs_x = 1, .ofs_y = 0},
    {.bitmap_index = 9141, .adv_w = 154, .box_w = 8, .box_h = 9, .ofs_x = 1, .ofs_y = 0},
    {.bitmap_index = 9162, .adv_w = 157, .box_w = 9, .box_h = 16, .ofs_x = 0, .ofs_y = -4},
    {.bitmap_index = 9198, .adv_w = 132, .box_w = 7, .box_h = 16, .ofs_x = 1, .ofs_y = -4},
    {.bitmap_index = 9226, .adv_w = 154, .box_w = 11, .box_h = 16, .ofs_x = 0, .ofs_y = 0},
    {.bitmap_index = 9268, .adv_w = 154, .box_w = 8, .box_h = 16, .ofs_x = 1, .ofs_y = -3},
    {.bitmap_index = 9309, .adv_w = 154, .box_w = 8, .box_h = 16, .ofs_x = 1, .ofs_y = -4},
    {.bitmap_index = 9362, .adv_w = 154, .box_w = 8, .box_h = 16, .ofs_x = 1, .ofs_y = -4},
    {.bitmap_index = 9407, .adv_w = 154, .box_w = 9, .box_h = 9, .ofs_x = 1, .ofs_y = 0},
    {.bitmap_index = 9440, .adv_w = 154, .box_w = 8, .box_h = 16, .ofs_x = 1, .ofs_y = 0},
    {.bitmap_index = 9464, .adv_w = 154, .box_w = 9, .box_h = 16, .ofs_x = 0, .ofs_y = 0},
    {.bitmap_index = 9496, .adv_w = 154, .box_w = 7, .box_h = 16, .ofs_x = 2, .ofs_y = -4},
    {.bitmap_index = 9517, .adv_w = 154, .box_w = 9, .box_h = 16, .ofs_x = 0, .ofs_y = -4},
    {.bitmap_index = 9551, .adv_w = 154, .box_w = 7, .box_h = 12, .ofs_x = 2, .ofs_y = 0},
    {.bitmap_index = 9570, .adv_w = 154, .box_w = 9, .box_h = 12, .ofs_x = 0, .ofs_y = 0},
    {.bitmap_index = 9596, .adv_w = 154, .box_w = 7, .box_h = 12, .ofs_x = 2, .ofs_y = 0},
    {.bitmap_index = 9618, .adv_w = 154, .box_w = 11, .box_h = 12, .ofs_x = 0, .ofs_y = 0},
    {.bitmap_index = 9655, .adv_w = 154, .box_w = 9, .box_h = 12, .ofs_x = 0, .ofs_y = 0},
    {.bitmap_index = 9687, .adv_w = 154, .box_w = 9, .box_h = 12, .ofs_x = 0, .ofs_y = 0},
    {.bitmap_index = 9727, .adv_w = 154, .box_w = 8, .box_h = 16, .ofs_x = 1, .ofs_y = 0},
    {.bitmap_index = 9775, .adv_w = 154, .box_w = 8, .box_h = 13, .ofs_x = 1, .ofs_y = 0},
    {.bitmap_index = 9806, .adv_w = 154, .box_w = 8, .box_h = 16, .ofs_x = 1, .ofs_y = -4},
    {.bitmap_index = 9855, .adv_w = 154, .box_w = 8, .box_h = 13, .ofs_x = 1, .ofs_y = -4},
    {.bitmap_index = 9887, .adv_w = 154, .box_w = 8, .box_h = 16, .ofs_x = 1, .ofs_y = 0},
    {.bitmap_index = 9939, .adv_w = 154, .box_w = 8, .box_h = 13, .ofs_x = 1, .ofs_y = 0},
    {.bitmap_index = 9973, .adv_w = 154, .box_w = 10, .box_h = 13, .ofs_x = -1, .ofs_y = 0},
    {.bitmap_index = 10007, .adv_w = 154, .box_w = 8, .box_h = 15, .ofs_x = 1, .ofs_y = -3},
    {.bitmap_index = 10054, .adv_w = 154, .box_w = 8, .box_h = 12, .ofs_x = 1, .ofs_y = -3},
    {.bitmap_index = 10087, .adv_w = 154, .box_w = 8, .box_h = 15, .ofs_x = 1, .ofs_y = 0},
    {.bitmap_index = 10131, .adv_w = 154, .box_w = 8, .box_h = 12, .ofs_x = 1, .ofs_y = 0},
    {.bitmap_index = 10174, .adv_w = 154, .box_w = 8, .box_h = 16, .ofs_x = 1, .ofs_y = 0},
    {.bitmap_index = 10224, .adv_w = 154, .box_w = 8, .box_h = 13, .ofs_x = 1, .ofs_y = 0},
    {.bitmap_index = 10273, .adv_w = 154, .box_w = 8, .box_h = 16, .ofs_x = 1, .ofs_y = 0},
    {.bitmap_index = 10323, .adv_w = 154, .box_w = 8, .box_h = 13, .ofs_x = 1, .ofs_y = 0},
    {.bitmap_index = 10372, .adv_w = 154, .box_w = 10, .box_h = 12, .ofs_x = 0, .ofs_y = 0},
    {.bitmap_index = 10420, .adv_w = 154, .box_w = 10, .box_h = 9, .ofs_x = 0, .ofs_y = 0},
    {.bitmap_index = 10461, .adv_w = 154, .box_w = 8, .box_h = 16, .ofs_x = 1, .ofs_y = 0},
    {.bitmap_index = 10515, .adv_w = 154, .box_w = 8, .box_h = 13, .ofs_x = 1, .ofs_y = 0},
    {.bitmap_index = 10550, .adv_w = 154, .box_w = 8, .box_h = 16, .ofs_x = 1, .ofs_y = -4},
    {.bitmap_index = 10605, .adv_w = 154, .box_w = 9, .box_h = 13, .ofs_x = 0, .ofs_y = -4},
    {.bitmap_index = 10640, .adv_w = 154, .box_w = 8, .box_h = 16, .ofs_x = 1, .ofs_y = 0},
    {.bitmap_index = 10698, .adv_w = 154, .box_w = 8, .box_h = 13, .ofs_x = 1, .ofs_y = 0},
    {.bitmap_index = 10735, .adv_w = 154, .box_w = 8, .box_h = 16, .ofs_x = 1, .ofs_y = 0},
    {.bitmap_index = 10794, .adv_w = 154, .box_w = 8, .box_h = 13, .ofs_x = 1, .ofs_y = 0},
    {.bitmap_index = 10843, .adv_w = 154, .box_w = 8, .box_h = 16, .ofs_x = 1, .ofs_y = 0},
    {.bitmap_index = 10906, .adv_w = 154, .box_w = 8, .box_h = 13, .ofs_x = 1, .ofs_y = 0},
    {.bitmap_index = 10959, .adv_w = 154, .box_w = 8, .box_h = 15, .ofs_x = 1, .ofs_y = -3},
    {.bitmap_index = 11018, .adv_w = 154, .box_w = 8, .box_h = 12, .ofs_x = 1, .ofs_y = -3},
    {.bitmap_index = 11066, .adv_w = 154, .box_w = 8, .box_h = 16, .ofs_x = 1, .ofs_y = 0},
    {.bitmap_index = 11128, .adv_w = 154, .box_w = 8, .box_h = 13, .ofs_x = 1, .ofs_y = 0},
    {.bitmap_index = 11179, .adv_w = 154, .box_w = 9, .box_h = 15, .ofs_x = 0, .ofs_y = -3},
    {.bitmap_index = 11205, .adv_w = 154, .box_w = 9, .box_h = 15, .ofs_x = 0, .ofs_y = -3},
    {.bitmap_index = 11250, .adv_w = 154, .box_w = 9, .box_h = 16, .ofs_x = 0, .ofs_y = 0},
    {.bitmap_index = 11283, .adv_w = 154, .box_w = 9, .box_h = 13, .ofs_x = 0, .ofs_y = 0},
    {.bitmap_index = 11322, .adv_w = 154, .box_w = 9, .box_h = 12, .ofs_x = 0, .ofs_y = 0},
    {.bitmap_index = 11353, .adv_w = 154, .box_w = 9, .box_h = 12, .ofs_x = 0, .ofs_y = 0},
    {.bitmap_index = 11400, .adv_w = 154, .box_w = 8, .box_h = 15, .ofs_x = 1, .ofs_y = 0},
    {.bitmap_index = 11434, .adv_w = 154, .box_w = 8, .box_h = 13, .ofs_x = 1, .ofs_y = 0},
    {.bitmap_index = 11470, .adv_w = 154, .box_w = 8, .box_h = 15, .ofs_x = 1, .ofs_y = 0},
    {.bitmap_index = 11502, .adv_w = 154, .box_w = 8, .box_h = 12, .ofs_x = 1, .ofs_y = 0},
    {.bitmap_index = 11534, .adv_w = 154, .box_w = 8, .box_h = 16, .ofs_x = 1, .ofs_y = 0},
    {.bitmap_index = 11572, .adv_w = 154, .box_w = 8, .box_h = 13, .ofs_x = 1, .ofs_y = 0},
    {.bitmap_index = 11610, .adv_w = 154, .box_w = 8, .box_h = 16, .ofs_x = 1, .ofs_y = 0},
    {.bitmap_index = 11645, .adv_w = 154, .box_w = 8, .box_h = 14, .ofs_x = 1, .ofs_y = 0},
    {.bitmap_index = 11683, .adv_w = 154, .box_w = 8, .box_h = 16, .ofs_x = 1, .ofs_y = 0},
    {.bitmap_index = 11721, .adv_w = 154, .box_w = 8, .box_h = 13, .ofs_x = 1, .ofs_y = 0},
    {.bitmap_index = 11760, .adv_w = 154, .box_w = 8, .box_h = 15, .ofs_x = 1, .ofs_y = -3},
    {.bitmap_index = 11792, .adv_w = 154, .box_w = 8, .box_h = 12, .ofs_x = 1, .ofs_y = -3},
    {.bitmap_index = 11823, .adv_w = 154, .box_w = 10, .box_h = 16, .ofs_x = 0, .ofs_y = 0},
    {.bitmap_index = 11900, .adv_w = 154, .box_w = 10, .box_h = 13, .ofs_x = 0, .ofs_y = 0},
    {.bitmap_index = 11964, .adv_w = 154, .box_w = 10, .box_h = 16, .ofs_x = 0, .ofs_y = 0},
    {.bitmap_index = 12020, .adv_w = 154, .box_w = 9, .box_h = 16, .ofs_x = 0, .ofs_y = -3},
    {.bitmap_index = 12082, .adv_w = 154, .box_w = 10, .box_h = 16, .ofs_x = 0, .ofs_y = 0},
    {.bitmap_index = 12136, .adv_w = 154, .box_w = 8, .box_h = 16, .ofs_x = 1, .ofs_y = 0},
    {.bitmap_index = 12187, .adv_w = 154, .box_w = 8, .box_h = 13, .ofs_x = 1, .ofs_y = 0},
    {.bitmap_index = 12230, .adv_w = 154, .box_w = 8, .box_h = 16, .ofs_x = 1, .ofs_y = 0},
    {.bitmap_index = 12279, .adv_w = 154, .box_w = 8, .box_h = 13, .ofs_x = 1, .ofs_y = 0},
    {.bitmap_index = 12321, .adv_w = 154, .box_w = 8, .box_h = 16, .ofs_x = 1, .ofs_y = 0},
    {.bitmap_index = 12375, .adv_w = 154, .box_w = 8, .box_h = 13, .ofs_x = 1, .ofs_y = 0},
    {.bitmap_index = 12421, .adv_w = 154, .box_w = 7, .box_h = 12, .ofs_x = 2, .ofs_y = 0},
    {.bitmap_index = 12434, .adv_w = 146, .box_w = 0, .box_h = 0, .ofs_x = 0, .ofs_y = 0},
    {.bitmap_index = 12434, .adv_w = 69, .box_w = 0, .box_h = 0, .ofs_x = 0, .ofs_y = 0},
    {.bitmap_index = 12434, .adv_w = 42, .box_w = 0, .box_h = 0, .ofs_x = 0, .ofs_y = 0},
    {.bitmap_index = 12434, .adv_w = 26, .box_w = 0, .box_h = 0, .ofs_x = 0, .ofs_y = 0},
    {.bitmap_index = 12434, .adv_w = 154, .box_w = 0, .box_h = 0, .ofs_x = 0, .ofs_y = 0},
    {.bitmap_index = 12434, .adv_w = 154, .box_w = 6, .box_h = 3, .ofs_x = 2, .ofs_y = 4},
    {.bitmap_index = 12441, .adv_w = 146, .box_w = 9, .box_h = 3, .ofs_x = 0, .ofs_y = 4},
    {.bitmap_index = 12449, .adv_w = 154, .box_w = 8, .box_h = 3, .ofs_x = 1, .ofs_y = 4},
    {.bitmap_index = 12457, .adv_w = 154, .box_w = 10, .box_h = 3, .ofs_x = 0, .ofs_y = 4},
    {.bitmap_index = 12465, .adv_w = 256, .box_w = 16, .box_h = 3, .ofs_x = 0, .ofs_y = 3},
    {.bitmap_index = 12477, .adv_w = 154, .box_w = 4, .box_h = 5, .ofs_x = 3, .ofs_y = 7},
    {.bitmap_index = 12487, .adv_w = 154, .box_w = 4, .box_h = 5, .ofs_x = 3, .ofs_y = 7},
    {.bitmap_index = 12498, .adv_w = 154, .box_w = 4, .box_h = 5, .ofs_x = 3, .ofs_y = -3},
    {.bitmap_index = 12509, .adv_w = 154, .box_w = 7, .box_h = 5, .ofs_x = 1, .ofs_y = 7},
    {.bitmap_index = 12527, .adv_w = 154, .box_w = 7, .box_h = 5, .ofs_x = 1, .ofs_y = 7},
    {.bitmap_index = 12545, .adv_w = 154, .box_w = 8, .box_h = 5, .ofs_x = 1, .ofs_y = -3},
    {.bitmap_index = 12566, .adv_w = 154, .box_w = 8, .box_h = 16, .ofs_x = 1, .ofs_y = -2},
    {.bitmap_index = 12596, .adv_w = 154, .box_w = 8, .box_h = 16, .ofs_x = 1, .ofs_y = -3},
    {.bitmap_index = 12638, .adv_w = 154, .box_w = 5, .box_h = 4, .ofs_x = 2, .ofs_y = 4},
    {.bitmap_index = 12648, .adv_w = 154, .box_w = 9, .box_h = 3, .ofs_x = 0, .ofs_y = 0},
    {.bitmap_index = 12662, .adv_w = 154, .box_w = 12, .box_h = 12, .ofs_x = -1, .ofs_y = 0},
    {.bitmap_index = 12726, .adv_w = 154, .box_w = 3, .box_h = 5, .ofs_x = 3, .ofs_y = 7},
    {.bitmap_index = 12734, .adv_w = 154, .box_w = 7, .box_h = 5, .ofs_x = 1, .ofs_y = 7},
    {.bitmap_index = 12752, .adv_w = 154, .box_w = 6, .box_h = 8, .ofs_x = 2, .ofs_y = 1},
    {.bitmap_index = 12776, .adv_w = 154, .box_w = 6, .box_h = 8, .ofs_x = 2, .ofs_y = 1},
    {.bitmap_index = 12799, .adv_w = 154, .box_w = 10, .box_h = 12, .ofs_x = 0, .ofs_y = 0},
    {.bitmap_index = 12839, .adv_w = 95, .box_w = 6, .box_h = 12, .ofs_x = 0, .ofs_y = 0},
    {.bitmap_index = 12874, .adv_w = 146, .box_w = 9, .box_h = 14, .ofs_x = 0, .ofs_y = -2},
    {.bitmap_index = 12937, .adv_w = 146, .box_w = 9, .box_h = 12, .ofs_x = 0, .ofs_y = 0},
    {.bitmap_index = 12973, .adv_w = 146, .box_w = 9, .box_h = 12, .ofs_x = 0, .ofs_y = 0},
    {.bitmap_index = 13023, .adv_w = 146, .box_w = 9, .box_h = 12, .ofs_x = 0, .ofs_y = 0},
    {.bitmap_index = 13070, .adv_w = 199, .box_w = 11, .box_h = 12, .ofs_x = 1, .ofs_y = 0},
    {.bitmap_index = 13118, .adv_w = 172, .box_w = 11, .box_h = 12, .ofs_x = 0, .ofs_y = 0},
    {.bitmap_index = 13186, .adv_w = 154, .box_w = 9, .box_h = 14, .ofs_x = 1, .ofs_y = -2},
    {.bitmap_index = 13242, .adv_w = 154, .box_w = 9, .box_h = 12, .ofs_x = 0, .ofs_y = 0},
    {.bitmap_index = 13297, .adv_w = 146, .box_w = 10, .box_h = 12, .ofs_x = 0, .ofs_y = 0},
    {.bitmap_index = 13345, .adv_w = 154, .box_w = 9, .box_h = 12, .ofs_x = 0, .ofs_y = 0},
    {.bitmap_index = 13391, .adv_w = 146, .box_w = 9, .box_h = 12, .ofs_x = 0, .ofs_y = 0},
    {.bitmap_index = 13435, .adv_w = 186, .box_w = 11, .box_h = 14, .ofs_x = 0, .ofs_y = -2},
    {.bitmap_index = 13499, .adv_w = 154, .box_w = 9, .box_h = 12, .ofs_x = 0, .ofs_y = 0},
    {.bitmap_index = 13547, .adv_w = 162, .box_w = 10, .box_h = 13, .ofs_x = 0, .ofs_y = -1},
    {.bitmap_index = 13597, .adv_w = 140, .box_w = 9, .box_h = 12, .ofs_x = 0, .ofs_y = 0},
    {.bitmap_index = 13621, .adv_w = 146, .box_w = 7, .box_h = 12, .ofs_x = 1, .ofs_y = 0},
    {.bitmap_index = 13658, .adv_w = 146, .box_w = 9, .box_h = 12, .ofs_x = 0, .ofs_y = 0},
    {.bitmap_index = 13705, .adv_w = 207, .box_w = 12, .box_h = 12, .ofs_x = 0, .ofs_y = 0},
    {.bitmap_index = 13749, .adv_w = 154, .box_w = 9, .box_h = 12, .ofs_x = 0, .ofs_y = 0},
    {.bitmap_index = 13796, .adv_w = 154, .box_w = 10, .box_h = 10, .ofs_x = 0, .ofs_y = 0},
    {.bitmap_index = 13833, .adv_w = 154, .box_w = 9, .box_h = 12, .ofs_x = 0, .ofs_y = 0},
    {.bitmap_index = 13863, .adv_w = 154, .box_w = 10, .box_h = 10, .ofs_x = 0, .ofs_y = 0},
    {.bitmap_index = 13900, .adv_w = 154, .box_w = 9, .box_h = 13, .ofs_x = 0, .ofs_y = -1},
    {.bitmap_index = 13933, .adv_w = 154, .box_w = 13, .box_h = 10, .ofs_x = -2, .ofs_y = 0},
    {.bitmap_index = 13991, .adv_w = 154, .box_w = 9, .box_h = 18, .ofs_x = 0, .ofs_y = -3},
    {.bitmap_index = 14045, .adv_w = 154, .box_w = 9, .box_h = 8, .ofs_x = 0, .ofs_y = 4},
    {.bitmap_index = 14077, .adv_w = 154, .box_w = 9, .box_h = 8, .ofs_x = 0, .ofs_y = 4},
    {.bitmap_index = 14111, .adv_w = 154, .box_w = 9, .box_h = 8, .ofs_x = 0, .ofs_y = 0},
    {.bitmap_index = 14142, .adv_w = 154, .box_w = 9, .box_h = 8, .ofs_x = 0, .ofs_y = 0},
    {.bitmap_index = 14174, .adv_w = 154, .box_w = 11, .box_h = 2, .ofs_x = -1, .ofs_y = 5},
    {.bitmap_index = 14180, .adv_w = 154, .box_w = 11, .box_h = 6, .ofs_x = -1, .ofs_y = 3},
    {.bitmap_index = 14197, .adv_w = 154, .box_w = 6, .box_h = 25, .ofs_x = 2, .ofs_y = -7},
    {.bitmap_index = 14210, .adv_w = 154, .box_w = 8, .box_h = 16, .ofs_x = 2, .ofs_y = -7},
    {.bitmap_index = 14238, .adv_w = 154, .box_w = 9, .box_h = 16, .ofs_x = -1, .ofs_y = -7},
    {.bitmap_index = 14267, .adv_w = 154, .box_w = 8, .box_h = 16, .ofs_x = 2, .ofs_y = 3},
    {.bitmap_index = 14294, .adv_w = 154, .box_w = 9, .box_h = 16, .ofs_x = -1, .ofs_y = 3},
    {.bitmap_index = 14325, .adv_w = 154, .box_w = 10, .box_h = 22, .ofs_x = 0, .ofs_y = -5},
    {.bitmap_index = 14340, .adv_w = 154, .box_w = 10, .box_h = 4, .ofs_x = 0, .ofs_y = 13},
    {.bitmap_index = 14350, .adv_w = 154, .box_w = 10, .box_h = 11, .ofs_x = 0, .ofs_y = 0}
};

/*---------------------
 *  CHARACTER MAPPING
 *--------------------*/

static const uint16_t unicode_list_2[] = {
    0x0, 0x1, 0x2, 0x3, 0x4, 0x9, 0xb, 0xc,
    0xd, 0xe, 0x11, 0x12, 0x13, 0x15, 0x16, 0x17,
    0x19, 0x1a, 0x1b, 0x1f, 0x29, 0x2b, 0x2c, 0x32,
    0x33, 0x3d, 0x4b, 0x9a, 0x9c, 0x9d, 0x9f, 0xa0,
    0xa2, 0xa4, 0xa5, 0xa6, 0xa7, 0xaa, 0xab, 0xad,
    0xae, 0xb1, 0xb2, 0xb3, 0xb5, 0xb6, 0x189, 0x18a,
    0x18b, 0x18c, 0x18d, 0x18e, 0x18f, 0x190, 0x191, 0x192,
    0x4f9, 0x549, 0x54a, 0x54d, 0x550, 0x553, 0x556, 0x581,
    0x58d, 0x599
};

/*Collect the unicode lists and glyph_id offsets*/
static const lv_font_fmt_txt_cmap_t cmaps[] =
{
    {
        .range_start = 32, .range_length = 95, .glyph_id_start = 1,
        .unicode_list = NULL, .glyph_id_ofs_list = NULL, .list_length = 0, .type = LV_FONT_FMT_TXT_CMAP_FORMAT0_TINY
    },
    {
        .range_start = 160, .range_length = 224, .glyph_id_start = 96,
        .unicode_list = NULL, .glyph_id_ofs_list = NULL, .list_length = 0, .type = LV_FONT_FMT_TXT_CMAP_FORMAT0_TINY
    },
    {
        .range_start = 8199, .range_length = 1434, .glyph_id_start = 320,
        .unicode_list = unicode_list_2, .glyph_id_ofs_list = NULL, .list_length = 66, .type = LV_FONT_FMT_TXT_CMAP_SPARSE_TINY
    }
};



/*--------------------
 *  ALL CUSTOM DATA
 *--------------------*/

#if LVGL_VERSION_MAJOR == 8
/*Store all the custom data of the font*/
static  lv_font_fmt_txt_glyph_cache_t cache;
#endif

#if LVGL_VERSION_MAJOR >= 8
static const lv_font_fmt_txt_dsc_t font_dsc = {
#else
static lv_font_fmt_txt_dsc_t font_dsc = {
#endif
    .glyph_bitmap = glyph_bitmap,
    .glyph_dsc = glyph_dsc,
    .cmaps = cmaps,
    .kern_dsc = NULL,
    .kern_scale = 0,
    .cmap_num = 3,
    .bpp = 4,
    .kern_classes = 0,
    .bitmap_format = 1,
#if LVGL_VERSION_MAJOR == 8
    .cache = &cache
#endif
};



/*-----------------
 *  PUBLIC FONT
 *----------------*/

/* Preserve original UTF-8 while mapping unsupported codepoints to ASCII
 * question mark instead of LVGL's missing-glyph rectangle. */
static bool nomadnet_font_16_get_glyph_dsc(const lv_font_t * font,
        lv_font_glyph_dsc_t * dsc, uint32_t letter, uint32_t letter_next)
{
    if(nomadnet_font_has_codepoint(letter) &&
       lv_font_get_glyph_dsc_fmt_txt(font, dsc, letter, letter_next)) return true;
    return lv_font_get_glyph_dsc_fmt_txt(font, dsc, '?', 0);
}

static const uint8_t * nomadnet_font_16_get_glyph_bitmap(
        const lv_font_t * font, uint32_t letter)
{
    lv_font_glyph_dsc_t dsc;
    if(!nomadnet_font_has_codepoint(letter) ||
       !lv_font_get_glyph_dsc_fmt_txt(font, &dsc, letter, 0)) letter = '?';
    return lv_font_get_bitmap_fmt_txt(font, letter);
}

/*Initialize a public general font descriptor*/
#if LVGL_VERSION_MAJOR >= 8
const lv_font_t nomadnet_font_16 = {
#else
lv_font_t nomadnet_font_16 = {
#endif
    .get_glyph_dsc = nomadnet_font_16_get_glyph_dsc,
    .get_glyph_bitmap = nomadnet_font_16_get_glyph_bitmap,
    .line_height = 26,          /*The maximum line height required by the font*/
    .base_line = 7,             /*Baseline measured from the bottom of the line*/
#if !(LVGL_VERSION_MAJOR == 6 && LVGL_VERSION_MINOR == 0)
    .subpx = LV_FONT_SUBPX_NONE,
#endif
#if LV_VERSION_CHECK(7, 4, 0) || LVGL_VERSION_MAJOR >= 8
    .underline_position = -2,
    .underline_thickness = 1,
#endif
    .dsc = &font_dsc,          /*The custom font data. Will be accessed by `get_glyph_bitmap/dsc` */
#if LV_VERSION_CHECK(8, 2, 0) || LVGL_VERSION_MAJOR >= 9
    .fallback = NULL,
#endif
    .user_data = NULL,
};



#endif /*#if NOMADNET_FONT_16*/
