/*******************************************************************************
 * Bounded NomadNet font, 16 px, 4 bpp.
 * Primary source: JetBrains Mono NL Italic, Version 2.304.
 * Missing-codepoint donor: Noto Sans Italic, Version 2.015
 * (23 glyphs only). Both use SIL OFL 1.1; see
 * LICENSE-JetBrains-Mono-OFL-1.1.txt and LICENSE-Noto-Sans-OFL-1.1.txt.
 * Generated with lv_font_conv 1.5.3; kerning omitted, RLE compressed.
 * Exact coverage is defined by NomadNetFontCoverage.h.
 ******************************************************************************/

#ifdef LV_LVGL_H_INCLUDE_SIMPLE
#include "lvgl.h"
#else
#include "lvgl.h"
#endif
#include "NomadNetFontCoverage.h"

#if !LV_USE_FONT_COMPRESSED
#error "NomadNet fonts require LV_USE_FONT_COMPRESSED=1"
#endif

#ifndef NOMADNET_FONT_16_ITALIC
#define NOMADNET_FONT_16_ITALIC 1
#endif

#if NOMADNET_FONT_16_ITALIC

/*-----------------
 *    BITMAPS
 *----------------*/

/*Store the image of the glyphs*/
static LV_ATTRIBUTE_LARGE_CONST const uint8_t glyph_bitmap[] = {
    /* U+0020 " " */

    /* U+0021 "!" */
    0x0, 0xbe, 0xc0, 0x2, 0x6, 0x0, 0x20, 0xd0,
    0x3, 0x3, 0x80, 0x34, 0x8, 0x0, 0x46, 0x1,
    0x32, 0x80, 0x45, 0xc0, 0x15, 0x30, 0x4, 0x82,
    0x0, 0x9e, 0x40, 0x2, 0xb, 0x80,

    /* U+0022 "\"" */
    0xa, 0xf0, 0x3f, 0x50, 0x63, 0x5, 0x6, 0x2,
    0x50, 0xe0, 0x30, 0x1f, 0x2, 0x20, 0x9, 0x28,
    0x1a, 0x80,

    /* U+0023 "#" */
    0x0, 0xd3, 0x20, 0x7, 0x20, 0x6, 0x7a, 0x4,
    0x4, 0x0, 0x94, 0xcc, 0x1c, 0xc0, 0x5, 0xfa,
    0x2f, 0xf2, 0xbc, 0x82, 0xf0, 0x67, 0xd1, 0x7c,
    0x80, 0x8, 0x4c, 0x31, 0x0, 0x35, 0xa0, 0x1,
    0x30, 0x3, 0x26, 0x0, 0x92, 0x80, 0x1f, 0x8e,
    0x7b, 0x81, 0xca, 0xc, 0xc4, 0xef, 0x28, 0xf5,
    0x1, 0x5e, 0x13, 0x27, 0x10, 0x1, 0x99, 0x42,
    0x94, 0x3, 0x0,

    /* U+0024 "$" */
    0x0, 0xe1, 0x60, 0xf, 0xcb, 0xa0, 0x1f, 0xe,
    0x8, 0x7, 0x9f, 0x9d, 0x78, 0xc0, 0x25, 0x88,
    0x1c, 0x9f, 0x0, 0x52, 0x8e, 0x2f, 0x44, 0x1,
    0x8, 0x80, 0xc5, 0xfc, 0x2, 0x75, 0x72, 0x0,
    0xf5, 0x9c, 0x1c, 0x88, 0x6, 0x1c, 0x63, 0x6d,
    0x0, 0xf1, 0xc4, 0x99, 0x80, 0x10, 0x60, 0xcc,
    0x50, 0xc, 0xf6, 0x4, 0x4a, 0x13, 0x0, 0x2b,
    0xd8, 0xe3, 0x58, 0x5, 0x50, 0xc0, 0xd8, 0xa0,
    0x19, 0xed, 0xe8, 0xc0, 0x3d, 0xfc, 0x1, 0xc0,

    /* U+0025 "%" */
    0x0, 0x16, 0x7e, 0x8, 0x0, 0xb8, 0x80, 0x1c,
    0xba, 0xc, 0x0, 0xfa, 0x20, 0x1, 0xd9, 0x0,
    0x85, 0xd2, 0x0, 0x4, 0x0, 0x46, 0xb0, 0x2e,
    0x1, 0xa, 0x6e, 0x9d, 0x92, 0x80, 0x3a, 0xfb,
    0xee, 0x34, 0x3, 0xe1, 0x17, 0x70, 0x40, 0x3f,
    0x6d, 0xb6, 0xf4, 0x80, 0x74, 0xab, 0xd5, 0xd3,
    0x10, 0x4, 0xe5, 0x28, 0x4c, 0xa0, 0x60, 0x4,
    0xaa, 0x1, 0x8, 0xa4, 0x84, 0xa, 0xbc, 0x41,
    0x83, 0x93, 0x80, 0x0,

    /* U+0026 "&" */
    0x0, 0xc7, 0x9f, 0xa8, 0x1, 0xe2, 0xc6, 0xb6,
    0xb0, 0xf, 0x20, 0x52, 0x78, 0x10, 0x7, 0x10,
    0x8, 0x27, 0x90, 0x7, 0x21, 0xd8, 0x7, 0xe3,
    0xc3, 0x54, 0x0, 0xf1, 0x62, 0xe3, 0x48, 0x1f,
    0xc0, 0x2, 0x8a, 0x4e, 0xe, 0xb1, 0xe0, 0x0,
    0x8e, 0x0, 0x19, 0x56, 0x80, 0x8, 0x4c, 0x0,
    0x52, 0x4, 0x1, 0x9d, 0xcc, 0xcd, 0x4c, 0x44,
    0x0, 0x56, 0xb3, 0x71, 0x46, 0xd2, 0x0,

    /* U+0027 "'" */
    0xe, 0xa0, 0x1d, 0x30, 0x36, 0x6, 0x3, 0x20,

    /* U+0028 "(" */
    0x0, 0xf2, 0x88, 0x6, 0x5e, 0xb1, 0x0, 0x9e,
    0xa3, 0x80, 0x24, 0x8b, 0x60, 0xd, 0x2c, 0x80,
    0x19, 0xa, 0xc0, 0x3b, 0x4, 0x80, 0x38, 0xd4,
    0x3, 0xca, 0x40, 0x1e, 0x1f, 0x0, 0xe2, 0x3,
    0x0, 0xff, 0xe0, 0x90, 0x60, 0x7, 0x99, 0x86,
    0x1, 0xd2, 0x59, 0x0, 0x1d, 0xae, 0x60, 0x1e,
    0x8b, 0x0, 0x80,

    /* U+0029 ")" */
    0x0, 0x94, 0x40, 0x3d, 0x1c, 0xc0, 0x1d, 0xad,
    0x28, 0x1, 0xd2, 0x70, 0x1, 0xea, 0x31, 0x0,
    0xe2, 0x3, 0x0, 0xe1, 0x3, 0x0, 0xe2, 0x1,
    0x0, 0xed, 0x30, 0xf, 0x33, 0x0, 0x3c, 0x78,
    0x1, 0xcc, 0xe, 0x1, 0x86, 0x18, 0x40, 0x21,
    0xd3, 0x90, 0xa, 0x78, 0x30, 0x2, 0x15, 0x9c,
    0x10, 0x8, 0x71, 0x80, 0x38,

    /* U+002A "*" */
    0x0, 0xd5, 0x60, 0x1f, 0xfc, 0x39, 0x40, 0x31,
    0x4, 0x90, 0x15, 0xbe, 0x56, 0xdb, 0x51, 0x16,
    0x6c, 0x99, 0xab, 0x70, 0x40, 0x5, 0xc4, 0x7c,
    0x40, 0x19, 0x5a, 0x7d, 0x98, 0x1, 0xa5, 0x90,
    0xda, 0xc0, 0x36, 0x48, 0x2, 0x70, 0x0,

    /* U+002B "+" */
    0x0, 0x93, 0xc8, 0x3, 0x88, 0x8, 0x3, 0xbc,
    0x80, 0x2c, 0xff, 0x31, 0x7f, 0xaf, 0xf3, 0x0,
    0xd9, 0x89, 0x33, 0x10, 0x61, 0x98, 0x80, 0x4,
    0xc, 0x1, 0xc2, 0xe6, 0x1, 0x0,

    /* U+002C "," */
    0x4, 0xf7, 0xd, 0x6, 0x7, 0x41, 0x41, 0xe0,
    0xd1, 0x50,

    /* U+002D "-" */
    0x0, 0xf4, 0xff, 0xe8, 0xbc, 0xcd, 0x20,

    /* U+002E "." */
    0x4, 0xa3, 0xb, 0x5a, 0x3, 0x1a,

    /* U+002F "/" */
    0x0, 0xf8, 0x7e, 0x0, 0x3e, 0x81, 0x90, 0xf,
    0x13, 0x48, 0x80, 0x7a, 0x5, 0xc0, 0x3c, 0x4b,
    0x0, 0x1f, 0x49, 0x30, 0x7, 0x8d, 0x20, 0x3,
    0xef, 0x35, 0x0, 0xf2, 0x1c, 0x0, 0x7d, 0x28,
    0x80, 0xf, 0x31, 0x40, 0x7, 0xd0, 0xa6, 0x1,
    0xe7, 0x18, 0x0, 0xfa, 0x58, 0x80, 0x3d, 0x3,
    0x0, 0x1f, 0x0,

    /* U+0030 "0" */
    0x0, 0x8e, 0xfb, 0x94, 0x20, 0x12, 0x60, 0xd4,
    0x2d, 0x0, 0x50, 0xb4, 0x8c, 0xe8, 0x0, 0x13,
    0xe0, 0xb, 0xc4, 0x0, 0xa0, 0xc0, 0x17, 0x10,
    0x0, 0x80, 0xab, 0x41, 0x54, 0x0, 0xf3, 0x0,
    0x28, 0x17, 0x0, 0x9, 0x82, 0xa0, 0x44, 0x60,
    0x5, 0x20, 0x9, 0x41, 0x40, 0x2, 0x20, 0xb,
    0x88, 0x40, 0x8, 0xcc, 0x49, 0x59, 0x0, 0xa9,
    0x62, 0xd6, 0xd0, 0x0,

    /* U+0031 "1" */
    0x0, 0xcf, 0xfe, 0x10, 0x8, 0xb2, 0xc, 0x4,
    0x2, 0xe7, 0xe6, 0x20, 0xd, 0x56, 0x2c, 0xe0,
    0x19, 0x80, 0x6, 0x40, 0x1e, 0x10, 0xd0, 0xf,
    0x28, 0x30, 0x7, 0x88, 0xc, 0x3, 0xdc, 0x20,
    0x1f, 0x1a, 0x80, 0x65, 0x5c, 0xa, 0xa0, 0x3a,
    0xa8, 0x52, 0xa8, 0x0,

    /* U+0032 "2" */
    0x0, 0x8e, 0xfb, 0x94, 0x20, 0x12, 0x60, 0xdc,
    0xad, 0x80, 0x52, 0xb4, 0xae, 0xca, 0x1, 0x54,
    0x0, 0x61, 0x0, 0x9c, 0x80, 0x27, 0x70, 0x7,
    0xd4, 0x10, 0x1, 0xea, 0x5d, 0x10, 0xe, 0xb5,
    0xb3, 0x0, 0xeb, 0x5c, 0x40, 0xc, 0x38, 0xd8,
    0x60, 0x1d, 0x87, 0x6e, 0xaa, 0x40, 0x2, 0x10,
    0x4d, 0x55, 0x0, 0x0,

    /* U+0033 "3" */
    0x0, 0x3f, 0xff, 0x80, 0x25, 0xaa, 0xa0, 0x18,
    0x2, 0x25, 0x53, 0x4b, 0x48, 0x7, 0x1e, 0x34,
    0x80, 0x71, 0x60, 0xe8, 0x7, 0x85, 0x4a, 0xa4,
    0x3, 0x8e, 0xb1, 0x98, 0x20, 0x1f, 0x60, 0x6,
    0x62, 0x0, 0x88, 0x4, 0x6, 0x50, 0x2, 0xb5,
    0x0, 0x9, 0x43, 0x2d, 0x9c, 0x0, 0x5e, 0xb1,
    0x61, 0xa4, 0x0,

    /* U+0034 "4" */
    0x0, 0xf6, 0xe0, 0x7, 0xa4, 0xf8, 0x3, 0x99,
    0x94, 0x40, 0x18, 0xa5, 0xd0, 0x3, 0xbc, 0xe0,
    0x3, 0xa8, 0xf4, 0x13, 0xc4, 0x1d, 0x68, 0x40,
    0xc0, 0x42, 0x59, 0x44, 0x5a, 0x40, 0x22, 0x6e,
    0xe9, 0x5c, 0x6, 0xef, 0x80, 0x80, 0x8, 0x99,
    0x43, 0x40, 0x3c, 0x40, 0xc0,

    /* U+0035 "5" */
    0x0, 0x2f, 0xff, 0x70, 0x0, 0x86, 0xab, 0x68,
    0x3, 0x95, 0x78, 0xc0, 0xa, 0x40, 0x1f, 0x10,
    0x88, 0x3, 0xc2, 0xfd, 0xfa, 0x80, 0x15, 0xdd,
    0x41, 0x62, 0x0, 0x44, 0x96, 0x0, 0x80, 0x84,
    0x3, 0x88, 0x35, 0x80, 0x2f, 0x21, 0x2, 0x96,
    0x5a, 0x59, 0x0, 0x7a, 0xc5, 0x8d, 0xa0, 0x0,

    /* U+0036 "6" */
    0x0, 0xe6, 0xf4, 0x0, 0xe2, 0x96, 0x40, 0xe,
    0xe1, 0x90, 0xe, 0x83, 0xa0, 0xe, 0x37, 0x64,
    0x0, 0xee, 0x5, 0xec, 0x40, 0x3, 0x92, 0xc6,
    0xbd, 0x90, 0x4a, 0x52, 0x1d, 0x2, 0x90, 0xf0,
    0x4, 0x20, 0x26, 0x6, 0x1, 0x38, 0x38, 0x9c,
    0x3a, 0xcc, 0x40, 0x43, 0x52, 0x69, 0x69, 0xc0,

    /* U+0037 "7" */
    0x9, 0xff, 0xf6, 0x2, 0x9d, 0x55, 0x20, 0x80,
    0x48, 0xab, 0x78, 0x48, 0x54, 0x80, 0x9, 0x9c,
    0x41, 0x4, 0x1, 0x3, 0x0, 0x1c, 0x6b, 0x0,
    0x1e, 0x82, 0x60, 0xe, 0x44, 0x40, 0x7, 0xa4,
    0xd4, 0x3, 0x98, 0xa0, 0x3, 0xd0, 0x88, 0x0,
    0xe7, 0x19, 0x0, 0xe0,

    /* U+0038 "8" */
    0x0, 0x8e, 0xfb, 0xe8, 0x40, 0x24, 0xc0, 0xb8,
    0x5a, 0x0, 0xa1, 0x2d, 0x5d, 0x94, 0x2, 0x3c,
    0x0, 0x89, 0x40, 0x25, 0xa3, 0x17, 0x48, 0x0,
    0xac, 0x33, 0xa7, 0xc, 0x0, 0x5e, 0xd7, 0x47,
    0xc0, 0x17, 0x2d, 0xa2, 0xf9, 0x28, 0x9, 0xf0,
    0x7, 0xc6, 0x6, 0x1, 0x50, 0x28, 0x11, 0x25,
    0xd6, 0x5e, 0x40, 0x2c, 0x58, 0xb5, 0xb6, 0x0,
    0x0,

    /* U+0039 "9" */
    0x0, 0x1d, 0xf7, 0xd9, 0x0, 0xf, 0x2, 0xe5,
    0x70, 0x1, 0xc9, 0x6a, 0xda, 0x2a, 0x44, 0xf0,
    0x8, 0x40, 0x2, 0x1, 0xc8, 0xe, 0x61, 0x2,
    0xb, 0x28, 0x41, 0x65, 0xdf, 0x41, 0x20, 0x4,
    0xee, 0x50, 0x41, 0x0, 0x75, 0xa3, 0x80, 0x75,
    0x85, 0x0, 0x72, 0xaa, 0xc4, 0x3, 0xd, 0xb2,
    0x80, 0x60,

    /* U+003A ":" */
    0x0, 0x4f, 0xb8, 0x1, 0x83, 0xc0, 0x19, 0x50,
    0x0, 0x35, 0x0, 0xff, 0xe0, 0x12, 0x88, 0x3,
    0x2a, 0x40, 0x6, 0x36, 0x0,

    /* U+003B ";" */
    0x0, 0xa7, 0xdc, 0x2, 0x60, 0xf0, 0xb, 0x2a,
    0x0, 0x23, 0x50, 0xf, 0xfe, 0x18, 0x99, 0x0,
    0x51, 0x8e, 0x1, 0x31, 0xa8, 0x1, 0x82, 0x0,
    0x2a, 0x44, 0x0, 0xc, 0xd2, 0x1, 0x0,

    /* U+003C "<" */
    0x0, 0xf9, 0x0, 0x3c, 0xdb, 0x20, 0x19, 0xfa,
    0x17, 0x0, 0x63, 0xa6, 0x5d, 0x2, 0xc, 0xcb,
    0xe7, 0x0, 0xc2, 0x29, 0x30, 0xe, 0x6d, 0x6c,
    0xb2, 0x0, 0xc5, 0x58, 0xfb, 0x20, 0x1c, 0x79,
    0x60, 0x10,

    /* U+003D "=" */
    0x0, 0xfc, 0x5f, 0xfe, 0xb3, 0xcc, 0xf4, 0x89,
    0x9f, 0x88, 0x3, 0xf6, 0x7f, 0xf8, 0x7f, 0x33,
    0xc2,

    /* U+003E ">" */
    0x0, 0x20, 0x7, 0xeb, 0xd4, 0x0, 0xf6, 0xbd,
    0xd8, 0xc0, 0x31, 0x56, 0x6, 0x50, 0x80, 0x63,
    0xba, 0x57, 0x0, 0xc3, 0x14, 0x48, 0x0, 0x2a,
    0xe4, 0xbd, 0x20, 0xbd, 0x1c, 0xc2, 0x0, 0x4,
    0x5b, 0x66, 0x1, 0x80,

    /* U+003F "?" */
    0xd, 0xff, 0x61, 0x80, 0x22, 0xa0, 0xb0, 0x41,
    0x54, 0xfa, 0x8, 0x1, 0x88, 0xc, 0x3, 0x20,
    0x20, 0x4, 0x96, 0xa4, 0x11, 0xf6, 0x94, 0x0,
    0x23, 0xea, 0x0, 0xb6, 0x84, 0x3, 0x3b, 0x0,
    0x66, 0xe7, 0x0, 0xd8, 0x24, 0x1, 0x80,

    /* U+0040 "@" */
    0x0, 0x8e, 0xff, 0xd8, 0x80, 0x13, 0x61, 0xe6,
    0x16, 0xc8, 0xa, 0x6a, 0xc, 0xd2, 0x54, 0x14,
    0x6a, 0x1, 0x84, 0x0, 0x88, 0x1, 0xad, 0x91,
    0xe0, 0x3d, 0xb, 0x6f, 0xe2, 0x28, 0x1c, 0x16,
    0x9, 0x1, 0x58, 0x8, 0x80, 0xa0, 0xc0, 0x26,
    0x40, 0xc0, 0x20, 0x46, 0x1c, 0xe0, 0x11, 0xd,
    0x50, 0x8, 0xc1, 0x11, 0xbc, 0x8c, 0xe, 0x1,
    0x5f, 0xfa, 0x40, 0xa, 0x80, 0x1f, 0xac, 0xb1,
    0x4c, 0xc0, 0x18, 0xb1, 0xeb, 0x38, 0x3, 0x0,

    /* U+0041 "A" */
    0x0, 0xc7, 0xfe, 0x0, 0xf4, 0x88, 0x8, 0x6,
    0x15, 0x60, 0x30, 0xc, 0xc1, 0x40, 0xc0, 0x1a,
    0x94, 0x80, 0x40, 0x24, 0x2e, 0x1, 0x20, 0xb,
    0x85, 0x0, 0xfc, 0x0, 0x2a, 0xc0, 0x1, 0x20,
    0x3, 0x3, 0xff, 0x8c, 0x40, 0x12, 0x79, 0x92,
    0xb0, 0x20, 0xc1, 0x9d, 0xa4, 0x1e, 0x48, 0x1,
    0x10, 0x0,

    /* U+0042 "B" */
    0x0, 0x3f, 0xfd, 0xd4, 0x20, 0x17, 0x15, 0xda,
    0x56, 0x80, 0x25, 0x74, 0x43, 0xb2, 0x80, 0x45,
    0xa0, 0x11, 0x20, 0x4, 0x24, 0x2, 0xeb, 0x0,
    0x3, 0xa, 0xfe, 0xac, 0x20, 0x3, 0x6, 0x62,
    0xc7, 0x80, 0x2d, 0x23, 0x32, 0x79, 0x98, 0x0,
    0x4c, 0x1, 0x8, 0x38, 0x1, 0xc8, 0x2, 0xa0,
    0x40, 0x1, 0x2, 0x2c, 0xbc, 0x0, 0x8, 0x1a,
    0xe9, 0x69, 0xc0, 0x0,

    /* U+0043 "C" */
    0x0, 0x15, 0x77, 0xd8, 0x80, 0xb, 0x1a, 0x20,
    0x94, 0x0, 0xb3, 0xc6, 0x77, 0x20, 0x1, 0xd4,
    0x2, 0xaa, 0x0, 0x8b, 0x40, 0x22, 0x50, 0x20,
    0x60, 0xf, 0x28, 0x18, 0x7, 0xb8, 0x40, 0x3e,
    0x32, 0x0, 0x85, 0x40, 0x3e, 0x8b, 0x0, 0x19,
    0xa1, 0x65, 0xac, 0x1, 0xe, 0xd4, 0xb4, 0xa0,
    0x0,

    /* U+0044 "D" */
    0x0, 0x3f, 0xfd, 0xae, 0x1, 0xb8, 0xae, 0xc9,
    0xe, 0x1, 0x2b, 0xa2, 0x25, 0x2c, 0x2, 0x22,
    0x0, 0x42, 0x1, 0x8, 0xb4, 0x2, 0x66, 0x0,
    0x8, 0x18, 0x2, 0x3d, 0x0, 0x28, 0x10, 0x0,
    0x40, 0x80, 0x1c, 0x22, 0x0, 0x28, 0x38, 0x0,
    0xc8, 0x2, 0x20, 0x20, 0x3, 0x28, 0x5, 0x48,
    0x1, 0x10, 0x22, 0xd9, 0x48, 0x0, 0x81, 0xae,
    0xc3, 0x84, 0x0,

    /* U+0045 "E" */
    0x0, 0x2f, 0xff, 0x98, 0x0, 0x41, 0x55, 0xce,
    0x0, 0xd3, 0x55, 0xe1, 0x0, 0x32, 0x80, 0x7e,
    0x3e, 0x0, 0xf8, 0x42, 0x3f, 0xf0, 0x4, 0xa1,
    0x59, 0x98, 0x2, 0x20, 0x53, 0x3c, 0x1, 0x79,
    0x0, 0x7e, 0x26, 0x0, 0xfc, 0xa0, 0xab, 0x90,
    0x2, 0x14, 0xaa, 0xde, 0x0,

    /* U+0046 "F" */
    0x0, 0x37, 0xff, 0x9c, 0x1, 0xe3, 0x55, 0xcc,
    0x0, 0x25, 0x5f, 0x8, 0x1, 0x88, 0x3, 0xf1,
    0x70, 0x7, 0xc4, 0x4, 0x23, 0x80, 0x27, 0xa,
    0xee, 0xc6, 0x0, 0x20, 0xbb, 0xe3, 0x0, 0x69,
    0x22, 0x70, 0x4, 0xce, 0x1, 0xf8, 0xc8, 0x3,
    0xe1, 0xd, 0x0, 0xf8,

    /* U+0047 "G" */
    0x0, 0x8e, 0xfb, 0xe8, 0x40, 0x22, 0xc0, 0xb8,
    0x5b, 0x0, 0xa0, 0xed, 0x5d, 0x90, 0x2, 0x5b,
    0x0, 0xaa, 0x0, 0x4, 0x6, 0x1, 0x1b, 0x0,
    0x18, 0x18, 0x4, 0x60, 0x8, 0xc0, 0x97, 0xba,
    0x70, 0x7, 0x10, 0x25, 0xd0, 0x18, 0x1, 0x5c,
    0x5, 0x4, 0x18, 0x0, 0x22, 0x0, 0xb8, 0x88,
    0x0, 0x44, 0x42, 0xca, 0xc0, 0x5, 0x2c, 0xca,
    0x5b, 0x50, 0x0,

    /* U+0048 "H" */
    0x0, 0x3f, 0x80, 0x49, 0xe4, 0x0, 0xe2, 0x0,
    0x88, 0x8, 0x0, 0xae, 0x1, 0x78, 0x80, 0x44,
    0x40, 0x8, 0x94, 0x2, 0x1e, 0x11, 0x94, 0x80,
    0x6, 0x13, 0xdd, 0xf, 0x80, 0x18, 0x2e, 0xe9,
    0x2, 0x0, 0x68, 0xa2, 0x46, 0xa, 0x0, 0x25,
    0x0, 0xb4, 0x4, 0x0, 0xe4, 0x1, 0x11, 0x80,
    0x45, 0xc0, 0x13, 0xb0, 0x0, 0x80, 0xc0, 0x22,
    0xd0, 0x0,

    /* U+0049 "I" */
    0x0, 0x27, 0xff, 0x80, 0x25, 0xaa, 0x3, 0x55,
    0x80, 0x42, 0xae, 0x1a, 0xa8, 0x1, 0xce, 0xc,
    0x1, 0xf1, 0x1, 0x0, 0x7d, 0xa4, 0x1, 0xf9,
    0x9c, 0x3, 0xf1, 0x90, 0x7, 0xc2, 0x1c, 0x1,
    0xf2, 0x82, 0x80, 0x72, 0x2e, 0x82, 0xa8, 0x40,
    0x2b, 0xa6, 0x9, 0xa5, 0x0, 0x0,

    /* U+004A "J" */
    0x0, 0xf9, 0xfc, 0x3, 0xf7, 0x10, 0x7, 0xe5,
    0x70, 0xf, 0xc4, 0x40, 0xf, 0x84, 0x5a, 0x1,
    0xf1, 0x3, 0x0, 0x7c, 0xa0, 0x60, 0x1f, 0x70,
    0x80, 0x12, 0x0, 0x31, 0xa8, 0x0, 0xdc, 0x40,
    0x4, 0x9a, 0x0, 0x40, 0xa5, 0x6c, 0x36, 0x0,
    0x1d, 0x35, 0x5b, 0xe8, 0x4,

    /* U+004B "K" */
    0x0, 0x3f, 0x80, 0x43, 0xd2, 0x0, 0xe2, 0x0,
    0xac, 0x24, 0x0, 0xae, 0x0, 0x55, 0x50, 0x4,
    0x5a, 0x3, 0x6c, 0x80, 0x1, 0x11, 0x5, 0x1c,
    0x80, 0x44, 0x15, 0xe9, 0x20, 0x19, 0x43, 0x2c,
    0xc, 0x3, 0x70, 0x9a, 0x1d, 0x80, 0x63, 0x50,
    0x5, 0x98, 0x80, 0x4c, 0x40, 0x5, 0x7, 0x0,
    0x8b, 0xc0, 0x4, 0x4a, 0x0, 0x10, 0x10, 0x4,
    0xa6, 0x20,

    /* U+004C "L" */
    0x0, 0x6c, 0x80, 0x78, 0xb8, 0x3, 0x88, 0xc,
    0x3, 0x98, 0x18, 0x3, 0x8c, 0x8, 0x3, 0xb8,
    0x80, 0x3c, 0xae, 0x1, 0xe2, 0x20, 0x7, 0x8,
    0xb4, 0x3, 0x88, 0x18, 0x3, 0x94, 0x19, 0x57,
    0xf, 0x5, 0x57, 0x18,

    /* U+004D "M" */
    0x0, 0x67, 0xb8, 0x3, 0x3e, 0x0, 0x4, 0x7c,
    0x8, 0x22, 0xd0, 0x11, 0x21, 0x7, 0xd0, 0xb0,
    0x10, 0x62, 0x92, 0x98, 0x18, 0x28, 0x20, 0xc4,
    0xc, 0x40, 0x1c, 0x40, 0x28, 0xda, 0xa0, 0x3,
    0x60, 0x8a, 0x6, 0x20, 0x3, 0x18, 0x32, 0x1,
    0xf0, 0x0, 0xb8, 0x2, 0x10, 0x30, 0x20, 0x50,
    0x9, 0x41, 0x81, 0xc0, 0x80, 0x22, 0x2, 0x2,
    0x11, 0x0, 0x5e, 0x40, 0x0,

    /* U+004E "N" */
    0x0, 0x3f, 0xc8, 0x0, 0xbc, 0xc0, 0x1a, 0xa,
    0x0, 0x70, 0x20, 0x3, 0x19, 0x80, 0x4, 0x22,
    0x0, 0x1d, 0x81, 0x7, 0x10, 0x0, 0x40, 0xc5,
    0xc1, 0x54, 0x0, 0x50, 0x65, 0xc0, 0x2e, 0x0,
    0x10, 0x11, 0xa8, 0x88, 0xc0, 0x1e, 0x41, 0xa6,
    0x40, 0xc0, 0x2, 0x70, 0x70, 0x40, 0x20, 0x2,
    0x90, 0x10, 0xd9, 0x0, 0x43, 0xa0, 0x5, 0x37,
    0x0, 0x18, 0x30, 0x0, 0xc0, 0x80, 0x0,

    /* U+004F "O" */
    0x0, 0x1d, 0xf7, 0x24, 0x0, 0x58, 0x17, 0x2d,
    0x21, 0x7, 0x6a, 0xea, 0x80, 0xb6, 0x1, 0x84,
    0x80, 0xc0, 0x26, 0x68, 0x18, 0x2, 0x3d, 0x30,
    0x20, 0x0, 0x81, 0x71, 0x0, 0x4a, 0xe, 0xae,
    0x1, 0x10, 0x10, 0x8, 0x5, 0xa8, 0x8, 0x87,
    0x5a, 0x48, 0x8, 0x69, 0xb1, 0xc3, 0x0,

    /* U+0050 "P" */
    0x0, 0x3f, 0xfe, 0xc4, 0x0, 0xb8, 0xae, 0xd4,
    0x16, 0x40, 0x5, 0x74, 0x42, 0xf0, 0x20, 0x0,
    0x88, 0x1, 0x18, 0x4, 0x22, 0xe0, 0x9, 0xc1,
    0x0, 0x80, 0x80, 0x56, 0x14, 0x81, 0x42, 0xff,
    0xa9, 0xe8, 0x1, 0xc3, 0x99, 0x74, 0x80, 0x46,
    0x46, 0x70, 0x80, 0x66, 0x50, 0xf, 0xc5, 0xc0,
    0x1f, 0x10, 0x18, 0x7, 0xc0,

    /* U+0051 "Q" */
    0x0, 0x8e, 0xff, 0xa8, 0x40, 0x24, 0xc0, 0xa9,
    0x5a, 0x0, 0xa1, 0x2d, 0x5d, 0x90, 0x0, 0x27,
    0xc0, 0x10, 0x88, 0x0, 0xa0, 0xe0, 0x11, 0x10,
    0x0, 0x40, 0x40, 0x13, 0xa8, 0x3, 0xc8, 0x3,
    0x17, 0x0, 0x9, 0x80, 0x22, 0x3, 0x0, 0x29,
    0x80, 0x4e, 0xa, 0x0, 0x11, 0x0, 0x5e, 0x42,
    0x0, 0x46, 0x75, 0xa5, 0x90, 0xa, 0x96, 0x69,
    0x71, 0x0, 0x21, 0xae, 0xa0, 0xf, 0xe5, 0x1a,
    0x0, 0xfc, 0xec, 0x1, 0x0,

    /* U+0052 "R" */
    0x0, 0x3f, 0xfe, 0xb2, 0x0, 0xb8, 0xae, 0xd2,
    0xbe, 0x1, 0x2b, 0x22, 0x1a, 0x8, 0x80, 0x2,
    0x30, 0x8, 0xc0, 0x30, 0xf0, 0x5, 0x82, 0x40,
    0x60, 0x40, 0x2c, 0xc9, 0x0, 0x30, 0x5f, 0xf4,
    0xc3, 0x80, 0x34, 0x33, 0x2, 0xce, 0x1, 0x11,
    0x9c, 0x8e, 0x1, 0x9d, 0x40, 0x1e, 0x26, 0x1,
    0x17, 0x0, 0x14, 0x2c, 0x0, 0x40, 0x60, 0x12,
    0xa8, 0x0,

    /* U+0053 "S" */
    0x0, 0x8e, 0xfb, 0x92, 0x1, 0x1e, 0xd, 0xcb,
    0x48, 0x2, 0x4e, 0x95, 0xd5, 0x0, 0x8, 0x80,
    0xa, 0xb0, 0x0, 0x4c, 0x60, 0x10, 0x80, 0x3c,
    0x33, 0x60, 0x40, 0x23, 0xea, 0x77, 0x68, 0x7,
    0x2d, 0x50, 0xcc, 0xa, 0x40, 0x13, 0x80, 0x6,
    0x94, 0x2, 0xa0, 0x31, 0x29, 0x75, 0x97, 0x90,
    0x6, 0x24, 0xd2, 0xd3, 0x0,

    /* U+0054 "T" */
    0xf, 0xff, 0xb0, 0x2a, 0xa0, 0x6a, 0xa7, 0x82,
    0xa9, 0xc3, 0x55, 0x46, 0x1, 0x30, 0x30, 0x7,
    0x8c, 0x8, 0x3, 0xdc, 0x40, 0x1f, 0x2b, 0x80,
    0x7c, 0x44, 0x0, 0xf0, 0x8b, 0x40, 0x3c, 0x40,
    0xc0, 0x1e, 0x50, 0x30, 0xf, 0x70, 0x80, 0x70,

    /* U+0055 "U" */
    0x0, 0x3f, 0x80, 0x47, 0xe6, 0x0, 0xd3, 0x0,
    0x98, 0x8, 0x0, 0xcc, 0x0, 0xb4, 0x44, 0x0,
    0x3d, 0x0, 0x88, 0x80, 0x1, 0x2, 0x0, 0x9d,
    0x40, 0xa, 0xe, 0x1, 0x17, 0x0, 0x8, 0x8,
    0x0, 0x40, 0x60, 0xf, 0x20, 0x9, 0x81, 0x80,
    0x4, 0xc0, 0x11, 0x81, 0x0, 0x1c, 0x3, 0x5a,
    0x0, 0x48, 0x87, 0x5a, 0x38, 0x0, 0xa1, 0x66,
    0xc7, 0xc, 0x0,

    /* U+0056 "V" */
    0xf, 0x70, 0xd, 0x76, 0x1, 0xf0, 0x8, 0x93,
    0x80, 0x88, 0x1, 0x50, 0xa8, 0x38, 0x80, 0x4c,
    0xc0, 0x1, 0x38, 0x1, 0x46, 0x80, 0x2, 0x40,
    0xe, 0x42, 0x0, 0x70, 0x80, 0xa7, 0x80, 0x46,
    0x3, 0x22, 0x80, 0x13, 0x1, 0xb4, 0x80, 0x61,
    0x5, 0x16, 0x0, 0xc4, 0x14, 0xa2, 0x1, 0xe2,
    0xe0, 0xc,

    /* U+0057 "W" */
    0x8b, 0x0, 0x7d, 0x80, 0x3d, 0x4, 0x40, 0x82,
    0x20, 0x40, 0x43, 0x30, 0x62, 0x80, 0x30, 0xc0,
    0x32, 0x99, 0x81, 0x6c, 0x4, 0x63, 0xe1, 0x11,
    0x20, 0x3, 0xdd, 0x0, 0x8, 0x26, 0xe, 0x39,
    0xe3, 0xf8, 0x80, 0x1, 0x35, 0x40, 0x3, 0xe0,
    0x5, 0xa6, 0x3f, 0xc2, 0xe0, 0x3, 0x44, 0x0,
    0xa9, 0x8, 0x4, 0x56, 0x0, 0x34, 0x0, 0x84,
    0xc, 0xc, 0x34, 0x2,

    /* U+0058 "X" */
    0x0, 0xb6, 0xc0, 0x21, 0xf9, 0x0, 0xa9, 0x4,
    0x1, 0x45, 0x20, 0x13, 0x3, 0x3, 0x27, 0x0,
    0x61, 0x4b, 0x19, 0x73, 0x0, 0xee, 0x3d, 0x38,
    0x0, 0xf2, 0x89, 0xf0, 0x7, 0xc6, 0x20, 0x1f,
    0xdc, 0xa1, 0x40, 0x1e, 0x93, 0xb5, 0x60, 0xe,
    0x56, 0xa1, 0xe1, 0x40, 0x8, 0x6d, 0x90, 0x10,
    0x78, 0x2, 0xa0, 0x90, 0x9, 0x94, 0x40,

    /* U+0059 "Y" */
    0x2f, 0x50, 0xd, 0x5a, 0x4, 0x4f, 0x0, 0x91,
    0x64, 0x0, 0xa8, 0x1, 0x4a, 0xa0, 0x2, 0xc5,
    0x2, 0xe, 0xc0, 0x23, 0x1c, 0x27, 0x81, 0x0,
    0xce, 0xb2, 0x6c, 0x1, 0xda, 0x49, 0xc0, 0x1e,
    0x40, 0x62, 0x0, 0xf0, 0x86, 0x0, 0x7c, 0x40,
    0xc0, 0x1f, 0x28, 0x18, 0x7, 0xdc, 0x20, 0x1e,

    /* U+005A "Z" */
    0x0, 0x3f, 0xff, 0x88, 0x0, 0xb5, 0x58, 0x84,
    0x80, 0x4, 0xab, 0x1, 0x50, 0x7, 0x86, 0x9d,
    0x0, 0x3d, 0xa7, 0x0, 0x1e, 0x83, 0xe0, 0xf,
    0x1b, 0xc9, 0x0, 0x70, 0xea, 0xb0, 0x7, 0xac,
    0x2c, 0x3, 0xcc, 0xba, 0x20, 0x1c, 0x32, 0x8c,
    0xab, 0x18, 0x1, 0x41, 0x2a, 0xb8, 0x0,

    /* U+005B "[" */
    0x0, 0xfe, 0x6f, 0xfa, 0x0, 0x1e, 0x39, 0x89,
    0x0, 0x12, 0x99, 0x84, 0x0, 0xa4, 0x1, 0xc3,
    0xe0, 0x18, 0xc0, 0x80, 0x33, 0x2, 0x80, 0x6d,
    0x1, 0x0, 0xc4, 0x60, 0x1c, 0xec, 0x1, 0xc5,
    0xa0, 0x18, 0x80, 0x80, 0x33, 0x3, 0x80, 0x62,
    0x3, 0x0, 0xde, 0x1d, 0xea, 0x0, 0xbc, 0xc9,
    0x40, 0x0,

    /* U+005C "\\" */
    0x4f, 0x20, 0x9, 0x41, 0xc0, 0x21, 0x2c, 0x0,
    0xc8, 0x80, 0xd, 0xe4, 0x1, 0x90, 0x10, 0x2,
    0x21, 0xc0, 0xc, 0xa6, 0x1, 0xb1, 0x0, 0x31,
    0x81, 0x0, 0x48, 0x8, 0x1, 0x8f, 0x0, 0x32,
    0xb8, 0x6, 0xc2, 0x10, 0x9, 0xc1, 0x40,

    /* U+005D "]" */
    0x0, 0xfe, 0x4f, 0xfa, 0x80, 0xb, 0x98, 0xd,
    0x0, 0x9, 0x90, 0x10, 0x6, 0x50, 0x70, 0xc,
    0x40, 0x40, 0x1b, 0xc8, 0x3, 0x89, 0x80, 0x39,
    0x4c, 0x3, 0x87, 0x80, 0x31, 0x82, 0x80, 0x66,
    0x2, 0x0, 0xda, 0x22, 0x0, 0xc4, 0x40, 0xe,
    0x75, 0x0, 0x3f, 0xf8, 0xb8, 0x0, 0xb9, 0x93,
    0x0, 0x0,

    /* U+005E "^" */
    0x0, 0xcc, 0xa0, 0x1c, 0x93, 0x60, 0x1d, 0x32,
    0x13, 0x0, 0x9c, 0x59, 0x10, 0x0, 0x18, 0xf0,
    0xdb, 0x0, 0x5a, 0x98, 0x21, 0x8a, 0x2d, 0x80,
    0x8, 0x50,

    /* U+005F "_" */
    0x0, 0xfd, 0xdf, 0xfe, 0xcc, 0xfd, 0xc0,

    /* U+0060 "`" */
    0x6, 0x40, 0xa, 0xc4, 0x18, 0xa0,

    /* U+0061 "a" */
    0x0, 0xd, 0x7e, 0xaf, 0xa0, 0x3, 0x5e, 0xae,
    0x1, 0x41, 0xf, 0x95, 0x90, 0x4, 0x30, 0x4c,
    0x0, 0x66, 0x0, 0x12, 0x80, 0x4c, 0xc0, 0x3,
    0x90, 0x4, 0x7a, 0x0, 0x33, 0x0, 0x14, 0x8,
    0x0, 0x4b, 0x32, 0x81, 0xe4, 0xf, 0x26, 0x2f,
    0x94, 0x30,

    /* U+0062 "b" */
    0x0, 0x3f, 0x80, 0x7d, 0xc4, 0x1, 0xf2, 0xb8,
    0x7, 0xc4, 0x49, 0xee, 0x40, 0x0, 0x44, 0xbd,
    0x48, 0xe8, 0x4, 0x16, 0xe9, 0x40, 0x40, 0xa0,
    0xe0, 0x1, 0x3, 0xe, 0x11, 0x0, 0x8, 0x18,
    0xc, 0x80, 0x25, 0x3, 0x6, 0x0, 0xd8, 0x60,
    0x2, 0x17, 0x49, 0x59, 0x2, 0x8, 0xbb, 0x25,
    0x28, 0x0,

    /* U+0063 "c" */
    0x0, 0x9f, 0x7f, 0x5c, 0x2, 0x98, 0xaa, 0x24,
    0x28, 0x13, 0x53, 0xac, 0x8e, 0x2, 0x82, 0x80,
    0x5d, 0x21, 0xc4, 0x1, 0xf2, 0xb0, 0x7, 0xc2,
    0x1, 0xa3, 0x80, 0x8, 0x88, 0x58, 0x78, 0x0,
    0x4b, 0x32, 0x92, 0x98, 0x0,

    /* U+0064 "d" */
    0x0, 0xf8, 0xfc, 0xc0, 0x3e, 0x50, 0x30, 0xf,
    0xb8, 0x40, 0x21, 0x9e, 0xe3, 0x92, 0x80, 0x54,
    0xf1, 0x58, 0x84, 0x0, 0x34, 0xa6, 0x49, 0x1f,
    0x0, 0x20, 0x20, 0x6, 0x20, 0x7, 0x10, 0x4,
    0xe0, 0xa0, 0x5, 0x70, 0x8, 0x80, 0x40, 0x2,
    0x1, 0xac, 0xc0, 0x27, 0x56, 0x4a, 0x26, 0x0,
    0xad, 0x26, 0x5e, 0x3a, 0x0,

    /* U+0065 "e" */
    0x0, 0x9f, 0x7f, 0x58, 0x2, 0xa9, 0xbc, 0x49,
    0x40, 0x35, 0xa6, 0x39, 0xc, 0x4, 0x4, 0x0,
    0x18, 0x68, 0x68, 0x7f, 0xd8, 0xaa, 0x7, 0x5d,
    0xdb, 0xa8, 0x2, 0x32, 0x28, 0xcc, 0x0, 0x76,
    0x62, 0x3e, 0xa8, 0x2, 0x9a, 0x2e, 0xd4, 0xc0,

    /* U+0066 "f" */
    0x0, 0xe4, 0xcf, 0xf4, 0x0, 0x62, 0xb5, 0xaa,
    0x80, 0x35, 0xc, 0xaa, 0x88, 0x3, 0x1a, 0x80,
    0x78, 0x44, 0xc4, 0x22, 0x0, 0xaf, 0xb8, 0x4d,
    0xdc, 0xd0, 0x4, 0x5c, 0x84, 0x5d, 0xb8, 0x0,
    0x68, 0x60, 0xc8, 0x83, 0x0, 0xc4, 0x2, 0x1,
    0xf6, 0x98, 0x7, 0xe6, 0x60, 0x7, 0xe3, 0xd0,
    0xf, 0x88, 0xc, 0x3, 0x91, 0x78, 0x90, 0x3,
    0xaa, 0x8f, 0xe0, 0x1e,

    /* U+0067 "g" */
    0x0, 0x4f, 0x7c, 0x5d, 0x82, 0xde, 0x2c, 0xd4,
    0x8d, 0x29, 0x92, 0x47, 0xd0, 0x10, 0x3, 0x17,
    0x10, 0x4, 0xe0, 0xa4, 0xc0, 0x16, 0x0, 0x92,
    0x18, 0x2b, 0x98, 0x59, 0x67, 0xe1, 0x30, 0x16,
    0xeb, 0xa4, 0xf4, 0x2, 0x21, 0x30, 0x30, 0x25,
    0x53, 0x71, 0xa0, 0x55, 0x50, 0x9a, 0x0,

    /* U+0068 "h" */
    0x0, 0x3f, 0x80, 0x7d, 0xc4, 0x1, 0xf2, 0xb8,
    0x7, 0xc4, 0x49, 0xee, 0x40, 0x0, 0x44, 0xbf,
    0x48, 0xe8, 0x4, 0x16, 0xc9, 0x60, 0x40, 0xa0,
    0xe0, 0x3, 0x3, 0xe, 0x11, 0x0, 0x18, 0x1c,
    0xc, 0x80, 0x23, 0x2, 0x6, 0x50, 0xb, 0x88,
    0x0, 0x5c, 0x1, 0x2b, 0x1, 0x1, 0x80, 0x44,
    0x60,

    /* U+0069 "i" */
    0x0, 0xea, 0xf2, 0x0, 0xf2, 0x9, 0x80, 0x7b,
    0xb8, 0x20, 0x1f, 0xfc, 0xb, 0xff, 0x9c, 0x3,
    0x7d, 0x48, 0x18, 0x6, 0x45, 0x20, 0x60, 0xf,
    0x18, 0x10, 0x7, 0xb8, 0x80, 0x3e, 0x57, 0x0,
    0xf8, 0x88, 0x1, 0xa, 0xac, 0x22, 0x55, 0xa,
    0x55, 0x40, 0xd5, 0x43,

    /* U+006A "j" */
    0x0, 0xf5, 0x79, 0x80, 0x79, 0xc4, 0x40, 0x1e,
    0xde, 0x20, 0xf, 0xfb, 0xff, 0xa4, 0x2, 0xaa,
    0xc1, 0xe0, 0x12, 0xac, 0xe0, 0x40, 0x1e, 0x70,
    0x50, 0xf, 0x10, 0x8, 0x7, 0xb4, 0xc0, 0x3e,
    0x66, 0x0, 0x7c, 0x7a, 0x1, 0xe1, 0x2, 0x0,
    0xf3, 0x2, 0x80, 0x9, 0x55, 0x11, 0x0, 0x51,
    0x54, 0x49, 0x70, 0x8,

    /* U+006B "k" */
    0x0, 0x37, 0x88, 0x7, 0xdc, 0x22, 0x0, 0xf8,
    0xc8, 0x3, 0xf3, 0x28, 0x5, 0x3e, 0x40, 0x2,
    0xe0, 0x3, 0x32, 0xc8, 0x8, 0x8, 0xe, 0x5d,
    0x0, 0xc, 0xc, 0x3c, 0x90, 0x1, 0x18, 0x67,
    0x15, 0x0, 0x6e, 0x2c, 0xa0, 0x60, 0xc, 0xac,
    0x6a, 0xa9, 0x0, 0xc4, 0x60, 0x8, 0x17, 0x0,
    0x8, 0xb4, 0x0, 0x4b, 0x20, 0x0,

    /* U+006C "l" */
    0x7f, 0xfc, 0x1, 0x2d, 0x51, 0x4, 0x2, 0x25,
    0x50, 0x28, 0x7, 0x98, 0x80, 0x3c, 0x5e, 0x1,
    0xc4, 0x4, 0x1, 0xce, 0xa, 0x1, 0xc4, 0x2,
    0x1, 0xda, 0x60, 0x1e, 0x66, 0x0, 0x79, 0xd1,
    0x56, 0x10, 0x4, 0x1d, 0x54, 0x60,

    /* U+006D "m" */
    0x7, 0xdb, 0xf7, 0xaf, 0x80, 0x7, 0x1d, 0x3c,
    0x5c, 0x38, 0x0, 0x9c, 0x7d, 0x4, 0x40, 0x12,
    0xf0, 0x69, 0x87, 0x98, 0x0, 0x4c, 0x1b, 0x80,
    0x98, 0xc, 0x18, 0xd, 0x41, 0x74, 0x18, 0x8,
    0x40, 0x80, 0x48, 0x34, 0x81, 0x44, 0x44, 0xe,
    0x4, 0xe0, 0x44, 0x7, 0x2, 0x0,

    /* U+006E "n" */
    0x0, 0x74, 0x57, 0xf4, 0x0, 0x4, 0x49, 0xdc,
    0x67, 0x40, 0x20, 0x94, 0x19, 0x2, 0x5, 0x4,
    0x0, 0x18, 0x18, 0x70, 0x88, 0x0, 0xc0, 0xe0,
    0x6a, 0x1, 0x18, 0x10, 0x31, 0x0, 0x5c, 0x40,
    0x2, 0xf0, 0x9, 0x58, 0x8, 0x8, 0x2, 0x23,
    0x0,

    /* U+006F "o" */
    0x0, 0x9f, 0x7f, 0x54, 0x2, 0xa9, 0xaa, 0x35,
    0x18, 0x12, 0xdb, 0xad, 0x2, 0x82, 0x82, 0x80,
    0x63, 0xe, 0x20, 0x9, 0x41, 0x81, 0x58, 0x2,
    0x20, 0x30, 0x11, 0x0, 0x5a, 0x80, 0x4, 0x57,
    0x5a, 0x48, 0x0, 0x4b, 0x4d, 0xd, 0x98, 0x0,

    /* U+0070 "p" */
    0x0, 0x74, 0xd7, 0xf3, 0x80, 0x4, 0x49, 0xda,
    0xd0, 0x60, 0x41, 0x8, 0x50, 0xa, 0xa, 0xa,
    0x0, 0x10, 0x30, 0xe1, 0x0, 0x94, 0x18, 0xd,
    0x40, 0x22, 0x3, 0x6, 0x70, 0xb, 0x4c, 0x0,
    0x42, 0xe9, 0x29, 0x20, 0x41, 0x19, 0x69, 0x4a,
    0xe, 0x9, 0x7f, 0xaa, 0x0, 0x20, 0x10, 0xf,
    0x69, 0x0, 0x7c,

    /* U+0071 "q" */
    0x0, 0xc, 0xf7, 0x1e, 0xec, 0x0, 0xa7, 0x8a,
    0xc5, 0x20, 0x34, 0xb6, 0x49, 0x1f, 0x4, 0x5,
    0x0, 0xc4, 0x1c, 0x40, 0x13, 0x82, 0x82, 0xb0,
    0x4, 0x40, 0x20, 0x1, 0x0, 0xac, 0xc0, 0xc,
    0xac, 0x94, 0x4c, 0x0, 0xb3, 0x99, 0x78, 0x68,
    0x0, 0x73, 0xf5, 0x4, 0x80, 0x3c, 0xa0, 0xe0,
    0x1e, 0x20, 0x20,

    /* U+0072 "r" */
    0x9, 0xd6, 0xdf, 0xb1, 0x5, 0x31, 0xfb, 0x48,
    0x2, 0x47, 0x24, 0x32, 0x1, 0xf0, 0x9, 0x8c,
    0xc0, 0xc0, 0x15, 0x43, 0x1, 0x0, 0x76, 0x88,
    0x80, 0x38, 0x88, 0x1, 0xe7, 0x50, 0xf, 0x0,

    /* U+0073 "s" */
    0x0, 0x15, 0x77, 0xf4, 0x80, 0x5e, 0xd5, 0x92,
    0xca, 0x4, 0x48, 0x43, 0x7b, 0x70, 0xb, 0xd9,
    0x5, 0x8, 0xa, 0x5e, 0x6f, 0x9c, 0x2, 0x6c,
    0xfe, 0x49, 0x0, 0x42, 0x0, 0x4, 0xcc, 0x0,
    0x59, 0x54, 0x67, 0x50, 0x7, 0xd, 0x5d, 0x9e,
    0x0,

    /* U+0074 "t" */
    0x0, 0x95, 0x80, 0x3e, 0x9c, 0x0, 0xf8, 0xf4,
    0x3, 0x57, 0xf8, 0x23, 0xfd, 0xc1, 0x34, 0xe1,
    0x35, 0x50, 0x1a, 0xf0, 0x32, 0xa9, 0x0, 0x2f,
    0x20, 0xf, 0x89, 0x80, 0x3e, 0x52, 0x0, 0xf8,
    0x7c, 0x3, 0xf6, 0xaa, 0x8c, 0x3, 0x4a, 0xd5,
    0x40, 0x0,

    /* U+0075 "u" */
    0xf, 0x70, 0xa, 0xb0, 0x40, 0x80, 0x27, 0x55,
    0x3, 0x80, 0x45, 0xc4, 0x4, 0x0, 0x20, 0x3f,
    0x20, 0x9, 0x81, 0x89, 0x80, 0x23, 0x2, 0x0,
    0xeb, 0x40, 0x34, 0x75, 0xa3, 0x80, 0x86, 0x9b,
    0x1c, 0x30,

    /* U+0076 "v" */
    0x5f, 0x20, 0x9, 0xbc, 0x98, 0x18, 0x2, 0xb4,
    0x23, 0x3, 0x0, 0x29, 0x40, 0x0, 0xb8, 0x1,
    0x28, 0x60, 0x7, 0x50, 0x43, 0x80, 0xb, 0x48,
    0x21, 0xc, 0x2, 0x31, 0x43, 0xf0, 0xc, 0xa1,
    0x26, 0x80, 0x18, 0x44, 0x50, 0x1, 0x80,

    /* U+0077 "w" */
    0xd6, 0x6, 0xf2, 0x9, 0xa1, 0x0, 0x50, 0x88,
    0x13, 0x80, 0xc4, 0x94, 0x8, 0x88, 0x0, 0x77,
    0x0, 0x15, 0x40, 0x16, 0xe8, 0x1e, 0xfc, 0x0,
    0x6a, 0x80, 0x26, 0xa0, 0xd, 0x70, 0x7, 0xa0,
    0x4, 0xba, 0x0, 0x4e, 0x0, 0x85, 0x0, 0x2,
    0x80, 0x0,

    /* U+0078 "x" */
    0x0, 0x75, 0x0, 0x5b, 0x80, 0x14, 0xa8, 0x84,
    0x9e, 0x80, 0x4e, 0x32, 0xad, 0x42, 0x1, 0xa5,
    0xaa, 0x10, 0x3, 0x8c, 0x49, 0xc0, 0x38, 0x69,
    0x9, 0x0, 0x3b, 0x4a, 0xce, 0x0, 0x34, 0x96,
    0x84, 0x9a, 0x0, 0x19, 0x94, 0x20, 0xa5, 0x0,
    0x0,

    /* U+0079 "y" */
    0xe, 0x80, 0xa, 0xb0, 0x45, 0xa0, 0x13, 0xa9,
    0x3, 0x0, 0x45, 0xca, 0x6, 0x0, 0x20, 0x3e,
    0x10, 0x9, 0x81, 0x88, 0xc0, 0x2c, 0x2, 0x32,
    0x40, 0x56, 0x20, 0xb2, 0xbf, 0xf1, 0x38, 0x16,
    0xeb, 0xa8, 0x88, 0x1, 0x10, 0x8d, 0xa0, 0x4a,
    0xb5, 0xa, 0x85, 0xd5, 0x41, 0x80, 0x0,

    /* U+007A "z" */
    0x0, 0x6f, 0xff, 0x48, 0x2, 0x6a, 0xa5, 0xc,
    0x0, 0x22, 0xa8, 0x16, 0x14, 0x3, 0x25, 0x3b,
    0x80, 0x31, 0xdb, 0x40, 0x6, 0x3c, 0x69, 0x0,
    0xc5, 0xab, 0x20, 0x1d, 0x81, 0xea, 0xb1, 0x81,
    0x88, 0xaa, 0xb5, 0x80,

    /* U+007B "{" */
    0x0, 0xff, 0xe1, 0x2e, 0xfb, 0x0, 0x64, 0xa5,
    0xb7, 0x0, 0xda, 0x50, 0x82, 0x1, 0x8c, 0x40,
    0x3e, 0x17, 0x0, 0xf9, 0x88, 0x3, 0x85, 0x4a,
    0x80, 0x29, 0xfe, 0x8c, 0x30, 0xa, 0xf2, 0xc7,
    0xc0, 0x31, 0x1a, 0x59, 0x80, 0x7d, 0xa6, 0x1,
    0xf2, 0x20, 0x3, 0xc4, 0x38, 0x1, 0xe1, 0xc,
    0x10, 0xe, 0x35, 0x7e, 0x30, 0xe, 0xae, 0xc3,
    0x0, 0x0,

    /* U+007C "|" */
    0x0, 0x4e, 0x80, 0x15, 0xc0, 0x4, 0x40, 0x11,
    0x68, 0x10, 0x30, 0x28, 0x18, 0x70, 0x80, 0xd,
    0x40, 0xc, 0x40, 0x2, 0xf0, 0x20, 0x20, 0x70,
    0x50, 0xd0, 0x10, 0x23, 0x0, 0x3b, 0x0, 0x0,

    /* U+007D "}" */
    0x0, 0xff, 0x8b, 0xfa, 0x0, 0x38, 0xad, 0x1c,
    0xc0, 0x39, 0x38, 0x3, 0xf6, 0x9, 0x80, 0x79,
    0x5c, 0x3, 0xc2, 0x58, 0x1, 0xf8, 0x84, 0x3,
    0x86, 0x21, 0xdf, 0x20, 0x12, 0x44, 0xe6, 0x20,
    0x2, 0xf4, 0x63, 0x30, 0x80, 0x4e, 0x20, 0x1f,
    0xfc, 0x41, 0x30, 0xe, 0x15, 0x2f, 0x0, 0xcb,
    0xd4, 0xcc, 0x0, 0xc9, 0x9d, 0x20, 0x1c,

    /* U+007E "~" */
    0xa, 0xfc, 0x10, 0x8d, 0x97, 0xb1, 0xa1, 0x44,
    0x95, 0x39, 0x38, 0x63, 0xa4, 0xf, 0xf7, 0x42,

    /* U+00A0 " " */

    /* U+00A1 "¡" */
    0x0, 0x47, 0xb0, 0x0, 0x85, 0x40, 0x15, 0xc6,
    0x0, 0x32, 0x0, 0xb9, 0x40, 0x22, 0x20, 0x0,
    0xc1, 0x80, 0xa, 0x4, 0x0, 0xf0, 0x10, 0x2,
    0x90, 0x4, 0x6e, 0x0, 0x20, 0x20, 0x0,

    /* U+00A2 "¢" */
    0x0, 0xe4, 0x30, 0xf, 0xb9, 0x80, 0x3c, 0x4e,
    0x20, 0x18, 0xb3, 0x4a, 0xec, 0x1, 0x79, 0x48,
    0xc2, 0x30, 0x19, 0x52, 0xa9, 0xcb, 0xc1, 0x1,
    0x14, 0x83, 0x64, 0x34, 0x83, 0xbc, 0x3, 0x33,
    0x81, 0x90, 0x7, 0x8, 0x32, 0xc7, 0x0, 0x2d,
    0x20, 0xa5, 0xe0, 0x0, 0xee, 0x60, 0x4a, 0x60,
    0xa, 0x2d, 0x71, 0x40, 0x38, 0xb4, 0x3, 0x0,

    /* U+00A3 "£" */
    0x0, 0x8e, 0xfb, 0x94, 0x20, 0x11, 0xe0, 0xdc,
    0xad, 0x0, 0x50, 0x94, 0xae, 0xa8, 0x1, 0x29,
    0x80, 0x57, 0xa0, 0x11, 0x98, 0x2, 0x12, 0x0,
    0x95, 0x8, 0x3, 0xd2, 0xe1, 0xbf, 0xe2, 0x0,
    0xae, 0xc0, 0xf9, 0x82, 0x0, 0x88, 0x42, 0x8c,
    0xc0, 0x18, 0xe9, 0xc8, 0x3, 0x8f, 0x13, 0x11,
    0x30, 0x1, 0x41, 0x2e, 0xf8, 0x0,

    /* U+00A4 "¤" */
    0x2, 0xb1, 0x0, 0xd0, 0x40, 0x29, 0x98, 0xfd,
    0xc7, 0x60, 0x36, 0x38, 0xd5, 0x3b, 0x40, 0x16,
    0xd4, 0x28, 0x11, 0x0, 0x8, 0xc, 0x2, 0x17,
    0x0, 0x8, 0x38, 0x15, 0xa1, 0x0, 0xf8, 0xcf,
    0xeb, 0x21, 0x81, 0x8e, 0x77, 0x3f, 0xd, 0xc0,
    0xb0, 0x80, 0x40, 0x71, 0x0,

    /* U+00A5 "¥" */
    0x1, 0xf5, 0x0, 0xd5, 0xa0, 0x1, 0x3f, 0x0,
    0x95, 0x5c, 0x1, 0x5a, 0x80, 0x6, 0xdc, 0xc0,
    0x25, 0x4, 0xb, 0x38, 0x0, 0xc4, 0x7c, 0x8b,
    0xc0, 0x1e, 0xb4, 0x96, 0x30, 0xd, 0xfe, 0x81,
    0x26, 0xfb, 0x0, 0xb3, 0x20, 0x7c, 0xc5, 0x0,
    0x46, 0x62, 0xd, 0x33, 0x8, 0x1, 0x7f, 0xdc,
    0x15, 0xfe, 0x50, 0x2, 0x66, 0x20, 0x33, 0x25,
    0x0, 0x9, 0x9b, 0xc4, 0xce, 0x0, 0x80,

    /* U+00A6 "¦" */
    0x0, 0x84, 0x1, 0x5a, 0x0, 0x66, 0x0, 0xf,
    0x40, 0x40, 0x81, 0x41, 0xc0, 0x80, 0x81, 0xbc,
    0x3, 0xc2, 0x1, 0x73, 0x1, 0x82, 0x83, 0x1,
    0x6, 0x88, 0x80, 0x88, 0x0, 0x75, 0x0, 0x0,

    /* U+00A7 "§" */
    0x0, 0x97, 0x7f, 0xd8, 0x60, 0x12, 0xd2, 0xdd,
    0xe, 0x80, 0x5c, 0x90, 0x8b, 0xf6, 0x1, 0x3b,
    0x8, 0x0, 0x94, 0x2, 0xf3, 0xed, 0xa2, 0x0,
    0xd2, 0x70, 0x88, 0xd1, 0x0, 0x32, 0xfb, 0xce,
    0x2, 0x0, 0x3c, 0x48, 0x3, 0x30, 0x3, 0x45,
    0x84, 0x25, 0xcc, 0x0, 0x91, 0x7d, 0xef, 0x20,
    0x19, 0xf7, 0xe8, 0xec, 0x0, 0x26, 0x1, 0x29,
    0x80, 0x4f, 0x8a, 0x2, 0xc7, 0xe0, 0x6, 0x3a,
    0xfe, 0x98, 0x50, 0xb, 0x37, 0x37, 0xdc, 0x2,

    /* U+00A8 "¨" */
    0x0, 0xf4, 0xf8, 0x8b, 0xe5, 0x48, 0x48, 0x3c,

    /* U+00A9 "©" */
    0x0, 0x92, 0xb3, 0x68, 0x80, 0x28, 0xe8, 0xcd,
    0xfc, 0x10, 0x33, 0x55, 0xed, 0xa3, 0xb8, 0x2b,
    0xd8, 0xb4, 0x53, 0x84, 0x11, 0x19, 0xa1, 0x4b,
    0xe4, 0x1, 0x3a, 0x80, 0x46, 0xe2, 0x20, 0x30,
    0x3d, 0x6, 0x20, 0x20, 0x8e, 0xfe, 0x64, 0x1,
    0x4a, 0x7d, 0xc5, 0xa9, 0x0, 0x56, 0xed, 0x83,
    0x80, 0x0,

    /* U+00AA "ª" */
    0x4, 0xab, 0x30, 0x2a, 0x89, 0x1f, 0x98, 0x29,
    0xc9, 0x3d, 0xbe, 0x7f, 0x70,

    /* U+00AB "«" */
    0x0, 0x86, 0x9c, 0xe, 0xd0, 0x0, 0x38, 0xce,
    0x78, 0x68, 0x3, 0x83, 0x87, 0x8f, 0x0, 0x3a,
    0x38, 0x78, 0xf0, 0x0, 0x53, 0x90, 0xb0, 0x90,
    0x9, 0x1a, 0xc6, 0xa, 0x80, 0x34, 0x9d, 0x7,
    0x23, 0x0, 0x6e, 0x46, 0x37, 0x92, 0x0,

    /* U+00AC "¬" */
    0x1, 0x1f, 0x1, 0x77, 0x78, 0xcd, 0x99, 0xa0,
    0xc, 0x4c, 0xf0, 0x8, 0x7, 0x97, 0x0,

    /* U+00AD "­" */
    0x0, 0xf4, 0xff, 0xe8, 0xbc, 0xcd, 0x20,

    /* U+00AE "®" */
    0x0, 0x92, 0xb3, 0x68, 0x80, 0x28, 0xe8, 0xcd,
    0xfc, 0x10, 0x33, 0x4e, 0x6d, 0xa3, 0xb8, 0x2b,
    0xd5, 0xb5, 0x8b, 0x84, 0x11, 0x1c, 0xde, 0xa7,
    0xe4, 0x1, 0x1e, 0xa6, 0x1, 0xb8, 0x88, 0x18,
    0xb3, 0x0, 0xc4, 0x4, 0x14, 0x2b, 0xac, 0x80,
    0x29, 0x4c, 0x4, 0x75, 0x20, 0xa, 0xdd, 0xb0,
    0x70, 0x0,

    /* U+00AF "¯" */
    0x0, 0xf5, 0x7f, 0xe7, 0x8c, 0xcc, 0xc0,

    /* U+00B0 "°" */
    0x7, 0xdd, 0x20, 0x36, 0x6c, 0xd0, 0x57, 0x82,
    0x88, 0x39, 0x84, 0xb0, 0x4d, 0xf0, 0xc8, 0x0,

    /* U+00B1 "±" */
    0x0, 0xc9, 0xe4, 0x1, 0xe2, 0x2, 0x0, 0xf7,
    0x90, 0x6, 0xcf, 0xf3, 0x17, 0xfa, 0xc3, 0xf3,
    0x0, 0xd9, 0x89, 0x3, 0x38, 0x30, 0xcc, 0x40,
    0x11, 0x83, 0x80, 0x62, 0x22, 0x0, 0x8, 0x42,
    0x37, 0x50, 0x1b, 0xac, 0x0,

    /* U+00B2 "²" */
    0x0, 0x37, 0x7c, 0x80, 0x12, 0xf3, 0x5d, 0x1,
    0xbc, 0x88, 0xe, 0x4, 0x41, 0xc6, 0x30, 0x2,
    0xe4, 0xc0, 0x2, 0x65, 0xea, 0x0, 0x26, 0x3d,
    0xfa, 0x0,

    /* U+00B3 "³" */
    0x1, 0xff, 0xce, 0x3, 0xfc, 0xe8, 0xc0, 0x16,
    0x9d, 0x88, 0x5, 0x41, 0x80, 0x4, 0x6, 0x93,
    0x1, 0xb4, 0x18, 0x40, 0x18, 0xae, 0xa, 0x0,

    /* U+00B4 "´" */
    0x0, 0x23, 0x80, 0xe, 0xc4, 0x7, 0x5d, 0x80,

    /* U+00B5 "µ" */
    0x0, 0x74, 0x0, 0x57, 0x60, 0x0, 0xf0, 0x4,
    0xc4, 0x6, 0xa, 0x1, 0x17, 0x83, 0x1, 0x0,
    0x8, 0x8, 0x34, 0x44, 0x0, 0x70, 0x50, 0x22,
    0x0, 0x44, 0x2, 0xe, 0x1, 0xb0, 0xc0, 0x4,
    0x44, 0x28, 0x56, 0x1, 0x6, 0xac, 0xf0, 0xd0,
    0x50, 0xae, 0xe3, 0xf3, 0x81, 0x1, 0x0, 0x7b,
    0xc8, 0x3, 0xe0,

    /* U+00B6 "¶" */
    0x0, 0x4f, 0x7b, 0x17, 0x90, 0x5b, 0x8, 0x13,
    0x1, 0x11, 0x0, 0x26, 0x32, 0x7, 0x0, 0xc5,
    0xcc, 0x4, 0x1, 0x10, 0x11, 0x81, 0x80, 0x4e,
    0xb, 0xc0, 0x92, 0x40, 0x40, 0x2a, 0x0, 0x6d,
    0x1d, 0x30, 0x20, 0x8, 0x44, 0xcc, 0x11, 0x0,
    0x44, 0x7, 0xa4, 0x1, 0x94, 0x40, 0x94, 0x3,
    0x72, 0x83, 0xf0, 0x6, 0x32, 0x2, 0x30, 0xc,
    0xde, 0x40, 0xc0, 0x18, 0x88, 0xc0, 0x40, 0x0,

    /* U+00B7 "·" */
    0x4, 0xa3, 0xb, 0x5a, 0x3, 0x1a,

    /* U+00B8 "¸" */
    0x6, 0x10, 0x29, 0x70, 0x2e, 0x97, 0xcf, 0x46,

    /* U+00B9 "¹" */
    0x0, 0x2e, 0xf9, 0x0, 0x1b, 0xa0, 0x8, 0x0,
    0xd6, 0x24, 0x1, 0xc6, 0xe0, 0x1d, 0xa4, 0x1,
    0xcd, 0xa0, 0x4, 0xff, 0x1d, 0x78, 0x0,

    /* U+00BA "º" */
    0x4, 0xaa, 0x8, 0x45, 0x7c, 0xa2, 0x0, 0x1c,
    0x20, 0xf, 0x55, 0x15, 0x61, 0x80,

    /* U+00BB "»" */
    0x0, 0x35, 0x0, 0x26, 0x0, 0x39, 0xd2, 0x43,
    0x5d, 0x40, 0x30, 0xdb, 0x22, 0x1a, 0xc4, 0x3,
    0x2a, 0xa8, 0x64, 0xe8, 0x3, 0xe3, 0x10, 0xf,
    0x52, 0x61, 0xe3, 0x58, 0x5, 0x49, 0x87, 0x8d,
    0x60, 0x15, 0x26, 0x1e, 0xd, 0x80, 0x40,

    /* U+00BC "¼" */
    0x0, 0x14, 0xa0, 0x5, 0x2, 0x3, 0xca, 0x20,
    0x6, 0x11, 0x1, 0xe8, 0x38, 0xd, 0xc8, 0x0,
    0x84, 0xc8, 0x22, 0x40, 0x30, 0x90, 0x19, 0x90,
    0x0, 0x39, 0xa1, 0x9d, 0x60, 0x10, 0xe6, 0x35,
    0x20, 0x40, 0x3c, 0x66, 0x56, 0x90, 0xe, 0xf9,
    0x5d, 0xb1, 0x0, 0xa2, 0x86, 0x6e, 0xc8, 0x0,
    0x34, 0x6b, 0x1d, 0x67, 0x0, 0x77, 0x2, 0x37,
    0x42, 0x40, 0xd, 0x20, 0xd, 0xc0, 0x0,

    /* U+00BD "½" */
    0x0, 0x1c, 0xa0, 0x5, 0x2, 0x7, 0x44, 0x1,
    0x48, 0x88, 0xe, 0x55, 0x40, 0xaf, 0x20, 0x10,
    0x80, 0x95, 0x50, 0x0, 0x39, 0xa7, 0x9a, 0xa8,
    0x0, 0x1c, 0xc6, 0xd8, 0xd8, 0x7, 0x86, 0x1a,
    0xb5, 0x40, 0x35, 0xaa, 0xa7, 0xe0, 0x2, 0x34,
    0xbc, 0x26, 0x60, 0x5, 0xd6, 0x22, 0x69, 0x90,
    0x1, 0xd9, 0x4f, 0x3b, 0x48, 0x1, 0x74, 0x16,
    0x29, 0x8c, 0x0,

    /* U+00BE "¾" */
    0x1, 0xcc, 0x6a, 0x0, 0xe0, 0x80, 0xe5, 0x3a,
    0x5, 0xd0, 0x80, 0xe, 0x70, 0x11, 0x98, 0x1,
    0x1d, 0xc8, 0xcf, 0x80, 0x58, 0xa, 0x52, 0xa6,
    0x1, 0x5e, 0xd5, 0xac, 0x0, 0x67, 0xdb, 0xa9,
    0x0, 0xf9, 0x98, 0x8d, 0x40, 0x18, 0x6e, 0xcb,
    0xb0, 0x20, 0x15, 0xd8, 0xa6, 0xec, 0x80, 0x4,
    0x66, 0x58, 0xeb, 0x38, 0x2, 0x78, 0x23, 0x74,
    0x24, 0x0, 0xd2, 0x0, 0xdc, 0x0,

    /* U+00BF "¿" */
    0x0, 0xeb, 0xf3, 0x0, 0xe6, 0x22, 0x0, 0x76,
    0xe8, 0x40, 0x3a, 0xc, 0x3, 0x89, 0xdc, 0x1,
    0x15, 0xe8, 0x28, 0x0, 0x71, 0xef, 0x44, 0x1,
    0x21, 0xa8, 0x40, 0x12, 0x28, 0x80, 0x79, 0xc0,
    0x3c, 0x87, 0x4c, 0xa6, 0x0, 0x88, 0x3c, 0xd2,
    0x0,

    /* U+00C0 "À" */
    0x0, 0xca, 0xc0, 0x1f, 0x34, 0x98, 0x7, 0x8d,
    0x7c, 0x3, 0xea, 0xc0, 0xf, 0x1f, 0xf8, 0x3,
    0xd2, 0x20, 0x20, 0x18, 0x55, 0x80, 0xc0, 0x33,
    0x5, 0x3, 0x0, 0x6a, 0x52, 0x1, 0x0, 0x90,
    0xb8, 0x4, 0x80, 0x2e, 0x14, 0x3, 0xf0, 0x0,
    0xab, 0x0, 0x4, 0x80, 0xc, 0xf, 0xfe, 0x31,
    0x0, 0x49, 0xe6, 0x4a, 0xc0, 0x83, 0x6, 0x76,
    0x90, 0x79, 0x20, 0x4, 0x40, 0x0,

    /* U+00C1 "Á" */
    0x0, 0xf9, 0xd4, 0x3, 0xd3, 0x24, 0x0, 0xe6,
    0x66, 0x88, 0x7, 0x37, 0x98, 0x7, 0x1f, 0xf8,
    0x3, 0xd2, 0x20, 0x20, 0x18, 0x55, 0x80, 0xc0,
    0x33, 0x5, 0x3, 0x0, 0x6a, 0x52, 0x1, 0x0,
    0x90, 0xb8, 0x4, 0x80, 0x2e, 0x14, 0x3, 0xf0,
    0x0, 0xab, 0x0, 0x4, 0x80, 0xc, 0xf, 0xfe,
    0x31, 0x0, 0x49, 0xe6, 0x4a, 0xc0, 0x83, 0x6,
    0x76, 0x90, 0x79, 0x20, 0x4, 0x40, 0x0,

    /* U+00C2 "Â" */
    0x0, 0xe3, 0x82, 0x0, 0xf2, 0x62, 0xf8, 0x7,
    0x25, 0xce, 0x85, 0x0, 0x64, 0xf6, 0xd, 0xa0,
    0xe, 0x3f, 0xf0, 0x7, 0xd2, 0x20, 0x20, 0x1c,
    0x2a, 0xc0, 0x60, 0x1c, 0xc1, 0x40, 0xc0, 0x1d,
    0x4a, 0x40, 0x20, 0x19, 0xb, 0x80, 0x48, 0x3,
    0x70, 0xa0, 0x1f, 0x80, 0x42, 0xac, 0x0, 0x12,
    0x0, 0x98, 0x1f, 0xfc, 0x62, 0x1, 0x49, 0xe6,
    0x4a, 0xc0, 0x4, 0x18, 0x33, 0xb4, 0x80, 0x1e,
    0x48, 0x1, 0x10, 0x4,

    /* U+00C3 "Ã" */
    0x0, 0xd5, 0xd0, 0x5c, 0x1, 0x91, 0xbc, 0xf2,
    0x0, 0x32, 0x60, 0xdf, 0x30, 0x7, 0x1f, 0xf8,
    0x3, 0xe9, 0x10, 0x10, 0xe, 0x15, 0x60, 0x30,
    0xe, 0x60, 0xa0, 0x60, 0xe, 0xa5, 0x20, 0x10,
    0xc, 0x85, 0xc0, 0x24, 0x1, 0xb8, 0x50, 0xf,
    0xc0, 0x21, 0x56, 0x0, 0x9, 0x0, 0x4c, 0xf,
    0xfe, 0x31, 0x0, 0xa4, 0xf3, 0x25, 0x60, 0x2,
    0xc, 0x19, 0xda, 0x40, 0xf, 0x24, 0x0, 0x88,
    0x2,

    /* U+00C4 "Ä" */
    0x0, 0xff, 0xe0, 0x9f, 0xb8, 0x57, 0x88, 0x4,
    0xc0, 0x60, 0xc6, 0x20, 0x12, 0xfa, 0x6, 0x60,
    0x3, 0x8f, 0xfc, 0x1, 0xf4, 0x88, 0x8, 0x7,
    0xa, 0xb0, 0x18, 0x7, 0x30, 0x50, 0x30, 0x7,
    0x52, 0x90, 0x8, 0x6, 0x42, 0xe0, 0x12, 0x0,
    0xdc, 0x28, 0x7, 0xe0, 0x10, 0xab, 0x0, 0x4,
    0x80, 0x26, 0x7, 0xff, 0x18, 0x80, 0x52, 0x79,
    0x92, 0xb0, 0x1, 0x6, 0xc, 0xed, 0x20, 0x7,
    0x92, 0x0, 0x44, 0x1, 0x0,

    /* U+00C5 "Å" */
    0x0, 0xe9, 0xda, 0x0, 0xe6, 0xd, 0x63, 0x0,
    0xdf, 0xc0, 0x44, 0x0, 0xd7, 0x6c, 0xb1, 0x0,
    0xc2, 0x66, 0x50, 0xe, 0x91, 0x1, 0x0, 0xc2,
    0xac, 0x6, 0x1, 0x98, 0x28, 0x18, 0x3, 0x52,
    0x90, 0x8, 0x4, 0x85, 0xc0, 0x24, 0x1, 0x70,
    0xa0, 0x1f, 0x80, 0x5, 0x58, 0x0, 0x24, 0x0,
    0x60, 0x7f, 0xf1, 0x88, 0x2, 0x4f, 0x32, 0x56,
    0x4, 0x18, 0x33, 0xb4, 0x83, 0xc9, 0x0, 0x22,
    0x0, 0x0,

    /* U+00C6 "Æ" */
    0x0, 0xc7, 0xff, 0xe2, 0x0, 0xd4, 0x50, 0x13,
    0x54, 0x20, 0xc, 0xea, 0x20, 0xca, 0xa0, 0xc,
    0x83, 0x7c, 0x60, 0x1f, 0x68, 0x99, 0x30, 0x88,
    0x3, 0x9d, 0xc0, 0xeb, 0xdc, 0x0, 0xc8, 0x3a,
    0x5, 0x17, 0x80, 0x1b, 0x85, 0x4, 0x11, 0x6,
    0x1, 0x94, 0x7f, 0x80, 0xc0, 0x39, 0x42, 0xb1,
    0xc4, 0x3, 0xdc, 0x4a, 0x62, 0x6a, 0xa2, 0x0,
    0xa, 0x50, 0x1, 0x4a, 0xa8, 0xa0, 0x0,

    /* U+00C7 "Ç" */
    0x0, 0x15, 0x77, 0xd8, 0x80, 0xb, 0x1a, 0x20,
    0x94, 0x0, 0xb3, 0xc6, 0x77, 0x20, 0x1, 0xd4,
    0x2, 0xaa, 0x0, 0x8b, 0x40, 0x22, 0x50, 0x20,
    0x60, 0xf, 0x28, 0x18, 0x7, 0xb8, 0x40, 0x3e,
    0x32, 0x0, 0x85, 0x40, 0x3e, 0x8b, 0x0, 0x19,
    0xa1, 0x65, 0xac, 0x1, 0xc, 0xf4, 0xb4, 0xa0,
    0x14, 0xc, 0x62, 0x80, 0x61, 0xe9, 0x90, 0x7,
    0x5f, 0x15, 0x80, 0x60,

    /* U+00C8 "È" */
    0x0, 0xc8, 0xe0, 0x1f, 0x96, 0x18, 0x3, 0xe1,
    0x88, 0x0, 0x7e, 0x7e, 0x0, 0xe5, 0xff, 0xf3,
    0x0, 0x8, 0x2a, 0xb9, 0xc0, 0x1a, 0x6a, 0xbc,
    0x20, 0x6, 0x50, 0xf, 0xc7, 0xc0, 0x1f, 0x8,
    0x47, 0xfe, 0x0, 0x94, 0x2b, 0x33, 0x0, 0x44,
    0xa, 0x67, 0x80, 0x2f, 0x20, 0xf, 0xc4, 0xc0,
    0x1f, 0x94, 0x15, 0x72, 0x0, 0x42, 0x95, 0x5b,
    0xc0, 0x0,

    /* U+00C9 "É" */
    0x0, 0xf9, 0x98, 0x1, 0xf3, 0xca, 0x80, 0x79,
    0x22, 0xcc, 0x3, 0xc9, 0xe8, 0x1, 0x97, 0xff,
    0xcc, 0x0, 0x20, 0xaa, 0xe7, 0x0, 0x69, 0xaa,
    0xf0, 0x80, 0x19, 0x40, 0x3f, 0x1f, 0x0, 0x7c,
    0x21, 0x1f, 0xf8, 0x2, 0x50, 0xac, 0xcc, 0x1,
    0x10, 0x29, 0x9e, 0x0, 0xbc, 0x80, 0x3f, 0x13,
    0x0, 0x7e, 0x50, 0x55, 0xc8, 0x1, 0xa, 0x55,
    0x6f, 0x0, 0x0,

    /* U+00CA "Ê" */
    0x0, 0xe2, 0x84, 0x0, 0xf1, 0x62, 0xd1, 0x0,
    0x62, 0xc7, 0xd5, 0xe0, 0xc, 0x5d, 0x21, 0x78,
    0x1, 0x2f, 0xff, 0x98, 0x0, 0x41, 0x55, 0xce,
    0x0, 0xd3, 0x55, 0xe1, 0x0, 0x32, 0x80, 0x7e,
    0x3e, 0x0, 0xf8, 0x42, 0x3f, 0xf0, 0x4, 0xa1,
    0x59, 0x98, 0x2, 0x20, 0x53, 0x3c, 0x1, 0x79,
    0x0, 0x7e, 0x26, 0x0, 0xfc, 0xa0, 0xab, 0x90,
    0x2, 0x14, 0xaa, 0xde, 0x0,

    /* U+00CB "Ë" */
    0x0, 0xff, 0xe0, 0x8f, 0x50, 0x3f, 0x98, 0x4,
    0x43, 0x81, 0xa2, 0x40, 0x11, 0xfb, 0x5, 0x70,
    0x80, 0x17, 0xff, 0xcc, 0x0, 0x20, 0xaa, 0xe7,
    0x0, 0x69, 0xaa, 0xf0, 0x80, 0x19, 0x40, 0x3f,
    0x1f, 0x0, 0x7c, 0x21, 0x1f, 0xf8, 0x2, 0x50,
    0xac, 0xcc, 0x1, 0x10, 0x29, 0x9e, 0x0, 0xbc,
    0x80, 0x3f, 0x13, 0x0, 0x7e, 0x50, 0x55, 0xc8,
    0x1, 0xa, 0x55, 0x6f, 0x0, 0x0,

    /* U+00CC "Ì" */
    0x0, 0xca, 0xc0, 0x1f, 0x9a, 0x50, 0x3, 0xe3,
    0x69, 0x0, 0xfd, 0x3a, 0x1, 0xc9, 0xff, 0xe0,
    0x9, 0x6a, 0x80, 0xd5, 0x60, 0x10, 0xab, 0x86,
    0xaa, 0x0, 0x73, 0x83, 0x0, 0x7c, 0x40, 0x40,
    0x1f, 0x69, 0x0, 0x7e, 0x67, 0x0, 0xfc, 0x64,
    0x1, 0xf0, 0x87, 0x0, 0x7c, 0xa0, 0xa0, 0x1c,
    0x8b, 0xa0, 0xaa, 0x10, 0xa, 0xe9, 0x82, 0x69,
    0x40, 0x0,

    /* U+00CD "Í" */
    0x0, 0xf9, 0xd4, 0x3, 0xe9, 0x92, 0x0, 0x79,
    0x99, 0xa2, 0x1, 0xe6, 0xf3, 0x0, 0xc9, 0xff,
    0xe0, 0x9, 0x6a, 0x80, 0xd5, 0x60, 0x10, 0xab,
    0x86, 0xaa, 0x0, 0x73, 0x83, 0x0, 0x7c, 0x40,
    0x40, 0x1f, 0x69, 0x0, 0x7e, 0x67, 0x0, 0xfc,
    0x64, 0x1, 0xf0, 0x87, 0x0, 0x7c, 0xa0, 0xa0,
    0x1c, 0x8b, 0xa0, 0xaa, 0x10, 0xa, 0xe9, 0x82,
    0x69, 0x40, 0x0,

    /* U+00CE "Î" */
    0x0, 0xe3, 0x83, 0x0, 0xf1, 0xe2, 0xf0, 0x80,
    0x63, 0xc8, 0xd0, 0xa0, 0xc, 0x7e, 0xe1, 0xb6,
    0x1, 0x27, 0xff, 0x80, 0x25, 0xaa, 0x3, 0x55,
    0x80, 0x42, 0xae, 0x1a, 0xa8, 0x1, 0xce, 0xc,
    0x1, 0xf1, 0x1, 0x0, 0x7d, 0xa4, 0x1, 0xf9,
    0x9c, 0x3, 0xf1, 0x90, 0x7, 0xc2, 0x1c, 0x1,
    0xf2, 0x82, 0x80, 0x72, 0x2e, 0x82, 0xa8, 0x40,
    0x2b, 0xa6, 0x9, 0xa5, 0x0, 0x0,

    /* U+00CF "Ï" */
    0x0, 0xff, 0xe0, 0x9f, 0xc0, 0x4f, 0x88, 0x4,
    0xc1, 0xa0, 0xa4, 0x20, 0x12, 0xfa, 0x86, 0x68,
    0x4, 0x9f, 0xfe, 0x0, 0x96, 0xa8, 0xd, 0x56,
    0x1, 0xa, 0xb8, 0x6a, 0xa0, 0x7, 0x38, 0x30,
    0x7, 0xc4, 0x4, 0x1, 0xf6, 0x90, 0x7, 0xe6,
    0x70, 0xf, 0xc6, 0x40, 0x1f, 0x8, 0x70, 0x7,
    0xca, 0xa, 0x1, 0xc8, 0xba, 0xa, 0xa1, 0x0,
    0xae, 0x98, 0x26, 0x94, 0x0,

    /* U+00D0 "Ð" */
    0x0, 0x3f, 0xfd, 0xae, 0x1, 0xb8, 0xae, 0xc9,
    0xe, 0x1, 0x2b, 0xa2, 0x25, 0x2c, 0x2, 0x3d,
    0x0, 0x84, 0x2, 0x10, 0x20, 0x9, 0x98, 0x17,
    0xc1, 0x56, 0x0, 0x3d, 0x9, 0x70, 0xca, 0x1,
    0x2, 0x2, 0x11, 0x18, 0x82, 0x83, 0x80, 0x9,
    0x40, 0x22, 0x2, 0x0, 0x31, 0x0, 0x54, 0x80,
    0x11, 0x2, 0x2d, 0x94, 0x80, 0x8, 0x1a, 0xec,
    0x38, 0x40, 0x0,

    /* U+00D1 "Ñ" */
    0x0, 0xd5, 0xd0, 0x5c, 0x1, 0x91, 0xbc, 0xf2,
    0x0, 0x32, 0x60, 0xdf, 0x30, 0x4, 0xff, 0x20,
    0x2, 0xf3, 0x0, 0x68, 0x28, 0x1, 0xc0, 0x80,
    0xc, 0x66, 0x0, 0x10, 0x88, 0x0, 0x76, 0x4,
    0x1c, 0x40, 0x1, 0x3, 0x17, 0x5, 0x50, 0x1,
    0x41, 0x97, 0x0, 0xb8, 0x0, 0x40, 0x46, 0xa2,
    0x23, 0x0, 0x79, 0x6, 0x99, 0x3, 0x0, 0x9,
    0xc1, 0xc1, 0x0, 0x80, 0xa, 0x40, 0x43, 0x64,
    0x1, 0xe, 0x80, 0x14, 0xdc, 0x0, 0x60, 0xc0,
    0x3, 0x2, 0x0, 0x0,

    /* U+00D2 "Ò" */
    0x0, 0x95, 0x80, 0x3c, 0xd2, 0x60, 0x1c, 0x6b,
    0xe0, 0x1e, 0xac, 0x0, 0xc7, 0x7d, 0xc9, 0x0,
    0x16, 0x5, 0xcb, 0x48, 0x41, 0xda, 0xba, 0xa0,
    0x2d, 0x80, 0x61, 0x20, 0x30, 0x9, 0x9a, 0x6,
    0x0, 0x8f, 0x4c, 0x8, 0x0, 0x20, 0x5c, 0x40,
    0x12, 0x83, 0xab, 0x80, 0x44, 0x4, 0x2, 0x1,
    0x6a, 0x2, 0x21, 0xd6, 0x92, 0x2, 0x1a, 0x6c,
    0x70, 0xc0,

    /* U+00D3 "Ó" */
    0x0, 0xf3, 0xa8, 0x7, 0x4c, 0x90, 0x3, 0x33,
    0x34, 0x40, 0x33, 0x79, 0x80, 0x47, 0x7d, 0xc9,
    0x0, 0x16, 0x5, 0xcb, 0x48, 0x41, 0xda, 0xba,
    0xa0, 0x2d, 0x80, 0x61, 0x20, 0x30, 0x9, 0x9a,
    0x6, 0x0, 0x8f, 0x4c, 0x8, 0x0, 0x20, 0x5c,
    0x40, 0x12, 0x83, 0xab, 0x80, 0x44, 0x4, 0x2,
    0x1, 0x6a, 0x2, 0x21, 0xd6, 0x92, 0x2, 0x1a,
    0x6c, 0x70, 0xc0,

    /* U+00D4 "Ô" */
    0x0, 0xc7, 0x4, 0x1, 0xc9, 0x8b, 0xe0, 0x19,
    0x2e, 0x74, 0x28, 0x2, 0x4f, 0x60, 0xda, 0x0,
    0x8e, 0xfb, 0x92, 0x1, 0x16, 0x5, 0xcb, 0x48,
    0x2, 0xe, 0xd5, 0xd5, 0x0, 0xb, 0x60, 0x18,
    0x40, 0x80, 0xc0, 0x26, 0x60, 0x30, 0x30, 0x4,
    0x7a, 0x6, 0x4, 0x0, 0x10, 0x20, 0xe2, 0x0,
    0x94, 0x1c, 0x15, 0xc0, 0x22, 0x2, 0x0, 0x8,
    0x5, 0xa8, 0x0, 0x44, 0x3a, 0xd2, 0x40, 0x2,
    0x1a, 0x6c, 0x70, 0xc0, 0x0,

    /* U+00D5 "Õ" */
    0x0, 0xab, 0xa0, 0xb8, 0x2, 0x46, 0xf3, 0xc8,
    0x0, 0x93, 0x6, 0xf9, 0x80, 0x23, 0xbe, 0xe4,
    0x80, 0x45, 0x81, 0x72, 0xd2, 0x0, 0x83, 0xb5,
    0x75, 0x40, 0x2, 0xd8, 0x6, 0x10, 0x20, 0x30,
    0x9, 0x98, 0xc, 0xc, 0x1, 0x1e, 0x81, 0x81,
    0x0, 0x4, 0x8, 0x38, 0x80, 0x25, 0x7, 0x5,
    0x70, 0x8, 0x80, 0x80, 0x2, 0x1, 0x6a, 0x0,
    0x11, 0xe, 0xb4, 0x90, 0x0, 0x86, 0x9b, 0x1c,
    0x30, 0x0,

    /* U+00D6 "Ö" */
    0x0, 0xff, 0x8f, 0xdc, 0x2b, 0xc4, 0x0, 0xc0,
    0x60, 0xc6, 0x20, 0x5, 0xf4, 0xc, 0xc0, 0x4,
    0x77, 0xdc, 0x90, 0x8, 0xb0, 0x2e, 0x5a, 0x40,
    0x10, 0x76, 0xae, 0xa8, 0x0, 0x5b, 0x0, 0xc2,
    0x4, 0x6, 0x1, 0x33, 0x1, 0x81, 0x80, 0x23,
    0xd0, 0x30, 0x20, 0x0, 0x81, 0x7, 0x10, 0x4,
    0xa0, 0xe0, 0xae, 0x1, 0x10, 0x10, 0x0, 0x40,
    0x2d, 0x40, 0x2, 0x21, 0xd6, 0x92, 0x0, 0x10,
    0xd3, 0x63, 0x86, 0x0,

    /* U+00D7 "×" */
    0x0, 0x8, 0x4, 0x60, 0x9, 0xd0, 0x3, 0x61,
    0x4, 0xd, 0x4c, 0x61, 0x0, 0xf2, 0xbe, 0x18,
    0x0, 0x7c, 0xc5, 0xc0, 0x5, 0xed, 0x93, 0x46,
    0x0, 0x6a, 0x6, 0x81, 0x0,

    /* U+00D8 "Ø" */
    0x0, 0xc7, 0x7d, 0xca, 0x9d, 0x0, 0xc5, 0x81,
    0x72, 0xad, 0xe0, 0x1a, 0xe, 0xd5, 0x84, 0x88,
    0x1, 0x96, 0xc0, 0x1a, 0x22, 0x0, 0xc4, 0x6,
    0xe, 0x24, 0xc0, 0x19, 0x81, 0x8e, 0x38, 0xc8,
    0x3, 0x18, 0x1f, 0x41, 0xe, 0x80, 0x6e, 0x2b,
    0x67, 0x50, 0x70, 0xc, 0xa4, 0x94, 0x4, 0x4,
    0x1, 0x84, 0x28, 0x43, 0x50, 0x3, 0xe3, 0x5a,
    0x48, 0x0, 0xd0, 0xb, 0x36, 0x38, 0x60, 0x1b,
    0xfd, 0x5d, 0xcb, 0x30, 0xc,

    /* U+00D9 "Ù" */
    0x0, 0xca, 0xc0, 0x1f, 0x9a, 0x4c, 0x3, 0xe3,
    0x5f, 0x0, 0xfd, 0x58, 0x1, 0xcf, 0xe0, 0x11,
    0xf9, 0x80, 0x34, 0xc0, 0x26, 0x2, 0x0, 0x33,
    0x0, 0x2d, 0x11, 0x0, 0xf, 0x40, 0x22, 0x20,
    0x0, 0x40, 0x80, 0x27, 0x50, 0x2, 0x83, 0x80,
    0x45, 0xc0, 0x2, 0x2, 0x0, 0x10, 0x18, 0x3,
    0xc8, 0x2, 0x60, 0x60, 0x1, 0x30, 0x4, 0x60,
    0x40, 0x7, 0x0, 0xd6, 0x80, 0x12, 0x21, 0xd6,
    0x8e, 0x0, 0x28, 0x59, 0xb1, 0xc3, 0x0, 0x0,

    /* U+00DA "Ú" */
    0x0, 0xf9, 0xd4, 0x3, 0xe9, 0x92, 0x0, 0x79,
    0x99, 0xa2, 0x1, 0xe6, 0xf3, 0x0, 0xcf, 0xe0,
    0x11, 0xf9, 0x80, 0x34, 0xc0, 0x26, 0x2, 0x0,
    0x33, 0x0, 0x2d, 0x11, 0x0, 0xf, 0x40, 0x22,
    0x20, 0x0, 0x40, 0x80, 0x27, 0x50, 0x2, 0x83,
    0x80, 0x45, 0xc0, 0x2, 0x2, 0x0, 0x10, 0x18,
    0x3, 0xc8, 0x2, 0x60, 0x60, 0x1, 0x30, 0x4,
    0x60, 0x40, 0x7, 0x0, 0xd6, 0x80, 0x12, 0x21,
    0xd6, 0x8e, 0x0, 0x28, 0x59, 0xb1, 0xc3, 0x0,
    0x0,

    /* U+00DB "Û" */
    0x0, 0xe3, 0x82, 0x0, 0xf2, 0x62, 0xf8, 0x7,
    0x25, 0xce, 0x85, 0x0, 0x64, 0xf6, 0xd, 0xa0,
    0x9, 0xfc, 0x2, 0x3f, 0x30, 0x6, 0x98, 0x4,
    0xc0, 0x40, 0x6, 0x60, 0x5, 0xa2, 0x20, 0x1,
    0xe8, 0x4, 0x44, 0x0, 0x8, 0x10, 0x4, 0xea,
    0x0, 0x50, 0x70, 0x8, 0xb8, 0x0, 0x40, 0x40,
    0x2, 0x3, 0x0, 0x79, 0x0, 0x4c, 0xc, 0x0,
    0x26, 0x0, 0x8c, 0x8, 0x0, 0xe0, 0x1a, 0xd0,
    0x2, 0x44, 0x3a, 0xd1, 0xc0, 0x5, 0xb, 0x36,
    0x38, 0x60, 0x0,

    /* U+00DC "Ü" */
    0x0, 0xff, 0xe0, 0x9f, 0xb8, 0x57, 0x88, 0x4,
    0xc0, 0x60, 0xc6, 0x20, 0x12, 0xfa, 0x6, 0x60,
    0x2, 0x7f, 0x0, 0x8f, 0xcc, 0x1, 0xa6, 0x1,
    0x30, 0x10, 0x1, 0x98, 0x1, 0x68, 0x88, 0x0,
    0x7a, 0x1, 0x11, 0x0, 0x2, 0x4, 0x1, 0x3a,
    0x80, 0x14, 0x1c, 0x2, 0x2e, 0x0, 0x10, 0x10,
    0x0, 0x80, 0xc0, 0x1e, 0x40, 0x13, 0x3, 0x0,
    0x9, 0x80, 0x23, 0x2, 0x0, 0x38, 0x6, 0xb4,
    0x0, 0x91, 0xe, 0xb4, 0x70, 0x1, 0x42, 0xcd,
    0x8e, 0x18, 0x0,

    /* U+00DD "Ý" */
    0x0, 0xf3, 0xa8, 0x7, 0xd3, 0x24, 0x0, 0xf3,
    0x33, 0x44, 0x3, 0xcd, 0xe6, 0x1, 0x17, 0xa8,
    0x6, 0xad, 0x2, 0x27, 0x80, 0x48, 0xb2, 0x0,
    0x54, 0x0, 0xa5, 0x50, 0x1, 0x62, 0x81, 0x7,
    0x60, 0x11, 0x8e, 0x13, 0xc0, 0x80, 0x67, 0x59,
    0x36, 0x0, 0xed, 0x24, 0xe0, 0xf, 0x20, 0x31,
    0x0, 0x78, 0x43, 0x0, 0x3e, 0x20, 0x60, 0xf,
    0x94, 0xc, 0x3, 0xee, 0x10, 0xf, 0x0,

    /* U+00DE "Þ" */
    0x0, 0x3f, 0x80, 0x7e, 0xd2, 0x0, 0xfc, 0xcc,
    0x0, 0xfc, 0x69, 0xff, 0x61, 0x0, 0x4, 0x1f,
    0x31, 0x45, 0xe0, 0x5, 0xb, 0x33, 0x2c, 0x90,
    0x81, 0x1, 0x0, 0x5c, 0x22, 0xf, 0x11, 0x0,
    0xb3, 0x24, 0x0, 0x43, 0xfe, 0xe9, 0x77, 0x0,
    0x15, 0x59, 0x97, 0xc0, 0x4, 0x38, 0x67, 0x0,
    0x63, 0x2, 0x0, 0xf8,

    /* U+00DF "ß" */
    0x0, 0xf1, 0x57, 0x7d, 0x8, 0x7, 0x87, 0x1a,
    0xe1, 0x68, 0x3, 0xd0, 0x78, 0xae, 0xca, 0x1,
    0xe7, 0x50, 0x8, 0x94, 0x3, 0xc3, 0xc0, 0x2e,
    0xb2, 0x1, 0xc6, 0xb, 0x3d, 0x3a, 0x40, 0x1c,
    0xc0, 0x57, 0x62, 0xd1, 0x0, 0xed, 0x11, 0x12,
    0x70, 0xa0, 0x7, 0x11, 0x0, 0x23, 0x0, 0xf9,
    0xd4, 0x2, 0x90, 0x40, 0xe, 0x2e, 0x25, 0x97,
    0x70, 0x80, 0x62, 0x3, 0xaa, 0x24, 0xc0, 0x7,
    0x38, 0x2c, 0x7e, 0xb0, 0x6, 0x45, 0x84, 0x10,
    0xf, 0xd7, 0x67, 0xa0, 0xf, 0xc0,

    /* U+00E0 "à" */
    0x0, 0xdb, 0x20, 0x1f, 0x4b, 0x18, 0x7, 0x92,
    0x5c, 0x3, 0xe6, 0x40, 0xc, 0x35, 0xfa, 0xbe,
    0x80, 0xd, 0x7a, 0xb8, 0x5, 0x4, 0x3e, 0x56,
    0x40, 0x10, 0xc1, 0x30, 0x1, 0x98, 0x0, 0x4a,
    0x1, 0x33, 0x0, 0xe, 0x40, 0x11, 0xe8, 0x0,
    0xcc, 0x0, 0x50, 0x20, 0x1, 0x2c, 0xca, 0x7,
    0x90, 0x3c, 0x98, 0xbe, 0x50, 0xc0,

    /* U+00E1 "á" */
    0x0, 0xf4, 0x71, 0x0, 0x72, 0xbd, 0x10, 0x7,
    0x15, 0xa0, 0x7, 0x9d, 0x0, 0x30, 0xd7, 0xea,
    0xfa, 0x0, 0x35, 0xea, 0xe0, 0x14, 0x10, 0xf9,
    0x59, 0x0, 0x43, 0x4, 0xc0, 0x6, 0x60, 0x1,
    0x28, 0x4, 0xcc, 0x0, 0x39, 0x0, 0x47, 0xa0,
    0x3, 0x30, 0x1, 0x40, 0x80, 0x4, 0xb3, 0x28,
    0x1e, 0x40, 0xf2, 0x62, 0xf9, 0x43,

    /* U+00E2 "â" */
    0x0, 0xc5, 0xde, 0x60, 0x18, 0xb1, 0xd7, 0x44,
    0x2, 0x48, 0x9a, 0x95, 0x0, 0x99, 0x80, 0x7,
    0x40, 0x0, 0xd7, 0xea, 0xfa, 0x0, 0x35, 0xea,
    0xe0, 0x14, 0x10, 0xf9, 0x59, 0x0, 0x43, 0x4,
    0xc0, 0x6, 0x60, 0x1, 0x28, 0x4, 0xcc, 0x0,
    0x39, 0x0, 0x47, 0xa0, 0x3, 0x30, 0x1, 0x40,
    0x80, 0x4, 0xb3, 0x28, 0x1e, 0x40, 0xf2, 0x62,
    0xf9, 0x43,

    /* U+00E3 "ã" */
    0x0, 0x8b, 0x79, 0x1e, 0x40, 0x2b, 0xb5, 0x4d,
    0x58, 0x5, 0x2c, 0x9b, 0xa2, 0x0, 0xff, 0x86,
    0xbf, 0x57, 0xd0, 0x1, 0xaf, 0x57, 0x0, 0xa0,
    0x87, 0xca, 0xc8, 0x2, 0x18, 0x26, 0x0, 0x33,
    0x0, 0x9, 0x40, 0x26, 0x60, 0x1, 0xc8, 0x2,
    0x3d, 0x0, 0x19, 0x80, 0xa, 0x4, 0x0, 0x25,
    0x99, 0x40, 0xf2, 0x7, 0x93, 0x17, 0xca, 0x18,

    /* U+00E4 "ä" */
    0x0, 0x9f, 0xc8, 0x36, 0x80, 0x2c, 0x13, 0x22,
    0x80, 0x2b, 0xe1, 0x2f, 0x80, 0xf, 0xf8, 0x6b,
    0xf5, 0x7d, 0x0, 0x1a, 0xf5, 0x70, 0xa, 0x8,
    0x7c, 0xac, 0x80, 0x21, 0x82, 0x60, 0x3, 0x30,
    0x0, 0x94, 0x2, 0x66, 0x0, 0x1c, 0x80, 0x23,
    0xd0, 0x1, 0x98, 0x0, 0xa0, 0x40, 0x2, 0x59,
    0x94, 0xf, 0x20, 0x79, 0x31, 0x7c, 0xa1, 0x80,

    /* U+00E5 "å" */
    0x0, 0xc5, 0x7a, 0xc0, 0x1d, 0x3d, 0xf0, 0x1,
    0xca, 0xec, 0x40, 0x1d, 0x1f, 0xee, 0x0, 0xe6,
    0xdb, 0x20, 0x8, 0x6b, 0xf5, 0x7d, 0x0, 0x1a,
    0xf5, 0x70, 0xa, 0x8, 0x7c, 0xac, 0x80, 0x21,
    0x82, 0x60, 0x3, 0x30, 0x0, 0x94, 0x2, 0x66,
    0x0, 0x1c, 0x80, 0x23, 0xd0, 0x1, 0x98, 0x0,
    0xa0, 0x40, 0x2, 0x59, 0x94, 0xf, 0x20, 0x79,
    0x31, 0x7c, 0xa1, 0x80,

    /* U+00E6 "æ" */
    0x0, 0x57, 0xe1, 0xe7, 0xd0, 0x2, 0x1e, 0xc3,
    0x6e, 0x55, 0x3, 0xb8, 0x96, 0x6e, 0xc0, 0x20,
    0xc6, 0x1c, 0xe0, 0x20, 0xc0, 0xfb, 0xec, 0xbf,
    0xc0, 0x4d, 0x13, 0xa3, 0x1b, 0xb0, 0xd3, 0x21,
    0x8a, 0x10, 0x6, 0x53, 0xb1, 0x45, 0xc4, 0x8,
    0x1c, 0x2d, 0x9b, 0x66, 0x0,

    /* U+00E7 "ç" */
    0x0, 0x3e, 0xfe, 0xb8, 0x2, 0x62, 0xa8, 0x90,
    0xa4, 0xd4, 0xeb, 0x23, 0x8a, 0xa, 0x1, 0x74,
    0xf1, 0x0, 0x78, 0x98, 0x3, 0xce, 0x1, 0xa3,
    0x81, 0x11, 0xb, 0xf, 0x1, 0xc, 0xf4, 0x94,
    0xc0, 0x8, 0x18, 0xc5, 0x0, 0x87, 0xa6, 0x0,
    0x35, 0xf1, 0x50, 0x4,

    /* U+00E8 "è" */
    0x0, 0xdd, 0x0, 0x1f, 0x5b, 0x90, 0x7, 0x96,
    0x18, 0x3, 0xe7, 0x40, 0xe, 0x7d, 0xfd, 0x60,
    0xa, 0xa6, 0xf1, 0x25, 0x0, 0xd6, 0x98, 0xe4,
    0x30, 0x10, 0x10, 0x0, 0x61, 0xa1, 0xa1, 0xff,
    0x62, 0xa8, 0x1d, 0x77, 0x6e, 0xa0, 0x8, 0xc8,
    0xa3, 0x30, 0x1, 0xd9, 0x88, 0xfa, 0xa0, 0xa,
    0x68, 0xbb, 0x53, 0x0,

    /* U+00E9 "é" */
    0x0, 0xf4, 0xf0, 0x80, 0x73, 0x33, 0x44, 0x3,
    0x86, 0xcc, 0x3, 0xce, 0x80, 0x1c, 0xfb, 0xfa,
    0xc0, 0x15, 0x4d, 0xe2, 0x4a, 0x1, 0xad, 0x31,
    0xc8, 0x60, 0x20, 0x20, 0x0, 0xc3, 0x43, 0x43,
    0xfe, 0xc5, 0x50, 0x3a, 0xee, 0xdd, 0x40, 0x11,
    0x91, 0x46, 0x60, 0x3, 0xb3, 0x11, 0xf5, 0x40,
    0x14, 0xd1, 0x76, 0xa6, 0x0,

    /* U+00EA "ê" */
    0x0, 0xc7, 0xde, 0x40, 0x18, 0xf5, 0x93, 0xc0,
    0x32, 0x44, 0x2a, 0x86, 0x1, 0x3b, 0x0, 0xb9,
    0x80, 0x4f, 0xbf, 0xac, 0x1, 0x54, 0xde, 0x24,
    0xa0, 0x1a, 0xd3, 0x1c, 0x86, 0x2, 0x2, 0x0,
    0xc, 0x34, 0x34, 0x3f, 0xec, 0x55, 0x3, 0xae,
    0xed, 0xd4, 0x1, 0x19, 0x14, 0x66, 0x0, 0x3b,
    0x31, 0x1f, 0x54, 0x1, 0x4d, 0x17, 0x6a, 0x60,

    /* U+00EB "ë" */
    0x0, 0xa3, 0x84, 0x5d, 0x0, 0x12, 0x0, 0xa8,
    0xf8, 0x5, 0x9c, 0x9, 0xee, 0x1, 0xff, 0xc0,
    0x7d, 0xfd, 0x60, 0xa, 0xa6, 0xf1, 0x25, 0x0,
    0xd6, 0x98, 0xe4, 0x30, 0x10, 0x10, 0x0, 0x61,
    0xa1, 0xa1, 0xff, 0x62, 0xa8, 0x1d, 0x77, 0x6e,
    0xa0, 0x8, 0xc8, 0xa3, 0x30, 0x1, 0xd9, 0x88,
    0xfa, 0xa0, 0xa, 0x68, 0xbb, 0x53, 0x0,

    /* U+00EC "ì" */
    0x0, 0xcc, 0xa0, 0x1f, 0x15, 0x18, 0x7, 0x92,
    0x98, 0x3, 0xe5, 0x50, 0x6, 0xbf, 0xf9, 0xc0,
    0x37, 0xd4, 0x81, 0x80, 0x64, 0x52, 0x6, 0x0,
    0xf1, 0x81, 0x0, 0x7b, 0x88, 0x3, 0xe5, 0x70,
    0xf, 0x88, 0x80, 0x10, 0xaa, 0xc2, 0x25, 0x50,
    0xa5, 0x54, 0xd, 0x54, 0x30,

    /* U+00ED "í" */
    0x0, 0xf0, 0xb9, 0x80, 0x70, 0xe7, 0x18, 0x7,
    0x3d, 0xc8, 0x7, 0x99, 0x80, 0x1a, 0xff, 0xe7,
    0x0, 0xdf, 0x52, 0x6, 0x1, 0x91, 0x48, 0x18,
    0x3, 0xc6, 0x4, 0x1, 0xee, 0x20, 0xf, 0x95,
    0xc0, 0x3e, 0x22, 0x0, 0x42, 0xab, 0x8, 0x95,
    0x42, 0x95, 0x50, 0x35, 0x50, 0xc0,

    /* U+00EE "î" */
    0x0, 0xe5, 0x71, 0x0, 0xe9, 0x8c, 0xc0, 0x80,
    0x49, 0xdb, 0x74, 0xa0, 0x12, 0x38, 0x1, 0xd0,
    0x1, 0x7f, 0xf3, 0x80, 0x6f, 0xa9, 0x3, 0x0,
    0xc8, 0xa4, 0xc, 0x1, 0xe3, 0x2, 0x0, 0xf7,
    0x10, 0x7, 0xca, 0xe0, 0x1f, 0x11, 0x0, 0x21,
    0x55, 0x84, 0x4a, 0xa1, 0x4a, 0xa8, 0x1a, 0xa8,
    0x60,

    /* U+00EF "ï" */
    0x0, 0x97, 0xd0, 0x33, 0x0, 0x1b, 0x41, 0xc0,
    0xdc, 0x3, 0x47, 0x98, 0x7d, 0x80, 0x7f, 0xf0,
    0x6f, 0xfe, 0x70, 0xe, 0xfa, 0x90, 0x30, 0xe,
    0x45, 0x20, 0x60, 0xf, 0x8c, 0x8, 0x3, 0xee,
    0x20, 0xf, 0xca, 0xe0, 0x1f, 0x88, 0x80, 0x18,
    0x55, 0x61, 0x12, 0xa8, 0x41, 0x2a, 0xa0, 0x6a,
    0xa1, 0x80,

    /* U+00F0 "ð" */
    0x0, 0xff, 0xe0, 0xf4, 0x9d, 0x30, 0x6, 0x76,
    0xc0, 0x40, 0x1, 0xe3, 0xa, 0xd1, 0x0, 0x16,
    0xfa, 0xd4, 0xc0, 0x26, 0x71, 0x52, 0x80, 0x8,
    0xef, 0xf9, 0xd0, 0x40, 0xf0, 0x2e, 0x98, 0x10,
    0x20, 0xed, 0x11, 0xe0, 0x60, 0x96, 0x1, 0x8,
    0x10, 0x7, 0xa8, 0x50, 0xe, 0x1d, 0x65, 0xec,
    0x1, 0xab, 0x14, 0x56, 0xa0,

    /* U+00F1 "ñ" */
    0x0, 0x8b, 0x79, 0x1e, 0x40, 0x2b, 0xb5, 0x4d,
    0x58, 0x5, 0x2c, 0x9b, 0xa2, 0x0, 0xff, 0xba,
    0x2b, 0xfa, 0x0, 0x2, 0x24, 0xee, 0x33, 0xa0,
    0x10, 0x4a, 0xc, 0x81, 0x2, 0x82, 0x0, 0xc,
    0xc, 0x38, 0x44, 0x0, 0x60, 0x70, 0x35, 0x0,
    0x8c, 0x8, 0x18, 0x80, 0x2e, 0x20, 0x1, 0x78,
    0x4, 0xac, 0x4, 0x4, 0x1, 0x11, 0x80,

    /* U+00F2 "ò" */
    0x0, 0xdd, 0x0, 0x1f, 0x5b, 0x90, 0x7, 0x96,
    0x18, 0x3, 0xe7, 0x40, 0xe, 0x7d, 0xfd, 0x50,
    0xa, 0xa6, 0xa8, 0xd4, 0x60, 0x4b, 0x6e, 0xb4,
    0xa, 0xa, 0xa, 0x1, 0x8c, 0x38, 0x80, 0x25,
    0x6, 0x5, 0x60, 0x8, 0x80, 0xc0, 0x44, 0x1,
    0x6a, 0x0, 0x11, 0x5d, 0x69, 0x20, 0x1, 0x2d,
    0x34, 0x36, 0x60,

    /* U+00F3 "ó" */
    0x0, 0xf4, 0xf0, 0x80, 0x73, 0x33, 0x44, 0x3,
    0x86, 0xcc, 0x3, 0xce, 0x80, 0x1c, 0xfb, 0xfa,
    0xa0, 0x15, 0x4d, 0x51, 0xa8, 0xc0, 0x96, 0xdd,
    0x68, 0x14, 0x14, 0x14, 0x3, 0x18, 0x71, 0x0,
    0x4a, 0xc, 0xa, 0xc0, 0x11, 0x1, 0x80, 0x88,
    0x2, 0xd4, 0x0, 0x22, 0xba, 0xd2, 0x40, 0x2,
    0x5a, 0x68, 0x6c, 0xc0,

    /* U+00F4 "ô" */
    0x0, 0xc7, 0xde, 0x40, 0x18, 0xf5, 0x93, 0xc0,
    0x32, 0x44, 0x2a, 0x86, 0x1, 0x3b, 0x0, 0xb9,
    0x80, 0x4f, 0xbf, 0xaa, 0x1, 0x54, 0xd5, 0x1a,
    0x8c, 0x9, 0x6d, 0xd6, 0x81, 0x41, 0x41, 0x40,
    0x31, 0x87, 0x10, 0x4, 0xa0, 0xc0, 0xac, 0x1,
    0x10, 0x18, 0x8, 0x80, 0x2d, 0x40, 0x2, 0x2b,
    0xad, 0x24, 0x0, 0x25, 0xa6, 0x86, 0xcc, 0x0,

    /* U+00F5 "õ" */
    0x0, 0x8f, 0xb4, 0xe6, 0x0, 0x29, 0xb8, 0xd5,
    0x90, 0xa, 0x95, 0x5d, 0x82, 0x1, 0xff, 0xc0,
    0x7d, 0xfd, 0x50, 0xa, 0xa6, 0xa8, 0xd4, 0x60,
    0x4b, 0x6e, 0xb4, 0xa, 0xa, 0xa, 0x1, 0x8c,
    0x38, 0x80, 0x25, 0x6, 0x5, 0x60, 0x8, 0x80,
    0xc0, 0x44, 0x1, 0x6a, 0x0, 0x11, 0x5d, 0x69,
    0x20, 0x1, 0x2d, 0x34, 0x36, 0x60,

    /* U+00F6 "ö" */
    0x0, 0xa3, 0x84, 0x5d, 0x0, 0x12, 0x0, 0xa8,
    0xf8, 0x5, 0x9c, 0x9, 0xee, 0x1, 0xff, 0xc0,
    0x7d, 0xfd, 0x50, 0xa, 0xa6, 0xa8, 0xd4, 0x60,
    0x4b, 0x6e, 0xb4, 0xa, 0xa, 0xa, 0x1, 0x8c,
    0x38, 0x80, 0x25, 0x6, 0x5, 0x60, 0x8, 0x80,
    0xc0, 0x44, 0x1, 0x6a, 0x0, 0x11, 0x5d, 0x69,
    0x20, 0x1, 0x2d, 0x34, 0x36, 0x60,

    /* U+00F7 "÷" */
    0x0, 0x9f, 0xe0, 0x3, 0xa8, 0x8, 0x3, 0xbe,
    0xa8, 0x1, 0xc4, 0xa0, 0x11, 0xff, 0xf8, 0x89,
    0x99, 0xe2, 0x13, 0x26, 0x13, 0x30, 0x5, 0xb5,
    0x20, 0x1c, 0xc1, 0xc0, 0x10,

    /* U+00F8 "ø" */
    0x0, 0xfe, 0x64, 0x0, 0xcf, 0xbf, 0xb5, 0xa,
    0x1, 0x4c, 0xaa, 0x82, 0xb4, 0x20, 0x2, 0x6a,
    0x71, 0x30, 0x20, 0x9, 0x45, 0xa, 0xe4, 0xc,
    0x2, 0xe2, 0x1c, 0x84, 0x6, 0x0, 0x95, 0xb1,
    0xde, 0x3, 0x0, 0xca, 0xd2, 0x1e, 0x80, 0x1e,
    0xc5, 0x95, 0x80, 0x9, 0xc9, 0x66, 0xcb, 0xc,
    0x3, 0x6d, 0x77, 0x2c, 0xc0, 0x20,

    /* U+00F9 "ù" */
    0x0, 0xba, 0x0, 0x3d, 0x6e, 0x40, 0x1c, 0xb0,
    0xc0, 0x1e, 0x74, 0x0, 0xbd, 0xc0, 0x2a, 0xc1,
    0x2, 0x0, 0x9d, 0x54, 0xe, 0x1, 0x17, 0x10,
    0x10, 0x0, 0x80, 0xfc, 0x80, 0x26, 0x6, 0x26,
    0x0, 0x8c, 0x8, 0x3, 0xad, 0x0, 0xd1, 0xd6,
    0x8e, 0x2, 0x1a, 0x6c, 0x70, 0xc0,

    /* U+00FA "ú" */
    0x0, 0xe9, 0xe1, 0x0, 0xcc, 0xcd, 0x10, 0xc,
    0x36, 0x60, 0x1c, 0xe8, 0x1, 0x7b, 0x80, 0x55,
    0x82, 0x4, 0x1, 0x3a, 0xa8, 0x1c, 0x2, 0x2e,
    0x20, 0x20, 0x1, 0x1, 0xf9, 0x0, 0x4c, 0xc,
    0x4c, 0x1, 0x18, 0x10, 0x7, 0x5a, 0x1, 0xa3,
    0xad, 0x1c, 0x4, 0x34, 0xd8, 0xe1, 0x80,

    /* U+00FB "û" */
    0x0, 0x8f, 0xbc, 0x80, 0x23, 0xd6, 0x4f, 0x0,
    0x92, 0x21, 0x54, 0x30, 0x3, 0xb0, 0xb, 0x98,
    0x7b, 0x80, 0x55, 0x82, 0x4, 0x1, 0x3a, 0xa8,
    0x1c, 0x2, 0x2e, 0x20, 0x20, 0x1, 0x1, 0xf9,
    0x0, 0x4c, 0xc, 0x4c, 0x1, 0x18, 0x10, 0x7,
    0x5a, 0x1, 0xa3, 0xad, 0x1c, 0x4, 0x34, 0xd8,
    0xe1, 0x80,

    /* U+00FC "ü" */
    0x0, 0x47, 0x8, 0xba, 0x0, 0x8, 0x2, 0xa3,
    0xe0, 0xc, 0xe0, 0x4f, 0x70, 0xf, 0xef, 0x70,
    0xa, 0xb0, 0x40, 0x80, 0x27, 0x55, 0x3, 0x80,
    0x45, 0xc4, 0x4, 0x0, 0x20, 0x3f, 0x20, 0x9,
    0x81, 0x89, 0x80, 0x23, 0x2, 0x0, 0xeb, 0x40,
    0x34, 0x75, 0xa3, 0x80, 0x86, 0x9b, 0x1c, 0x30,

    /* U+00FD "ý" */
    0x0, 0xe3, 0x71, 0x0, 0xc9, 0x82, 0x20, 0xc,
    0x76, 0xc0, 0x1c, 0xe8, 0x1, 0x74, 0x0, 0x55,
    0x82, 0x2d, 0x0, 0x9d, 0x48, 0x18, 0x2, 0x2e,
    0x50, 0x30, 0x1, 0x1, 0xf0, 0x80, 0x4c, 0xc,
    0x46, 0x1, 0x60, 0x11, 0x92, 0x2, 0xb1, 0x5,
    0x95, 0xff, 0x89, 0xc0, 0xb7, 0x5d, 0x44, 0x40,
    0x8, 0x84, 0x6d, 0x2, 0x55, 0xa8, 0x54, 0x2e,
    0xaa, 0xc, 0x0, 0x0,

    /* U+00FE "þ" */
    0x0, 0x47, 0x0, 0x7c, 0x64, 0x1, 0xf3, 0x28,
    0x7, 0xc5, 0xd5, 0xfc, 0xe0, 0x2, 0xa, 0xcb,
    0x58, 0x20, 0x60, 0x86, 0x49, 0x7, 0x3, 0x5,
    0x0, 0xc2, 0x1c, 0x40, 0x13, 0x82, 0x82, 0xb8,
    0x4, 0x40, 0x20, 0x40, 0x1a, 0xd0, 0x4, 0x4e,
    0xc9, 0x47, 0x0, 0x41, 0x15, 0x6f, 0x66, 0xa,
    0xb, 0x9f, 0xa8, 0x0, 0xe1, 0x0, 0xf8, 0xd4,
    0x3, 0xe0,

    /* U+00FF "ÿ" */
    0x0, 0x47, 0x8, 0xba, 0x0, 0x8, 0x2, 0xa3,
    0xe0, 0xc, 0xe0, 0x4f, 0x70, 0xf, 0xee, 0x80,
    0xa, 0xb0, 0x45, 0xa0, 0x13, 0xa9, 0x3, 0x0,
    0x45, 0xca, 0x6, 0x0, 0x20, 0x3e, 0x10, 0x9,
    0x81, 0x88, 0xc0, 0x2c, 0x2, 0x32, 0x40, 0x56,
    0x20, 0xb2, 0xbf, 0xf1, 0x38, 0x16, 0xeb, 0xa8,
    0x88, 0x1, 0x10, 0x8d, 0xa0, 0x4a, 0xb5, 0xa,
    0x85, 0xd5, 0x41, 0x80, 0x0,

    /* U+0100 "Ā" */
    0x0, 0x8f, 0xff, 0x70, 0x4, 0x79, 0x9c, 0x1,
    0x8c, 0xf1, 0x0, 0x63, 0xff, 0x0, 0x7a, 0x44,
    0x4, 0x3, 0xa, 0xb0, 0x18, 0x6, 0x60, 0xa0,
    0x60, 0xd, 0x4a, 0x40, 0x20, 0x12, 0x17, 0x0,
    0x90, 0x5, 0xc2, 0x80, 0x7e, 0x0, 0x15, 0x60,
    0x0, 0x90, 0x1, 0x81, 0xff, 0xc6, 0x20, 0x9,
    0x3c, 0xc9, 0x58, 0x10, 0x60, 0xce, 0xd2, 0xf,
    0x24, 0x0, 0x88, 0x0,

    /* U+0101 "ā" */
    0x0, 0xa7, 0xff, 0x40, 0x5, 0x79, 0x9a, 0x40,
    0x22, 0x33, 0xc2, 0x0, 0x1a, 0xfd, 0x5f, 0x40,
    0x6, 0xbd, 0x5c, 0x2, 0x82, 0x1f, 0x2b, 0x20,
    0x8, 0x60, 0x98, 0x0, 0xcc, 0x0, 0x25, 0x0,
    0x99, 0x80, 0x7, 0x20, 0x8, 0xf4, 0x0, 0x66,
    0x0, 0x28, 0x10, 0x0, 0x96, 0x65, 0x3, 0xc8,
    0x1e, 0x4c, 0x5f, 0x28, 0x60,

    /* U+0102 "Ă" */
    0x0, 0xd0, 0x0, 0x17, 0x0, 0xe7, 0x40, 0x8d,
    0x0, 0xea, 0x9e, 0xa, 0x0, 0xe5, 0xde, 0x90,
    0xf, 0x1f, 0xf8, 0x3, 0xe9, 0x10, 0x10, 0xe,
    0x15, 0x60, 0x30, 0xe, 0x60, 0xa0, 0x60, 0xe,
    0xa5, 0x20, 0x10, 0xc, 0x85, 0xc0, 0x24, 0x1,
    0xb8, 0x50, 0xf, 0xc0, 0x21, 0x56, 0x0, 0x9,
    0x0, 0x4c, 0xf, 0xfe, 0x31, 0x0, 0xa4, 0xf3,
    0x25, 0x60, 0x2, 0xc, 0x19, 0xda, 0x40, 0xf,
    0x24, 0x0, 0x88, 0x2,

    /* U+0103 "ă" */
    0x0, 0x9a, 0xc0, 0x11, 0x20, 0x12, 0xa8, 0x49,
    0xa8, 0x2, 0x36, 0xff, 0x51, 0x80, 0x68, 0xed,
    0x40, 0x8, 0x6b, 0xf5, 0x7d, 0x0, 0x1a, 0xf5,
    0x70, 0xa, 0x8, 0x7c, 0xac, 0x80, 0x21, 0x82,
    0x60, 0x3, 0x30, 0x0, 0x94, 0x2, 0x66, 0x0,
    0x1c, 0x80, 0x23, 0xd0, 0x1, 0x98, 0x0, 0xa0,
    0x40, 0x2, 0x59, 0x94, 0xf, 0x20, 0x79, 0x31,
    0x7c, 0xa1, 0x80,

    /* U+0104 "Ą" */
    0x0, 0xc7, 0xfe, 0x0, 0xf4, 0x90, 0x8, 0x6,
    0x15, 0xb0, 0x30, 0xc, 0xc4, 0xc0, 0xc0, 0x1a,
    0xac, 0x0, 0x20, 0x12, 0x13, 0x1, 0x10, 0x2,
    0xe6, 0x0, 0xf, 0x80, 0x5, 0x5b, 0xfc, 0x64,
    0x0, 0x63, 0xcc, 0x94, 0x40, 0x13, 0x66, 0x76,
    0xb0, 0x20, 0xb0, 0x4, 0x24, 0x1e, 0x62, 0x1,
    0x8, 0x2, 0xf0, 0x2, 0x68, 0xc0, 0xf, 0x52,
    0x18, 0x7, 0xa9, 0x3c, 0xc0,

    /* U+0105 "ą" */
    0x0, 0xd, 0x7e, 0xaf, 0xa0, 0x3, 0x5e, 0xae,
    0x1, 0x41, 0xf, 0x95, 0x90, 0x4, 0x30, 0x4c,
    0x0, 0x66, 0x0, 0x12, 0x80, 0x4c, 0xc0, 0x3,
    0x90, 0x4, 0x7a, 0x0, 0x33, 0x0, 0x14, 0x8,
    0x0, 0x4b, 0x32, 0x81, 0xe4, 0xf, 0x26, 0x2f,
    0x84, 0x30, 0x3d, 0xfb, 0x7b, 0xb3, 0x80, 0x75,
    0x51, 0x0, 0x3c, 0xb1, 0xc0,

    /* U+0106 "Ć" */
    0x0, 0xf5, 0xb8, 0x7, 0xad, 0xdc, 0x1, 0xca,
    0x1a, 0x1, 0xe5, 0xb1, 0x0, 0xc5, 0x5d, 0xf6,
    0x40, 0x2, 0xc6, 0x89, 0x5f, 0x0, 0x59, 0xe3,
    0x32, 0x48, 0x0, 0xea, 0x1, 0x3f, 0x80, 0x8b,
    0x40, 0x3c, 0x40, 0xc0, 0x1e, 0x50, 0x30, 0xf,
    0x70, 0x80, 0x7c, 0x64, 0x1, 0x13, 0x80, 0x7d,
    0x14, 0x0, 0x33, 0x42, 0xca, 0xc0, 0x2, 0x1d,
    0xa9, 0x6d, 0x40, 0x0,

    /* U+0107 "ć" */
    0x0, 0xf2, 0x51, 0x0, 0x71, 0x5e, 0x90, 0x7,
    0x54, 0x38, 0x7, 0xa1, 0xc0, 0x39, 0xf7, 0xf5,
    0xc0, 0x29, 0x8a, 0xa2, 0x42, 0x81, 0x35, 0x3a,
    0xc8, 0xe0, 0x28, 0x28, 0x5, 0xd2, 0x1c, 0x40,
    0x1f, 0x2b, 0x0, 0x7c, 0x20, 0x1a, 0x38, 0x0,
    0x88, 0x85, 0x87, 0x80, 0x4, 0xb3, 0x29, 0x29,
    0x80,

    /* U+0108 "Ĉ" */
    0x0, 0xc5, 0x6, 0x1, 0xc7, 0x8b, 0xa2, 0x1,
    0x1e, 0xb6, 0x95, 0x0, 0x47, 0xd0, 0x19, 0x60,
    0x11, 0x57, 0x7d, 0x88, 0x0, 0xb1, 0xa2, 0x9,
    0x40, 0xb, 0x3c, 0x67, 0x72, 0x0, 0x1d, 0x40,
    0x2a, 0xa0, 0x8, 0xb4, 0x2, 0x25, 0x2, 0x6,
    0x0, 0xf2, 0x81, 0x80, 0x7b, 0x84, 0x3, 0xe3,
    0x20, 0x8, 0x54, 0x3, 0xe8, 0xb0, 0x1, 0x9a,
    0x16, 0x5a, 0xc0, 0x10, 0xed, 0x4b, 0x4a, 0x0,

    /* U+0109 "ĉ" */
    0x0, 0xc3, 0xbe, 0x60, 0x18, 0xbd, 0xdb, 0x44,
    0x2, 0x48, 0xa9, 0x92, 0x80, 0x4c, 0xc0, 0x3,
    0xa0, 0x4, 0xfb, 0xfa, 0xe0, 0x14, 0xc5, 0x51,
    0x21, 0x40, 0x9a, 0x9d, 0x64, 0x70, 0x14, 0x14,
    0x2, 0xe9, 0xe, 0x20, 0xf, 0x95, 0x80, 0x3e,
    0x10, 0xd, 0x1c, 0x0, 0x44, 0x42, 0xc3, 0xc0,
    0x2, 0x59, 0x94, 0x94, 0xc0,

    /* U+010A "Ċ" */
    0x0, 0xff, 0xe0, 0xbf, 0xb0, 0x7, 0xb8, 0x8,
    0x3, 0xd3, 0xe8, 0x1, 0x8a, 0xbb, 0xec, 0x40,
    0x5, 0x8d, 0x10, 0x4a, 0x0, 0x59, 0xe3, 0x3b,
    0x90, 0x0, 0xea, 0x1, 0x55, 0x0, 0x45, 0xa0,
    0x11, 0x28, 0x10, 0x30, 0x7, 0x94, 0xc, 0x3,
    0xdc, 0x20, 0x1f, 0x19, 0x0, 0x42, 0xa0, 0x1f,
    0x45, 0x80, 0xc, 0xd0, 0xb2, 0xd6, 0x0, 0x87,
    0x6a, 0x5a, 0x50, 0x0,

    /* U+010B "ċ" */
    0x0, 0xec, 0xe1, 0x0, 0xf1, 0x98, 0x40, 0x3d,
    0xfa, 0x1, 0xff, 0xc2, 0x7d, 0xfd, 0x70, 0xa,
    0x62, 0xa8, 0x90, 0xa0, 0x4d, 0x4e, 0xb2, 0x38,
    0xa, 0xa, 0x1, 0x74, 0x87, 0x10, 0x7, 0xca,
    0xc0, 0x1f, 0x8, 0x6, 0x8e, 0x0, 0x22, 0x21,
    0x61, 0xe0, 0x1, 0x2c, 0xca, 0x4a, 0x60,

    /* U+010C "Č" */
    0x0, 0xd, 0xb0, 0x35, 0x88, 0x0, 0x76, 0x6a,
    0x60, 0x40, 0x26, 0x71, 0xc3, 0x0, 0xe8, 0xb3,
    0x0, 0xc5, 0x5d, 0xf6, 0x40, 0x2, 0xc6, 0x89,
    0x5f, 0x0, 0x59, 0xe3, 0x32, 0x48, 0x0, 0xea,
    0x1, 0x3f, 0x80, 0x8b, 0x40, 0x3c, 0x40, 0xc0,
    0x1e, 0x50, 0x30, 0xf, 0x70, 0x80, 0x7c, 0x64,
    0x1, 0x13, 0x80, 0x7d, 0x14, 0x0, 0x33, 0x42,
    0xca, 0xc0, 0x2, 0x1d, 0xa9, 0x6d, 0x40, 0x0,

    /* U+010D "č" */
    0x0, 0x92, 0x84, 0x25, 0xc0, 0x32, 0xe, 0x60,
    0x9c, 0x3, 0xad, 0x11, 0x60, 0x1f, 0x4c, 0x0,
    0x79, 0xf7, 0xf5, 0xc0, 0x34, 0xc5, 0x51, 0x21,
    0x40, 0x4, 0xd4, 0xeb, 0x23, 0x80, 0x5, 0x5,
    0x0, 0xba, 0x40, 0x1c, 0x40, 0x1f, 0x95, 0x80,
    0x3f, 0x8, 0x6, 0x8e, 0x0, 0x91, 0x10, 0xb0,
    0xf0, 0x1, 0x4b, 0x32, 0x92, 0x98, 0x0,

    /* U+010E "Ď" */
    0x0, 0x86, 0x8, 0x11, 0xc4, 0x2, 0x12, 0xc6,
    0xb2, 0x10, 0xd, 0x47, 0x34, 0xa0, 0x1e, 0xdf,
    0x50, 0xc, 0xff, 0xf6, 0xb8, 0x6, 0xe2, 0xbb,
    0x24, 0x38, 0x4, 0xae, 0x88, 0x94, 0xb0, 0x8,
    0x88, 0x1, 0x8, 0x4, 0x22, 0xd0, 0x9, 0x98,
    0x0, 0x20, 0x60, 0x8, 0xf4, 0x0, 0xa0, 0x40,
    0x1, 0x2, 0x0, 0x70, 0x88, 0x0, 0xa0, 0xe0,
    0x3, 0x20, 0x8, 0x80, 0x80, 0xc, 0xa0, 0x15,
    0x20, 0x4, 0x40, 0x8b, 0x65, 0x20, 0x2, 0x6,
    0xbb, 0xe, 0x10, 0x0,

    /* U+010F "ď" */
    0x0, 0xf1, 0x7a, 0xd5, 0x0, 0x3c, 0xc0, 0xe9,
    0xe0, 0x1e, 0x20, 0x9, 0x0, 0x9, 0xbf, 0x5e,
    0x44, 0xe1, 0x3, 0xb7, 0xb3, 0x76, 0x0, 0xd4,
    0x54, 0x92, 0x26, 0x1, 0x91, 0x0, 0x1b, 0x80,
    0x31, 0x78, 0x0, 0xc1, 0x40, 0x22, 0x2, 0x0,
    0x30, 0x10, 0x4, 0x20, 0xe0, 0xf, 0x11, 0x0,
    0x44, 0x10, 0x90, 0x84, 0x1, 0x86, 0x16, 0xbc,
    0xd4, 0x3, 0x0,

    /* U+0110 "Đ" */
    0x0, 0x3f, 0xfd, 0xae, 0x1, 0xb8, 0xae, 0xc9,
    0xe, 0x1, 0x2b, 0xa2, 0x25, 0x2c, 0x2, 0x3d,
    0x0, 0x84, 0x2, 0x10, 0x20, 0x9, 0x98, 0x17,
    0xc1, 0x56, 0x0, 0x3d, 0x9, 0x70, 0xca, 0x1,
    0x2, 0x2, 0x11, 0x18, 0x82, 0x83, 0x80, 0x9,
    0x40, 0x22, 0x2, 0x0, 0x31, 0x0, 0x54, 0x80,
    0x11, 0x2, 0x2d, 0x94, 0x80, 0x8, 0x1a, 0xec,
    0x38, 0x40, 0x0,

    /* U+0111 "đ" */
    0x0, 0xf9, 0x3c, 0xc0, 0x3f, 0x8, 0x10, 0x7,
    0x17, 0xfa, 0x83, 0x9c, 0x3, 0x16, 0x61, 0xf,
    0x18, 0x0, 0x37, 0xfa, 0xcc, 0x53, 0x10, 0x6,
    0x35, 0x53, 0x8b, 0x80, 0x24, 0x2e, 0x54, 0xe0,
    0x30, 0xb, 0x4, 0xc0, 0x32, 0x80, 0x46, 0xa0,
    0x11, 0x0, 0x80, 0x4e, 0x1, 0xac, 0xc0, 0x33,
    0x22, 0xa, 0x9, 0x80, 0x35, 0x9d, 0xfe, 0x8e,
    0x80, 0x40,

    /* U+0112 "Ē" */
    0x0, 0x87, 0xff, 0x80, 0x30, 0xe6, 0x6d, 0x0,
    0xe3, 0x3c, 0x40, 0x12, 0xff, 0xf9, 0x80, 0x4,
    0x15, 0x5c, 0xe0, 0xd, 0x35, 0x5e, 0x10, 0x3,
    0x28, 0x7, 0xe3, 0xe0, 0xf, 0x84, 0x23, 0xff,
    0x0, 0x4a, 0x15, 0x99, 0x80, 0x22, 0x5, 0x33,
    0xc0, 0x17, 0x90, 0x7, 0xe2, 0x60, 0xf, 0xca,
    0xa, 0xb9, 0x0, 0x21, 0x4a, 0xad, 0xe0, 0x0,

    /* U+0113 "ē" */
    0x0, 0xab, 0xff, 0x38, 0x5, 0x19, 0x99, 0x80,
    0x22, 0x33, 0xc2, 0x1, 0x3e, 0xfe, 0xb0, 0x5,
    0x53, 0x78, 0x92, 0x80, 0x6b, 0x4c, 0x72, 0x18,
    0x8, 0x8, 0x0, 0x30, 0xd0, 0xd0, 0xff, 0xb1,
    0x54, 0xe, 0xbb, 0xb7, 0x50, 0x4, 0x64, 0x51,
    0x98, 0x0, 0xec, 0xc4, 0x7d, 0x50, 0x5, 0x34,
    0x5d, 0xa9, 0x80,

    /* U+0114 "Ĕ" */
    0x0, 0xce, 0x20, 0x7, 0x10, 0xd, 0x4c, 0xf,
    0x42, 0x1, 0xba, 0xfb, 0x70, 0x3, 0x8f, 0x3a,
    0x84, 0x2, 0x5f, 0xff, 0x30, 0x0, 0x82, 0xab,
    0x9c, 0x1, 0xa6, 0xab, 0xc2, 0x0, 0x65, 0x0,
    0xfc, 0x7c, 0x1, 0xf0, 0x84, 0x7f, 0xe0, 0x9,
    0x42, 0xb3, 0x30, 0x4, 0x40, 0xa6, 0x78, 0x2,
    0xf2, 0x0, 0xfc, 0x4c, 0x1, 0xf9, 0x41, 0x57,
    0x20, 0x4, 0x29, 0x55, 0xbc, 0x0,

    /* U+0115 "ĕ" */
    0x0, 0x9e, 0x80, 0x15, 0x0, 0x11, 0x20, 0x9a,
    0x50, 0x4, 0xad, 0xfe, 0xa2, 0x0, 0xd1, 0xd8,
    0x80, 0x19, 0xf7, 0xf5, 0x80, 0x2a, 0x9b, 0xc4,
    0x94, 0x3, 0x5a, 0x63, 0x90, 0xc0, 0x40, 0x40,
    0x1, 0x86, 0x86, 0x87, 0xfd, 0x8a, 0xa0, 0x75,
    0xdd, 0xba, 0x80, 0x23, 0x22, 0x8c, 0xc0, 0x7,
    0x66, 0x23, 0xea, 0x80, 0x29, 0xa2, 0xed, 0x4c,
    0x0,

    /* U+0116 "Ė" */
    0x0, 0xff, 0xe1, 0xb7, 0xc0, 0x7, 0xdc, 0x1a,
    0x1, 0xf4, 0x7a, 0x80, 0x65, 0xff, 0xf3, 0x0,
    0x8, 0x2a, 0xb9, 0xc0, 0x1a, 0x6a, 0xbc, 0x20,
    0x6, 0x50, 0xf, 0xc7, 0xc0, 0x1f, 0x8, 0x47,
    0xfe, 0x0, 0x94, 0x2b, 0x33, 0x0, 0x44, 0xa,
    0x67, 0x80, 0x2f, 0x20, 0xf, 0xc4, 0xc0, 0x1f,
    0x94, 0x15, 0x72, 0x0, 0x42, 0x95, 0x5b, 0xc0,
    0x0,

    /* U+0117 "ė" */
    0x0, 0xc3, 0xba, 0x0, 0xf1, 0x90, 0x80, 0x78,
    0xbf, 0x0, 0x3f, 0xf8, 0x4f, 0xbf, 0xac, 0x1,
    0x54, 0xde, 0x24, 0xa0, 0x1a, 0xd3, 0x1c, 0x86,
    0x2, 0x2, 0x0, 0xc, 0x34, 0x34, 0x3f, 0xec,
    0x55, 0x3, 0xae, 0xed, 0xd4, 0x1, 0x19, 0x14,
    0x66, 0x0, 0x3b, 0x31, 0x1f, 0x54, 0x1, 0x4d,
    0x17, 0x6a, 0x60,

    /* U+0118 "Ę" */
    0x0, 0x2f, 0xff, 0x98, 0x0, 0x41, 0x55, 0xce,
    0x0, 0xd3, 0x55, 0xe1, 0x0, 0x32, 0x80, 0x7e,
    0x3e, 0x0, 0xf8, 0x42, 0x3f, 0xf0, 0x4, 0xa1,
    0x59, 0x98, 0x2, 0x20, 0x53, 0x3c, 0x1, 0x79,
    0x0, 0x7e, 0x26, 0x0, 0xfc, 0xa0, 0xab, 0x90,
    0x2, 0x14, 0xaa, 0xde, 0x1, 0x7f, 0xda, 0x57,
    0x60, 0xf, 0x4b, 0x20, 0x7, 0xda, 0x9e, 0x60,
    0x0,

    /* U+0119 "ę" */
    0x0, 0x9f, 0x7f, 0x50, 0x2, 0x99, 0x5d, 0x9e,
    0xc8, 0x9, 0xad, 0x92, 0xc1, 0x1, 0x41, 0x40,
    0x2, 0x6, 0x1c, 0x1f, 0xf8, 0x18, 0x15, 0x37,
    0x78, 0xc0, 0x44, 0x45, 0x8, 0x80, 0x8, 0x85,
    0x37, 0xc5, 0x0, 0x4b, 0xde, 0x4d, 0xb0, 0x5,
    0x34, 0x5e, 0x80, 0x1d, 0x48, 0x20, 0x1e, 0x76,
    0xf1, 0x0, 0x0,

    /* U+011A "Ě" */
    0x0, 0xce, 0x80, 0x50, 0x40, 0x1d, 0x6d, 0x80,
    0x40, 0x19, 0xd2, 0x65, 0x0, 0x1e, 0xbf, 0x70,
    0xc, 0xbf, 0xfe, 0x60, 0x1, 0x5, 0x57, 0x38,
    0x3, 0x4d, 0x57, 0x84, 0x0, 0xca, 0x1, 0xf8,
    0xf8, 0x3, 0xe1, 0x8, 0xff, 0xc0, 0x12, 0x85,
    0x66, 0x60, 0x8, 0x81, 0x4c, 0xf0, 0x5, 0xe4,
    0x1, 0xf8, 0x98, 0x3, 0xf2, 0x82, 0xae, 0x40,
    0x8, 0x52, 0xab, 0x78, 0x0,

    /* U+011B "ě" */
    0x0, 0x9b, 0xcc, 0xde, 0xe0, 0x13, 0x2e, 0xe4,
    0x38, 0x6, 0xa9, 0xa7, 0x0, 0xf3, 0xa8, 0x7,
    0x3e, 0xfe, 0xb0, 0x5, 0x53, 0x78, 0x92, 0x80,
    0x6b, 0x4c, 0x72, 0x18, 0x8, 0x8, 0x0, 0x30,
    0xd0, 0xd0, 0xff, 0xb1, 0x54, 0xe, 0xbb, 0xb7,
    0x50, 0x4, 0x64, 0x51, 0x98, 0x0, 0xec, 0xc4,
    0x7d, 0x50, 0x5, 0x34, 0x5d, 0xa9, 0x80,

    /* U+011C "Ĝ" */
    0x0, 0xe3, 0x82, 0x0, 0xf2, 0x62, 0xf8, 0x7,
    0x25, 0xce, 0x85, 0x0, 0x64, 0xf6, 0xd, 0xa0,
    0xc, 0x77, 0xdf, 0x42, 0x1, 0x16, 0x5, 0xc2,
    0xd8, 0x5, 0x7, 0x6a, 0xec, 0x80, 0x12, 0xd8,
    0x5, 0x50, 0x0, 0x20, 0x30, 0x8, 0xd8, 0x0,
    0xc0, 0xc0, 0x23, 0x0, 0x46, 0x4, 0xbd, 0xd3,
    0x80, 0x38, 0x81, 0x2e, 0x80, 0xc0, 0xa, 0xe0,
    0x28, 0x20, 0xc0, 0x1, 0x10, 0x5, 0xc4, 0x40,
    0x2, 0x22, 0x16, 0x56, 0x0, 0x29, 0x66, 0x52,
    0xda, 0x80, 0x0,

    /* U+011D "ĝ" */
    0x0, 0xce, 0xe0, 0xc, 0x59, 0x8a, 0x90, 0x9,
    0x2a, 0xf3, 0x88, 0x0, 0xcc, 0x1, 0x72, 0x0,
    0x4f, 0x7c, 0x5d, 0x82, 0xde, 0x2c, 0xd4, 0x8d,
    0x29, 0x92, 0x47, 0xd0, 0x10, 0x3, 0x17, 0x10,
    0x4, 0xe0, 0xa4, 0xc0, 0x16, 0x0, 0x92, 0x18,
    0x2b, 0x98, 0x59, 0x67, 0xe1, 0x30, 0x16, 0xeb,
    0xa4, 0xf4, 0x2, 0x21, 0x30, 0x30, 0x25, 0x53,
    0x71, 0xa0, 0x55, 0x50, 0x9a, 0x0,

    /* U+011E "Ğ" */
    0x0, 0xd8, 0x0, 0x2b, 0x0, 0xe2, 0x50, 0x82,
    0x0, 0xea, 0x8e, 0x39, 0x0, 0xe4, 0xde, 0x90,
    0xe, 0x3b, 0xef, 0xb1, 0x0, 0x8b, 0x2, 0xe1,
    0x28, 0x2, 0x83, 0xb5, 0x77, 0x20, 0x4, 0xb6,
    0x1, 0x47, 0x80, 0x8, 0xc, 0x3, 0xe6, 0x6,
    0x1, 0x18, 0x2, 0x30, 0x25, 0xee, 0x9c, 0x1,
    0xc4, 0x9, 0x74, 0x6, 0x0, 0x57, 0x1, 0x41,
    0x6, 0x0, 0x8, 0x80, 0x2e, 0x22, 0x0, 0x11,
    0x10, 0xb2, 0xb0, 0x1, 0x4b, 0x32, 0x96, 0xd4,
    0x0,

    /* U+011F "ğ" */
    0x0, 0x22, 0x0, 0xa, 0x80, 0x3, 0x80, 0x2b,
    0x70, 0x3, 0xb7, 0x72, 0xcc, 0x2, 0xae, 0xc5,
    0x0, 0xa7, 0xbe, 0x2e, 0xc1, 0x6f, 0x16, 0x6a,
    0x46, 0x94, 0xc9, 0x23, 0xe8, 0x8, 0x1, 0x8b,
    0x88, 0x2, 0x70, 0x52, 0x60, 0xb, 0x0, 0x49,
    0xc, 0x15, 0xcc, 0x2c, 0xb3, 0xf0, 0x98, 0xb,
    0x75, 0xd2, 0x7a, 0x1, 0x10, 0x98, 0x18, 0x12,
    0xa9, 0xb8, 0xd0, 0x2a, 0xa8, 0x4d, 0x0, 0x0,

    /* U+0120 "Ġ" */
    0x0, 0xff, 0xe1, 0xc7, 0xa8, 0x7, 0xc4, 0x2c,
    0x1, 0xf5, 0x71, 0x80, 0x71, 0xdf, 0x7d, 0x8,
    0x4, 0x58, 0x17, 0xb, 0x60, 0x14, 0x1d, 0xab,
    0xb2, 0x0, 0x4b, 0x60, 0x15, 0x40, 0x0, 0x80,
    0xc0, 0x23, 0x60, 0x3, 0x3, 0x0, 0x8c, 0x1,
    0x18, 0x12, 0xf7, 0x4e, 0x0, 0xe2, 0x4, 0xba,
    0x3, 0x0, 0x2b, 0x80, 0xa0, 0x83, 0x0, 0x4,
    0x40, 0x17, 0x11, 0x0, 0x8, 0x88, 0x59, 0x58,
    0x0, 0xa5, 0x99, 0x4b, 0x6a, 0x0,

    /* U+0121 "ġ" */
    0x0, 0x87, 0x74, 0x1, 0xc4, 0x46, 0x0, 0xe3,
    0xfb, 0x0, 0xff, 0xe0, 0x4f, 0x7c, 0x5d, 0x82,
    0xde, 0x2c, 0xd4, 0x8d, 0x29, 0x92, 0x47, 0xd0,
    0x10, 0x3, 0x17, 0x10, 0x4, 0xe0, 0xa4, 0xc0,
    0x16, 0x0, 0x92, 0x18, 0x2b, 0x98, 0x59, 0x67,
    0xe1, 0x30, 0x16, 0xeb, 0xa4, 0xf4, 0x2, 0x21,
    0x30, 0x30, 0x25, 0x53, 0x71, 0xa0, 0x55, 0x50,
    0x9a, 0x0,

    /* U+0122 "Ģ" */
    0x0, 0x8e, 0xfb, 0xe8, 0x40, 0x22, 0xc0, 0xb8,
    0x5b, 0x0, 0xa0, 0xed, 0x5d, 0x90, 0x2, 0x5b,
    0x0, 0xaa, 0x0, 0x4, 0x6, 0x1, 0x1b, 0x0,
    0x18, 0x18, 0x4, 0x60, 0x8, 0xc0, 0x97, 0xba,
    0x70, 0x7, 0x10, 0x25, 0xd0, 0x18, 0x1, 0x5c,
    0x5, 0x4, 0x18, 0x0, 0x22, 0x0, 0xb8, 0x88,
    0x0, 0x44, 0x42, 0xca, 0xc0, 0x5, 0x2c, 0xca,
    0x5b, 0x50, 0xd, 0x3d, 0xf8, 0x80, 0x1e, 0x6a,
    0x0, 0xf9, 0x66, 0x40, 0x1f, 0x15, 0x98, 0x7,
    0x0,

    /* U+0123 "ģ" */
    0x0, 0xe6, 0xc0, 0xe, 0x39, 0x80, 0xc, 0x3a,
    0x88, 0x0, 0xca, 0xd2, 0x1, 0xc9, 0x4, 0x1,
    0xa7, 0xbe, 0x2e, 0xc1, 0x6f, 0x16, 0x6a, 0x46,
    0x94, 0xc9, 0x23, 0xe8, 0x8, 0x1, 0x8b, 0x88,
    0x2, 0x70, 0x52, 0x60, 0xb, 0x0, 0x49, 0xc,
    0x15, 0xcc, 0x2c, 0xb3, 0xf0, 0x98, 0xb, 0x75,
    0xd2, 0x7a, 0x1, 0x10, 0x98, 0x18, 0x12, 0xa9,
    0xb8, 0xd0, 0x2a, 0xa8, 0x4d, 0x0, 0x0,

    /* U+0124 "Ĥ" */
    0x0, 0xe3, 0x82, 0x0, 0xf2, 0x62, 0xf8, 0x7,
    0x25, 0xce, 0x85, 0x0, 0x64, 0xf6, 0xd, 0xa0,
    0x9, 0xfc, 0x2, 0x4f, 0x20, 0x7, 0x10, 0x4,
    0x40, 0x40, 0x5, 0x70, 0xb, 0xc4, 0x2, 0x22,
    0x0, 0x44, 0xa0, 0x10, 0xf0, 0x8c, 0xa4, 0x0,
    0x30, 0x9e, 0xe8, 0x7c, 0x0, 0xc1, 0x77, 0x48,
    0x10, 0x3, 0x45, 0x12, 0x30, 0x50, 0x1, 0x28,
    0x5, 0xa0, 0x20, 0x7, 0x20, 0x8, 0x8c, 0x2,
    0x2e, 0x0, 0x9d, 0x80, 0x4, 0x6, 0x1, 0x16,
    0x80, 0x0,

    /* U+0125 "ĥ" */
    0x0, 0x4f, 0xe0, 0x6, 0x1c, 0x2e, 0xb, 0x0,
    0x87, 0x2c, 0x72, 0xc0, 0x39, 0xfc, 0x3, 0xee,
    0x20, 0xf, 0x95, 0xc0, 0x3e, 0x22, 0x4f, 0x72,
    0x0, 0x2, 0x25, 0xfa, 0x47, 0x40, 0x20, 0xb6,
    0x4b, 0x2, 0x5, 0x7, 0x0, 0x18, 0x18, 0x70,
    0x88, 0x0, 0xc0, 0xe0, 0x64, 0x1, 0x18, 0x10,
    0x32, 0x80, 0x5c, 0x40, 0x2, 0xe0, 0x9, 0x58,
    0x8, 0xc, 0x2, 0x23, 0x0,

    /* U+0126 "Ħ" */
    0x0, 0x3f, 0x80, 0x49, 0xe4, 0x1, 0x69, 0x0,
    0x46, 0x4, 0x3, 0xea, 0x5f, 0xf4, 0x7, 0x90,
    0xe0, 0x36, 0x64, 0x49, 0x84, 0x4, 0x1e, 0x45,
    0x19, 0xc0, 0x2, 0x9, 0xee, 0x87, 0x80, 0x25,
    0xb, 0xba, 0x41, 0x40, 0x2e, 0x14, 0x48, 0xc0,
    0x80, 0x23, 0x50, 0xb, 0x44, 0x40, 0x13, 0x10,
    0x4, 0x44, 0x0, 0xc5, 0xc0, 0x13, 0xb0, 0x4,
    0x40, 0x60, 0x11, 0x68, 0x4,

    /* U+0127 "ħ" */
    0x0, 0x37, 0x80, 0x7d, 0xc2, 0x1, 0xc5, 0xee,
    0x3f, 0xe7, 0x0, 0x16, 0xa, 0xe6, 0x18, 0x2,
    0x31, 0x28, 0xcf, 0x60, 0x1, 0x2, 0x75, 0x94,
    0x88, 0x38, 0x7a, 0xa7, 0x81, 0x6, 0x89, 0x80,
    0x1c, 0x4, 0x8, 0x80, 0x11, 0x1, 0x3, 0xa8,
    0x5, 0xe4, 0x0, 0x2e, 0x0, 0x89, 0x80, 0x80,
    0xc0, 0x25, 0x30,

    /* U+0128 "Ĩ" */
    0x0, 0xd5, 0xd0, 0x5c, 0x1, 0x8d, 0xbc, 0xf2,
    0x0, 0x31, 0xe0, 0xdf, 0x30, 0x4, 0x9f, 0xfe,
    0x0, 0x96, 0xa8, 0xd, 0x56, 0x1, 0xa, 0xb8,
    0x6a, 0xa0, 0x7, 0x38, 0x30, 0x7, 0xc4, 0x4,
    0x1, 0xf6, 0x90, 0x7, 0xe6, 0x70, 0xf, 0xc6,
    0x40, 0x1f, 0x8, 0x70, 0x7, 0xca, 0xa, 0x1,
    0xc8, 0xba, 0xa, 0xa1, 0x0, 0xae, 0x98, 0x26,
    0x94, 0x0,

    /* U+0129 "ĩ" */
    0x0, 0x87, 0x39, 0x97, 0x0, 0x26, 0x5c, 0xab,
    0x80, 0x9, 0xe4, 0xb3, 0x90, 0x3, 0xfe, 0xbf,
    0xf9, 0xc0, 0x37, 0xd4, 0x81, 0x80, 0x64, 0x52,
    0x6, 0x0, 0xf1, 0x81, 0x0, 0x7b, 0x88, 0x3,
    0xe5, 0x70, 0xf, 0x88, 0x80, 0x10, 0xaa, 0xc2,
    0x25, 0x50, 0xa5, 0x54, 0xd, 0x54, 0x30,

    /* U+012A "Ī" */
    0x0, 0x8f, 0xff, 0x70, 0x6, 0x3c, 0xce, 0x0,
    0xe3, 0x3c, 0x40, 0x12, 0x7f, 0xf8, 0x2, 0x5a,
    0xa0, 0x35, 0x58, 0x4, 0x2a, 0xe1, 0xaa, 0x80,
    0x1c, 0xe0, 0xc0, 0x1f, 0x10, 0x10, 0x7, 0xda,
    0x40, 0x1f, 0x99, 0xc0, 0x3f, 0x19, 0x0, 0x7c,
    0x21, 0xc0, 0x1f, 0x28, 0x28, 0x7, 0x22, 0xe8,
    0x2a, 0x84, 0x2, 0xba, 0x60, 0x9a, 0x50, 0x0,

    /* U+012B "ī" */
    0x0, 0x9b, 0xff, 0x58, 0x4, 0xf9, 0x9a, 0x80,
    0x21, 0x33, 0xc2, 0x0, 0xbf, 0xf9, 0xc0, 0x37,
    0xd4, 0x81, 0x80, 0x64, 0x52, 0x6, 0x0, 0xf1,
    0x81, 0x0, 0x7b, 0x88, 0x3, 0xe5, 0x70, 0xf,
    0x88, 0x80, 0x10, 0xaa, 0xc2, 0x25, 0x50, 0xa5,
    0x54, 0xd, 0x54, 0x30,

    /* U+012C "Ĭ" */
    0x0, 0xd0, 0x0, 0x17, 0x0, 0xe6, 0x50, 0x8c,
    0x0, 0xea, 0x8e, 0xa, 0x0, 0xe4, 0xde, 0x91,
    0x0, 0x93, 0xff, 0xc0, 0x12, 0xd5, 0x1, 0xaa,
    0xc0, 0x21, 0x57, 0xd, 0x54, 0x0, 0xe7, 0x6,
    0x0, 0xf8, 0x80, 0x80, 0x3e, 0xd2, 0x0, 0xfc,
    0xce, 0x1, 0xf8, 0xc8, 0x3, 0xe1, 0xe, 0x0,
    0xf9, 0x41, 0x40, 0x39, 0x17, 0x41, 0x54, 0x20,
    0x15, 0xd3, 0x4, 0xd2, 0x80, 0x0,

    /* U+012D "ĭ" */
    0x0, 0x85, 0xc0, 0x4, 0xc0, 0x11, 0xc1, 0x4,
    0x88, 0x4, 0x51, 0x9a, 0x6e, 0x1, 0x9f, 0xb6,
    0x0, 0x2b, 0xff, 0x9c, 0x3, 0x7d, 0x48, 0x18,
    0x6, 0x45, 0x20, 0x60, 0xf, 0x18, 0x10, 0x7,
    0xb8, 0x80, 0x3e, 0x57, 0x0, 0xf8, 0x88, 0x1,
    0xa, 0xac, 0x22, 0x55, 0xa, 0x55, 0x40, 0xd5,
    0x43,

    /* U+012E "Į" */
    0x0, 0x27, 0xff, 0x80, 0x25, 0xaa, 0x3, 0x55,
    0x80, 0x42, 0xae, 0x1a, 0xa8, 0x1, 0xce, 0xc,
    0x1, 0xf1, 0x1, 0x0, 0x7d, 0xa4, 0x1, 0xf9,
    0x9c, 0x3, 0xf1, 0x90, 0x7, 0xc2, 0x1c, 0x1,
    0xf2, 0x82, 0x80, 0x72, 0x2e, 0x82, 0xa8, 0x40,
    0x2b, 0xa6, 0x9, 0xa5, 0x0, 0xbe, 0xcf, 0x7f,
    0xc8, 0x1, 0xa9, 0x8, 0x3, 0xe4, 0x7f, 0x0,
    0xe0,

    /* U+012F "į" */
    0x0, 0xea, 0xf2, 0x0, 0xf2, 0x9, 0x80, 0x7b,
    0xb8, 0x20, 0x1f, 0xfc, 0xb, 0xff, 0x9c, 0x3,
    0x7d, 0x48, 0x18, 0x6, 0x45, 0x20, 0x60, 0xf,
    0x18, 0x10, 0x7, 0xb8, 0x80, 0x3e, 0x57, 0x0,
    0xf8, 0x88, 0x1, 0xa, 0xac, 0x22, 0x55, 0xa,
    0x55, 0x40, 0xd5, 0x43, 0x5f, 0xd2, 0xbf, 0xf8,
    0x80, 0x12, 0xc8, 0x1, 0xed, 0x4f, 0x30, 0x8,

    /* U+0130 "İ" */
    0x0, 0xff, 0xe1, 0xc7, 0xb0, 0x7, 0xc2, 0x25,
    0x0, 0xfa, 0x78, 0xc0, 0x32, 0x7f, 0xf8, 0x2,
    0x5a, 0xa0, 0x35, 0x58, 0x4, 0x2a, 0xe1, 0xaa,
    0x80, 0x1c, 0xe0, 0xc0, 0x1f, 0x10, 0x10, 0x7,
    0xda, 0x40, 0x1f, 0x99, 0xc0, 0x3f, 0x19, 0x0,
    0x7c, 0x21, 0xc0, 0x1f, 0x28, 0x28, 0x7, 0x22,
    0xe8, 0x2a, 0x84, 0x2, 0xba, 0x60, 0x9a, 0x50,
    0x0,

    /* U+0131 "ı" */
    0x0, 0x5f, 0xfc, 0xe0, 0x1b, 0xea, 0x40, 0xc0,
    0x32, 0x29, 0x3, 0x0, 0x78, 0xc0, 0x80, 0x3d,
    0xc4, 0x1, 0xf2, 0xb8, 0x7, 0xc4, 0x40, 0x8,
    0x55, 0x61, 0x12, 0xa8, 0x52, 0xaa, 0x6, 0xaa,
    0x18,

    /* U+0132 "Ĳ" */
    0x0, 0xbf, 0xee, 0x0, 0x6c, 0x80, 0x5e, 0xf,
    0xc0, 0x2, 0xf0, 0x8, 0x43, 0x0, 0x6, 0xa,
    0x1, 0x20, 0x28, 0x1, 0x0, 0xc0, 0x2d, 0x11,
    0x0, 0x34, 0xc0, 0x31, 0xa0, 0x4, 0xea, 0x1,
    0x97, 0x40, 0x22, 0xf0, 0x8, 0x84, 0xc0, 0x6,
    0xa, 0x1, 0x38, 0x28, 0x1, 0x0, 0xc0, 0x2d,
    0x11, 0x0, 0x34, 0xc0, 0x32, 0x28, 0x4, 0xea,
    0x0, 0x3f, 0x34, 0xb0, 0x1, 0x78, 0x0, 0xff,
    0xeb, 0x4, 0x4, 0x0, 0xf0, 0x94, 0x99, 0x0,
    0x72, 0x76, 0x87, 0x0, 0x79, 0x33, 0x74, 0x40,
    0x10,

    /* U+0133 "ĳ" */
    0x0, 0x1f, 0x98, 0xf, 0x28, 0x4, 0x64, 0x0,
    0x27, 0x0, 0x1e, 0x8, 0xe, 0x10, 0x3, 0x64,
    0x1, 0x76, 0x0, 0x8b, 0xc0, 0xb, 0x80, 0x3,
    0x4, 0x1, 0x11, 0x80, 0x10, 0x8, 0x14, 0x14,
    0x1, 0xa6, 0x0, 0xc1, 0x10, 0x1, 0xd4, 0x0,
    0x68, 0x1, 0x16, 0x0, 0x17, 0x40, 0x6, 0xe,
    0x2, 0x23, 0x0, 0x20, 0x10, 0x28, 0x28, 0x1,
    0xfc, 0x1, 0x82, 0x20, 0xf, 0x1a, 0x0, 0x71,
    0xb2, 0x78, 0x7, 0x74, 0xb2, 0x80, 0x40,

    /* U+0134 "Ĵ" */
    0x0, 0xfc, 0xea, 0x1, 0xfd, 0x95, 0x44, 0x0,
    0xfb, 0x3, 0x5e, 0x88, 0x3, 0xd9, 0x80, 0x8e,
    0x20, 0xf, 0x9f, 0xc0, 0x3f, 0xdc, 0x40, 0x1f,
    0xe5, 0x70, 0xf, 0xf1, 0x10, 0x3, 0xf8, 0x45,
    0xa0, 0x1f, 0xc4, 0xc, 0x1, 0xfc, 0xa0, 0x60,
    0x1f, 0xdc, 0x20, 0x19, 0x20, 0x3, 0x1a, 0x80,
    0x63, 0x71, 0x0, 0x12, 0x68, 0x6, 0x40, 0xa5,
    0x6c, 0x36, 0x0, 0xc7, 0x4d, 0x56, 0xfa, 0x1,
    0xc0,

    /* U+0135 "ĵ" */
    0x0, 0xf2, 0xc1, 0x0, 0x7a, 0x6c, 0xbc, 0x40,
    0x32, 0x77, 0xd5, 0xa0, 0x6, 0x47, 0x10, 0x65,
    0x0, 0x7f, 0xf4, 0x80, 0x6a, 0xac, 0x1e, 0x1,
    0x95, 0x67, 0x2, 0x0, 0xf9, 0xc1, 0x40, 0x3e,
    0x20, 0x10, 0xf, 0xb4, 0xc0, 0x3f, 0x33, 0x0,
    0x3f, 0x1e, 0x80, 0x7c, 0x20, 0x40, 0x1f, 0x30,
    0x28, 0x4, 0x4a, 0xa8, 0x88, 0x3, 0x45, 0x51,
    0x25, 0xc0, 0x30,

    /* U+0136 "Ķ" */
    0x0, 0x3f, 0x80, 0x43, 0xd2, 0x0, 0xe2, 0x0,
    0xac, 0x24, 0x0, 0xae, 0x0, 0x55, 0x50, 0x4,
    0x5a, 0x3, 0x6c, 0x80, 0x1, 0x11, 0x5, 0x1c,
    0x80, 0x44, 0x15, 0xe9, 0x20, 0x19, 0x43, 0x2c,
    0xc, 0x3, 0x70, 0x9a, 0x1d, 0x80, 0x63, 0x50,
    0x5, 0x98, 0x80, 0x4c, 0x40, 0x5, 0x7, 0x0,
    0x8b, 0xc0, 0x4, 0x4a, 0x0, 0x10, 0x10, 0x4,
    0xa6, 0x20, 0x5e, 0x80, 0x14, 0x78, 0x80, 0x63,
    0x60, 0xf, 0x8b, 0x44, 0x3, 0xee, 0x47, 0x0,
    0xe0,

    /* U+0137 "ķ" */
    0x0, 0x37, 0x88, 0x7, 0xdc, 0x22, 0x0, 0xf8,
    0xc8, 0x3, 0xf3, 0x28, 0x5, 0x3e, 0x40, 0x2,
    0xe0, 0x3, 0x32, 0xc8, 0x8, 0x8, 0xe, 0x5d,
    0x0, 0xc, 0xc, 0x3c, 0x90, 0x1, 0x18, 0x67,
    0x15, 0x0, 0x6e, 0x2c, 0xa0, 0x60, 0xc, 0xac,
    0x6a, 0xa9, 0x0, 0xc4, 0x60, 0x8, 0x17, 0x0,
    0x8, 0xb4, 0x0, 0x4b, 0x20, 0x1, 0xf5, 0x0,
    0xab, 0x80, 0x38, 0xd8, 0x3, 0xe2, 0xce, 0x0,
    0xfb, 0xd6, 0x0, 0x38,

    /* U+0138 "ĸ" */
    0x0, 0x6c, 0x80, 0x57, 0xc2, 0x0, 0x2e, 0x0,
    0x42, 0x68, 0x81, 0x1, 0x2, 0xbc, 0x98, 0x1,
    0x81, 0x8a, 0x95, 0x80, 0x23, 0xc, 0xd1, 0xa0,
    0xd, 0xc5, 0x90, 0x28, 0x1, 0x95, 0x8d, 0xca,
    0x0, 0x31, 0x18, 0x2, 0xd, 0x0, 0x2, 0x2d,
    0x0, 0x29, 0xc0, 0x0,

    /* U+0139 "Ĺ" */
    0x0, 0xce, 0xa0, 0x1d, 0x32, 0x40, 0xc, 0xcc,
    0xd1, 0x0, 0xcd, 0xe6, 0x1, 0xdb, 0x20, 0x1e,
    0x2e, 0x0, 0xe2, 0x3, 0x0, 0xe6, 0x6, 0x0,
    0xe3, 0x2, 0x0, 0xee, 0x20, 0xf, 0x2b, 0x80,
    0x78, 0x88, 0x1, 0xc2, 0x2d, 0x0, 0xe2, 0x6,
    0x0, 0xe5, 0x6, 0x55, 0xc3, 0xc1, 0x55, 0xc6,

    /* U+013A "ĺ" */
    0x0, 0xe7, 0x50, 0xe, 0x99, 0x38, 0x6, 0x66,
    0x69, 0x0, 0x66, 0xf3, 0x0, 0x3f, 0xfe, 0x0,
    0x96, 0xa8, 0x82, 0x1, 0x12, 0xa8, 0x14, 0x3,
    0xcc, 0x40, 0x1e, 0x2f, 0x0, 0xe2, 0x2, 0x0,
    0xe7, 0x5, 0x0, 0xe2, 0x1, 0x0, 0xed, 0x30,
    0xf, 0x33, 0x0, 0x3c, 0xe8, 0xab, 0x8, 0x2,
    0xe, 0xaa, 0x30,

    /* U+013B "Ļ" */
    0x0, 0x6c, 0x80, 0x78, 0xb8, 0x3, 0x88, 0xc,
    0x3, 0x98, 0x18, 0x3, 0x8c, 0x8, 0x3, 0xb8,
    0x80, 0x3c, 0xae, 0x1, 0xe2, 0x20, 0x7, 0x8,
    0xb4, 0x3, 0x88, 0x18, 0x3, 0x94, 0x19, 0x57,
    0xf, 0x5, 0x57, 0x1c, 0x7f, 0xf8, 0x80, 0x25,
    0x40, 0xe, 0x6a, 0x60, 0xc, 0x73, 0x64, 0x1,
    0x0,

    /* U+013C "ļ" */
    0x7f, 0xfc, 0x1, 0x2d, 0x51, 0x4, 0x2, 0x25,
    0x50, 0x28, 0x7, 0x98, 0x80, 0x3c, 0x5e, 0x1,
    0xc4, 0x4, 0x1, 0xce, 0xa, 0x1, 0xc4, 0x2,
    0x1, 0xda, 0x60, 0x1e, 0x66, 0x0, 0x79, 0xd1,
    0x56, 0x10, 0x4, 0x1d, 0x54, 0x60, 0x3, 0xdf,
    0xf8, 0x80, 0x2, 0xc4, 0x1, 0xdb, 0x44, 0x1,
    0xa0, 0xb4, 0x3, 0x0,

    /* U+013D "Ľ" */
    0x0, 0x6c, 0x81, 0xf8, 0x80, 0xb, 0x81, 0xc,
    0x40, 0x80, 0xc3, 0xac, 0x0, 0xc0, 0xc1, 0x2e,
    0x0, 0x30, 0x20, 0xe, 0xe2, 0x0, 0xf2, 0xb8,
    0x7, 0x88, 0x80, 0x1c, 0x22, 0xd0, 0xe, 0x20,
    0x60, 0xe, 0x50, 0x65, 0x5c, 0x3c, 0x15, 0x5c,
    0x60,

    /* U+013E "ľ" */
    0x7f, 0xfc, 0x5, 0xe4, 0xb5, 0x44, 0x10, 0x42,
    0x29, 0x54, 0xa, 0x1e, 0xa0, 0x19, 0x88, 0x26,
    0x0, 0x31, 0x78, 0x7, 0x88, 0x8, 0x3, 0xce,
    0xa, 0x1, 0xe2, 0x1, 0x0, 0xf6, 0x98, 0x7,
    0xcc, 0xc0, 0xf, 0x9d, 0x15, 0x61, 0x0, 0xa0,
    0xea, 0xa3, 0x0,

    /* U+013F "Ŀ" */
    0x0, 0x6c, 0x80, 0x78, 0xb8, 0x3, 0x88, 0xc,
    0x3, 0x98, 0x18, 0x3, 0x8c, 0x8, 0x3, 0xb8,
    0x81, 0x3a, 0x80, 0xa, 0xe1, 0xe2, 0xe0, 0x2,
    0x20, 0x7a, 0xf0, 0x8, 0xb4, 0x12, 0x8c, 0x8,
    0x18, 0x3, 0x94, 0x19, 0x57, 0xf, 0x5, 0x57,
    0x18,

    /* U+0140 "ŀ" */
    0xcf, 0xfa, 0xc0, 0x3a, 0x2a, 0x80, 0x40, 0x1c,
    0x8a, 0xa0, 0xf0, 0xf, 0x8c, 0x8, 0x3, 0xe6,
    0x5, 0x0, 0xfb, 0x40, 0x40, 0xfa, 0xc0, 0x22,
    0x30, 0x4, 0x8a, 0x80, 0x4e, 0xc0, 0x9, 0x5a,
    0x0, 0x8b, 0x40, 0x7, 0x48, 0x0, 0x10, 0x20,
    0xf, 0x84, 0x39, 0x54, 0x80, 0x1d, 0x2b, 0x54,
    0x90, 0x8,

    /* U+0141 "Ł" */
    0x0, 0xb6, 0x40, 0x3e, 0x2e, 0x0, 0xf1, 0x1,
    0x80, 0x79, 0x81, 0x96, 0xc0, 0x31, 0x84, 0xdf,
    0x80, 0x6d, 0x2, 0xe4, 0x0, 0x16, 0x2a, 0xa4,
    0x3, 0x45, 0x81, 0x0, 0x75, 0xb0, 0x68, 0x7,
    0x9, 0x3, 0x0, 0x79, 0x41, 0x95, 0x70, 0x87,
    0x5, 0x57, 0x18,

    /* U+0142 "ł" */
    0x7f, 0xfc, 0x1, 0x2d, 0x51, 0x4, 0x2, 0x25,
    0x50, 0x28, 0x7, 0x98, 0xa2, 0x0, 0x18, 0x99,
    0x28, 0x2, 0x70, 0x7c, 0x20, 0x1b, 0x80, 0x90,
    0x9, 0xc9, 0xc0, 0x40, 0x26, 0x92, 0x30, 0xf,
    0x33, 0x0, 0x3c, 0xe8, 0xab, 0x8, 0x2, 0xe,
    0xaa, 0x30,

    /* U+0143 "Ń" */
    0x0, 0xf9, 0xd4, 0x3, 0xe9, 0x92, 0x0, 0x79,
    0x99, 0xa2, 0x1, 0xe6, 0xf3, 0x0, 0xcf, 0xf2,
    0x0, 0x2f, 0x30, 0x6, 0x82, 0x80, 0x1c, 0x8,
    0x0, 0xc6, 0x60, 0x1, 0x8, 0x80, 0x7, 0x60,
    0x41, 0xc4, 0x0, 0x10, 0x31, 0x70, 0x55, 0x0,
    0x14, 0x19, 0x70, 0xb, 0x80, 0x4, 0x4, 0x6a,
    0x22, 0x30, 0x7, 0x90, 0x69, 0x90, 0x30, 0x0,
    0x9c, 0x1c, 0x10, 0x8, 0x0, 0xa4, 0x4, 0x36,
    0x40, 0x10, 0xe8, 0x1, 0x4d, 0xc0, 0x6, 0xc,
    0x0, 0x30, 0x20, 0x0,

    /* U+0144 "ń" */
    0x0, 0xf1, 0xb9, 0x0, 0x71, 0xe8, 0x10, 0x7,
    0x25, 0xb8, 0x7, 0x9d, 0x40, 0x37, 0x45, 0x7f,
    0x40, 0x0, 0x44, 0x9d, 0xc6, 0x74, 0x2, 0x9,
    0x41, 0x90, 0x20, 0x50, 0x40, 0x1, 0x81, 0x87,
    0x8, 0x80, 0xc, 0xe, 0x6, 0xa0, 0x11, 0x81,
    0x3, 0x10, 0x5, 0xc4, 0x0, 0x2f, 0x0, 0x95,
    0x80, 0x80, 0x80, 0x22, 0x30,

    /* U+0145 "Ņ" */
    0x0, 0x3f, 0xc8, 0x0, 0xbc, 0xc0, 0x1a, 0xa,
    0x0, 0x70, 0x20, 0x3, 0x19, 0x80, 0x4, 0x22,
    0x0, 0x1d, 0x81, 0x7, 0x10, 0x0, 0x40, 0xc5,
    0xc1, 0x54, 0x0, 0x50, 0x65, 0xc0, 0x2e, 0x0,
    0x10, 0x11, 0xa8, 0x88, 0xc0, 0x1e, 0x41, 0xa6,
    0x40, 0xc0, 0x2, 0x70, 0x70, 0x40, 0x20, 0x2,
    0x90, 0x10, 0xd9, 0x0, 0x43, 0xa0, 0x5, 0x37,
    0x0, 0x18, 0x30, 0x0, 0xc0, 0x80, 0x7, 0xe6,
    0x0, 0x8f, 0x80, 0xe, 0x36, 0x0, 0xf8, 0xb3,
    0x80, 0x3e, 0xf5, 0x80, 0xe,

    /* U+0146 "ņ" */
    0x0, 0x74, 0x57, 0xf4, 0x0, 0x4, 0x49, 0xdc,
    0x67, 0x40, 0x20, 0x94, 0x19, 0x2, 0x5, 0x4,
    0x0, 0x18, 0x18, 0x70, 0x88, 0x0, 0xc0, 0xe0,
    0x6a, 0x1, 0x18, 0x10, 0x31, 0x0, 0x5c, 0x40,
    0x2, 0xf0, 0x9, 0x58, 0x8, 0x8, 0x2, 0x23,
    0x2, 0xf4, 0x0, 0xba, 0x0, 0x31, 0xb0, 0x7,
    0x8b, 0x38, 0x3, 0xde, 0xb0, 0x1, 0x80,

    /* U+0147 "Ň" */
    0x0, 0x86, 0x8, 0x11, 0xc4, 0x2, 0x12, 0xc6,
    0xb2, 0x10, 0xd, 0x47, 0x34, 0xa0, 0x1e, 0xdf,
    0x50, 0xc, 0xff, 0x20, 0x2, 0xf3, 0x0, 0x68,
    0x28, 0x1, 0xc0, 0x80, 0xc, 0x66, 0x0, 0x10,
    0x88, 0x0, 0x76, 0x4, 0x1c, 0x40, 0x1, 0x3,
    0x17, 0x5, 0x50, 0x1, 0x41, 0x97, 0x0, 0xb8,
    0x0, 0x40, 0x46, 0xa2, 0x23, 0x0, 0x79, 0x6,
    0x99, 0x3, 0x0, 0x9, 0xc1, 0xc1, 0x0, 0x80,
    0xa, 0x40, 0x43, 0x64, 0x1, 0xe, 0x80, 0x14,
    0xdc, 0x0, 0x60, 0xc0, 0x3, 0x2, 0x0, 0x0,

    /* U+0148 "ň" */
    0x0, 0x8d, 0xc0, 0xc, 0xc0, 0xc, 0x79, 0x96,
    0xb8, 0x7, 0x5d, 0xaa, 0xc4, 0x3, 0xce, 0xc0,
    0x1d, 0xd1, 0x5f, 0xd0, 0x1, 0x8, 0x93, 0xb8,
    0xce, 0x80, 0x2, 0x9, 0x41, 0x90, 0x20, 0x2,
    0x82, 0x0, 0xc, 0xc, 0x1, 0xc2, 0x20, 0x3,
    0x3, 0x80, 0xd, 0x40, 0x23, 0x2, 0x0, 0x31,
    0x0, 0x5c, 0x40, 0x11, 0x78, 0x4, 0xac, 0x0,
    0x20, 0x20, 0x8, 0x8c, 0x0,

    /* U+0149 "ŉ" */
    0x0, 0x2b, 0x80, 0x79, 0xed, 0x0, 0x38, 0x43,
    0x4c, 0x3, 0x85, 0xcc, 0x3, 0xf7, 0x45, 0x7f,
    0x40, 0x0, 0x44, 0x9d, 0xc6, 0x74, 0x2, 0x9,
    0x41, 0x90, 0x20, 0x50, 0x40, 0x1, 0x81, 0x87,
    0x8, 0x80, 0xc, 0xe, 0x6, 0xa0, 0x11, 0x81,
    0x3, 0x10, 0x5, 0xc4, 0x0, 0x2f, 0x0, 0x95,
    0x80, 0x80, 0x80, 0x22, 0x30,

    /* U+014A "Ŋ" */
    0x0, 0x3f, 0xc8, 0x0, 0xbc, 0xc0, 0x1a, 0x8,
    0x0, 0x60, 0x20, 0x3, 0x21, 0x8, 0x18, 0x88,
    0x0, 0x7a, 0x8, 0x1c, 0x40, 0x1, 0x2, 0x3c,
    0x5, 0x50, 0x1, 0x41, 0x91, 0x0, 0x5c, 0x0,
    0x20, 0x2c, 0x22, 0x9, 0x80, 0x3c, 0x81, 0x1,
    0x41, 0x80, 0x4, 0xe0, 0x3, 0xa0, 0x20, 0x2,
    0x90, 0x1, 0x8, 0x80, 0x10, 0xe8, 0x3, 0x1,
    0xc0, 0x6, 0xc, 0x0, 0x40, 0x20, 0x1, 0xf9,
    0x80, 0xc, 0x30, 0x3, 0x95, 0xb4, 0xd0, 0x3,
    0x25, 0x43, 0xe0, 0x4,

    /* U+014B "ŋ" */
    0x0, 0x74, 0xd7, 0xf4, 0x0, 0x42, 0xbd, 0xc6,
    0x73, 0x3, 0x9, 0x41, 0x90, 0x50, 0x60, 0x40,
    0x1, 0x81, 0x6, 0x88, 0x80, 0xe, 0xc, 0x4,
    0x40, 0x8, 0x80, 0x81, 0xd4, 0x2, 0xd2, 0x0,
    0x17, 0x0, 0x4c, 0xe0, 0x40, 0x60, 0x11, 0x10,
    0xb, 0xd0, 0x0, 0x63, 0x80, 0x19, 0x5b, 0x51,
    0x0, 0x12, 0x54, 0x3d, 0x80, 0x0,

    /* U+014C "Ō" */
    0x0, 0x1f, 0xfe, 0xe0, 0x1, 0xe6, 0x70, 0x4,
    0x67, 0x88, 0x0, 0x77, 0xdc, 0x90, 0x1, 0x60,
    0x5c, 0xb4, 0x84, 0x1d, 0xab, 0xaa, 0x2, 0xd8,
    0x6, 0x12, 0x3, 0x0, 0x99, 0xa0, 0x60, 0x8,
    0xf4, 0xc0, 0x80, 0x2, 0x5, 0xc4, 0x1, 0x28,
    0x3a, 0xb8, 0x4, 0x40, 0x40, 0x20, 0x16, 0xa0,
    0x22, 0x1d, 0x69, 0x20, 0x21, 0xa6, 0xc7, 0xc,
    0x0,

    /* U+014D "ō" */
    0x0, 0xab, 0xff, 0x38, 0x5, 0x19, 0x99, 0x80,
    0x22, 0x33, 0xc2, 0x1, 0x3e, 0xfe, 0xa8, 0x5,
    0x53, 0x54, 0x6a, 0x30, 0x25, 0xb7, 0x5a, 0x5,
    0x5, 0x5, 0x0, 0xc6, 0x1c, 0x40, 0x12, 0x83,
    0x2, 0xb0, 0x4, 0x40, 0x60, 0x22, 0x0, 0xb5,
    0x0, 0x8, 0xae, 0xb4, 0x90, 0x0, 0x96, 0x9a,
    0x1b, 0x30,

    /* U+014E "Ŏ" */
    0x0, 0xa0, 0x0, 0x2e, 0x1, 0x9d, 0x2, 0x34,
    0x3, 0x54, 0xf0, 0x50, 0x6, 0x5d, 0xe9, 0x0,
    0xc7, 0x7d, 0xc9, 0x0, 0x8b, 0x2, 0xe5, 0xa4,
    0x1, 0x7, 0x6a, 0xea, 0x80, 0x5, 0xb0, 0xc,
    0x20, 0x40, 0x60, 0x13, 0x30, 0x18, 0x18, 0x2,
    0x3d, 0x3, 0x2, 0x0, 0x8, 0x10, 0x71, 0x0,
    0x4a, 0xe, 0xa, 0xe0, 0x11, 0x1, 0x0, 0x4,
    0x2, 0xd4, 0x0, 0x22, 0x1d, 0x69, 0x20, 0x1,
    0xd, 0x36, 0x38, 0x60, 0x0,

    /* U+014F "ŏ" */
    0x0, 0x9e, 0x80, 0x15, 0x0, 0x11, 0x20, 0x9a,
    0x50, 0x4, 0xad, 0xfe, 0xa2, 0x0, 0xd1, 0xd8,
    0x80, 0x19, 0xf7, 0xf5, 0x40, 0x2a, 0x9a, 0xa3,
    0x51, 0x81, 0x2d, 0xba, 0xd0, 0x28, 0x28, 0x28,
    0x6, 0x30, 0xe2, 0x0, 0x94, 0x18, 0x15, 0x80,
    0x22, 0x3, 0x1, 0x10, 0x5, 0xa8, 0x0, 0x45,
    0x75, 0xa4, 0x80, 0x4, 0xb4, 0xd0, 0xd9, 0x80,

    /* U+0150 "Ő" */
    0x0, 0xc2, 0x80, 0x26, 0x1, 0x87, 0x30, 0x5e,
    0x80, 0x10, 0xe2, 0x4f, 0xcb, 0x80, 0x43, 0xb2,
    0x3a, 0xe0, 0x18, 0xef, 0xb9, 0x20, 0x18, 0xb0,
    0x2e, 0x5a, 0x40, 0x28, 0x3b, 0x57, 0x54, 0x0,
    0x96, 0xc0, 0x30, 0x80, 0x8, 0xc, 0x2, 0x66,
    0x0, 0x18, 0x18, 0x2, 0x3d, 0x0, 0x18, 0x10,
    0x0, 0x40, 0x80, 0x1c, 0x40, 0x12, 0x83, 0x80,
    0x15, 0xc0, 0x22, 0x2, 0x0, 0x84, 0x2, 0xd4,
    0x0, 0x91, 0xe, 0xb4, 0x90, 0x1, 0x43, 0x4d,
    0x8e, 0x18, 0x4,

    /* U+0151 "ő" */
    0x0, 0xc5, 0xcc, 0x9e, 0x80, 0x11, 0x64, 0x2d,
    0x51, 0x0, 0x36, 0xb0, 0xe2, 0x80, 0x62, 0x30,
    0x22, 0x0, 0x73, 0xef, 0xea, 0x80, 0x6a, 0x9a,
    0xa3, 0x51, 0x80, 0x9, 0x6d, 0xd6, 0x81, 0x40,
    0xa, 0xa, 0x1, 0x8c, 0x1, 0xc4, 0x1, 0x28,
    0x30, 0x1, 0x58, 0x2, 0x20, 0x30, 0x0, 0x88,
    0x2, 0xd4, 0x0, 0x91, 0x5d, 0x69, 0x20, 0x2,
    0x96, 0x9a, 0x1b, 0x30, 0x0,

    /* U+0152 "Œ" */
    0x0, 0x26, 0xf3, 0x7f, 0xe4, 0x2, 0xb0, 0x6a,
    0x6, 0x88, 0x28, 0x50, 0x64, 0x50, 0x5b, 0xb8,
    0x40, 0xd0, 0x40, 0x22, 0x0, 0xca, 0x60, 0xf,
    0x31, 0x10, 0x4, 0x3c, 0x0, 0x23, 0xee, 0x8,
    0x18, 0x28, 0x1, 0x5a, 0xf0, 0x41, 0x80, 0xc0,
    0x45, 0x88, 0x60, 0xd, 0x10, 0x1, 0x3, 0x80,
    0x61, 0x30, 0x5, 0x81, 0x0, 0x61, 0x29, 0x93,
    0x3, 0xb9, 0x40, 0x12, 0x6c, 0xa, 0x11, 0xc,
    0x0, 0x0,

    /* U+0153 "œ" */
    0x1, 0xbf, 0xc3, 0xcf, 0xa0, 0x6, 0xbd, 0x8e,
    0x5c, 0x2a, 0x9, 0xfa, 0x20, 0x9d, 0xc0, 0x2a,
    0x4, 0x4, 0xe0, 0x40, 0xc6, 0x22, 0x5, 0x57,
    0xe8, 0x17, 0x28, 0x0, 0x63, 0x76, 0x12, 0x20,
    0x20, 0x21, 0x14, 0x0, 0x44, 0x40, 0x23, 0x7a,
    0x84, 0x5, 0x2d, 0x4c, 0x41, 0x40,

    /* U+0154 "Ŕ" */
    0x0, 0xf9, 0xd4, 0x3, 0xe9, 0x92, 0x0, 0x79,
    0x99, 0xa2, 0x1, 0xe6, 0xf3, 0x0, 0xcf, 0xff,
    0xac, 0x80, 0x2e, 0x2b, 0xb4, 0xaf, 0x80, 0x4a,
    0xc8, 0x86, 0x82, 0x20, 0x0, 0x8c, 0x2, 0x30,
    0xc, 0x3c, 0x1, 0x60, 0x90, 0x18, 0x10, 0xb,
    0x32, 0x40, 0xc, 0x17, 0xfd, 0x30, 0xe0, 0xd,
    0xc, 0xc0, 0xb3, 0x80, 0x44, 0x67, 0x23, 0x80,
    0x67, 0x50, 0x7, 0x89, 0x80, 0x45, 0xc0, 0x5,
    0xb, 0x0, 0x10, 0x18, 0x4, 0xaa, 0x0, 0x0,

    /* U+0155 "ŕ" */
    0x0, 0xe1, 0x73, 0x0, 0xc3, 0x9a, 0x60, 0x19,
    0x2e, 0x80, 0x39, 0x58, 0x2, 0x9d, 0x6d, 0xfb,
    0x10, 0x53, 0x1f, 0xb4, 0x80, 0x24, 0x72, 0x43,
    0x20, 0x1f, 0x0, 0x98, 0xcc, 0xc, 0x1, 0x54,
    0x30, 0x10, 0x7, 0x68, 0x88, 0x3, 0x88, 0x80,
    0x1e, 0x75, 0x0, 0xf0,

    /* U+0156 "Ŗ" */
    0x0, 0x3f, 0xfe, 0xb2, 0x0, 0xb8, 0xae, 0xd2,
    0xbe, 0x1, 0x2b, 0x22, 0x1a, 0x8, 0x80, 0x2,
    0x30, 0x8, 0xc0, 0x30, 0xf0, 0x5, 0x82, 0x40,
    0x60, 0x40, 0x2c, 0xc9, 0x0, 0x30, 0x5f, 0xf4,
    0xc3, 0x80, 0x34, 0x33, 0x2, 0xce, 0x1, 0x11,
    0x9c, 0x8e, 0x1, 0x9d, 0x40, 0x1e, 0x26, 0x1,
    0x17, 0x0, 0x14, 0x2c, 0x0, 0x40, 0x60, 0x12,
    0xa8, 0x0, 0x5e, 0x80, 0x15, 0x68, 0x7, 0x1b,
    0x0, 0x7c, 0x59, 0xc0, 0x1f, 0x7a, 0xc0, 0x7,
    0x0,

    /* U+0157 "ŗ" */
    0x0, 0xa7, 0x5b, 0x7e, 0xc4, 0x2, 0x53, 0x1f,
    0xb4, 0x80, 0x8, 0x91, 0xc9, 0xc, 0x80, 0x21,
    0xf0, 0x9, 0x8c, 0x0, 0x60, 0xc0, 0x15, 0x40,
    0x1, 0x80, 0x80, 0x3e, 0xd1, 0x10, 0x7, 0xc4,
    0x40, 0xf, 0xce, 0xa0, 0x1f, 0xb6, 0x40, 0x3f,
    0x32, 0x0, 0x7d, 0x30, 0xc0, 0x1e, 0x56, 0xd2,
    0x0, 0xf0,

    /* U+0158 "Ř" */
    0x0, 0x86, 0x8, 0x11, 0xc4, 0x2, 0x12, 0xc6,
    0xb2, 0x10, 0xd, 0x47, 0x34, 0xa0, 0x1e, 0xdf,
    0x50, 0xc, 0xff, 0xfa, 0xc8, 0x2, 0xe2, 0xbb,
    0x4a, 0xf8, 0x4, 0xac, 0x88, 0x68, 0x22, 0x0,
    0x8, 0xc0, 0x23, 0x0, 0xc3, 0xc0, 0x16, 0x9,
    0x1, 0x81, 0x0, 0xb3, 0x24, 0x0, 0xc1, 0x7f,
    0xd3, 0xe, 0x0, 0xd0, 0xcc, 0xb, 0x38, 0x4,
    0x46, 0x72, 0x38, 0x6, 0x75, 0x0, 0x78, 0x98,
    0x4, 0x5c, 0x0, 0x50, 0xb0, 0x1, 0x1, 0x80,
    0x4a, 0xa0, 0x0,

    /* U+0159 "ř" */
    0x0, 0x14, 0x10, 0x2b, 0x80, 0x44, 0x19, 0x50,
    0xa0, 0x1a, 0x21, 0xba, 0x20, 0xe, 0x67, 0x0,
    0xd3, 0xad, 0xbf, 0x62, 0x0, 0x53, 0x1f, 0xb4,
    0x80, 0x1, 0x23, 0x92, 0x19, 0x0, 0x7, 0xc0,
    0x26, 0x30, 0x30, 0x60, 0xa, 0xa0, 0x18, 0x8,
    0x3, 0xda, 0x22, 0x0, 0xf1, 0x10, 0x3, 0xe7,
    0x50, 0xf, 0x80,

    /* U+015A "Ś" */
    0x0, 0xf9, 0xd0, 0x3, 0xd5, 0x45, 0x0, 0xe6,
    0x67, 0x88, 0x7, 0x36, 0x10, 0x6, 0x3b, 0xee,
    0x48, 0x4, 0x78, 0x37, 0x2d, 0x20, 0x9, 0x3a,
    0x57, 0x54, 0x0, 0x22, 0x0, 0x2a, 0xd0, 0x1,
    0x31, 0x80, 0x7b, 0xc3, 0x36, 0x4, 0x2, 0x3e,
    0xa7, 0x76, 0x80, 0x72, 0xd5, 0xc, 0xc0, 0xc4,
    0x1, 0x38, 0x0, 0x65, 0x40, 0x2a, 0x3, 0x13,
    0x87, 0x59, 0x79, 0x0, 0x6a, 0xcd, 0x2d, 0x30,
    0x0,

    /* U+015B "ś" */
    0x0, 0xf4, 0xf0, 0x80, 0x73, 0x33, 0x44, 0x3,
    0x86, 0xcc, 0x3, 0xce, 0x80, 0x18, 0xab, 0xbf,
    0xa4, 0x2, 0xf6, 0xac, 0x96, 0x50, 0x22, 0x42,
    0x1b, 0xdb, 0x80, 0x5e, 0xc8, 0x28, 0x40, 0x52,
    0xf3, 0x7c, 0xe0, 0x13, 0x67, 0xf2, 0x48, 0x2,
    0x10, 0x0, 0x26, 0x60, 0x2, 0xca, 0xa3, 0x3a,
    0x80, 0x38, 0x6a, 0xec, 0xf0, 0x0,

    /* U+015C "Ŝ" */
    0x0, 0xe3, 0x82, 0x0, 0xf2, 0x62, 0xf8, 0x7,
    0x25, 0xce, 0x85, 0x0, 0x64, 0xf6, 0xd, 0xa0,
    0xc, 0x77, 0xdc, 0x90, 0xc, 0x78, 0x37, 0x2d,
    0x20, 0x14, 0x9d, 0x2b, 0xaa, 0x0, 0x48, 0x80,
    0xa, 0xb0, 0x2, 0x26, 0x30, 0x8, 0x40, 0x2f,
    0xc, 0xd8, 0x10, 0xc, 0x7d, 0x4e, 0xed, 0x0,
    0xf2, 0xd5, 0xc, 0xc0, 0x5, 0x20, 0x9, 0xc0,
    0x21, 0xa5, 0x0, 0xa8, 0xc, 0x4, 0xa5, 0xd6,
    0x5e, 0x40, 0x2c, 0x49, 0xa5, 0xa6, 0x0, 0x0,

    /* U+015D "ŝ" */
    0x0, 0xc7, 0xde, 0x40, 0x18, 0xf5, 0x93, 0xc0,
    0x32, 0x44, 0x2a, 0x86, 0x1, 0x3b, 0x0, 0xb9,
    0x80, 0xa, 0xbb, 0xfa, 0x40, 0x2f, 0x6a, 0xc9,
    0x65, 0x2, 0x24, 0x21, 0xbd, 0xb8, 0x5, 0xec,
    0x82, 0x84, 0x5, 0x2f, 0x37, 0xce, 0x1, 0x36,
    0x7f, 0x24, 0x80, 0x21, 0x0, 0x2, 0x66, 0x0,
    0x2c, 0xaa, 0x33, 0xa8, 0x3, 0x86, 0xae, 0xcf,
    0x0,

    /* U+015E "Ş" */
    0x0, 0x8e, 0xfb, 0x92, 0x1, 0x1e, 0xd, 0xcb,
    0x48, 0x2, 0x4e, 0x95, 0xd5, 0x0, 0x8, 0x80,
    0xa, 0xb0, 0x0, 0x4c, 0x60, 0x10, 0x80, 0x3c,
    0x33, 0x60, 0x40, 0x23, 0xea, 0x77, 0x68, 0x7,
    0x2d, 0x50, 0xcc, 0xa, 0x40, 0x13, 0x80, 0x54,
    0xa0, 0x15, 0x1, 0x81, 0xcb, 0xac, 0xbc, 0x80,
    0x35, 0x22, 0x96, 0x98, 0x0, 0x30, 0x13, 0x8a,
    0x1, 0x8b, 0xa1, 0xc0, 0x3b, 0x3c, 0x94, 0x2,

    /* U+015F "ş" */
    0x0, 0x15, 0x77, 0xf4, 0x80, 0x5e, 0xd5, 0x92,
    0xca, 0x4, 0x48, 0x43, 0x7b, 0x70, 0xb, 0xd9,
    0x5, 0x8, 0xa, 0x5e, 0x6f, 0x9c, 0x2, 0x6c,
    0xfe, 0x49, 0x0, 0x42, 0x0, 0x4, 0xcc, 0x0,
    0x59, 0x54, 0x67, 0x50, 0x7, 0xd, 0x5d, 0x9e,
    0x0, 0x7, 0x9a, 0x11, 0x0, 0xe, 0x2e, 0x89,
    0x0, 0xe8, 0xf3, 0xd0, 0x0,

    /* U+0160 "Š" */
    0x0, 0x85, 0xc8, 0x11, 0xc4, 0x2, 0x1e, 0xc7,
    0xb2, 0x10, 0xd, 0x2b, 0x56, 0xa0, 0x1e, 0xbd,
    0x40, 0xe, 0x3b, 0xee, 0x48, 0x6, 0x3c, 0x1b,
    0x96, 0x90, 0xa, 0x4e, 0x95, 0xd5, 0x0, 0x24,
    0x40, 0x5, 0x5a, 0x1, 0x13, 0x18, 0x7, 0xde,
    0x19, 0xb0, 0x20, 0x18, 0xfa, 0x9d, 0xda, 0x1,
    0xe5, 0xaa, 0x19, 0x80, 0xc, 0x40, 0x13, 0x80,
    0x43, 0x2a, 0x1, 0x50, 0x18, 0x9, 0xc3, 0xac,
    0xbc, 0x80, 0x5a, 0xb3, 0x4b, 0x4c, 0x0,

    /* U+0161 "š" */
    0x0, 0x9b, 0xcc, 0xde, 0xe0, 0x13, 0x2e, 0xe4,
    0x38, 0x6, 0xa9, 0xa7, 0x0, 0xf3, 0xa8, 0x6,
    0x2a, 0xef, 0xe9, 0x0, 0xbd, 0xab, 0x25, 0x94,
    0x8, 0x90, 0x86, 0xf6, 0xe0, 0x17, 0xb2, 0xa,
    0x10, 0x14, 0xbc, 0xdf, 0x38, 0x4, 0xd9, 0xfc,
    0x92, 0x0, 0x84, 0x0, 0x9, 0x98, 0x0, 0xb2,
    0xa8, 0xce, 0xa0, 0xe, 0x1a, 0xbb, 0x3c, 0x0,

    /* U+0162 "Ţ" */
    0xf, 0xff, 0xb0, 0x2a, 0xa0, 0x6a, 0xa7, 0x82,
    0xa9, 0xc3, 0x55, 0x46, 0x1, 0x30, 0x30, 0x7,
    0x8c, 0x8, 0x3, 0xdc, 0x40, 0x1f, 0x2b, 0x80,
    0x7c, 0x44, 0x0, 0xf0, 0x8b, 0x40, 0x3c, 0x40,
    0xc0, 0x1e, 0x50, 0x30, 0xf, 0x70, 0x80, 0x7d,
    0xc4, 0x60, 0x1e, 0x69, 0xc2, 0x0, 0xc5, 0xd6,
    0xc4, 0x1, 0x0,

    /* U+0163 "ţ" */
    0x0, 0x95, 0x80, 0x3e, 0x9c, 0x0, 0xf8, 0xf4,
    0x3, 0x57, 0xf8, 0x23, 0xfd, 0xc1, 0x34, 0xe1,
    0x35, 0x50, 0x1a, 0xf0, 0x32, 0xa9, 0x0, 0x2f,
    0x20, 0xf, 0x89, 0x80, 0x3e, 0x52, 0x0, 0xf8,
    0x7c, 0x3, 0xf6, 0xa2, 0xc, 0x3, 0x42, 0xdd,
    0xa8, 0x3, 0x3d, 0x9e, 0xc8, 0x7, 0x24, 0x6a,
    0x80, 0x75, 0xd1, 0x38, 0x0,

    /* U+0164 "Ť" */
    0x0, 0xc, 0x10, 0x23, 0x88, 0x0, 0x4b, 0x1a,
    0xc8, 0x40, 0x2a, 0x39, 0xa5, 0x0, 0xed, 0xf5,
    0x0, 0xbf, 0xfe, 0xc0, 0xaa, 0x81, 0xaa, 0x9e,
    0xa, 0xa7, 0xd, 0x55, 0x18, 0x4, 0xc0, 0xc0,
    0x1e, 0x30, 0x20, 0xf, 0x71, 0x0, 0x7c, 0xae,
    0x1, 0xf1, 0x10, 0x3, 0xc2, 0x2d, 0x0, 0xf1,
    0x3, 0x0, 0x79, 0x40, 0xc0, 0x3d, 0xc2, 0x1,
    0xc0,

    /* U+0165 "ť" */
    0x0, 0xf4, 0xd0, 0x6, 0x34, 0x4, 0xc0, 0xd,
    0xfc, 0x24, 0x80, 0x18, 0xf4, 0x7c, 0x82, 0xbf,
    0xc1, 0x1f, 0xee, 0x9, 0xa7, 0x9, 0xaa, 0x80,
    0xd7, 0x81, 0x95, 0x48, 0x1, 0x79, 0x0, 0x7c,
    0x4c, 0x1, 0xf2, 0x90, 0x7, 0xc3, 0xe0, 0x1f,
    0xb5, 0x54, 0x60, 0x1a, 0x56, 0xaa, 0x0, 0x0,

    /* U+0166 "Ŧ" */
    0xf, 0xff, 0xb0, 0x2a, 0xa0, 0x6a, 0xa7, 0x82,
    0xa9, 0xc3, 0x55, 0x46, 0x1, 0x30, 0x30, 0x7,
    0x8c, 0x8, 0x3, 0xdc, 0x40, 0x18, 0x7f, 0xcc,
    0x5f, 0xe0, 0x0, 0xe6, 0x1, 0xb3, 0x40, 0x23,
    0x20, 0xc3, 0x20, 0xc, 0x40, 0xc0, 0x1e, 0x50,
    0x30, 0xf, 0x70, 0x80, 0x70,

    /* U+0167 "ŧ" */
    0x0, 0x95, 0x80, 0x3e, 0x9c, 0x0, 0xf8, 0xf4,
    0x3, 0x57, 0xf8, 0x23, 0xfd, 0xc1, 0x34, 0xe1,
    0x35, 0x50, 0x1a, 0xf0, 0x32, 0xa9, 0x0, 0x2e,
    0x10, 0xe, 0xaf, 0x71, 0xff, 0x48, 0x2, 0x30,
    0x57, 0x31, 0x0, 0x2, 0x31, 0xc3, 0x30, 0x80,
    0x76, 0xaa, 0x8c, 0x3, 0x42, 0xd5, 0x40, 0x0,

    /* U+0168 "Ũ" */
    0x0, 0xd5, 0xd0, 0x5c, 0x1, 0x91, 0xbc, 0xf2,
    0x0, 0x32, 0x60, 0xdf, 0x30, 0x4, 0xfe, 0x1,
    0x1f, 0x98, 0x3, 0x4c, 0x2, 0x60, 0x20, 0x3,
    0x30, 0x2, 0xd1, 0x10, 0x0, 0xf4, 0x2, 0x22,
    0x0, 0x4, 0x8, 0x2, 0x75, 0x0, 0x28, 0x38,
    0x4, 0x5c, 0x0, 0x20, 0x20, 0x1, 0x1, 0x80,
    0x3c, 0x80, 0x26, 0x6, 0x0, 0x13, 0x0, 0x46,
    0x4, 0x0, 0x70, 0xd, 0x68, 0x1, 0x22, 0x1d,
    0x68, 0xe0, 0x2, 0x85, 0x9b, 0x1c, 0x30, 0x0,

    /* U+0169 "ũ" */
    0x0, 0x1f, 0x69, 0xcc, 0x0, 0x26, 0xe3, 0x56,
    0x40, 0x14, 0xaa, 0xec, 0x10, 0xf, 0xef, 0x70,
    0xa, 0xb0, 0x40, 0x80, 0x27, 0x55, 0x3, 0x80,
    0x45, 0xc4, 0x4, 0x0, 0x20, 0x3f, 0x20, 0x9,
    0x81, 0x89, 0x80, 0x23, 0x2, 0x0, 0xeb, 0x40,
    0x34, 0x75, 0xa3, 0x80, 0x86, 0x9b, 0x1c, 0x30,

    /* U+016A "Ū" */
    0x0, 0x8f, 0xff, 0x70, 0x6, 0x3c, 0xce, 0x0,
    0xe3, 0x3c, 0x40, 0x13, 0xf8, 0x4, 0x7e, 0x60,
    0xd, 0x30, 0x9, 0x80, 0x80, 0xc, 0xc0, 0xb,
    0x44, 0x40, 0x3, 0xd0, 0x8, 0x88, 0x0, 0x10,
    0x20, 0x9, 0xd4, 0x0, 0xa0, 0xe0, 0x11, 0x70,
    0x0, 0x80, 0x80, 0x4, 0x6, 0x0, 0xf2, 0x0,
    0x98, 0x18, 0x0, 0x4c, 0x1, 0x18, 0x10, 0x1,
    0xc0, 0x35, 0xa0, 0x4, 0x88, 0x75, 0xa3, 0x80,
    0xa, 0x16, 0x6c, 0x70, 0xc0, 0x0,

    /* U+016B "ū" */
    0x0, 0x57, 0xfe, 0x70, 0x4, 0x66, 0x66, 0x0,
    0x11, 0x9e, 0x10, 0xf7, 0x0, 0xab, 0x4, 0x8,
    0x2, 0x75, 0x50, 0x38, 0x4, 0x5c, 0x40, 0x40,
    0x2, 0x3, 0xf2, 0x0, 0x98, 0x18, 0x98, 0x2,
    0x30, 0x20, 0xe, 0xb4, 0x3, 0x47, 0x5a, 0x38,
    0x8, 0x69, 0xb1, 0xc3, 0x0,

    /* U+016C "Ŭ" */
    0x0, 0xd0, 0x0, 0x17, 0x0, 0xe7, 0x40, 0x8d,
    0x0, 0xea, 0x9e, 0xa, 0x0, 0xe5, 0xde, 0x90,
    0xc, 0xfe, 0x1, 0x1f, 0x98, 0x3, 0x4c, 0x2,
    0x60, 0x20, 0x3, 0x30, 0x2, 0xd1, 0x10, 0x0,
    0xf4, 0x2, 0x22, 0x0, 0x4, 0x8, 0x2, 0x75,
    0x0, 0x28, 0x38, 0x4, 0x5c, 0x0, 0x20, 0x20,
    0x1, 0x1, 0x80, 0x3c, 0x80, 0x26, 0x6, 0x0,
    0x13, 0x0, 0x46, 0x4, 0x0, 0x70, 0xd, 0x68,
    0x1, 0x22, 0x1d, 0x68, 0xe0, 0x2, 0x85, 0x9b,
    0x1c, 0x30, 0x0,

    /* U+016D "ŭ" */
    0x0, 0x3d, 0x0, 0x2a, 0x0, 0x4, 0x82, 0x69,
    0x40, 0x5, 0x6f, 0xf5, 0x10, 0x5, 0x1d, 0x88,
    0x0, 0xf7, 0x0, 0xab, 0x4, 0x8, 0x2, 0x75,
    0x50, 0x38, 0x4, 0x5c, 0x40, 0x40, 0x2, 0x3,
    0xf2, 0x0, 0x98, 0x18, 0x98, 0x2, 0x30, 0x20,
    0xe, 0xb4, 0x3, 0x47, 0x5a, 0x38, 0x8, 0x69,
    0xb1, 0xc3, 0x0,

    /* U+016E "Ů" */
    0x0, 0xe9, 0xda, 0x0, 0xf3, 0x6, 0xb1, 0x80,
    0x77, 0xf0, 0x11, 0x0, 0x3a, 0xed, 0x96, 0x20,
    0x13, 0xf9, 0x66, 0x1b, 0xcc, 0x1, 0xa6, 0x1,
    0x30, 0x10, 0x1, 0x98, 0x1, 0x68, 0x88, 0x0,
    0x7a, 0x1, 0x11, 0x0, 0x2, 0x4, 0x1, 0x3a,
    0x80, 0x14, 0x1c, 0x2, 0x2e, 0x0, 0x10, 0x10,
    0x0, 0x80, 0xc0, 0x1e, 0x40, 0x13, 0x3, 0x0,
    0x9, 0x80, 0x23, 0x2, 0x0, 0x38, 0x6, 0xb4,
    0x0, 0x91, 0xe, 0xb4, 0x70, 0x1, 0x42, 0xcd,
    0x8e, 0x18, 0x0,

    /* U+016F "ů" */
    0x0, 0x8b, 0x35, 0x40, 0x37, 0xfb, 0xa0, 0x3,
    0x11, 0x15, 0xc0, 0x34, 0x66, 0xd8, 0x6, 0x7d,
    0xb1, 0x0, 0x7b, 0x80, 0x55, 0x82, 0x4, 0x1,
    0x3a, 0xa8, 0x1c, 0x2, 0x2e, 0x20, 0x20, 0x1,
    0x1, 0xf9, 0x0, 0x4c, 0xc, 0x4c, 0x1, 0x18,
    0x10, 0x7, 0x5a, 0x1, 0xa3, 0xad, 0x1c, 0x4,
    0x34, 0xd8, 0xe1, 0x80,

    /* U+0170 "Ű" */
    0x0, 0xe1, 0x40, 0x13, 0x0, 0xe1, 0xcc, 0x17,
    0xa0, 0x6, 0x1c, 0x49, 0xf9, 0x70, 0xc, 0x3b,
    0x23, 0xae, 0x1, 0x9f, 0xc0, 0x23, 0xf3, 0x0,
    0xb4, 0xc0, 0x26, 0x2, 0x0, 0x99, 0x80, 0x16,
    0x88, 0x80, 0x23, 0xd0, 0x8, 0x88, 0x1, 0x8,
    0x10, 0x4, 0xea, 0x1, 0x28, 0x38, 0x4, 0x5c,
    0x1, 0x10, 0x10, 0x0, 0x80, 0xc0, 0x2f, 0x20,
    0x9, 0x81, 0x80, 0x22, 0x60, 0x8, 0xc0, 0x80,
    0x27, 0x0, 0xd6, 0x80, 0x19, 0x10, 0xeb, 0x47,
    0x0, 0x1a, 0x16, 0x6c, 0x70, 0xc0, 0x20,

    /* U+0171 "ű" */
    0x0, 0x8b, 0x99, 0x3d, 0x0, 0x5, 0x90, 0xb5,
    0x44, 0x0, 0xb5, 0x87, 0x14, 0x2, 0x23, 0x2,
    0x20, 0x5, 0xee, 0x1, 0x56, 0x0, 0x81, 0x0,
    0x4e, 0xa0, 0xa0, 0xe0, 0x11, 0x70, 0x10, 0x10,
    0x0, 0x80, 0xc3, 0xc8, 0x2, 0x60, 0x60, 0x26,
    0x0, 0x8c, 0x8, 0x3, 0xd6, 0x80, 0x3, 0x47,
    0x5a, 0x38, 0x0, 0x43, 0x4d, 0x8e, 0x18, 0x0,

    /* U+0172 "Ų" */
    0x0, 0x3f, 0x80, 0x47, 0xe6, 0x0, 0xd3, 0x0,
    0x98, 0x8, 0x0, 0xcc, 0x0, 0xb4, 0x44, 0x0,
    0x3d, 0x0, 0x88, 0x80, 0x1, 0x2, 0x0, 0x9d,
    0x40, 0xa, 0xe, 0x1, 0x17, 0x0, 0x8, 0x8,
    0x0, 0x40, 0x60, 0xf, 0x20, 0x9, 0x81, 0x80,
    0x4, 0xc0, 0x11, 0x81, 0x0, 0x1c, 0x3, 0x5a,
    0x80, 0x4a, 0x8e, 0xb4, 0x70, 0x1, 0x4b, 0x4d,
    0x3e, 0x90, 0x6, 0x9d, 0x2c, 0x20, 0xf, 0x7b,
    0x88, 0x7, 0xd6, 0xbe, 0x40, 0x10,

    /* U+0173 "ų" */
    0x0, 0x7b, 0x80, 0x55, 0x80, 0x20, 0x40, 0x13,
    0xa8, 0x28, 0x38, 0x4, 0x5c, 0x4, 0x4, 0x0,
    0x20, 0x30, 0xf2, 0x0, 0x98, 0x18, 0x9, 0x80,
    0x23, 0x2, 0x7, 0x0, 0xd6, 0x80, 0x5, 0x47,
    0x5a, 0x38, 0x0, 0x4b, 0x4d, 0x3e, 0x98, 0x5,
    0x36, 0x7a, 0x40, 0x1d, 0x68, 0x1, 0xf3, 0xbb,
    0xc0, 0x20,

    /* U+0174 "Ŵ" */
    0x0, 0xc7, 0x4, 0x1, 0xe4, 0xc5, 0xf0, 0xe,
    0x4b, 0x9d, 0xa, 0x0, 0xc9, 0xec, 0x1b, 0x40,
    0x8, 0xb0, 0x7, 0xd8, 0x3, 0xd0, 0x44, 0x8,
    0x22, 0x4, 0x4, 0x33, 0x6, 0x28, 0x3, 0xc,
    0x3, 0x29, 0x98, 0x16, 0xc0, 0x46, 0x3e, 0x11,
    0x12, 0x0, 0x3d, 0xd0, 0x0, 0x82, 0x60, 0xe3,
    0x9e, 0x3f, 0x88, 0x0, 0x13, 0x54, 0x0, 0x3e,
    0x0, 0x5a, 0x63, 0xfc, 0x2e, 0x0, 0x34, 0x40,
    0xa, 0x90, 0x80, 0x45, 0x60, 0x3, 0x40, 0x8,
    0x40, 0xc0, 0xc3, 0x40, 0x20,

    /* U+0175 "ŵ" */
    0x0, 0xcc, 0xe0, 0x1c, 0x39, 0xb5, 0x40, 0xc,
    0xf5, 0x79, 0xa6, 0x1, 0x33, 0x0, 0x5c, 0xc3,
    0x58, 0x1b, 0xc8, 0x26, 0x84, 0x1, 0x42, 0x20,
    0x4e, 0x3, 0x12, 0x50, 0x22, 0x20, 0x1, 0xdc,
    0x0, 0x55, 0x0, 0x5b, 0xa0, 0x7b, 0xf0, 0x1,
    0xaa, 0x0, 0x9a, 0x80, 0x35, 0xc0, 0x1e, 0x80,
    0x12, 0xe8, 0x1, 0x38, 0x2, 0x14, 0x0, 0xa,
    0x0, 0x0,

    /* U+0176 "Ŷ" */
    0x0, 0xc7, 0x4, 0x1, 0xe4, 0xc5, 0xf0, 0xe,
    0x4b, 0x9d, 0xa, 0x0, 0xc9, 0xec, 0x1b, 0x40,
    0x2, 0xf5, 0x0, 0xd5, 0xa0, 0x44, 0xf0, 0x9,
    0x16, 0x40, 0xa, 0x80, 0x14, 0xaa, 0x0, 0x2c,
    0x50, 0x20, 0xec, 0x2, 0x31, 0xc2, 0x78, 0x10,
    0xc, 0xeb, 0x26, 0xc0, 0x1d, 0xa4, 0x9c, 0x1,
    0xe4, 0x6, 0x20, 0xf, 0x8, 0x60, 0x7, 0xc4,
    0xc, 0x1, 0xf2, 0x81, 0x80, 0x7d, 0xc2, 0x1,
    0xe0,

    /* U+0177 "ŷ" */
    0x0, 0xcc, 0xe0, 0x18, 0x73, 0x6a, 0x80, 0x13,
    0xd5, 0xe6, 0x98, 0x1, 0x98, 0x2, 0xe6, 0x1d,
    0x0, 0x15, 0x60, 0x8b, 0x40, 0x27, 0x52, 0x6,
    0x0, 0x8b, 0x94, 0xc, 0x0, 0x40, 0x7c, 0x20,
    0x13, 0x3, 0x11, 0x80, 0x58, 0x4, 0x64, 0x80,
    0xac, 0x41, 0x65, 0x7f, 0xe2, 0x70, 0x2d, 0xd7,
    0x51, 0x10, 0x2, 0x21, 0x1b, 0x40, 0x95, 0x6a,
    0x15, 0xb, 0xaa, 0x83, 0x0, 0x0,

    /* U+0178 "Ÿ" */
    0x0, 0xff, 0xe0, 0x1f, 0xb8, 0x57, 0x88, 0x4,
    0xc0, 0x60, 0xc6, 0x20, 0x12, 0xfa, 0x6, 0x60,
    0x0, 0x5e, 0xa0, 0x1a, 0xb4, 0x8, 0x9e, 0x1,
    0x22, 0xc8, 0x1, 0x50, 0x2, 0x95, 0x40, 0x5,
    0x8a, 0x4, 0x1d, 0x80, 0x46, 0x38, 0x4f, 0x2,
    0x1, 0x9d, 0x64, 0xd8, 0x3, 0xb4, 0x93, 0x80,
    0x3c, 0x80, 0xc4, 0x1, 0xe1, 0xc, 0x0, 0xf8,
    0x81, 0x80, 0x3e, 0x50, 0x30, 0xf, 0xb8, 0x40,
    0x3c,

    /* U+0179 "Ź" */
    0x0, 0xf9, 0xd4, 0x3, 0xe9, 0x92, 0x0, 0x79,
    0x99, 0xa2, 0x1, 0xe6, 0xf3, 0x0, 0xcf, 0xff,
    0xe2, 0x0, 0x2d, 0x56, 0x21, 0x20, 0x1, 0x2a,
    0xc0, 0x54, 0x1, 0xe1, 0xa7, 0x40, 0xf, 0x69,
    0xc0, 0x7, 0xa0, 0xf8, 0x3, 0xc6, 0xf2, 0x40,
    0x1c, 0x3a, 0xac, 0x1, 0xeb, 0xb, 0x0, 0xf3,
    0x2e, 0x88, 0x7, 0xc, 0xa3, 0x2a, 0xc6, 0x0,
    0x50, 0x4a, 0xae, 0x0, 0x0,

    /* U+017A "ź" */
    0x0, 0xf1, 0xb8, 0x80, 0x72, 0x60, 0x88, 0x3,
    0x8e, 0xd8, 0x3, 0xce, 0x80, 0x1b, 0x7f, 0xfa,
    0x40, 0x13, 0x55, 0x28, 0x60, 0x1, 0x15, 0x40,
    0xb0, 0xa0, 0x19, 0x29, 0xdc, 0x1, 0x8e, 0xda,
    0x0, 0x31, 0xe3, 0x48, 0x6, 0x2d, 0x59, 0x0,
    0xec, 0xf, 0x55, 0x8c, 0xc, 0x45, 0x55, 0xac,
    0x0,

    /* U+017B "Ż" */
    0x0, 0xff, 0xe1, 0xc7, 0xa8, 0x7, 0xc4, 0x2c,
    0x1, 0xf5, 0x71, 0x80, 0x67, 0xff, 0xf1, 0x0,
    0x16, 0xab, 0x10, 0x90, 0x0, 0x95, 0x60, 0x2a,
    0x0, 0xf0, 0xd3, 0xa0, 0x7, 0xb4, 0xe0, 0x3,
    0xd0, 0x7c, 0x1, 0xe3, 0x79, 0x20, 0xe, 0x1d,
    0x56, 0x0, 0xf5, 0x85, 0x80, 0x79, 0x97, 0x44,
    0x3, 0x86, 0x51, 0x95, 0x63, 0x0, 0x28, 0x25,
    0x57, 0x0, 0x0,

    /* U+017C "ż" */
    0x0, 0xc3, 0xba, 0x0, 0xf1, 0x90, 0x80, 0x78,
    0xbf, 0x0, 0x3f, 0xf8, 0x3b, 0xff, 0xd2, 0x0,
    0x9a, 0xa9, 0x43, 0x0, 0x8, 0xaa, 0x5, 0x85,
    0x0, 0xc9, 0x4e, 0xe0, 0xc, 0x76, 0xd0, 0x1,
    0x8f, 0x1a, 0x40, 0x31, 0x6a, 0xc8, 0x7, 0x60,
    0x7a, 0xac, 0x60, 0x62, 0x2a, 0xad, 0x60,

    /* U+017D "Ž" */
    0x0, 0x86, 0x8, 0x11, 0xc4, 0x2, 0x12, 0xc6,
    0xb2, 0x10, 0xd, 0x47, 0x34, 0xa0, 0x1e, 0xdf,
    0x50, 0xc, 0xff, 0xfe, 0x20, 0x2, 0xd5, 0x62,
    0x12, 0x0, 0x12, 0xac, 0x5, 0x40, 0x1e, 0x1a,
    0x74, 0x0, 0xf6, 0x9c, 0x0, 0x7a, 0xf, 0x80,
    0x3c, 0x6f, 0x24, 0x1, 0xc3, 0xaa, 0xc0, 0x1e,
    0xb0, 0xb0, 0xf, 0x32, 0xe8, 0x80, 0x70, 0xca,
    0x32, 0xac, 0x60, 0x5, 0x4, 0xaa, 0xe0, 0x0,

    /* U+017E "ž" */
    0x0, 0x91, 0xc0, 0xe, 0xa0, 0x12, 0x5d, 0xb7,
    0x4a, 0x1, 0xb7, 0x22, 0x80, 0x38, 0x5d, 0x40,
    0x36, 0xff, 0xf4, 0x80, 0x26, 0xaa, 0x50, 0xc0,
    0x2, 0x2a, 0x81, 0x61, 0x40, 0x32, 0x53, 0xb8,
    0x3, 0x1d, 0xb4, 0x0, 0x63, 0xc6, 0x90, 0xc,
    0x5a, 0xb2, 0x1, 0xd8, 0x1e, 0xab, 0x18, 0x18,
    0x8a, 0xab, 0x58, 0x0,

    /* U+017F "ſ" */
    0x0, 0xf3, 0x6f, 0xfc, 0x20, 0x1c, 0xb3, 0x55,
    0x84, 0x3, 0xb9, 0x1d, 0x56, 0x0, 0xf2, 0x90,
    0x7, 0xf8, 0x7c, 0x3, 0xf8, 0x80, 0x80, 0x3f,
    0x9c, 0x14, 0x3, 0xf8, 0x80, 0x40, 0x3f, 0xb4,
    0xc0, 0x3f, 0xcc, 0xc0, 0xf, 0xf1, 0xe8, 0x7,
    0xf0, 0x81, 0x0, 0x7f, 0x28, 0x38, 0x7, 0x89,
    0x55, 0x26, 0x40, 0x1e, 0x8a, 0xb7, 0xd0, 0xf,
    0x80,

    /* U+2007 " " */

    /* U+2008 " " */

    /* U+2009 " " */

    /* U+200A " " */

    /* U+200B "​" */

    /* U+2010 "‐" */
    0x0, 0xf4, 0xff, 0xe8, 0xbc, 0xcd, 0x20,

    /* U+2012 "‒" */
    0x0, 0xff, 0x77, 0xff, 0x94, 0x37, 0x33, 0xca,

    /* U+2013 "–" */
    0x0, 0xfd, 0x3f, 0xfe, 0x7b, 0xcc, 0xf3, 0x0,

    /* U+2014 "—" */
    0x0, 0xff, 0x6f, 0xff, 0xeb, 0xec, 0xcf, 0xd2,

    /* U+2015 "―" */
    0x1, 0x1f, 0xfe, 0x13, 0x77, 0x7f, 0xf0, 0x69,
    0x2e, 0xff, 0xf8, 0x32,

    /* U+2018 "‘" */
    0x0, 0x5e, 0x80, 0x15, 0x24, 0x1, 0x28, 0x80,
    0x1, 0x98, 0x2, 0x43, 0x0, 0x0,

    /* U+2019 "’" */
    0x0, 0x6d, 0x80, 0x1d, 0x40, 0x8, 0x80, 0x71,
    0x81, 0xa7, 0x20,

    /* U+201A "‚" */
    0x2, 0xe5, 0x2, 0xc, 0x2, 0x1f, 0x8, 0x16,
    0x45, 0xb0,

    /* U+201C "“" */
    0x6, 0xf3, 0xd, 0xa1, 0x86, 0x38, 0x2b, 0x61,
    0x80, 0x77, 0xe, 0x10, 0x98, 0x68, 0x69, 0x89,
    0x96, 0x80,

    /* U+201D "”" */
    0x1, 0xe9, 0x7, 0xf1, 0x1, 0x25, 0x4, 0x5,
    0x1, 0x34, 0x4, 0x5, 0x8, 0x19, 0x18, 0x71,
    0x27, 0x81, 0x82, 0x80,

    /* U+201E "„" */
    0x1, 0xd8, 0x2, 0xe6, 0x1, 0x12, 0x1, 0x6,
    0x0, 0xd, 0x0, 0x87, 0x2, 0x2, 0x42, 0x5,
    0x89, 0xe0, 0x4d, 0x6c, 0x0,

    /* U+2020 "†" */
    0x0, 0xcf, 0x40, 0x1f, 0x60, 0x80, 0x7c, 0xa6,
    0x1, 0xc2, 0x37, 0x88, 0x80, 0x1f, 0xdc, 0x8,
    0xee, 0x0, 0x33, 0xe, 0x17, 0x98, 0x0, 0x19,
    0x80, 0x50, 0xcc, 0x1, 0x88, 0x80, 0x1f, 0x3a,
    0x80, 0x7c, 0x5c, 0x1, 0xe2, 0x3, 0x0, 0xf3,
    0x3, 0x0, 0x78, 0xc0, 0x80, 0x3d, 0xc4, 0x1,
    0xf2, 0xb8, 0x7, 0xdf, 0x0, 0x1c,

    /* U+2021 "‡" */
    0x0, 0xe7, 0xa0, 0xf, 0xd8, 0x20, 0x1f, 0x94,
    0xc0, 0x3e, 0x11, 0x70, 0x7, 0x7f, 0xb8, 0x27,
    0xfc, 0x1, 0x66, 0x1c, 0x2f, 0x30, 0x1, 0x19,
    0x80, 0x50, 0xcc, 0x1, 0xc4, 0x40, 0xf, 0xce,
    0xa0, 0x1f, 0x8b, 0x80, 0x3b, 0xfe, 0x8, 0xff,
    0x8, 0x3, 0x31, 0x1, 0x59, 0x81, 0x0, 0x19,
    0x80, 0xa, 0x66, 0x0, 0xee, 0x20, 0xf, 0xca,
    0xe0, 0x1f, 0xbe, 0x0, 0x38,

    /* U+2022 "•" */
    0x1, 0xac, 0x50, 0x5, 0xa9, 0xd8, 0x1, 0x0,
    0x4, 0x0, 0x80, 0x2e, 0x0,

    /* U+2026 "…" */
    0x3c, 0x2, 0xc1, 0x2c, 0x1b, 0x31, 0xa3, 0x5,
    0x33, 0x2, 0xf, 0x98, 0x88, 0xc8,

    /* U+2030 "‰" */
    0x0, 0x37, 0x70, 0xc0, 0xf, 0x20, 0x1, 0x8f,
    0x9a, 0x3, 0xa9, 0x0, 0x2a, 0x84, 0x4, 0x3b,
    0xc0, 0x21, 0x0, 0x5e, 0xd5, 0x90, 0x4, 0x8f,
    0xca, 0x60, 0xc0, 0x18, 0x73, 0xae, 0xd4, 0x1,
    0xfb, 0xf8, 0x3, 0xf4, 0xd4, 0xeb, 0x5e, 0x98,
    0x1, 0x48, 0xf, 0x26, 0x2a, 0x80, 0x51, 0x59,
    0xa0, 0x26, 0x2, 0x1d, 0xc1, 0x77, 0x21, 0x86,
    0xe4, 0xd9, 0x85, 0x77, 0x13, 0xd, 0x0,

    /* U+2032 "′" */
    0x4, 0xf7, 0xd, 0x6, 0x7, 0x41, 0x41, 0xe0,
    0xd1, 0x50,

    /* U+2033 "″" */
    0x0, 0x7e, 0x2, 0xfb, 0x2, 0x5, 0x7, 0x83,
    0x86, 0x83, 0x2, 0xa8, 0x41, 0xd4, 0x14, 0x38,
    0x10, 0x78, 0x3c, 0x50, 0x0,

    /* U+2039 "‹" */
    0x0, 0x8a, 0xd8, 0x0, 0x58, 0x2c, 0x5, 0x89,
    0x40, 0x58, 0x94, 0x0, 0x41, 0x90, 0x9, 0x93,
    0x80, 0x35, 0x14, 0x80, 0x43, 0x4c, 0x80,

    /* U+203A "›" */
    0x0, 0x44, 0x80, 0x75, 0x33, 0x80, 0x62, 0x88,
    0x10, 0x6, 0x73, 0xe0, 0xe, 0x71, 0x10, 0x5,
    0x6d, 0x82, 0x0, 0xb6, 0xc1, 0x0, 0x5b, 0x60,
    0x80, 0x0,

    /* U+2044 "⁄" */
    0x0, 0xf8, 0x74, 0x40, 0x3e, 0xa8, 0x10, 0xf,
    0x28, 0x28, 0x7, 0xd1, 0x20, 0x1f, 0x4d, 0x10,
    0x7, 0x8d, 0x1c, 0x3, 0xef, 0xe0, 0xf, 0x9d,
    0x4c, 0x3, 0xc3, 0x50, 0x1, 0xf5, 0x40, 0x80,
    0x79, 0x41, 0x40, 0x3e, 0x89, 0x0, 0xf8,

    /* U+2052 "⁒" */
    0xbc, 0x0, 0x4d, 0x13, 0x0, 0x1f, 0xa6, 0x81,
    0x41, 0x0, 0x2e, 0x60, 0x8, 0x52, 0x80, 0x26,
    0x32, 0x0, 0xaa, 0x80, 0x11, 0x93, 0x80, 0x54,
    0xa2, 0x1, 0x3f, 0x0, 0x4a, 0x8, 0x17, 0x3c,
    0xc0, 0x6, 0x30,

    /* U+20A1 "₡" */
    0x0, 0xe1, 0xd0, 0xd2, 0x0, 0xc5, 0x65, 0xe4,
    0x20, 0x14, 0x6a, 0xe1, 0x28, 0x80, 0x21, 0xd9,
    0x48, 0xe8, 0x80, 0xde, 0x43, 0xd9, 0x80, 0x14,
    0x93, 0x22, 0xd5, 0x80, 0x48, 0xaa, 0x43, 0x3,
    0x0, 0x87, 0xb9, 0x57, 0x40, 0x1d, 0xcc, 0x6c,
    0xc0, 0xc, 0x2e, 0xa8, 0xa2, 0x1, 0xa4, 0x3f,
    0xb4, 0xcc, 0x1, 0x18, 0x42, 0xce, 0x30, 0x5,
    0xf5, 0xb, 0xbe, 0xa0, 0x16, 0x28, 0xc1, 0x0,
    0x60,

    /* U+20A3 "₣" */
    0x0, 0x9f, 0xff, 0x8c, 0x2, 0xd3, 0xbb, 0xc6,
    0x1, 0x3a, 0x27, 0x0, 0x62, 0xd0, 0xf, 0x8c,
    0x1c, 0x3, 0xe5, 0x2, 0x0, 0xfb, 0xc3, 0xfe,
    0xc0, 0xc, 0xaa, 0xcc, 0xb8, 0x3, 0x1f, 0x99,
    0xc4, 0x0, 0x8f, 0xa, 0xf5, 0x0, 0xd2, 0xe1,
    0xba, 0x50, 0xc, 0x24, 0x84, 0x40, 0xe,

    /* U+20A4 "₤" */
    0x0, 0xe5, 0xdf, 0xea, 0x10, 0xc, 0x74, 0xb9,
    0x60, 0x20, 0x1a, 0x4e, 0xd, 0x68, 0x3, 0x91,
    0x0, 0x1f, 0x84, 0x58, 0x1, 0xf6, 0x70, 0x5f,
    0xf0, 0x7, 0x73, 0xe, 0xeb, 0xc0, 0x32, 0x6b,
    0xe, 0xe9, 0x80, 0x32, 0x68, 0x46, 0xe9, 0xc0,
    0x39, 0x1, 0x88, 0x80, 0x1c, 0xf2, 0xc8, 0xab,
    0x10, 0x0, 0x60, 0x1a, 0xab, 0x20, 0x0,

    /* U+20A6 "₦" */
    0x0, 0x17, 0xd0, 0x1, 0xb4, 0x2, 0x70, 0x60,
    0x7, 0xb8, 0x5, 0x84, 0x40, 0x2, 0xe8, 0x4,
    0xaa, 0x10, 0x1, 0xa0, 0x17, 0x9b, 0x87, 0xf8,
    0x30, 0x89, 0x61, 0x83, 0x50, 0x5a, 0x40, 0x11,
    0x90, 0x7b, 0x10, 0x4d, 0x87, 0x9d, 0x3a, 0x50,
    0x42, 0x36, 0xb2, 0x8c, 0xd8, 0xa, 0xe1, 0x7b,
    0xb, 0x88, 0x10, 0xa0, 0x11, 0x88, 0x80, 0xe,
    0x22, 0x6, 0x4, 0x0, 0x80,

    /* U+20A7 "₧" */
    0x0, 0x1f, 0xfb, 0xa4, 0x3, 0xe4, 0x1b, 0x66,
    0x48, 0x7, 0xb5, 0x52, 0x15, 0x0, 0x3c, 0xe6,
    0x0, 0x33, 0x6, 0x18, 0x4, 0x5a, 0x0, 0x45,
    0x51, 0x98, 0x0, 0x80, 0xe5, 0x44, 0xf4, 0x1e,
    0xc0, 0x61, 0xba, 0x7b, 0xd4, 0x46, 0xb0, 0x69,
    0xe7, 0x6a, 0xa, 0xe1, 0x0, 0x1d, 0xc, 0x40,
    0x2, 0x24, 0x0, 0x9, 0x60, 0x6, 0x40, 0x30,
    0x2, 0x82, 0x80, 0x63, 0x1, 0x10, 0x18, 0x88,
    0x3, 0x20, 0xf4, 0x80,

    /* U+20A9 "₩" */
    0x4, 0xf0, 0x2, 0xf9, 0x1, 0x78, 0x80, 0x88,
    0x1, 0xc0, 0x15, 0x20, 0x81, 0x98, 0x9, 0x88,
    0xc1, 0xb8, 0x0, 0x22, 0xa, 0x52, 0x13, 0x15,
    0x0, 0x7b, 0x83, 0x50, 0x2, 0x94, 0x1, 0xe,
    0x9e, 0x3a, 0x1e, 0xca, 0x61, 0x2a, 0xa4, 0x7c,
    0x1a, 0x1d, 0x30, 0x10, 0x24, 0xa1, 0x3d, 0x72,
    0x0, 0x84, 0xcc, 0x42, 0x25, 0xd0, 0xe, 0x5b,
    0x0, 0x9, 0xa0, 0x6, 0x71, 0x50, 0x72, 0x70,
    0xe, 0x13, 0x20, 0xb, 0x40, 0x30,

    /* U+20AB "₫" */
    0x0, 0xf9, 0x3c, 0x80, 0x3c, 0xbf, 0x61, 0xae,
    0x1, 0xc9, 0x88, 0x58, 0xc0, 0x1c, 0x26, 0xee,
    0x31, 0x0, 0xd, 0xff, 0x29, 0x10, 0x3, 0x6b,
    0x55, 0x38, 0x74, 0x2, 0x43, 0xe5, 0x4e, 0x6,
    0x0, 0xb0, 0x4c, 0x3, 0x10, 0x4, 0x46, 0x1,
    0x60, 0x88, 0x2, 0x22, 0x20, 0xb3, 0x90, 0x6,
    0x92, 0xbe, 0xf2, 0x60, 0xc, 0x39, 0x8d, 0x9f,
    0x80, 0x9, 0x7f, 0xb3, 0x7f, 0x1c, 0x2, 0x4c,
    0xcf, 0x20, 0x4,

    /* U+20AC "€" */
    0x0, 0x8a, 0xfb, 0xec, 0x40, 0x22, 0xd7, 0x88,
    0x2e, 0x80, 0x50, 0x58, 0xce, 0xc6, 0x1, 0x22,
    0x80, 0x53, 0x80, 0x9c, 0x2f, 0xdc, 0x11, 0x18,
    0x25, 0x85, 0xff, 0x84, 0x3, 0x18, 0x20, 0x88,
    0x3, 0x54, 0x87, 0x72, 0x80, 0x35, 0xa1, 0xff,
    0xac, 0x4c, 0x0, 0x2e, 0x2, 0x34, 0x68, 0x4,
    0x87, 0xb, 0x2d, 0x0, 0x14, 0x33, 0x29, 0x69,
    0x80, 0x0,

    /* U+20AD "₭" */
    0x0, 0xbd, 0x80, 0x2c, 0xd1, 0x0, 0x18, 0x20,
    0x2, 0xc7, 0x4, 0x0, 0xa0, 0x41, 0x6d, 0x82,
    0x1, 0x61, 0x85, 0xb6, 0x8, 0x6, 0x74, 0xa5,
    0xc1, 0x0, 0x97, 0xc9, 0xd4, 0x7b, 0xd4, 0x0,
    0x94, 0xa, 0xe1, 0x9a, 0xa0, 0x1, 0x20, 0xa9,
    0x5, 0x20, 0xd, 0xa6, 0x2, 0x94, 0x1, 0xce,
    0xa0, 0xe, 0x32, 0x0, 0xc5, 0x80, 0x5, 0x1b,
    0x0, 0x8c, 0x1c, 0x2, 0x77, 0x0, 0x40,

    /* U+20AE "₮" */
    0x3, 0xff, 0xfc, 0x0, 0x2b, 0xb8, 0x1e, 0xed,
    0x80, 0x1, 0x44, 0x30, 0x62, 0x20, 0xc0, 0x39,
    0x81, 0x40, 0x80, 0x3c, 0x61, 0x7d, 0x20, 0x11,
    0xce, 0xc0, 0x96, 0xd8, 0x4, 0x81, 0x6, 0x90,
    0x24, 0x1, 0x3c, 0xa1, 0x3f, 0x6b, 0x0, 0x51,
    0xbc, 0x2f, 0x5e, 0x80, 0x10, 0xc5, 0x84, 0x20,
    0x7, 0x4a, 0x90, 0x10, 0x7, 0xee, 0x20, 0xf,
    0x0,

    /* U+20B1 "₱" */
    0x0, 0xf, 0xfd, 0xa8, 0x1, 0x88, 0x2e, 0xcd,
    0x62, 0x1, 0x28, 0x22, 0x28, 0x10, 0x1, 0x72,
    0x1d, 0xcf, 0xb, 0x70, 0xb2, 0x6e, 0xe7, 0x85,
    0xba, 0x71, 0x3f, 0x73, 0xc2, 0xc1, 0x28, 0x33,
    0xec, 0x1f, 0x80, 0x6, 0x1b, 0xd4, 0xd0, 0x1,
    0x62, 0x66, 0xfc, 0x0, 0x65, 0xc3, 0x20, 0xe,
    0x11, 0x18, 0x7, 0xc8, 0xa, 0x1, 0xf0,

    /* U+20B2 "₲" */
    0x0, 0xc4, 0xff, 0xec, 0x40, 0x0, 0xdc, 0x6a,
    0xc8, 0x4, 0x3f, 0xb4, 0x18, 0xd8, 0x81, 0x48,
    0xc0, 0x88, 0x0, 0x8d, 0x24, 0x4, 0x44, 0x1,
    0x50, 0x98, 0x29, 0x80, 0x65, 0x50, 0x3, 0xf,
    0xfd, 0xc0, 0x22, 0x0, 0x1b, 0xe1, 0xa8, 0xb,
    0x0, 0x16, 0x8c, 0xd8, 0x8, 0x66, 0x20, 0x23,
    0x4, 0x9, 0x2c, 0x83, 0x59, 0x3, 0x1, 0xc7,
    0x42, 0xb6, 0x80, 0x8, 0x60, 0xaf, 0xb1, 0xc0,
    0x0,

    /* U+20B4 "₴" */
    0x0, 0x8e, 0xfb, 0xf0, 0xc0, 0x22, 0xc1, 0xba,
    0x1f, 0x0, 0x91, 0x69, 0x54, 0xce, 0x1, 0x35,
    0x0, 0x21, 0xa8, 0x1, 0x9f, 0xf9, 0xcb, 0x8c,
    0x3b, 0x77, 0xe3, 0x2, 0x2f, 0xc0, 0x5f, 0xff,
    0x60, 0x15, 0x4, 0x6e, 0xf0, 0x3, 0x91, 0xc8,
    0x91, 0x42, 0x1, 0x2a, 0x92, 0x96, 0xc0, 0x29,
    0x5a, 0xa0, 0xe1, 0x80, 0x0,

    /* U+20B5 "₵" */
    0x0, 0x97, 0x3f, 0xda, 0xe0, 0x14, 0xd3, 0x28,
    0x14, 0x80, 0x19, 0x93, 0x40, 0xff, 0xa0, 0x8,
    0x56, 0x7, 0xc0, 0x30, 0x61, 0x90, 0x12, 0x50,
    0xb, 0x4, 0xc1, 0x48, 0x40, 0x26, 0x50, 0x1,
    0xa0, 0x6, 0x11, 0x0, 0x33, 0xc0, 0x33, 0x30,
    0x0, 0xa8, 0x1, 0xb0, 0xcc, 0x22, 0x20, 0xc,
    0xe5, 0xb6, 0x4b, 0x20, 0x1b, 0x59, 0xa, 0xcc,
    0x3, 0xa0, 0xaf, 0xa8, 0x2,

    /* U+20B8 "₸" */
    0x5, 0xff, 0xf8, 0x0, 0xf7, 0x7e, 0xc0, 0x1,
    0x22, 0x78, 0xc0, 0x1d, 0xff, 0xe7, 0x0, 0x55,
    0xc8, 0x3d, 0xd9, 0x80, 0x8, 0x83, 0x9, 0x44,
    0x8, 0x6, 0xd1, 0x10, 0x7, 0xc8, 0x80, 0xf,
    0xc7, 0xa0, 0x1f, 0x18, 0x18, 0x7, 0xca, 0x8,
    0x1, 0xf7, 0x90, 0x7, 0x80,

    /* U+20B9 "₹" */
    0x0, 0xff, 0x37, 0xff, 0x88, 0x1b, 0xf0, 0x97,
    0xfc, 0x41, 0xfe, 0xc2, 0x5f, 0x90, 0x7, 0xfc,
    0x49, 0xf2, 0x1, 0xc, 0x94, 0x0, 0x4d, 0xfe,
    0x2c, 0x30, 0x9, 0x43, 0x6c, 0xc0, 0x31, 0x9a,
    0x40, 0x3e, 0x95, 0x20, 0xf, 0x28, 0xc0, 0x7,
    0xd2, 0xa2, 0x1, 0x80,

    /* U+20BA "₺" */
    0x0, 0xba, 0x0, 0x3c, 0x43, 0x80, 0x8a, 0x1,
    0x38, 0x7f, 0x78, 0x80, 0xcd, 0x8e, 0xfd, 0x20,
    0x1f, 0x92, 0x85, 0x78, 0x0, 0xc0, 0xd7, 0xfd,
    0xc0, 0xb, 0xd0, 0xa9, 0x40, 0x53, 0xae, 0x5,
    0x0, 0xa9, 0x3, 0x8, 0x40, 0xc, 0xc, 0xa,
    0xe0, 0x3, 0x96, 0x10, 0x30, 0x6a, 0xc4, 0x90,
    0x20, 0x58, 0x1a, 0xb0, 0x0,

    /* U+20BC "₼" */
    0x0, 0xf9, 0x7c, 0x40, 0x3f, 0xb4, 0x44, 0x1,
    0xfc, 0x6a, 0x1, 0xfe, 0x53, 0x0, 0xf1, 0x57,
    0x78, 0xbf, 0xc8, 0x4, 0x7a, 0xd7, 0x1, 0x50,
    0xd2, 0x0, 0xf2, 0xc5, 0xf1, 0x57, 0x67, 0x2,
    0x3b, 0x0, 0x1a, 0x80, 0x38, 0x41, 0x1, 0xc0,
    0x9, 0x80, 0xe, 0x20, 0xf1, 0x10, 0x2, 0x98,
    0x0, 0x8e, 0xa, 0xa0, 0x9, 0x44, 0x0, 0x5a,
    0x7, 0x80, 0x1e, 0x30, 0x40,

    /* U+20BD "₽" */
    0x0, 0x17, 0xfe, 0xc4, 0x0, 0x98, 0x2a, 0xe8,
    0x2c, 0x80, 0x6, 0xa, 0x8b, 0xc0, 0x80, 0xe,
    0x20, 0x8, 0xc0, 0x31, 0x30, 0x4, 0x80, 0xa0,
    0x5, 0x20, 0x2, 0x5a, 0x9a, 0x78, 0xb7, 0xfa,
    0xd2, 0x81, 0x60, 0x26, 0xed, 0xd4, 0x0, 0xa8,
    0x9, 0xbb, 0x80, 0x28, 0x42, 0xcc, 0xa0, 0x2,
    0x30, 0x63, 0x38, 0x80, 0x33, 0x10, 0x7, 0xc0,

    /* U+2190 "←" */
    0x0, 0xa2, 0xc4, 0x3, 0xca, 0xfc, 0x20, 0x1c,
    0x54, 0xea, 0x1, 0xc3, 0xe9, 0x0, 0x1e, 0xb2,
    0x4f, 0xff, 0x24, 0x82, 0xd5, 0x79, 0x4e, 0x54,
    0x55, 0x78, 0x41, 0x96, 0x84, 0x3, 0xea, 0x2d,
    0x0, 0xfd, 0xbc, 0x1, 0xc0,

    /* U+2191 "↑" */
    0x0, 0xd2, 0x60, 0x1c, 0x38, 0xd8, 0x80, 0x11,
    0x60, 0xa, 0x5b, 0x1, 0x63, 0x60, 0x75, 0x4c,
    0x2a, 0x58, 0x4, 0xb6, 0xaa, 0xa0, 0xe, 0x4c,
    0x20, 0xf, 0x84, 0x3, 0xff, 0xc2,

    /* U+2192 "→" */
    0x0, 0xcb, 0x86, 0x1, 0xf2, 0xbe, 0x88, 0x7,
    0xd4, 0x14, 0x1, 0xf0, 0xea, 0xc0, 0x57, 0xff,
    0x60, 0xb9, 0xcd, 0x57, 0x84, 0xce, 0x55, 0xef,
    0xd, 0x0, 0xf3, 0xae, 0x88, 0x7, 0x1c, 0x40,
    0xc0, 0x3c, 0x5a, 0xe0, 0x10,

    /* U+2193 "↓" */
    0x0, 0x8e, 0x80, 0x3e, 0x64, 0x0, 0xff, 0xf2,
    0xd0, 0x80, 0x72, 0xb3, 0x30, 0x80, 0x26, 0xa3,
    0xc6, 0xcd, 0x8, 0x9a, 0x50, 0xb7, 0x70, 0xb5,
    0xa8, 0x5, 0x30, 0x58, 0x80, 0x1c, 0xfa, 0x40,
    0x10,

    /* U+2194 "↔" */
    0x0, 0x87, 0x1c, 0x1, 0x70, 0x1, 0xed, 0x17,
    0x0, 0x7b, 0xb0, 0x6, 0x93, 0xf0, 0x9, 0x1e,
    0x4c, 0x0, 0xad, 0x64, 0x1, 0xa1, 0x74, 0x45,
    0x41, 0x7f, 0xfe, 0x51, 0xb1, 0x50, 0x9a, 0xaf,
    0x28, 0x48, 0x51, 0x52, 0xaf, 0x32, 0xc1, 0x80,
    0x3c, 0xa4, 0x2, 0x1d, 0x57, 0x0, 0x8a, 0x99,
    0x80, 0xd, 0x3a, 0x0, 0xe4, 0xd4, 0x0, 0x76,
    0x0, 0x40,

    /* U+2195 "↕" */
    0x0, 0xc4, 0x1, 0xf2, 0xed, 0x80, 0x73, 0xd0,
    0x2e, 0x8, 0x2, 0x62, 0x86, 0x3, 0xc9, 0x9f,
    0x14, 0xf, 0x13, 0xcf, 0xc, 0x3, 0x55, 0x14,
    0x80, 0x3c, 0xe0, 0x1f, 0xfe, 0x12, 0x0, 0xf8,
    0xd6, 0xc0, 0x39, 0x79, 0x5b, 0x44, 0x0, 0xf5,
    0x42, 0xc1, 0xc1, 0x98, 0xa7, 0x1, 0xc7, 0x2,
    0xc5, 0x0, 0xd5, 0x1e, 0x60, 0x0,

    /* U+2196 "↖" */
    0xe, 0xef, 0x40, 0x0, 0x44, 0xf7, 0x76, 0x88,
    0x1, 0x18, 0x55, 0x61, 0x0, 0x7b, 0xda, 0x0,
    0x7a, 0x1e, 0xd0, 0x3, 0xd0, 0xf6, 0x80, 0x3,
    0x0, 0xa1, 0xed, 0x3, 0x58, 0x2, 0x87, 0x20,

    /* U+2197 "↗" */
    0x3, 0xde, 0xee, 0x60, 0x78, 0xbb, 0x40, 0x88,
    0x0, 0x8a, 0xa4, 0xb2, 0x10, 0xc, 0x38, 0x18,
    0x1, 0x87, 0x3, 0x4, 0x2, 0x1c, 0xc, 0x10,
    0x8, 0x70, 0x30, 0x40, 0x25, 0x36, 0xc1, 0x0,
    0xb4, 0xc0,

    /* U+2198 "↘" */
    0x1a, 0x0, 0xe2, 0x0, 0x26, 0x0, 0x6f, 0x21,
    0xf1, 0xc0, 0x8, 0xd0, 0x7, 0x7, 0x0, 0x3c,
    0x38, 0x38, 0x1, 0xe1, 0xc1, 0xc0, 0x8, 0xd1,
    0xb, 0x66, 0x20, 0x7, 0xbb, 0xa4, 0x2,

    /* U+2199 "↙" */
    0x0, 0x8, 0x6, 0x75, 0xb, 0x50, 0x9, 0xe0,
    0xc1, 0x0, 0x27, 0x89, 0x60, 0xc, 0xf1, 0x2c,
    0x1, 0x9e, 0x29, 0x80, 0x37, 0x45, 0x28, 0x7,
    0x2b, 0xa, 0x24, 0x20, 0x13, 0x5d, 0xda, 0x20,

    /* U+2500 "─" */
    0x3a, 0xaf, 0xe9, 0x75, 0x5f, 0xe7,

    /* U+2550 "═" */
    0x28, 0x8f, 0xe7, 0x7f, 0xfa, 0x57, 0xbb, 0xfc,
    0x2, 0x3f, 0xc0, 0xbf, 0xff, 0xdc, 0xec, 0xdf,
    0xe0,

    /* U+2551 "║" */
    0x9f, 0x8, 0xf1, 0x0, 0xff, 0xff, 0x80, 0x7f,
    0xfc, 0xea, 0x42, 0xe4, 0x40,

    /* U+2554 "╔" */
    0x58, 0x8f, 0x36, 0x3b, 0xfa, 0x80, 0x1d, 0xdd,
    0x80, 0x1, 0x1e, 0x0, 0xd1, 0xff, 0x60, 0x7,
    0x33, 0x2c, 0x3, 0xa2, 0x5c, 0x3, 0xff, 0xe9,
    0xb0, 0x19, 0x2, 0x0,

    /* U+2557 "╗" */
    0x28, 0x8f, 0x81, 0xdf, 0xf0, 0xaf, 0x77, 0x38,
    0x4, 0x23, 0xc0, 0x12, 0xff, 0xe0, 0xc, 0xec,
    0xc2, 0x0, 0xe2, 0x99, 0x20, 0x7, 0xff, 0xfc,
    0x3, 0xb6, 0x3, 0x20, 0x40,

    /* U+255A "╚" */
    0x12, 0x1, 0x20, 0xa, 0x34, 0x27, 0x44, 0x3,
    0xff, 0xf7, 0x10, 0x60, 0xe, 0x67, 0xa0, 0xa,
    0x3b, 0xac, 0x0, 0xc2, 0x30, 0x5, 0xff, 0xd9,
    0x86, 0x6f, 0x58,

    /* U+255D "╝" */
    0x0, 0x84, 0x80, 0x48, 0x3, 0x46, 0x84, 0xe8,
    0x80, 0x7f, 0xff, 0xa, 0x20, 0xa0, 0x1c, 0xef,
    0x18, 0x7, 0x2f, 0x76, 0x0, 0xe1, 0x1c, 0x1,
    0x97, 0xff, 0x9c, 0x0, 0xec, 0xdf, 0x8,

    /* U+2588 "█" */
    0x22, 0xfe, 0x1d, 0xdf, 0xe8, 0x0, 0xff, 0xff,
    0x80, 0x7f, 0xff, 0xc0, 0x3f, 0xfc, 0xc0,

    /* U+2594 "▔" */
    0x88, 0xfe, 0x57, 0x7f, 0xec, 0x0, 0xff, 0x77,
    0x7f, 0x48,

    /* U+25A0 "■" */
    0x99, 0xfe, 0x56, 0x6f, 0xec, 0x0, 0xff, 0xff,
    0x80, 0x77, 0xff, 0xf4, 0x80
};


/*---------------------
 *  GLYPH DESCRIPTION
 *--------------------*/

static const lv_font_fmt_txt_glyph_dsc_t glyph_dsc[] = {
    {.bitmap_index = 0, .adv_w = 0, .box_w = 0, .box_h = 0, .ofs_x = 0, .ofs_y = 0} /* id = 0 reserved */,
    {.bitmap_index = 0, .adv_w = 154, .box_w = 0, .box_h = 0, .ofs_x = 0, .ofs_y = 0},
    {.bitmap_index = 0, .adv_w = 154, .box_w = 5, .box_h = 12, .ofs_x = 2, .ofs_y = 0},
    {.bitmap_index = 30, .adv_w = 154, .box_w = 7, .box_h = 5, .ofs_x = 2, .ofs_y = 7},
    {.bitmap_index = 48, .adv_w = 154, .box_w = 10, .box_h = 12, .ofs_x = 0, .ofs_y = 0},
    {.bitmap_index = 107, .adv_w = 154, .box_w = 10, .box_h = 17, .ofs_x = 0, .ofs_y = -2},
    {.bitmap_index = 179, .adv_w = 154, .box_w = 12, .box_h = 12, .ofs_x = -1, .ofs_y = 0},
    {.bitmap_index = 247, .adv_w = 154, .box_w = 12, .box_h = 12, .ofs_x = -1, .ofs_y = 0},
    {.bitmap_index = 310, .adv_w = 154, .box_w = 3, .box_h = 5, .ofs_x = 4, .ofs_y = 7},
    {.bitmap_index = 318, .adv_w = 154, .box_w = 8, .box_h = 17, .ofs_x = 2, .ofs_y = -3},
    {.bitmap_index = 369, .adv_w = 154, .box_w = 8, .box_h = 17, .ofs_x = 0, .ofs_y = -3},
    {.bitmap_index = 422, .adv_w = 154, .box_w = 10, .box_h = 9, .ofs_x = 0, .ofs_y = 1},
    {.bitmap_index = 461, .adv_w = 154, .box_w = 8, .box_h = 8, .ofs_x = 1, .ofs_y = 1},
    {.bitmap_index = 491, .adv_w = 154, .box_w = 4, .box_h = 5, .ofs_x = 2, .ofs_y = -3},
    {.bitmap_index = 501, .adv_w = 154, .box_w = 6, .box_h = 3, .ofs_x = 2, .ofs_y = 4},
    {.bitmap_index = 508, .adv_w = 154, .box_w = 4, .box_h = 3, .ofs_x = 2, .ofs_y = 0},
    {.bitmap_index = 514, .adv_w = 154, .box_w = 10, .box_h = 15, .ofs_x = 0, .ofs_y = -2},
    {.bitmap_index = 565, .adv_w = 154, .box_w = 10, .box_h = 12, .ofs_x = 0, .ofs_y = 0},
    {.bitmap_index = 625, .adv_w = 154, .box_w = 9, .box_h = 12, .ofs_x = 0, .ofs_y = 0},
    {.bitmap_index = 669, .adv_w = 154, .box_w = 10, .box_h = 12, .ofs_x = 0, .ofs_y = 0},
    {.bitmap_index = 721, .adv_w = 154, .box_w = 10, .box_h = 12, .ofs_x = 0, .ofs_y = 0},
    {.bitmap_index = 772, .adv_w = 154, .box_w = 9, .box_h = 12, .ofs_x = 0, .ofs_y = 0},
    {.bitmap_index = 817, .adv_w = 154, .box_w = 9, .box_h = 12, .ofs_x = 0, .ofs_y = 0},
    {.bitmap_index = 865, .adv_w = 154, .box_w = 9, .box_h = 12, .ofs_x = 0, .ofs_y = 0},
    {.bitmap_index = 913, .adv_w = 154, .box_w = 9, .box_h = 12, .ofs_x = 1, .ofs_y = 0},
    {.bitmap_index = 957, .adv_w = 154, .box_w = 10, .box_h = 12, .ofs_x = 0, .ofs_y = 0},
    {.bitmap_index = 1014, .adv_w = 154, .box_w = 9, .box_h = 12, .ofs_x = 1, .ofs_y = 0},
    {.bitmap_index = 1064, .adv_w = 154, .box_w = 5, .box_h = 9, .ofs_x = 2, .ofs_y = 0},
    {.bitmap_index = 1085, .adv_w = 154, .box_w = 6, .box_h = 12, .ofs_x = 1, .ofs_y = -3},
    {.bitmap_index = 1116, .adv_w = 154, .box_w = 9, .box_h = 9, .ofs_x = 1, .ofs_y = 1},
    {.bitmap_index = 1150, .adv_w = 154, .box_w = 8, .box_h = 7, .ofs_x = 1, .ofs_y = 2},
    {.bitmap_index = 1167, .adv_w = 154, .box_w = 9, .box_h = 9, .ofs_x = 0, .ofs_y = 1},
    {.bitmap_index = 1203, .adv_w = 154, .box_w = 7, .box_h = 12, .ofs_x = 2, .ofs_y = 0},
    {.bitmap_index = 1242, .adv_w = 154, .box_w = 10, .box_h = 15, .ofs_x = 0, .ofs_y = -3},
    {.bitmap_index = 1314, .adv_w = 154, .box_w = 9, .box_h = 12, .ofs_x = 0, .ofs_y = 0},
    {.bitmap_index = 1364, .adv_w = 154, .box_w = 10, .box_h = 12, .ofs_x = 0, .ofs_y = 0},
    {.bitmap_index = 1424, .adv_w = 154, .box_w = 9, .box_h = 12, .ofs_x = 1, .ofs_y = 0},
    {.bitmap_index = 1473, .adv_w = 154, .box_w = 10, .box_h = 12, .ofs_x = 0, .ofs_y = 0},
    {.bitmap_index = 1532, .adv_w = 154, .box_w = 10, .box_h = 12, .ofs_x = 0, .ofs_y = 0},
    {.bitmap_index = 1577, .adv_w = 154, .box_w = 10, .box_h = 12, .ofs_x = 0, .ofs_y = 0},
    {.bitmap_index = 1621, .adv_w = 154, .box_w = 10, .box_h = 12, .ofs_x = 0, .ofs_y = 0},
    {.bitmap_index = 1680, .adv_w = 154, .box_w = 10, .box_h = 12, .ofs_x = 0, .ofs_y = 0},
    {.bitmap_index = 1738, .adv_w = 154, .box_w = 10, .box_h = 12, .ofs_x = 0, .ofs_y = 0},
    {.bitmap_index = 1784, .adv_w = 154, .box_w = 10, .box_h = 12, .ofs_x = 0, .ofs_y = 0},
    {.bitmap_index = 1829, .adv_w = 154, .box_w = 10, .box_h = 12, .ofs_x = 0, .ofs_y = 0},
    {.bitmap_index = 1887, .adv_w = 154, .box_w = 8, .box_h = 12, .ofs_x = 1, .ofs_y = 0},
    {.bitmap_index = 1923, .adv_w = 154, .box_w = 10, .box_h = 12, .ofs_x = 0, .ofs_y = 0},
    {.bitmap_index = 1984, .adv_w = 154, .box_w = 10, .box_h = 12, .ofs_x = 0, .ofs_y = 0},
    {.bitmap_index = 2047, .adv_w = 154, .box_w = 8, .box_h = 12, .ofs_x = 1, .ofs_y = 0},
    {.bitmap_index = 2094, .adv_w = 154, .box_w = 10, .box_h = 12, .ofs_x = 0, .ofs_y = 0},
    {.bitmap_index = 2147, .adv_w = 154, .box_w = 10, .box_h = 15, .ofs_x = 0, .ofs_y = -3},
    {.bitmap_index = 2216, .adv_w = 154, .box_w = 10, .box_h = 12, .ofs_x = 0, .ofs_y = 0},
    {.bitmap_index = 2274, .adv_w = 154, .box_w = 9, .box_h = 12, .ofs_x = 0, .ofs_y = 0},
    {.bitmap_index = 2327, .adv_w = 154, .box_w = 9, .box_h = 12, .ofs_x = 1, .ofs_y = 0},
    {.bitmap_index = 2367, .adv_w = 154, .box_w = 10, .box_h = 12, .ofs_x = 0, .ofs_y = 0},
    {.bitmap_index = 2426, .adv_w = 154, .box_w = 9, .box_h = 12, .ofs_x = 1, .ofs_y = 0},
    {.bitmap_index = 2476, .adv_w = 154, .box_w = 10, .box_h = 12, .ofs_x = 1, .ofs_y = 0},
    {.bitmap_index = 2536, .adv_w = 154, .box_w = 11, .box_h = 12, .ofs_x = -1, .ofs_y = 0},
    {.bitmap_index = 2591, .adv_w = 154, .box_w = 10, .box_h = 12, .ofs_x = 1, .ofs_y = 0},
    {.bitmap_index = 2639, .adv_w = 154, .box_w = 10, .box_h = 12, .ofs_x = 0, .ofs_y = 0},
    {.bitmap_index = 2686, .adv_w = 154, .box_w = 7, .box_h = 17, .ofs_x = 2, .ofs_y = -3},
    {.bitmap_index = 2736, .adv_w = 154, .box_w = 6, .box_h = 15, .ofs_x = 2, .ofs_y = -2},
    {.bitmap_index = 2775, .adv_w = 154, .box_w = 7, .box_h = 17, .ofs_x = 1, .ofs_y = -3},
    {.bitmap_index = 2825, .adv_w = 154, .box_w = 8, .box_h = 7, .ofs_x = 1, .ofs_y = 5},
    {.bitmap_index = 2851, .adv_w = 154, .box_w = 8, .box_h = 3, .ofs_x = 0, .ofs_y = -2},
    {.bitmap_index = 2858, .adv_w = 154, .box_w = 4, .box_h = 3, .ofs_x = 3, .ofs_y = 10},
    {.bitmap_index = 2864, .adv_w = 154, .box_w = 9, .box_h = 9, .ofs_x = 0, .ofs_y = 0},
    {.bitmap_index = 2906, .adv_w = 154, .box_w = 9, .box_h = 12, .ofs_x = 0, .ofs_y = 0},
    {.bitmap_index = 2956, .adv_w = 154, .box_w = 9, .box_h = 9, .ofs_x = 0, .ofs_y = 0},
    {.bitmap_index = 2993, .adv_w = 154, .box_w = 10, .box_h = 12, .ofs_x = 0, .ofs_y = 0},
    {.bitmap_index = 3046, .adv_w = 154, .box_w = 9, .box_h = 9, .ofs_x = 0, .ofs_y = 0},
    {.bitmap_index = 3086, .adv_w = 154, .box_w = 10, .box_h = 15, .ofs_x = 0, .ofs_y = -3},
    {.bitmap_index = 3146, .adv_w = 154, .box_w = 8, .box_h = 12, .ofs_x = 1, .ofs_y = -3},
    {.bitmap_index = 3193, .adv_w = 154, .box_w = 9, .box_h = 12, .ofs_x = 0, .ofs_y = 0},
    {.bitmap_index = 3242, .adv_w = 154, .box_w = 9, .box_h = 13, .ofs_x = 0, .ofs_y = 0},
    {.bitmap_index = 3286, .adv_w = 154, .box_w = 9, .box_h = 16, .ofs_x = 0, .ofs_y = -3},
    {.bitmap_index = 3338, .adv_w = 154, .box_w = 10, .box_h = 12, .ofs_x = 0, .ofs_y = 0},
    {.bitmap_index = 3392, .adv_w = 154, .box_w = 8, .box_h = 12, .ofs_x = 1, .ofs_y = 0},
    {.bitmap_index = 3430, .adv_w = 154, .box_w = 10, .box_h = 9, .ofs_x = 0, .ofs_y = 0},
    {.bitmap_index = 3476, .adv_w = 154, .box_w = 9, .box_h = 9, .ofs_x = 0, .ofs_y = 0},
    {.bitmap_index = 3517, .adv_w = 154, .box_w = 9, .box_h = 9, .ofs_x = 0, .ofs_y = 0},
    {.bitmap_index = 3557, .adv_w = 154, .box_w = 9, .box_h = 12, .ofs_x = 0, .ofs_y = -3},
    {.bitmap_index = 3608, .adv_w = 154, .box_w = 9, .box_h = 12, .ofs_x = 0, .ofs_y = -3},
    {.bitmap_index = 3659, .adv_w = 154, .box_w = 8, .box_h = 9, .ofs_x = 1, .ofs_y = 0},
    {.bitmap_index = 3691, .adv_w = 154, .box_w = 9, .box_h = 9, .ofs_x = 0, .ofs_y = 0},
    {.bitmap_index = 3732, .adv_w = 154, .box_w = 9, .box_h = 12, .ofs_x = 1, .ofs_y = 0},
    {.bitmap_index = 3774, .adv_w = 154, .box_w = 8, .box_h = 9, .ofs_x = 1, .ofs_y = 0},
    {.bitmap_index = 3808, .adv_w = 154, .box_w = 9, .box_h = 9, .ofs_x = 1, .ofs_y = 0},
    {.bitmap_index = 3847, .adv_w = 154, .box_w = 9, .box_h = 9, .ofs_x = 1, .ofs_y = 0},
    {.bitmap_index = 3889, .adv_w = 154, .box_w = 10, .box_h = 9, .ofs_x = 0, .ofs_y = 0},
    {.bitmap_index = 3930, .adv_w = 154, .box_w = 8, .box_h = 12, .ofs_x = 1, .ofs_y = -3},
    {.bitmap_index = 3977, .adv_w = 154, .box_w = 9, .box_h = 9, .ofs_x = 0, .ofs_y = 0},
    {.bitmap_index = 4013, .adv_w = 154, .box_w = 9, .box_h = 17, .ofs_x = 1, .ofs_y = -3},
    {.bitmap_index = 4071, .adv_w = 154, .box_w = 4, .box_h = 15, .ofs_x = 3, .ofs_y = -2},
    {.bitmap_index = 4103, .adv_w = 154, .box_w = 9, .box_h = 17, .ofs_x = 0, .ofs_y = -3},
    {.bitmap_index = 4158, .adv_w = 154, .box_w = 8, .box_h = 4, .ofs_x = 1, .ofs_y = 3},
    {.bitmap_index = 4174, .adv_w = 154, .box_w = 0, .box_h = 0, .ofs_x = 0, .ofs_y = 0},
    {.bitmap_index = 4174, .adv_w = 154, .box_w = 5, .box_h = 12, .ofs_x = 2, .ofs_y = -3},
    {.bitmap_index = 4205, .adv_w = 154, .box_w = 9, .box_h = 14, .ofs_x = 0, .ofs_y = -2},
    {.bitmap_index = 4261, .adv_w = 154, .box_w = 10, .box_h = 12, .ofs_x = 0, .ofs_y = 0},
    {.bitmap_index = 4315, .adv_w = 154, .box_w = 10, .box_h = 9, .ofs_x = 0, .ofs_y = 1},
    {.bitmap_index = 4360, .adv_w = 154, .box_w = 11, .box_h = 12, .ofs_x = 0, .ofs_y = 0},
    {.bitmap_index = 4423, .adv_w = 154, .box_w = 4, .box_h = 16, .ofs_x = 3, .ofs_y = -2},
    {.bitmap_index = 4455, .adv_w = 154, .box_w = 10, .box_h = 15, .ofs_x = 0, .ofs_y = -3},
    {.bitmap_index = 4527, .adv_w = 154, .box_w = 6, .box_h = 3, .ofs_x = 3, .ofs_y = 10},
    {.bitmap_index = 4535, .adv_w = 154, .box_w = 10, .box_h = 10, .ofs_x = 0, .ofs_y = 2},
    {.bitmap_index = 4585, .adv_w = 154, .box_w = 5, .box_h = 5, .ofs_x = 3, .ofs_y = 7},
    {.bitmap_index = 4598, .adv_w = 154, .box_w = 10, .box_h = 8, .ofs_x = 0, .ofs_y = 1},
    {.bitmap_index = 4637, .adv_w = 154, .box_w = 8, .box_h = 5, .ofs_x = 1, .ofs_y = 2},
    {.bitmap_index = 4652, .adv_w = 154, .box_w = 6, .box_h = 3, .ofs_x = 2, .ofs_y = 4},
    {.bitmap_index = 4659, .adv_w = 154, .box_w = 10, .box_h = 10, .ofs_x = 0, .ofs_y = 2},
    {.bitmap_index = 4709, .adv_w = 154, .box_w = 6, .box_h = 3, .ofs_x = 3, .ofs_y = 10},
    {.bitmap_index = 4716, .adv_w = 154, .box_w = 6, .box_h = 5, .ofs_x = 3, .ofs_y = 7},
    {.bitmap_index = 4732, .adv_w = 154, .box_w = 9, .box_h = 9, .ofs_x = 0, .ofs_y = 0},
    {.bitmap_index = 4769, .adv_w = 154, .box_w = 7, .box_h = 7, .ofs_x = 2, .ofs_y = 6},
    {.bitmap_index = 4795, .adv_w = 154, .box_w = 7, .box_h = 7, .ofs_x = 2, .ofs_y = 6},
    {.bitmap_index = 4819, .adv_w = 154, .box_w = 5, .box_h = 3, .ofs_x = 4, .ofs_y = 10},
    {.bitmap_index = 4827, .adv_w = 154, .box_w = 9, .box_h = 12, .ofs_x = 0, .ofs_y = -3},
    {.bitmap_index = 4878, .adv_w = 154, .box_w = 9, .box_h = 15, .ofs_x = 1, .ofs_y = -3},
    {.bitmap_index = 4942, .adv_w = 154, .box_w = 4, .box_h = 3, .ofs_x = 2, .ofs_y = 4},
    {.bitmap_index = 4948, .adv_w = 154, .box_w = 4, .box_h = 4, .ofs_x = 2, .ofs_y = -3},
    {.bitmap_index = 4956, .adv_w = 154, .box_w = 7, .box_h = 7, .ofs_x = 2, .ofs_y = 6},
    {.bitmap_index = 4979, .adv_w = 154, .box_w = 5, .box_h = 5, .ofs_x = 3, .ofs_y = 7},
    {.bitmap_index = 4993, .adv_w = 154, .box_w = 11, .box_h = 8, .ofs_x = -1, .ofs_y = 1},
    {.bitmap_index = 5032, .adv_w = 154, .box_w = 10, .box_h = 13, .ofs_x = 0, .ofs_y = -1},
    {.bitmap_index = 5095, .adv_w = 154, .box_w = 10, .box_h = 12, .ofs_x = 0, .ofs_y = 0},
    {.bitmap_index = 5154, .adv_w = 154, .box_w = 10, .box_h = 13, .ofs_x = 0, .ofs_y = -1},
    {.bitmap_index = 5216, .adv_w = 154, .box_w = 8, .box_h = 12, .ofs_x = 0, .ofs_y = -3},
    {.bitmap_index = 5257, .adv_w = 154, .box_w = 9, .box_h = 16, .ofs_x = 0, .ofs_y = 0},
    {.bitmap_index = 5319, .adv_w = 154, .box_w = 9, .box_h = 16, .ofs_x = 0, .ofs_y = 0},
    {.bitmap_index = 5382, .adv_w = 154, .box_w = 10, .box_h = 16, .ofs_x = 0, .ofs_y = 0},
    {.bitmap_index = 5450, .adv_w = 154, .box_w = 10, .box_h = 15, .ofs_x = 0, .ofs_y = 0},
    {.bitmap_index = 5515, .adv_w = 154, .box_w = 10, .box_h = 16, .ofs_x = 0, .ofs_y = 0},
    {.bitmap_index = 5584, .adv_w = 154, .box_w = 9, .box_h = 16, .ofs_x = 0, .ofs_y = 0},
    {.bitmap_index = 5650, .adv_w = 154, .box_w = 12, .box_h = 12, .ofs_x = -1, .ofs_y = 0},
    {.bitmap_index = 5713, .adv_w = 154, .box_w = 9, .box_h = 15, .ofs_x = 1, .ofs_y = -3},
    {.bitmap_index = 5773, .adv_w = 154, .box_w = 10, .box_h = 16, .ofs_x = 0, .ofs_y = 0},
    {.bitmap_index = 5831, .adv_w = 154, .box_w = 10, .box_h = 16, .ofs_x = 0, .ofs_y = 0},
    {.bitmap_index = 5890, .adv_w = 154, .box_w = 10, .box_h = 16, .ofs_x = 0, .ofs_y = 0},
    {.bitmap_index = 5951, .adv_w = 154, .box_w = 10, .box_h = 16, .ofs_x = 0, .ofs_y = 0},
    {.bitmap_index = 6013, .adv_w = 154, .box_w = 10, .box_h = 16, .ofs_x = 0, .ofs_y = 0},
    {.bitmap_index = 6071, .adv_w = 154, .box_w = 10, .box_h = 16, .ofs_x = 0, .ofs_y = 0},
    {.bitmap_index = 6130, .adv_w = 154, .box_w = 10, .box_h = 16, .ofs_x = 0, .ofs_y = 0},
    {.bitmap_index = 6192, .adv_w = 154, .box_w = 10, .box_h = 16, .ofs_x = 0, .ofs_y = 0},
    {.bitmap_index = 6253, .adv_w = 154, .box_w = 10, .box_h = 12, .ofs_x = 0, .ofs_y = 0},
    {.bitmap_index = 6312, .adv_w = 154, .box_w = 10, .box_h = 15, .ofs_x = 0, .ofs_y = 0},
    {.bitmap_index = 6388, .adv_w = 154, .box_w = 8, .box_h = 16, .ofs_x = 1, .ofs_y = 0},
    {.bitmap_index = 6446, .adv_w = 154, .box_w = 8, .box_h = 16, .ofs_x = 1, .ofs_y = 0},
    {.bitmap_index = 6505, .adv_w = 154, .box_w = 9, .box_h = 16, .ofs_x = 1, .ofs_y = 0},
    {.bitmap_index = 6574, .adv_w = 154, .box_w = 9, .box_h = 15, .ofs_x = 1, .ofs_y = 0},
    {.bitmap_index = 6640, .adv_w = 154, .box_w = 9, .box_h = 16, .ofs_x = 1, .ofs_y = 0},
    {.bitmap_index = 6708, .adv_w = 154, .box_w = 8, .box_h = 7, .ofs_x = 1, .ofs_y = 2},
    {.bitmap_index = 6737, .adv_w = 154, .box_w = 12, .box_h = 13, .ofs_x = -1, .ofs_y = -1},
    {.bitmap_index = 6806, .adv_w = 154, .box_w = 10, .box_h = 16, .ofs_x = 0, .ofs_y = 0},
    {.bitmap_index = 6878, .adv_w = 154, .box_w = 10, .box_h = 16, .ofs_x = 0, .ofs_y = 0},
    {.bitmap_index = 6951, .adv_w = 154, .box_w = 10, .box_h = 16, .ofs_x = 0, .ofs_y = 0},
    {.bitmap_index = 7026, .adv_w = 154, .box_w = 10, .box_h = 16, .ofs_x = 0, .ofs_y = 0},
    {.bitmap_index = 7101, .adv_w = 154, .box_w = 10, .box_h = 16, .ofs_x = 1, .ofs_y = 0},
    {.bitmap_index = 7164, .adv_w = 154, .box_w = 10, .box_h = 12, .ofs_x = 0, .ofs_y = 0},
    {.bitmap_index = 7216, .adv_w = 154, .box_w = 13, .box_h = 15, .ofs_x = -3, .ofs_y = -3},
    {.bitmap_index = 7294, .adv_w = 154, .box_w = 9, .box_h = 13, .ofs_x = 0, .ofs_y = 0},
    {.bitmap_index = 7348, .adv_w = 154, .box_w = 9, .box_h = 13, .ofs_x = 0, .ofs_y = 0},
    {.bitmap_index = 7402, .adv_w = 154, .box_w = 9, .box_h = 13, .ofs_x = 0, .ofs_y = 0},
    {.bitmap_index = 7460, .adv_w = 154, .box_w = 9, .box_h = 13, .ofs_x = 0, .ofs_y = 0},
    {.bitmap_index = 7516, .adv_w = 154, .box_w = 9, .box_h = 13, .ofs_x = 0, .ofs_y = 0},
    {.bitmap_index = 7572, .adv_w = 154, .box_w = 9, .box_h = 14, .ofs_x = 0, .ofs_y = 0},
    {.bitmap_index = 7632, .adv_w = 154, .box_w = 10, .box_h = 9, .ofs_x = 0, .ofs_y = 0},
    {.bitmap_index = 7677, .adv_w = 154, .box_w = 8, .box_h = 12, .ofs_x = 1, .ofs_y = -3},
    {.bitmap_index = 7721, .adv_w = 154, .box_w = 9, .box_h = 13, .ofs_x = 0, .ofs_y = 0},
    {.bitmap_index = 7773, .adv_w = 154, .box_w = 9, .box_h = 13, .ofs_x = 0, .ofs_y = 0},
    {.bitmap_index = 7826, .adv_w = 154, .box_w = 9, .box_h = 13, .ofs_x = 0, .ofs_y = 0},
    {.bitmap_index = 7882, .adv_w = 154, .box_w = 9, .box_h = 13, .ofs_x = 0, .ofs_y = 0},
    {.bitmap_index = 7937, .adv_w = 154, .box_w = 9, .box_h = 13, .ofs_x = 0, .ofs_y = 0},
    {.bitmap_index = 7982, .adv_w = 154, .box_w = 9, .box_h = 13, .ofs_x = 0, .ofs_y = 0},
    {.bitmap_index = 8028, .adv_w = 154, .box_w = 9, .box_h = 13, .ofs_x = 0, .ofs_y = 0},
    {.bitmap_index = 8077, .adv_w = 154, .box_w = 10, .box_h = 13, .ofs_x = 0, .ofs_y = 0},
    {.bitmap_index = 8127, .adv_w = 154, .box_w = 9, .box_h = 13, .ofs_x = 0, .ofs_y = 0},
    {.bitmap_index = 8180, .adv_w = 154, .box_w = 9, .box_h = 13, .ofs_x = 0, .ofs_y = 0},
    {.bitmap_index = 8235, .adv_w = 154, .box_w = 9, .box_h = 13, .ofs_x = 0, .ofs_y = 0},
    {.bitmap_index = 8286, .adv_w = 154, .box_w = 9, .box_h = 13, .ofs_x = 0, .ofs_y = 0},
    {.bitmap_index = 8338, .adv_w = 154, .box_w = 9, .box_h = 13, .ofs_x = 0, .ofs_y = 0},
    {.bitmap_index = 8394, .adv_w = 154, .box_w = 9, .box_h = 13, .ofs_x = 0, .ofs_y = 0},
    {.bitmap_index = 8448, .adv_w = 154, .box_w = 9, .box_h = 13, .ofs_x = 0, .ofs_y = 0},
    {.bitmap_index = 8502, .adv_w = 154, .box_w = 8, .box_h = 9, .ofs_x = 1, .ofs_y = 1},
    {.bitmap_index = 8531, .adv_w = 154, .box_w = 11, .box_h = 11, .ofs_x = -1, .ofs_y = -1},
    {.bitmap_index = 8585, .adv_w = 154, .box_w = 8, .box_h = 13, .ofs_x = 1, .ofs_y = 0},
    {.bitmap_index = 8631, .adv_w = 154, .box_w = 8, .box_h = 13, .ofs_x = 1, .ofs_y = 0},
    {.bitmap_index = 8678, .adv_w = 154, .box_w = 8, .box_h = 13, .ofs_x = 1, .ofs_y = 0},
    {.bitmap_index = 8728, .adv_w = 154, .box_w = 8, .box_h = 13, .ofs_x = 1, .ofs_y = 0},
    {.bitmap_index = 8776, .adv_w = 154, .box_w = 8, .box_h = 16, .ofs_x = 1, .ofs_y = -3},
    {.bitmap_index = 8836, .adv_w = 154, .box_w = 9, .box_h = 15, .ofs_x = 0, .ofs_y = -3},
    {.bitmap_index = 8894, .adv_w = 154, .box_w = 8, .box_h = 16, .ofs_x = 1, .ofs_y = -3},
    {.bitmap_index = 8955, .adv_w = 154, .box_w = 9, .box_h = 15, .ofs_x = 0, .ofs_y = 0},
    {.bitmap_index = 9015, .adv_w = 154, .box_w = 9, .box_h = 12, .ofs_x = 0, .ofs_y = 0},
    {.bitmap_index = 9068, .adv_w = 154, .box_w = 10, .box_h = 16, .ofs_x = 0, .ofs_y = 0},
    {.bitmap_index = 9136, .adv_w = 154, .box_w = 9, .box_h = 13, .ofs_x = 0, .ofs_y = 0},
    {.bitmap_index = 9195, .adv_w = 154, .box_w = 9, .box_h = 15, .ofs_x = 0, .ofs_y = -3},
    {.bitmap_index = 9256, .adv_w = 154, .box_w = 9, .box_h = 12, .ofs_x = 0, .ofs_y = -3},
    {.bitmap_index = 9309, .adv_w = 154, .box_w = 9, .box_h = 16, .ofs_x = 1, .ofs_y = 0},
    {.bitmap_index = 9369, .adv_w = 154, .box_w = 9, .box_h = 13, .ofs_x = 0, .ofs_y = 0},
    {.bitmap_index = 9418, .adv_w = 154, .box_w = 9, .box_h = 16, .ofs_x = 1, .ofs_y = 0},
    {.bitmap_index = 9482, .adv_w = 154, .box_w = 9, .box_h = 13, .ofs_x = 0, .ofs_y = 0},
    {.bitmap_index = 9535, .adv_w = 154, .box_w = 9, .box_h = 16, .ofs_x = 1, .ofs_y = 0},
    {.bitmap_index = 9595, .adv_w = 154, .box_w = 9, .box_h = 13, .ofs_x = 0, .ofs_y = 0},
    {.bitmap_index = 9642, .adv_w = 154, .box_w = 9, .box_h = 16, .ofs_x = 1, .ofs_y = 0},
    {.bitmap_index = 9706, .adv_w = 154, .box_w = 10, .box_h = 13, .ofs_x = 0, .ofs_y = 0},
    {.bitmap_index = 9761, .adv_w = 154, .box_w = 10, .box_h = 16, .ofs_x = 0, .ofs_y = 0},
    {.bitmap_index = 9837, .adv_w = 154, .box_w = 11, .box_h = 12, .ofs_x = 0, .ofs_y = 0},
    {.bitmap_index = 9896, .adv_w = 154, .box_w = 10, .box_h = 12, .ofs_x = 0, .ofs_y = 0},
    {.bitmap_index = 9955, .adv_w = 154, .box_w = 11, .box_h = 12, .ofs_x = 0, .ofs_y = 0},
    {.bitmap_index = 10013, .adv_w = 154, .box_w = 10, .box_h = 15, .ofs_x = 0, .ofs_y = 0},
    {.bitmap_index = 10069, .adv_w = 154, .box_w = 9, .box_h = 12, .ofs_x = 0, .ofs_y = 0},
    {.bitmap_index = 10120, .adv_w = 154, .box_w = 10, .box_h = 16, .ofs_x = 0, .ofs_y = 0},
    {.bitmap_index = 10182, .adv_w = 154, .box_w = 9, .box_h = 13, .ofs_x = 0, .ofs_y = 0},
    {.bitmap_index = 10239, .adv_w = 154, .box_w = 10, .box_h = 16, .ofs_x = 0, .ofs_y = 0},
    {.bitmap_index = 10296, .adv_w = 154, .box_w = 9, .box_h = 13, .ofs_x = 0, .ofs_y = 0},
    {.bitmap_index = 10347, .adv_w = 154, .box_w = 10, .box_h = 15, .ofs_x = 0, .ofs_y = -3},
    {.bitmap_index = 10404, .adv_w = 154, .box_w = 9, .box_h = 12, .ofs_x = 0, .ofs_y = -3},
    {.bitmap_index = 10455, .adv_w = 154, .box_w = 10, .box_h = 16, .ofs_x = 0, .ofs_y = 0},
    {.bitmap_index = 10516, .adv_w = 154, .box_w = 9, .box_h = 13, .ofs_x = 0, .ofs_y = 0},
    {.bitmap_index = 10571, .adv_w = 154, .box_w = 10, .box_h = 16, .ofs_x = 0, .ofs_y = 0},
    {.bitmap_index = 10646, .adv_w = 154, .box_w = 8, .box_h = 16, .ofs_x = 1, .ofs_y = -3},
    {.bitmap_index = 10708, .adv_w = 154, .box_w = 10, .box_h = 16, .ofs_x = 0, .ofs_y = 0},
    {.bitmap_index = 10781, .adv_w = 154, .box_w = 8, .box_h = 16, .ofs_x = 1, .ofs_y = -3},
    {.bitmap_index = 10845, .adv_w = 154, .box_w = 10, .box_h = 16, .ofs_x = 0, .ofs_y = 0},
    {.bitmap_index = 10915, .adv_w = 154, .box_w = 8, .box_h = 16, .ofs_x = 1, .ofs_y = -3},
    {.bitmap_index = 10973, .adv_w = 154, .box_w = 10, .box_h = 16, .ofs_x = 0, .ofs_y = -4},
    {.bitmap_index = 11046, .adv_w = 154, .box_w = 8, .box_h = 17, .ofs_x = 1, .ofs_y = -3},
    {.bitmap_index = 11109, .adv_w = 154, .box_w = 10, .box_h = 16, .ofs_x = 0, .ofs_y = 0},
    {.bitmap_index = 11183, .adv_w = 154, .box_w = 9, .box_h = 15, .ofs_x = 0, .ofs_y = 0},
    {.bitmap_index = 11244, .adv_w = 154, .box_w = 11, .box_h = 12, .ofs_x = 0, .ofs_y = 0},
    {.bitmap_index = 11305, .adv_w = 154, .box_w = 9, .box_h = 12, .ofs_x = 0, .ofs_y = 0},
    {.bitmap_index = 11356, .adv_w = 154, .box_w = 10, .box_h = 15, .ofs_x = 0, .ofs_y = 0},
    {.bitmap_index = 11414, .adv_w = 154, .box_w = 9, .box_h = 13, .ofs_x = 0, .ofs_y = 0},
    {.bitmap_index = 11461, .adv_w = 154, .box_w = 10, .box_h = 15, .ofs_x = 0, .ofs_y = 0},
    {.bitmap_index = 11517, .adv_w = 154, .box_w = 9, .box_h = 12, .ofs_x = 0, .ofs_y = 0},
    {.bitmap_index = 11561, .adv_w = 154, .box_w = 10, .box_h = 16, .ofs_x = 0, .ofs_y = 0},
    {.bitmap_index = 11623, .adv_w = 154, .box_w = 9, .box_h = 13, .ofs_x = 0, .ofs_y = 0},
    {.bitmap_index = 11672, .adv_w = 154, .box_w = 10, .box_h = 15, .ofs_x = 0, .ofs_y = -3},
    {.bitmap_index = 11729, .adv_w = 154, .box_w = 9, .box_h = 16, .ofs_x = 0, .ofs_y = -3},
    {.bitmap_index = 11785, .adv_w = 154, .box_w = 10, .box_h = 16, .ofs_x = 0, .ofs_y = 0},
    {.bitmap_index = 11842, .adv_w = 154, .box_w = 9, .box_h = 9, .ofs_x = 0, .ofs_y = 0},
    {.bitmap_index = 11875, .adv_w = 153, .box_w = 11, .box_h = 16, .ofs_x = -1, .ofs_y = -4},
    {.bitmap_index = 11956, .adv_w = 132, .box_w = 9, .box_h = 16, .ofs_x = 0, .ofs_y = -4},
    {.bitmap_index = 12027, .adv_w = 154, .box_w = 12, .box_h = 16, .ofs_x = 0, .ofs_y = 0},
    {.bitmap_index = 12092, .adv_w = 154, .box_w = 10, .box_h = 16, .ofs_x = 0, .ofs_y = -3},
    {.bitmap_index = 12151, .adv_w = 154, .box_w = 10, .box_h = 16, .ofs_x = 0, .ofs_y = -4},
    {.bitmap_index = 12224, .adv_w = 154, .box_w = 10, .box_h = 16, .ofs_x = 0, .ofs_y = -4},
    {.bitmap_index = 12292, .adv_w = 154, .box_w = 10, .box_h = 9, .ofs_x = 0, .ofs_y = 0},
    {.bitmap_index = 12336, .adv_w = 154, .box_w = 8, .box_h = 16, .ofs_x = 1, .ofs_y = 0},
    {.bitmap_index = 12384, .adv_w = 154, .box_w = 8, .box_h = 16, .ofs_x = 1, .ofs_y = 0},
    {.bitmap_index = 12435, .adv_w = 154, .box_w = 8, .box_h = 16, .ofs_x = 1, .ofs_y = -4},
    {.bitmap_index = 12484, .adv_w = 154, .box_w = 8, .box_h = 16, .ofs_x = 1, .ofs_y = -4},
    {.bitmap_index = 12536, .adv_w = 154, .box_w = 8, .box_h = 12, .ofs_x = 1, .ofs_y = 0},
    {.bitmap_index = 12577, .adv_w = 154, .box_w = 9, .box_h = 12, .ofs_x = 1, .ofs_y = 0},
    {.bitmap_index = 12620, .adv_w = 154, .box_w = 8, .box_h = 12, .ofs_x = 1, .ofs_y = 0},
    {.bitmap_index = 12661, .adv_w = 154, .box_w = 10, .box_h = 12, .ofs_x = 1, .ofs_y = 0},
    {.bitmap_index = 12711, .adv_w = 154, .box_w = 9, .box_h = 12, .ofs_x = 0, .ofs_y = 0},
    {.bitmap_index = 12754, .adv_w = 154, .box_w = 8, .box_h = 12, .ofs_x = 1, .ofs_y = 0},
    {.bitmap_index = 12796, .adv_w = 154, .box_w = 10, .box_h = 16, .ofs_x = 0, .ofs_y = 0},
    {.bitmap_index = 12872, .adv_w = 154, .box_w = 9, .box_h = 13, .ofs_x = 0, .ofs_y = 0},
    {.bitmap_index = 12925, .adv_w = 154, .box_w = 10, .box_h = 16, .ofs_x = 0, .ofs_y = -4},
    {.bitmap_index = 13002, .adv_w = 154, .box_w = 9, .box_h = 13, .ofs_x = 0, .ofs_y = -4},
    {.bitmap_index = 13057, .adv_w = 154, .box_w = 10, .box_h = 16, .ofs_x = 0, .ofs_y = 0},
    {.bitmap_index = 13137, .adv_w = 154, .box_w = 10, .box_h = 13, .ofs_x = 0, .ofs_y = 0},
    {.bitmap_index = 13198, .adv_w = 154, .box_w = 9, .box_h = 13, .ofs_x = 0, .ofs_y = 0},
    {.bitmap_index = 13251, .adv_w = 154, .box_w = 10, .box_h = 15, .ofs_x = 0, .ofs_y = -3},
    {.bitmap_index = 13327, .adv_w = 154, .box_w = 9, .box_h = 12, .ofs_x = 0, .ofs_y = -3},
    {.bitmap_index = 13381, .adv_w = 154, .box_w = 8, .box_h = 15, .ofs_x = 1, .ofs_y = 0},
    {.bitmap_index = 13438, .adv_w = 154, .box_w = 9, .box_h = 12, .ofs_x = 0, .ofs_y = 0},
    {.bitmap_index = 13488, .adv_w = 154, .box_w = 9, .box_h = 16, .ofs_x = 1, .ofs_y = 0},
    {.bitmap_index = 13557, .adv_w = 154, .box_w = 9, .box_h = 13, .ofs_x = 0, .ofs_y = 0},
    {.bitmap_index = 13613, .adv_w = 154, .box_w = 10, .box_h = 16, .ofs_x = 1, .ofs_y = 0},
    {.bitmap_index = 13688, .adv_w = 154, .box_w = 10, .box_h = 13, .ofs_x = 0, .ofs_y = 0},
    {.bitmap_index = 13749, .adv_w = 154, .box_w = 11, .box_h = 12, .ofs_x = 0, .ofs_y = 0},
    {.bitmap_index = 13815, .adv_w = 154, .box_w = 10, .box_h = 9, .ofs_x = 0, .ofs_y = 0},
    {.bitmap_index = 13861, .adv_w = 154, .box_w = 10, .box_h = 16, .ofs_x = 0, .ofs_y = 0},
    {.bitmap_index = 13933, .adv_w = 154, .box_w = 8, .box_h = 13, .ofs_x = 1, .ofs_y = 0},
    {.bitmap_index = 13977, .adv_w = 154, .box_w = 10, .box_h = 16, .ofs_x = 0, .ofs_y = -4},
    {.bitmap_index = 14050, .adv_w = 154, .box_w = 10, .box_h = 13, .ofs_x = -1, .ofs_y = -4},
    {.bitmap_index = 14100, .adv_w = 154, .box_w = 10, .box_h = 16, .ofs_x = 0, .ofs_y = 0},
    {.bitmap_index = 14175, .adv_w = 154, .box_w = 9, .box_h = 13, .ofs_x = 1, .ofs_y = 0},
    {.bitmap_index = 14226, .adv_w = 154, .box_w = 9, .box_h = 16, .ofs_x = 0, .ofs_y = 0},
    {.bitmap_index = 14291, .adv_w = 154, .box_w = 9, .box_h = 13, .ofs_x = 0, .ofs_y = 0},
    {.bitmap_index = 14345, .adv_w = 154, .box_w = 10, .box_h = 16, .ofs_x = 0, .ofs_y = 0},
    {.bitmap_index = 14417, .adv_w = 154, .box_w = 9, .box_h = 13, .ofs_x = 0, .ofs_y = 0},
    {.bitmap_index = 14474, .adv_w = 154, .box_w = 9, .box_h = 15, .ofs_x = 0, .ofs_y = -3},
    {.bitmap_index = 14538, .adv_w = 154, .box_w = 9, .box_h = 12, .ofs_x = 0, .ofs_y = -3},
    {.bitmap_index = 14591, .adv_w = 154, .box_w = 10, .box_h = 16, .ofs_x = 0, .ofs_y = 0},
    {.bitmap_index = 14662, .adv_w = 154, .box_w = 9, .box_h = 13, .ofs_x = 0, .ofs_y = 0},
    {.bitmap_index = 14718, .adv_w = 154, .box_w = 9, .box_h = 15, .ofs_x = 1, .ofs_y = -3},
    {.bitmap_index = 14769, .adv_w = 154, .box_w = 9, .box_h = 15, .ofs_x = 1, .ofs_y = -3},
    {.bitmap_index = 14822, .adv_w = 154, .box_w = 9, .box_h = 16, .ofs_x = 1, .ofs_y = 0},
    {.bitmap_index = 14879, .adv_w = 154, .box_w = 9, .box_h = 13, .ofs_x = 1, .ofs_y = 0},
    {.bitmap_index = 14927, .adv_w = 154, .box_w = 9, .box_h = 12, .ofs_x = 1, .ofs_y = 0},
    {.bitmap_index = 14972, .adv_w = 154, .box_w = 9, .box_h = 12, .ofs_x = 1, .ofs_y = 0},
    {.bitmap_index = 15020, .adv_w = 154, .box_w = 10, .box_h = 15, .ofs_x = 0, .ofs_y = 0},
    {.bitmap_index = 15092, .adv_w = 154, .box_w = 8, .box_h = 13, .ofs_x = 1, .ofs_y = 0},
    {.bitmap_index = 15140, .adv_w = 154, .box_w = 10, .box_h = 15, .ofs_x = 0, .ofs_y = 0},
    {.bitmap_index = 15210, .adv_w = 154, .box_w = 8, .box_h = 12, .ofs_x = 1, .ofs_y = 0},
    {.bitmap_index = 15255, .adv_w = 154, .box_w = 10, .box_h = 16, .ofs_x = 0, .ofs_y = 0},
    {.bitmap_index = 15330, .adv_w = 154, .box_w = 8, .box_h = 13, .ofs_x = 1, .ofs_y = 0},
    {.bitmap_index = 15381, .adv_w = 154, .box_w = 10, .box_h = 16, .ofs_x = 0, .ofs_y = 0},
    {.bitmap_index = 15456, .adv_w = 154, .box_w = 8, .box_h = 14, .ofs_x = 1, .ofs_y = 0},
    {.bitmap_index = 15508, .adv_w = 154, .box_w = 11, .box_h = 16, .ofs_x = 0, .ofs_y = 0},
    {.bitmap_index = 15587, .adv_w = 154, .box_w = 9, .box_h = 13, .ofs_x = 1, .ofs_y = 0},
    {.bitmap_index = 15643, .adv_w = 154, .box_w = 10, .box_h = 15, .ofs_x = 0, .ofs_y = -3},
    {.bitmap_index = 15713, .adv_w = 154, .box_w = 9, .box_h = 12, .ofs_x = 0, .ofs_y = -3},
    {.bitmap_index = 15763, .adv_w = 154, .box_w = 10, .box_h = 16, .ofs_x = 1, .ofs_y = 0},
    {.bitmap_index = 15840, .adv_w = 154, .box_w = 9, .box_h = 13, .ofs_x = 1, .ofs_y = 0},
    {.bitmap_index = 15898, .adv_w = 154, .box_w = 10, .box_h = 16, .ofs_x = 1, .ofs_y = 0},
    {.bitmap_index = 15963, .adv_w = 154, .box_w = 8, .box_h = 16, .ofs_x = 1, .ofs_y = -3},
    {.bitmap_index = 16025, .adv_w = 154, .box_w = 10, .box_h = 16, .ofs_x = 1, .ofs_y = 0},
    {.bitmap_index = 16090, .adv_w = 154, .box_w = 10, .box_h = 16, .ofs_x = 0, .ofs_y = 0},
    {.bitmap_index = 16151, .adv_w = 154, .box_w = 9, .box_h = 13, .ofs_x = 0, .ofs_y = 0},
    {.bitmap_index = 16200, .adv_w = 154, .box_w = 10, .box_h = 16, .ofs_x = 0, .ofs_y = 0},
    {.bitmap_index = 16259, .adv_w = 154, .box_w = 9, .box_h = 13, .ofs_x = 0, .ofs_y = 0},
    {.bitmap_index = 16306, .adv_w = 154, .box_w = 10, .box_h = 16, .ofs_x = 0, .ofs_y = 0},
    {.bitmap_index = 16370, .adv_w = 154, .box_w = 9, .box_h = 13, .ofs_x = 0, .ofs_y = 0},
    {.bitmap_index = 16422, .adv_w = 154, .box_w = 12, .box_h = 15, .ofs_x = -1, .ofs_y = -3},
    {.bitmap_index = 16479, .adv_w = 141, .box_w = 0, .box_h = 0, .ofs_x = 0, .ofs_y = 0},
    {.bitmap_index = 16479, .adv_w = 66, .box_w = 0, .box_h = 0, .ofs_x = 0, .ofs_y = 0},
    {.bitmap_index = 16479, .adv_w = 42, .box_w = 0, .box_h = 0, .ofs_x = 0, .ofs_y = 0},
    {.bitmap_index = 16479, .adv_w = 26, .box_w = 0, .box_h = 0, .ofs_x = 0, .ofs_y = 0},
    {.bitmap_index = 16479, .adv_w = 154, .box_w = 0, .box_h = 0, .ofs_x = 0, .ofs_y = 0},
    {.bitmap_index = 16479, .adv_w = 154, .box_w = 6, .box_h = 3, .ofs_x = 2, .ofs_y = 4},
    {.bitmap_index = 16486, .adv_w = 141, .box_w = 9, .box_h = 3, .ofs_x = 0, .ofs_y = 4},
    {.bitmap_index = 16494, .adv_w = 154, .box_w = 8, .box_h = 3, .ofs_x = 1, .ofs_y = 4},
    {.bitmap_index = 16502, .adv_w = 154, .box_w = 10, .box_h = 3, .ofs_x = 0, .ofs_y = 4},
    {.bitmap_index = 16510, .adv_w = 246, .box_w = 15, .box_h = 3, .ofs_x = 0, .ofs_y = 3},
    {.bitmap_index = 16522, .adv_w = 154, .box_w = 5, .box_h = 5, .ofs_x = 3, .ofs_y = 7},
    {.bitmap_index = 16536, .adv_w = 154, .box_w = 4, .box_h = 5, .ofs_x = 3, .ofs_y = 7},
    {.bitmap_index = 16547, .adv_w = 154, .box_w = 4, .box_h = 5, .ofs_x = 2, .ofs_y = -3},
    {.bitmap_index = 16557, .adv_w = 154, .box_w = 7, .box_h = 5, .ofs_x = 2, .ofs_y = 7},
    {.bitmap_index = 16575, .adv_w = 154, .box_w = 8, .box_h = 5, .ofs_x = 0, .ofs_y = 7},
    {.bitmap_index = 16595, .adv_w = 154, .box_w = 8, .box_h = 5, .ofs_x = 0, .ofs_y = -3},
    {.bitmap_index = 16616, .adv_w = 154, .box_w = 9, .box_h = 16, .ofs_x = 1, .ofs_y = -2},
    {.bitmap_index = 16670, .adv_w = 154, .box_w = 10, .box_h = 16, .ofs_x = 0, .ofs_y = -3},
    {.bitmap_index = 16731, .adv_w = 154, .box_w = 6, .box_h = 4, .ofs_x = 2, .ofs_y = 4},
    {.bitmap_index = 16744, .adv_w = 154, .box_w = 9, .box_h = 3, .ofs_x = 0, .ofs_y = 0},
    {.bitmap_index = 16758, .adv_w = 154, .box_w = 11, .box_h = 12, .ofs_x = -1, .ofs_y = 0},
    {.bitmap_index = 16821, .adv_w = 154, .box_w = 4, .box_h = 5, .ofs_x = 2, .ofs_y = 7},
    {.bitmap_index = 16831, .adv_w = 154, .box_w = 8, .box_h = 5, .ofs_x = 0, .ofs_y = 7},
    {.bitmap_index = 16852, .adv_w = 154, .box_w = 6, .box_h = 8, .ofs_x = 2, .ofs_y = 1},
    {.bitmap_index = 16875, .adv_w = 154, .box_w = 7, .box_h = 8, .ofs_x = 1, .ofs_y = 1},
    {.bitmap_index = 16901, .adv_w = 154, .box_w = 10, .box_h = 12, .ofs_x = 0, .ofs_y = 0},
    {.bitmap_index = 16940, .adv_w = 95, .box_w = 6, .box_h = 12, .ofs_x = 0, .ofs_y = 0},
    {.bitmap_index = 16975, .adv_w = 141, .box_w = 10, .box_h = 14, .ofs_x = 0, .ofs_y = -2},
    {.bitmap_index = 17040, .adv_w = 141, .box_w = 10, .box_h = 12, .ofs_x = 0, .ofs_y = 0},
    {.bitmap_index = 17087, .adv_w = 141, .box_w = 11, .box_h = 12, .ofs_x = -1, .ofs_y = 0},
    {.bitmap_index = 17142, .adv_w = 141, .box_w = 10, .box_h = 12, .ofs_x = 0, .ofs_y = 0},
    {.bitmap_index = 17203, .adv_w = 189, .box_w = 12, .box_h = 12, .ofs_x = 0, .ofs_y = 0},
    {.bitmap_index = 17271, .adv_w = 159, .box_w = 12, .box_h = 12, .ofs_x = 0, .ofs_y = 0},
    {.bitmap_index = 17341, .adv_w = 154, .box_w = 11, .box_h = 14, .ofs_x = 0, .ofs_y = -2},
    {.bitmap_index = 17408, .adv_w = 154, .box_w = 10, .box_h = 12, .ofs_x = 0, .ofs_y = 0},
    {.bitmap_index = 17466, .adv_w = 144, .box_w = 11, .box_h = 12, .ofs_x = 0, .ofs_y = 0},
    {.bitmap_index = 17529, .adv_w = 154, .box_w = 11, .box_h = 12, .ofs_x = 0, .ofs_y = 0},
    {.bitmap_index = 17586, .adv_w = 141, .box_w = 10, .box_h = 12, .ofs_x = 0, .ofs_y = 0},
    {.bitmap_index = 17641, .adv_w = 174, .box_w = 10, .box_h = 13, .ofs_x = 1, .ofs_y = -1},
    {.bitmap_index = 17706, .adv_w = 154, .box_w = 10, .box_h = 12, .ofs_x = 0, .ofs_y = 0},
    {.bitmap_index = 17759, .adv_w = 150, .box_w = 10, .box_h = 13, .ofs_x = 1, .ofs_y = -1},
    {.bitmap_index = 17820, .adv_w = 126, .box_w = 10, .box_h = 12, .ofs_x = 0, .ofs_y = 0},
    {.bitmap_index = 17865, .adv_w = 141, .box_w = 9, .box_h = 12, .ofs_x = 1, .ofs_y = 0},
    {.bitmap_index = 17909, .adv_w = 141, .box_w = 9, .box_h = 12, .ofs_x = 0, .ofs_y = 0},
    {.bitmap_index = 17962, .adv_w = 190, .box_w = 12, .box_h = 12, .ofs_x = -1, .ofs_y = 0},
    {.bitmap_index = 18023, .adv_w = 154, .box_w = 10, .box_h = 12, .ofs_x = 0, .ofs_y = 0},
    {.bitmap_index = 18079, .adv_w = 154, .box_w = 10, .box_h = 10, .ofs_x = 0, .ofs_y = 0},
    {.bitmap_index = 18116, .adv_w = 154, .box_w = 9, .box_h = 12, .ofs_x = 0, .ofs_y = 0},
    {.bitmap_index = 18146, .adv_w = 154, .box_w = 10, .box_h = 10, .ofs_x = 0, .ofs_y = 0},
    {.bitmap_index = 18183, .adv_w = 154, .box_w = 9, .box_h = 13, .ofs_x = 1, .ofs_y = -1},
    {.bitmap_index = 18216, .adv_w = 154, .box_w = 13, .box_h = 10, .ofs_x = -2, .ofs_y = 0},
    {.bitmap_index = 18274, .adv_w = 154, .box_w = 9, .box_h = 18, .ofs_x = 0, .ofs_y = -3},
    {.bitmap_index = 18328, .adv_w = 154, .box_w = 9, .box_h = 8, .ofs_x = 0, .ofs_y = 4},
    {.bitmap_index = 18360, .adv_w = 154, .box_w = 9, .box_h = 8, .ofs_x = 0, .ofs_y = 4},
    {.bitmap_index = 18394, .adv_w = 154, .box_w = 9, .box_h = 8, .ofs_x = 0, .ofs_y = 0},
    {.bitmap_index = 18425, .adv_w = 154, .box_w = 9, .box_h = 8, .ofs_x = 0, .ofs_y = 0},
    {.bitmap_index = 18457, .adv_w = 154, .box_w = 11, .box_h = 2, .ofs_x = -1, .ofs_y = 5},
    {.bitmap_index = 18463, .adv_w = 154, .box_w = 11, .box_h = 6, .ofs_x = -1, .ofs_y = 3},
    {.bitmap_index = 18480, .adv_w = 154, .box_w = 6, .box_h = 25, .ofs_x = 2, .ofs_y = -7},
    {.bitmap_index = 18493, .adv_w = 154, .box_w = 8, .box_h = 16, .ofs_x = 2, .ofs_y = -7},
    {.bitmap_index = 18521, .adv_w = 154, .box_w = 9, .box_h = 16, .ofs_x = -1, .ofs_y = -7},
    {.bitmap_index = 18550, .adv_w = 154, .box_w = 8, .box_h = 16, .ofs_x = 2, .ofs_y = 3},
    {.bitmap_index = 18577, .adv_w = 154, .box_w = 9, .box_h = 16, .ofs_x = -1, .ofs_y = 3},
    {.bitmap_index = 18608, .adv_w = 154, .box_w = 10, .box_h = 22, .ofs_x = 0, .ofs_y = -5},
    {.bitmap_index = 18623, .adv_w = 154, .box_w = 10, .box_h = 4, .ofs_x = 0, .ofs_y = 13},
    {.bitmap_index = 18633, .adv_w = 154, .box_w = 10, .box_h = 11, .ofs_x = 0, .ofs_y = 0}
};

/*---------------------
 *  CHARACTER MAPPING
 *--------------------*/

static const uint16_t unicode_list_2[] = {
    0x0, 0x1, 0x2, 0x3, 0x4, 0x9, 0xb, 0xc,
    0xd, 0xe, 0x11, 0x12, 0x13, 0x15, 0x16, 0x17,
    0x19, 0x1a, 0x1b, 0x1f, 0x29, 0x2b, 0x2c, 0x32,
    0x33, 0x3d, 0x4b, 0x9a, 0x9c, 0x9d, 0x9f, 0xa0,
    0xa2, 0xa4, 0xa5, 0xa6, 0xa7, 0xaa, 0xab, 0xad,
    0xae, 0xb1, 0xb2, 0xb3, 0xb5, 0xb6, 0x189, 0x18a,
    0x18b, 0x18c, 0x18d, 0x18e, 0x18f, 0x190, 0x191, 0x192,
    0x4f9, 0x549, 0x54a, 0x54d, 0x550, 0x553, 0x556, 0x581,
    0x58d, 0x599
};

/*Collect the unicode lists and glyph_id offsets*/
static const lv_font_fmt_txt_cmap_t cmaps[] =
{
    {
        .range_start = 32, .range_length = 95, .glyph_id_start = 1,
        .unicode_list = NULL, .glyph_id_ofs_list = NULL, .list_length = 0, .type = LV_FONT_FMT_TXT_CMAP_FORMAT0_TINY
    },
    {
        .range_start = 160, .range_length = 224, .glyph_id_start = 96,
        .unicode_list = NULL, .glyph_id_ofs_list = NULL, .list_length = 0, .type = LV_FONT_FMT_TXT_CMAP_FORMAT0_TINY
    },
    {
        .range_start = 8199, .range_length = 1434, .glyph_id_start = 320,
        .unicode_list = unicode_list_2, .glyph_id_ofs_list = NULL, .list_length = 66, .type = LV_FONT_FMT_TXT_CMAP_SPARSE_TINY
    }
};



/*--------------------
 *  ALL CUSTOM DATA
 *--------------------*/

#if LVGL_VERSION_MAJOR == 8
/*Store all the custom data of the font*/
static  lv_font_fmt_txt_glyph_cache_t cache;
#endif

#if LVGL_VERSION_MAJOR >= 8
static const lv_font_fmt_txt_dsc_t font_dsc = {
#else
static lv_font_fmt_txt_dsc_t font_dsc = {
#endif
    .glyph_bitmap = glyph_bitmap,
    .glyph_dsc = glyph_dsc,
    .cmaps = cmaps,
    .kern_dsc = NULL,
    .kern_scale = 0,
    .cmap_num = 3,
    .bpp = 4,
    .kern_classes = 0,
    .bitmap_format = 1,
#if LVGL_VERSION_MAJOR == 8
    .cache = &cache
#endif
};



/*-----------------
 *  PUBLIC FONT
 *----------------*/

/* Preserve original UTF-8 while mapping unsupported codepoints to ASCII
 * question mark instead of LVGL's missing-glyph rectangle. */
static bool nomadnet_font_16_italic_get_glyph_dsc(const lv_font_t * font,
        lv_font_glyph_dsc_t * dsc, uint32_t letter, uint32_t letter_next)
{
    if(nomadnet_font_has_codepoint(letter) &&
       lv_font_get_glyph_dsc_fmt_txt(font, dsc, letter, letter_next)) return true;
    return lv_font_get_glyph_dsc_fmt_txt(font, dsc, '?', 0);
}

static const uint8_t * nomadnet_font_16_italic_get_glyph_bitmap(
        const lv_font_t * font, uint32_t letter)
{
    lv_font_glyph_dsc_t dsc;
    if(!nomadnet_font_has_codepoint(letter) ||
       !lv_font_get_glyph_dsc_fmt_txt(font, &dsc, letter, 0)) letter = '?';
    return lv_font_get_bitmap_fmt_txt(font, letter);
}

/*Initialize a public general font descriptor*/
#if LVGL_VERSION_MAJOR >= 8
const lv_font_t nomadnet_font_16_italic = {
#else
lv_font_t nomadnet_font_16_italic = {
#endif
    .get_glyph_dsc = nomadnet_font_16_italic_get_glyph_dsc,
    .get_glyph_bitmap = nomadnet_font_16_italic_get_glyph_bitmap,
    .line_height = 26,          /*The maximum line height required by the font*/
    .base_line = 7,             /*Baseline measured from the bottom of the line*/
#if !(LVGL_VERSION_MAJOR == 6 && LVGL_VERSION_MINOR == 0)
    .subpx = LV_FONT_SUBPX_NONE,
#endif
#if LV_VERSION_CHECK(7, 4, 0) || LVGL_VERSION_MAJOR >= 8
    .underline_position = -2,
    .underline_thickness = 1,
#endif
    .dsc = &font_dsc,          /*The custom font data. Will be accessed by `get_glyph_bitmap/dsc` */
#if LV_VERSION_CHECK(8, 2, 0) || LVGL_VERSION_MAJOR >= 9
    .fallback = NULL,
#endif
    .user_data = NULL,
};



#endif /*#if NOMADNET_FONT_16_ITALIC*/
