/*******************************************************************************
 * Bounded NomadNet font, 12 px, 4 bpp.
 * Primary source: JetBrains Mono NL Regular, Version 2.304.
 * Missing-codepoint donor: Noto Sans Regular, Version 2.015
 * (23 glyphs only). Both use SIL OFL 1.1; see
 * LICENSE-JetBrains-Mono-OFL-1.1.txt and LICENSE-Noto-Sans-OFL-1.1.txt.
 * Generated with lv_font_conv 1.5.3; kerning omitted, RLE compressed.
 * Exact coverage is defined by NomadNetFontCoverage.h.
 ******************************************************************************/

#ifdef LV_LVGL_H_INCLUDE_SIMPLE
#include "lvgl.h"
#else
#include "lvgl.h"
#endif
#include "NomadNetFontCoverage.h"

#if !LV_USE_FONT_COMPRESSED
#error "NomadNet fonts require LV_USE_FONT_COMPRESSED=1"
#endif

#ifndef NOMADNET_FONT_12
#define NOMADNET_FONT_12 1
#endif

#if NOMADNET_FONT_12

/*-----------------
 *    BITMAPS
 *----------------*/

/*Store the image of the glyphs*/
static LV_ATTRIBUTE_LARGE_CONST const uint8_t glyph_bitmap[] = {
    /* U+0020 " " */

    /* U+0021 "!" */
    0xf, 0x30, 0xe, 0x10, 0xc, 0x20, 0x11, 0x84,
    0x8, 0x9, 0x12, 0x1c,

    /* U+0022 "\"" */
    0x4e, 0xb, 0x77, 0x0, 0x7c, 0x23, 0x20, 0x69,
    0x0,

    /* U+0023 "#" */
    0x0, 0x42, 0x86, 0x8, 0x0, 0xd0, 0x4, 0x45,
    0xa9, 0x9a, 0x54, 0x58, 0x9b, 0x10, 0xa0, 0x53,
    0xd, 0x30, 0x7a, 0x6d, 0x79, 0x47, 0x76, 0xe8,
    0xb5, 0x1, 0x4c, 0x4, 0x2, 0x10, 0x26, 0x0,
    0x0,

    /* U+0024 "$" */
    0x0, 0x94, 0x3, 0xdc, 0x1, 0x86, 0x53, 0xc,
    0x1, 0x66, 0x69, 0xd0, 0x3, 0xcb, 0xac, 0x88,
    0x3c, 0x80, 0x1c, 0x42, 0x1d, 0x24, 0x40, 0x5,
    0xa8, 0x58, 0x1, 0xd6, 0x8, 0x1e, 0x20, 0x13,
    0x83, 0xe2, 0xe3, 0x18, 0x47, 0x1c, 0x58, 0x4,
    0x6c, 0x80, 0x0,

    /* U+0025 "%" */
    0x6e, 0xd2, 0x3, 0xa0, 0xac, 0xa5, 0xf, 0xb0,
    0xe, 0x89, 0x10, 0x9f, 0xb2, 0x35, 0x0, 0x2e,
    0xe4, 0xd0, 0x7, 0x45, 0x53, 0x5c, 0x0, 0x66,
    0x21, 0xd9, 0x0, 0x7d, 0x0, 0x73, 0xd0, 0xa3,
    0x6b, 0x0,

    /* U+0026 "&" */
    0x1, 0xcf, 0xa0, 0xd, 0x9, 0xe2, 0xe0, 0x1e,
    0x84, 0x0, 0xad, 0x8c, 0xe0, 0x0, 0xc8, 0x70,
    0x2, 0x86, 0xb, 0x92, 0xa4, 0x84, 0xb0, 0x25,
    0x92, 0x0, 0xbc, 0x54, 0x41, 0x2, 0x7, 0xb9,
    0x9d, 0x42,

    /* U+0027 "'" */
    0xf, 0x30, 0x0, 0x80, 0x64, 0x30,

    /* U+0028 "(" */
    0x0, 0x90, 0xf, 0xb4, 0x76, 0xe5, 0x95, 0x41,
    0xba, 0x0, 0x31, 0x0, 0x7f, 0x98, 0x80, 0x1b,
    0xa0, 0x3, 0x2a, 0x80, 0x76, 0xe4, 0xf, 0xb4,

    /* U+0029 ")" */
    0x31, 0x0, 0x2f, 0xa8, 0x36, 0xd1, 0x81, 0xbc,
    0x80, 0x29, 0xc0, 0x6, 0x40, 0x1f, 0xe2, 0x20,
    0x2, 0xdc, 0xd, 0xe5, 0xf6, 0x8d, 0x3d, 0x40,

    /* U+002A "*" */
    0x0, 0xb8, 0x40, 0x2, 0x1, 0xc2, 0xff, 0x0,
    0xdd, 0xd, 0xa0, 0x3b, 0xa9, 0x2, 0x47, 0x42,
    0x0, 0x38, 0x43, 0x58, 0x1, 0xb4, 0x22, 0x0,

    /* U+002B "+" */
    0x0, 0xb8, 0x80, 0x3f, 0x8f, 0xfc, 0x3b, 0xec,
    0x7f, 0xe1, 0xdf, 0x60, 0xf, 0xf1, 0x18, 0x0,

    /* U+002C "," */
    0xb, 0x50, 0x47, 0x30, 0x25, 0x40,

    /* U+002D "-" */
    0x5f, 0xfa, 0x0,

    /* U+002E "." */
    0x0, 0x8f, 0xd8, 0x2,

    /* U+002F "/" */
    0x0, 0xef, 0x10, 0xc, 0xc6, 0x20, 0x1b, 0x68,
    0x3, 0xa, 0x38, 0x6, 0x64, 0x10, 0xd, 0x7c,
    0x1, 0x88, 0xd4, 0x3, 0x52, 0x80, 0x72, 0xf0,
    0x6, 0x33, 0x20, 0x6, 0xa7, 0x0, 0xe7, 0xa0,
    0xc,

    /* U+0030 "0" */
    0x2, 0xcf, 0xd4, 0x0, 0x75, 0xfc, 0xd0, 0x0,
    0xdc, 0x10, 0xcc, 0x1, 0xc2, 0x1, 0xbc, 0xc0,
    0x3b, 0xc, 0x3, 0x8c, 0x4, 0x0, 0x6e, 0x8,
    0x46, 0x1d, 0x7f, 0x36, 0x0,

    /* U+0031 "1" */
    0x9, 0xf8, 0x0, 0x59, 0xb0, 0x5, 0xb4, 0x20,
    0x13, 0x0, 0x7f, 0xf4, 0x7b, 0xdd, 0xde, 0xe0,

    /* U+0032 "2" */
    0x2, 0xcf, 0xd4, 0x0, 0x75, 0xfc, 0x50, 0x1,
    0x5c, 0x14, 0x8, 0x24, 0x0, 0x42, 0x40, 0x1b,
    0xa0, 0x3, 0x53, 0x38, 0x5, 0x23, 0x40, 0x14,
    0x2d, 0x0, 0x67, 0x3e, 0xff, 0x28,

    /* U+0033 "3" */
    0xe, 0xff, 0xb8, 0x1, 0xdf, 0xe4, 0x90, 0xd,
    0x66, 0xe0, 0x13, 0x20, 0x7, 0x3d, 0x96, 0x0,
    0x42, 0x94, 0x62, 0x28, 0x0, 0xe1, 0x66, 0x3,
    0x8, 0x83, 0x6f, 0xeb, 0x40,

    /* U+0034 "4" */
    0x0, 0x93, 0x80, 0x34, 0xd8, 0x4, 0xe2, 0xa0,
    0x1, 0x8e, 0x3, 0xb, 0x72, 0x3d, 0x25, 0x80,
    0xe, 0xee, 0x60, 0x17, 0x7f, 0xac, 0x0, 0x23,
    0x38, 0x0,

    /* U+0035 "5" */
    0xc, 0xff, 0xb8, 0x2, 0xcf, 0xf7, 0x0, 0x7f,
    0xb3, 0xb0, 0xc0, 0x1b, 0xd9, 0x7a, 0x0, 0x11,
    0x13, 0x89, 0x5, 0x0, 0x79, 0xdc, 0xc, 0x24,
    0x1d, 0x7f, 0x7a, 0x0,

    /* U+0036 "6" */
    0x0, 0xa9, 0xc0, 0x31, 0xbb, 0x80, 0x37, 0xf0,
    0x6, 0x52, 0xed, 0x40, 0x4, 0xc6, 0xcd, 0x88,
    0x89, 0x81, 0x10, 0xe4, 0x1, 0xc6, 0x60, 0x70,
    0x54, 0x40, 0x6d, 0xfc, 0x58, 0x80,

    /* U+0037 "7" */
    0xf, 0xfe, 0x80, 0x7, 0x7f, 0x8f, 0x42, 0x4,
    0x8, 0xd4, 0x1c, 0x1, 0x6c, 0x1, 0xcf, 0x40,
    0x19, 0x4c, 0xc0, 0x1b, 0xac, 0x3, 0x12, 0x38,
    0x6, 0xa5, 0x10, 0x0,

    /* U+0038 "8" */
    0x1, 0xcf, 0xd4, 0x0, 0x6a, 0x7c, 0x50, 0x0,
    0xa8, 0x14, 0x48, 0x12, 0x81, 0x48, 0x81, 0xb,
    0xf5, 0x20, 0xf, 0xbf, 0xba, 0x22, 0x1b, 0x2,
    0x2b, 0x90, 0xb0, 0x22, 0x1c, 0x32, 0xbe, 0x64,
    0x40,

    /* U+0039 "9" */
    0x2, 0xcf, 0xd4, 0x0, 0x7d, 0xfc, 0x59, 0x10,
    0xdc, 0x15, 0x10, 0x1, 0xe3, 0x20, 0x60, 0x45,
    0x50, 0x6d, 0x75, 0x30, 0x0, 0xf3, 0x1, 0x0,
    0x1a, 0x60, 0x3, 0x2b, 0x30, 0x0,

    /* U+003A ":" */
    0x3e, 0x61, 0x22, 0xb1, 0x0, 0x3c, 0x58, 0x82,
    0x44,

    /* U+003B ";" */
    0x3f, 0x71, 0x22, 0xb5, 0x40, 0x3e, 0xc4, 0x13,
    0x65, 0x12, 0x35, 0x0,

    /* U+003C "<" */
    0x0, 0xc2, 0x20, 0x0, 0xc7, 0x98, 0xc7, 0x87,
    0x97, 0x87, 0xc0, 0x82, 0xac, 0x1, 0x5c, 0xc6,
    0x20, 0x1, 0x32, 0x64, 0x40, 0x12, 0xe9, 0x0,

    /* U+003D "=" */
    0xff, 0xe3, 0xff, 0xe3, 0x0, 0xf7, 0xff, 0x18,

    /* U+003E ">" */
    0x20, 0xe, 0xca, 0x20, 0xb, 0xb7, 0x24, 0x80,
    0xf, 0xdc, 0xc2, 0x0, 0x16, 0x99, 0x8a, 0xbf,
    0x34, 0x73, 0x1a, 0xc0, 0xe, 0x60, 0xc,

    /* U+003F "?" */
    0x7f, 0xf5, 0x3, 0xf6, 0x8c, 0x80, 0x97, 0x28,
    0x5, 0xea, 0x11, 0xe3, 0x20, 0x7, 0xb0, 0x4,
    0xc8, 0x2, 0x54, 0x0, 0xbf, 0x80, 0x0,

    /* U+0040 "@" */
    0x2, 0xbe, 0xd7, 0x0, 0x7f, 0xbb, 0x71, 0x91,
    0xd0, 0x1, 0xf8, 0x64, 0x11, 0x9c, 0x20, 0x1,
    0x7c, 0xf0, 0x8, 0xc8, 0x18, 0x2, 0x22, 0xa,
    0x90, 0x5, 0x19, 0x56, 0x44, 0x7, 0xdc, 0x25,
    0x76, 0x0, 0xef, 0xdf, 0xf1, 0x80,

    /* U+0041 "A" */
    0x0, 0x27, 0xb8, 0x6, 0xc3, 0xc0, 0xc, 0x94,
    0x80, 0x18, 0xdc, 0x8c, 0x0, 0x84, 0x2e, 0x80,
    0xc, 0x40, 0xcc, 0x0, 0x11, 0xbe, 0x50, 0x0,
    0x7b, 0xfe, 0x13, 0x42, 0x20, 0x1, 0x10,

    /* U+0042 "B" */
    0xef, 0xf6, 0xa0, 0x3, 0x7e, 0x28, 0x3, 0x28,
    0x88, 0x2, 0x52, 0x10, 0xdf, 0xbe, 0x0, 0x6f,
    0xee, 0x84, 0x2, 0x35, 0x50, 0x4, 0x68, 0xc1,
    0xbf, 0xb2, 0x40,

    /* U+0043 "C" */
    0x1b, 0xfd, 0x40, 0xb2, 0xf9, 0xb1, 0x7a, 0x4,
    0x80, 0x30, 0x9, 0xc4, 0x3, 0xff, 0x80, 0x60,
    0x13, 0x8b, 0xd0, 0x24, 0x5, 0x97, 0xcd, 0x8,

    /* U+0044 "D" */
    0xef, 0xf6, 0x10, 0x3, 0x3e, 0xfc, 0x3, 0x39,
    0x8, 0x7, 0x18, 0x7, 0xff, 0x14, 0xc0, 0x27,
    0x21, 0xc, 0xfb, 0xf0,

    /* U+0045 "E" */
    0xcf, 0xfc, 0x61, 0x7f, 0xf1, 0x80, 0x7f, 0xf0,
    0x6f, 0xfd, 0xa0, 0xb, 0xff, 0x68, 0x7, 0xff,
    0xa, 0xff, 0xe3,

    /* U+0046 "F" */
    0xdf, 0xfc, 0x81, 0x9f, 0xf2, 0x0, 0x7f, 0xf0,
    0x73, 0xba, 0x0, 0x5f, 0xfc, 0x0, 0x71, 0x18,
    0x3, 0xff, 0x82,

    /* U+0047 "G" */
    0x2b, 0xfd, 0x40, 0x93, 0xf9, 0xb0, 0x5a, 0x4,
    0x91, 0x10, 0x4, 0xc2, 0x0, 0x9e, 0xe1, 0x80,
    0x23, 0xcc, 0x4, 0x4, 0x46, 0x2b, 0x40, 0x80,
    0x52, 0x7f, 0x34, 0x0,

    /* U+0048 "H" */
    0xe3, 0x0, 0x78, 0x80, 0x7f, 0xf1, 0xf7, 0xb8,
    0x1, 0x57, 0xf8, 0x2, 0x71, 0x10, 0x7, 0xff,
    0x8,

    /* U+0049 "I" */
    0xbf, 0xfd, 0x7e, 0x1b, 0xe0, 0x1f, 0xfd, 0x2b,
    0xf0, 0xdf,

    /* U+004A "J" */
    0x0, 0xc5, 0xe0, 0x1f, 0xfd, 0x24, 0x70, 0x8,
    0x5e, 0x4c, 0x2d, 0xe, 0x37, 0xca, 0xc0,

    /* U+004B "K" */
    0xe3, 0x0, 0x6a, 0x80, 0x48, 0xa, 0x1, 0x45,
    0x80, 0x48, 0x4c, 0x0, 0xcb, 0x60, 0xb, 0x2d,
    0x80, 0x32, 0x13, 0x80, 0x68, 0x90, 0xc, 0x84,
    0xe0,

    /* U+004C "L" */
    0x7a, 0x0, 0xff, 0xf1, 0xaf, 0xfd, 0x20,

    /* U+004D "M" */
    0x2f, 0x90, 0x6f, 0x50, 0x24, 0xd, 0x40, 0x9,
    0xcd, 0xc4, 0x0, 0x7f, 0xeb, 0x10, 0x9, 0xd,
    0x40, 0x30, 0xf9, 0x0, 0x7f, 0xf2, 0xc0,

    /* U+004E "N" */
    0xeb, 0x0, 0x71, 0x2, 0x88, 0x6, 0x47, 0x0,
    0xdf, 0xa0, 0x19, 0xd8, 0x40, 0x32, 0xb8, 0x6,
    0xaa, 0x0, 0x62, 0x11, 0x0, 0x6a, 0x0, 0x0,

    /* U+004F "O" */
    0x2c, 0xfd, 0x30, 0x94, 0xf8, 0xd0, 0x5a, 0x5,
    0x11, 0x80, 0x31, 0x80, 0x7f, 0xf0, 0x4, 0x3,
    0x1a, 0xd0, 0x28, 0x8a, 0x53, 0xe3, 0x40,

    /* U+0050 "P" */
    0xef, 0xf7, 0x40, 0x3, 0x3f, 0x15, 0x40, 0x11,
    0x2e, 0x80, 0x42, 0xbc, 0x1b, 0xdc, 0x46, 0xa,
    0xff, 0x48, 0x1, 0xc4, 0x3, 0xff, 0x86,

    /* U+0051 "Q" */
    0x2, 0xcf, 0xd4, 0x0, 0x72, 0x7c, 0x50, 0x0,
    0xe4, 0x14, 0xcc, 0x0, 0x10, 0xf, 0xfe, 0x40,
    0x80, 0x71, 0xc8, 0x29, 0x18, 0x72, 0x7d, 0x58,
    0x0, 0xb3, 0xc8, 0x80, 0x1d, 0xd0, 0x20,

    /* U+0052 "R" */
    0xef, 0xf7, 0x30, 0x3, 0x3f, 0x64, 0xc0, 0x23,
    0x45, 0x0, 0x89, 0x54, 0x1b, 0xda, 0xc6, 0x15,
    0xa3, 0x0, 0x7, 0x35, 0x60, 0xd, 0xf6, 0x1,
    0x90, 0x14,

    /* U+0053 "S" */
    0x1, 0xcf, 0xd3, 0x0, 0x6a, 0x7d, 0xe8, 0x0,
    0xac, 0x1a, 0xc0, 0xf, 0xe8, 0xa, 0x0, 0x9b,
    0x8e, 0x60, 0x9, 0xf3, 0x60, 0x82, 0x0, 0x6,
    0x4c, 0xc, 0xc0, 0x43, 0x60, 0xda, 0xf9, 0xa2,

    /* U+0054 "T" */
    0x5f, 0xfe, 0x85, 0xff, 0x6, 0xfc, 0x0, 0x7f,
    0xf9, 0x40,

    /* U+0055 "U" */
    0xe2, 0x0, 0x79, 0x0, 0x7f, 0xf5, 0xcd, 0x68,
    0x14, 0x45, 0x29, 0xf1, 0x40,

    /* U+0056 "V" */
    0x4d, 0x0, 0xa9, 0xd0, 0x84, 0x0, 0xe8, 0x6,
    0x80, 0x24, 0x60, 0x9a, 0x8, 0x80, 0x6, 0x20,
    0x66, 0x0, 0x8, 0x60, 0xa8, 0x1, 0x1a, 0x91,
    0x80, 0x49, 0x2a, 0x1, 0xb0, 0xf0, 0x0,

    /* U+0057 "W" */
    0xb4, 0xf, 0x40, 0xe2, 0x2f, 0xb8, 0x59, 0xf9,
    0x98, 0x5c, 0x58, 0x42, 0x4c, 0x5c, 0xa2, 0x5c,
    0x2e, 0x44, 0xe, 0x22, 0x84, 0x40, 0x4c, 0x1,
    0x85, 0x8c, 0x8, 0x0, 0x44, 0x10,

    /* U+0058 "X" */
    0x2f, 0x20, 0x6, 0xa9, 0x35, 0x83, 0xa, 0x84,
    0x31, 0x5f, 0x80, 0x5, 0xf1, 0xcc, 0x2, 0xa1,
    0xf0, 0xd, 0x67, 0x20, 0x11, 0x3e, 0x8a, 0x80,
    0x26, 0x43, 0x36, 0x6, 0xae, 0x8, 0x4e,

    /* U+0059 "Y" */
    0x5c, 0x0, 0xa6, 0x14, 0x50, 0x5, 0xe4, 0x2f,
    0xc1, 0x9c, 0x41, 0x94, 0xe6, 0xc0, 0x29, 0xd4,
    0x20, 0x9, 0xc6, 0x40, 0x3c, 0x20, 0x1f, 0xfc,
    0x40,

    /* U+005A "Z" */
    0xef, 0xfc, 0x3d, 0xfe, 0xa2, 0x10, 0xa, 0x24,
    0x2, 0x77, 0x20, 0x0, 0x66, 0x0, 0x28, 0x62,
    0x0, 0x1b, 0xc0, 0x5, 0xf0, 0x1, 0x8e, 0x7f,
    0xe3,

    /* U+005B "[" */
    0x8f, 0xf3, 0x3, 0xfb, 0x0, 0x7f, 0xf6, 0x5f,
    0xd8,

    /* U+005C "\\" */
    0xe, 0x30, 0xe, 0x7a, 0x0, 0xea, 0x70, 0xe,
    0x33, 0x20, 0x7, 0x2f, 0x0, 0x75, 0x28, 0x7,
    0x11, 0xa8, 0x7, 0x5f, 0x0, 0x73, 0x20, 0x80,
    0x61, 0x47, 0x0, 0xed, 0xa0, 0xe, 0x63, 0x10,

    /* U+005D "]" */
    0x3f, 0xf5, 0x9f, 0xd0, 0x7, 0xff, 0x64, 0xfe,
    0x80,

    /* U+005E "^" */
    0x0, 0xf, 0xa8, 0x6, 0x97, 0xe0, 0xc, 0xb0,
    0x4, 0x0, 0x65, 0xe, 0xb0, 0x5, 0xd0, 0x2a,
    0x8,

    /* U+005F "_" */
    0x4f, 0xfe, 0x70,

    /* U+0060 "`" */
    0xb, 0x70, 0x5, 0x49, 0x0,

    /* U+0061 "a" */
    0x2, 0xcf, 0xd4, 0x0, 0x4d, 0xfc, 0x50, 0x2,
    0xdc, 0x14, 0x44, 0xb, 0xbd, 0xc0, 0x0, 0xd7,
    0xf7, 0x0, 0x3c, 0xa0, 0x1, 0x8c, 0xe2, 0x0,
    0x0,

    /* U+0062 "b" */
    0xe3, 0x0, 0xe1, 0x0, 0xe5, 0xee, 0x28, 0x3,
    0xfa, 0xa8, 0x0, 0xb0, 0x40, 0x20, 0xc, 0x20,
    0x1c, 0x20, 0xb, 0x4, 0x2, 0x0, 0x75, 0x50,
    0x0,

    /* U+0063 "c" */
    0x1b, 0xfd, 0x50, 0xa2, 0xfe, 0xa1, 0x5b, 0x3,
    0xb0, 0x10, 0x9, 0x4, 0x40, 0x12, 0xa, 0xd8,
    0x1d, 0x85, 0x17, 0xf5, 0x8,

    /* U+0064 "d" */
    0x0, 0xde, 0x20, 0x1e, 0x3d, 0xf7, 0x0, 0x7d,
    0x78, 0x80, 0x9, 0x41, 0x80, 0x2, 0x1, 0xc2,
    0x1, 0xc4, 0xa0, 0xa0, 0xf, 0xaf, 0x20, 0x0,

    /* U+0065 "e" */
    0x2b, 0xed, 0x30, 0x9c, 0xe9, 0xd0, 0x46, 0x4,
    0x2, 0xf, 0xee, 0x0, 0x5f, 0xdd, 0x12, 0x30,
    0x1e, 0x4, 0xe7, 0xf4, 0x80,

    /* U+0066 "f" */
    0x0, 0xe, 0x7f, 0x94, 0x0, 0xe1, 0xfe, 0x50,
    0x9, 0x80, 0x25, 0xe9, 0x5e, 0xe2, 0xab, 0xe1,
    0x3f, 0xca, 0x2, 0x3c, 0x1, 0xff, 0xca,

    /* U+0067 "g" */
    0x3d, 0xf8, 0xf1, 0xfa, 0xfd, 0x0, 0x12, 0x82,
    0x80, 0x7e, 0x25, 0x5, 0x0, 0x7d, 0x76, 0x80,
    0xf, 0x7a, 0x0, 0x39, 0x44, 0x6f, 0xf4, 0x50,
    0x0,

    /* U+0068 "h" */
    0xe3, 0x0, 0xff, 0xaf, 0xb8, 0xa0, 0x17, 0x5d,
    0x0, 0x2c, 0x14, 0x4, 0x3, 0x8c, 0x3, 0xff,
    0x8c,

    /* U+0069 "i" */
    0x0, 0x29, 0x0, 0x6b, 0x50, 0xd, 0xce, 0x0,
    0xbf, 0xf3, 0x80, 0x2f, 0xd4, 0x3, 0xff, 0x9f,
    0xfe, 0x58, 0xfa,

    /* U+006A "j" */
    0x0, 0x98, 0x40, 0x5, 0x2a, 0x0, 0x2f, 0x4f,
    0xfc, 0x7f, 0xf1, 0x0, 0x7f, 0xf3, 0xc, 0x40,
    0xa, 0x5, 0xdf, 0x14, 0x0,

    /* U+006B "k" */
    0xd4, 0x0, 0xff, 0xe1, 0x72, 0x0, 0x52, 0x88,
    0x0, 0x1b, 0xd8, 0x2, 0xf1, 0x4, 0x1, 0x7a,
    0xa4, 0x1, 0x13, 0xf0, 0x6, 0x81, 0x60,

    /* U+006C "l" */
    0xaf, 0xf5, 0x80, 0x55, 0xf4, 0x1, 0xff, 0xdd,
    0x16, 0x10, 0xc, 0x8f, 0xdf, 0x20,

    /* U+006D "m" */
    0x4c, 0xc5, 0x4e, 0x88, 0x3, 0x12, 0x11, 0x81,
    0xc0, 0xc4, 0x40, 0x1f, 0xfd, 0x10,

    /* U+006E "n" */
    0xe8, 0xcd, 0x50, 0x7, 0xe7, 0x50, 0x1, 0x0,
    0xc0, 0x40, 0x38, 0xc0, 0x3f, 0xf8, 0xc0,

    /* U+006F "o" */
    0x2b, 0xfd, 0x30, 0x93, 0xf8, 0xd0, 0x49, 0x5,
    0x2, 0x0, 0xe1, 0x0, 0xe1, 0x49, 0x5, 0x2,
    0x94, 0xf8, 0xd0,

    /* U+0070 "p" */
    0xe8, 0xce, 0x50, 0x7, 0xe6, 0xd0, 0x1, 0x0,
    0xc4, 0x80, 0x3f, 0xc2, 0x0, 0xb0, 0x40, 0x20,
    0xfe, 0xaa, 0x0, 0x17, 0xb8, 0xa0, 0x1, 0x0,
    0xc0,

    /* U+0071 "q" */
    0x3d, 0xf7, 0xf1, 0xfa, 0xf2, 0x0, 0x12, 0x82,
    0x80, 0x4, 0x3, 0x84, 0x3, 0x89, 0x41, 0x40,
    0x1f, 0x5e, 0x40, 0x3, 0xdf, 0x70, 0xf, 0xc0,

    /* U+0072 "r" */
    0xa9, 0xce, 0x80, 0x1, 0xe7, 0x31, 0x86, 0x80,
    0x15, 0x80, 0x40, 0x16, 0xa0, 0x1f, 0xfc, 0x60,

    /* U+0073 "s" */
    0x4d, 0xfe, 0x50, 0x88, 0x7e, 0xf0, 0x3, 0x48,
    0xec, 0x3c, 0xf3, 0xe0, 0xe, 0xfb, 0x8e, 0x3a,
    0x80, 0x60, 0x8, 0x9f, 0xc8, 0x10,

    /* U+0074 "t" */
    0x0, 0x44, 0x0, 0x3f, 0xcf, 0xee, 0xef, 0xf1,
    0xbf, 0xbb, 0xbf, 0xc6, 0x1, 0xff, 0xcb, 0xf3,
    0x0, 0xe6, 0x7f, 0xf1, 0x80,

    /* U+0075 "u" */
    0xe2, 0x0, 0x79, 0x0, 0x7f, 0xf2, 0xcd, 0x28,
    0x18, 0x86, 0xcf, 0xeb, 0x80,

    /* U+0076 "v" */
    0x3f, 0x0, 0xb1, 0x8c, 0x50, 0x4, 0xdc, 0x1b,
    0x41, 0x10, 0x21, 0x6e, 0x1f, 0xa0, 0x3, 0x3,
    0x57, 0x0, 0x9e, 0xc, 0x40, 0x2d, 0x4b, 0x0,
    0x0,

    /* U+0077 "w" */
    0x86, 0xf, 0x32, 0xbe, 0xe1, 0x92, 0xb1, 0x29,
    0x32, 0x71, 0x79, 0x36, 0xe8, 0xf8, 0x84, 0x46,
    0x8e, 0x6a, 0x2, 0xe0, 0xee, 0x10, 0x67, 0x2,
    0x0, 0x0,

    /* U+0078 "x" */
    0xe, 0x50, 0x2f, 0x20, 0xab, 0x9, 0x82, 0x4,
    0x45, 0xb3, 0x80, 0x52, 0x96, 0x1, 0xbd, 0xa0,
    0x40, 0xc, 0x12, 0xf0, 0x5, 0x3e, 0x10, 0xe8,

    /* U+0079 "y" */
    0x2f, 0x0, 0xb1, 0x48, 0xd4, 0x4, 0xd4, 0x2b,
    0x81, 0x94, 0x0, 0xc8, 0x37, 0xc0, 0x13, 0x41,
    0x20, 0x5, 0x4c, 0xc0, 0xc, 0x61, 0x40, 0x19,
    0x4c, 0x80, 0x37, 0xd8, 0x4,

    /* U+007A "z" */
    0xdf, 0xfc, 0x1b, 0xfe, 0x64, 0x0, 0x95, 0x28,
    0x0, 0x57, 0xe2, 0x0, 0xfb, 0x20, 0x5, 0x22,
    0x80, 0x48, 0xdf, 0xf1, 0x0,

    /* U+007B "{" */
    0x0, 0x87, 0x3c, 0x40, 0x28, 0x5f, 0x10, 0x8,
    0xfc, 0x3, 0x8c, 0x40, 0x38, 0x7c, 0x3, 0x8f,
    0x40, 0x3, 0xfe, 0x15, 0x0, 0xf, 0xf8, 0x1c,
    0x3, 0x8b, 0xc0, 0x38, 0xb8, 0x3, 0xdc, 0x1,
    0xd0, 0x9e, 0x20,

    /* U+007C "|" */
    0xf2, 0x0, 0xff, 0xe5, 0x0,

    /* U+007D "}" */
    0xdd, 0x20, 0x5, 0xb7, 0x20, 0x19, 0x40, 0x39,
    0x98, 0x1, 0x88, 0x80, 0x18, 0x88, 0x1, 0x95,
    0xff, 0xc8, 0xc, 0xff, 0xe4, 0x0, 0x8, 0x6,
    0x27, 0x0, 0xc4, 0x60, 0x16, 0xdd, 0x80, 0x20,

    /* U+007E "~" */
    0x9, 0xe6, 0xa, 0x51, 0x7f, 0xb2, 0x61, 0x33,
    0xf, 0x63, 0xa0,

    /* U+00A0 " " */

    /* U+00A1 "¡" */
    0x2f, 0x52, 0x87, 0x1, 0x20, 0x81, 0x0, 0x18,
    0x8, 0x7, 0x84, 0x2,

    /* U+00A2 "¢" */
    0x0, 0x20, 0x7, 0x78, 0x6, 0x75, 0x92, 0x9,
    0xb3, 0x1c, 0x7, 0xf6, 0x86, 0x21, 0x10, 0x2,
    0x8, 0x40, 0x38, 0xdc, 0x1, 0xc5, 0x16, 0xba,
    0x84, 0xbe, 0x5d, 0x40, 0x1, 0x73, 0x0, 0x0,

    /* U+00A3 "£" */
    0x3, 0xcf, 0xd5, 0x0, 0x75, 0xfc, 0xd0, 0x0,
    0xd0, 0x13, 0x0, 0xd, 0x20, 0x3, 0x1, 0x75,
    0xff, 0x18, 0xf, 0x95, 0xf9, 0x80, 0x8, 0x8a,
    0x1, 0xba, 0x4, 0x2, 0x13, 0x8f, 0xf9, 0x80,

    /* U+00A4 "¤" */
    0x16, 0x0, 0x8c, 0x8e, 0x33, 0xb3, 0x58, 0x92,
    0xfb, 0xcd, 0x1, 0xd8, 0xc, 0x2, 0x76, 0x4,
    0x0, 0x12, 0x66, 0xf9, 0x29, 0x5d, 0xb6, 0xf1,
    0xc0,

    /* U+00A5 "¥" */
    0x5c, 0x0, 0xa6, 0x14, 0x8c, 0x0, 0xf4, 0x13,
    0x20, 0x64, 0x20, 0x65, 0x1b, 0x90, 0x0, 0xb6,
    0x89, 0x82, 0x7b, 0x19, 0xbd, 0xd3, 0xfc, 0x1b,
    0xee, 0x9f, 0xe0, 0xdf, 0x74, 0xff, 0x6, 0xfb,
    0x80,

    /* U+00A6 "¦" */
    0xb1, 0x43, 0x0, 0xf7, 0x90, 0x2, 0xc5, 0xc,
    0x3, 0xc0,

    /* U+00A7 "§" */
    0x4, 0xdf, 0xe7, 0x0, 0x4d, 0xfe, 0xd8, 0x80,
    0xc, 0xf, 0x4, 0x26, 0xf2, 0x48, 0x1, 0xd7,
    0x95, 0x80, 0x4, 0x60, 0x30, 0x30, 0x7f, 0x68,
    0x23, 0x9, 0xad, 0x65, 0x0, 0x9a, 0xfd, 0xcc,
    0x39, 0x0, 0xc4, 0x41, 0x75, 0xf9, 0x4,

    /* U+00A8 "¨" */
    0x27, 0x5, 0x47, 0xa0, 0xfc,

    /* U+00A9 "©" */
    0x2, 0x9a, 0xa1, 0x80, 0xcf, 0x89, 0xc9, 0xbf,
    0xd5, 0xf4, 0x50, 0xb8, 0x1, 0xc8, 0xc0, 0x33,
    0x80, 0x5, 0xe6, 0xfc, 0x4d, 0xfd, 0x2e, 0x2e,
    0x86, 0x62, 0x6a, 0x4c,

    /* U+00AA "ª" */
    0x47, 0x60, 0x10, 0xa0, 0xf7, 0x60, 0xf7, 0xd0,

    /* U+00AB "«" */
    0x0, 0x5c, 0x6, 0xa8, 0x38, 0x45, 0x22, 0xa5,
    0x51, 0x99, 0x20, 0x3, 0x0, 0xe4, 0x9a, 0x66,
    0x48, 0x1, 0xc2, 0x29, 0x14,

    /* U+00AC "¬" */
    0xcf, 0xfd, 0x9f, 0xf0, 0x7, 0x38,

    /* U+00AD "­" */
    0x5f, 0xfa, 0x0,

    /* U+00AE "®" */
    0x2, 0x9a, 0xa1, 0x80, 0xc9, 0x1, 0x49, 0xbf,
    0x85, 0x25, 0xd0, 0xb8, 0x5a, 0x89, 0x80, 0x54,
    0x1, 0xb, 0x90, 0x98, 0x9b, 0xfc, 0x5, 0x5d,
    0xc, 0xc4, 0xd4, 0x98,

    /* U+00AF "¯" */
    0x4f, 0xf9, 0xc0,

    /* U+00B0 "°" */
    0x6, 0xb9, 0x1, 0xdb, 0x14, 0x0, 0xe1, 0xdb,
    0x14,

    /* U+00B1 "±" */
    0x0, 0xb8, 0x80, 0x3f, 0x8f, 0xfc, 0x3b, 0xec,
    0x7f, 0xe1, 0xdf, 0x60, 0xf, 0xfe, 0x11, 0x77,
    0x7, 0x39, 0x40,

    /* U+00B2 "²" */
    0x9, 0xcb, 0x11, 0x7e, 0x61, 0x5, 0x8f, 0x10,
    0x1a, 0x68, 0x45, 0x2d, 0xac,

    /* U+00B3 "³" */
    0xc, 0xc7, 0x28, 0x62, 0x4a, 0x80, 0x3a, 0xcc,
    0x99, 0x94, 0x85, 0x98, 0xa6,

    /* U+00B4 "´" */
    0x4, 0xd0, 0x4, 0xf0, 0x0,

    /* U+00B5 "µ" */
    0xe3, 0x0, 0x78, 0x80, 0x7f, 0xf3, 0x50, 0x10,
    0x2, 0xdd, 0x80, 0x29, 0xd9, 0xf1, 0x0, 0xf0,

    /* U+00B6 "¶" */
    0x6, 0xef, 0xe, 0x11, 0x48, 0x80, 0x62, 0x0,
    0xf0, 0x80, 0x78, 0x94, 0x3, 0xd5, 0xa0, 0x1e,
    0x20, 0xf, 0xfe, 0xa0,

    /* U+00B7 "·" */
    0x0, 0x8f, 0xd8, 0x2,

    /* U+00B8 "¸" */
    0x2a, 0x3, 0xdb, 0x7c, 0xc0,

    /* U+00B9 "¹" */
    0x9, 0xe6, 0x1, 0xa9, 0x0, 0x9, 0x80, 0x7e,
    0x2c, 0x9b, 0x90,

    /* U+00BA "º" */
    0x48, 0x5d, 0x8f, 0x0, 0xb6, 0x3c,

    /* U+00BB "»" */
    0x3e, 0x25, 0xd0, 0x1, 0xc7, 0x2a, 0xa8, 0x0,
    0xcb, 0x30, 0xce, 0x0, 0x30, 0xe, 0x66, 0x4c,
    0x9d, 0xc7, 0x1c, 0xa9, 0x40,

    /* U+00BC "¼" */
    0x2c, 0x80, 0x1, 0xe0, 0x3, 0xc0, 0x3, 0xdc,
    0x2, 0x0, 0xae, 0x88, 0x1a, 0x4e, 0xd9, 0xc0,
    0xd, 0x54, 0x5e, 0x10, 0xd, 0x70, 0xd2, 0x1,
    0x2b, 0x3f, 0xd2, 0x0, 0xc7, 0x28, 0x49, 0x84,
    0x59, 0x25, 0xc0, 0x0,

    /* U+00BD "½" */
    0x1, 0x10, 0x4, 0x40, 0x7b, 0x20, 0x5, 0x80,
    0x2f, 0x0, 0xc, 0x58, 0x8, 0x5, 0x50, 0x20,
    0xd2, 0x78, 0x2a, 0x0, 0x6a, 0xa0, 0x9d, 0x18,
    0x5, 0x57, 0xd5, 0x0, 0x6, 0x16, 0x75, 0x30,
    0x1b, 0xb0, 0x46, 0x40, 0x4c, 0x84, 0x8c, 0x20,
    0x0,

    /* U+00BE "¾" */
    0x4a, 0xc2, 0x2, 0xa0, 0x4f, 0x52, 0xe, 0x90,
    0x34, 0x4, 0x74, 0x30, 0x7b, 0x30, 0xb8, 0x0,
    0x25, 0x52, 0x3c, 0x80, 0x34, 0x5b, 0x50, 0x4,
    0x68, 0xdd, 0x48, 0x0, 0xee, 0x28, 0x49, 0x84,
    0xd9, 0x25, 0xc0, 0x0,

    /* U+00BF "¿" */
    0x0, 0x47, 0x0, 0x57, 0x0, 0x11, 0xa0, 0x4,
    0xb2, 0x0, 0x9a, 0x0, 0x32, 0xf5, 0x87, 0xd8,
    0x80, 0x3e, 0x8c, 0x41, 0x97, 0x7a, 0x80,

    /* U+00C0 "À" */
    0x0, 0x62, 0x80, 0x77, 0x58, 0x80, 0x62, 0xe1,
    0x0, 0xc9, 0xee, 0x1, 0xb0, 0xf0, 0x3, 0x25,
    0x20, 0x6, 0x37, 0x23, 0x0, 0x21, 0xb, 0xa0,
    0x3, 0x10, 0x33, 0x0, 0x4, 0x6f, 0x94, 0x0,
    0x1e, 0xff, 0x84, 0xd0, 0x88, 0x0, 0x44, 0x0,

    /* U+00C1 "Á" */
    0x0, 0x8b, 0x84, 0x3, 0x75, 0x88, 0x6, 0xc5,
    0x0, 0xc9, 0xee, 0x1, 0xb0, 0xf0, 0x3, 0x25,
    0x20, 0x6, 0x37, 0x23, 0x0, 0x21, 0xb, 0xa0,
    0x3, 0x10, 0x33, 0x0, 0x4, 0x6f, 0x94, 0x0,
    0x1e, 0xff, 0x84, 0xd0, 0x88, 0x0, 0x44, 0x0,

    /* U+00C2 "Â" */
    0x0, 0x2f, 0xc0, 0x4, 0x77, 0x88, 0xa0, 0x3,
    0xe3, 0xc5, 0x0, 0x93, 0xdc, 0x3, 0x61, 0xe0,
    0x6, 0x4a, 0x40, 0xc, 0x6e, 0x46, 0x0, 0x42,
    0x17, 0x40, 0x6, 0x20, 0x66, 0x0, 0x8, 0xdf,
    0x28, 0x0, 0x3d, 0xff, 0x9, 0xa1, 0x10, 0x0,
    0x88,

    /* U+00C3 "Ã" */
    0x1, 0xb8, 0x46, 0x0, 0x2e, 0xf4, 0x28, 0x1,
    0x19, 0x98, 0x60, 0x12, 0x7b, 0x80, 0x6c, 0x3c,
    0x0, 0xc9, 0x48, 0x1, 0x8d, 0xc8, 0xc0, 0x8,
    0x42, 0xe8, 0x0, 0xc4, 0xc, 0xc0, 0x1, 0x1b,
    0xe5, 0x0, 0x7, 0xbf, 0xe1, 0x34, 0x22, 0x0,
    0x11, 0x0,

    /* U+00C4 "Ä" */
    0x5, 0xd0, 0xa8, 0x0, 0x3d, 0x7, 0xe0, 0x0,
    0x9c, 0x15, 0x0, 0x24, 0xf7, 0x0, 0xd8, 0x78,
    0x1, 0x92, 0x90, 0x3, 0x1b, 0x91, 0x80, 0x10,
    0x85, 0xd0, 0x1, 0x88, 0x19, 0x80, 0x2, 0x37,
    0xca, 0x0, 0xf, 0x7f, 0xc2, 0x68, 0x44, 0x0,
    0x22, 0x0,

    /* U+00C5 "Å" */
    0x0, 0x1d, 0x30, 0x6, 0x8a, 0xa0, 0x7, 0xfd,
    0xf7, 0x40, 0x1c, 0x82, 0x1, 0xb0, 0xf0, 0x3,
    0x25, 0x20, 0x6, 0x37, 0x23, 0x0, 0x21, 0xb,
    0xa0, 0x3, 0x10, 0x33, 0x0, 0x4, 0x6f, 0x94,
    0x0, 0x1e, 0xff, 0x84, 0xd0, 0x88, 0x0, 0x44,
    0x0,

    /* U+00C6 "Æ" */
    0x0, 0x7f, 0xed, 0x3, 0x29, 0x5f, 0xd0, 0x57,
    0x0, 0xef, 0xc0, 0xe, 0x55, 0x2, 0xf4, 0x1,
    0xe4, 0xaf, 0x41, 0x13, 0xe4, 0x2, 0x76, 0x0,
    0xed, 0x30, 0x2, 0xfe, 0x80,

    /* U+00C7 "Ç" */
    0x1b, 0xfd, 0x40, 0xb2, 0xf9, 0xb1, 0x7a, 0x4,
    0x80, 0x30, 0x9, 0xc4, 0x3, 0xff, 0x80, 0x60,
    0x13, 0x8b, 0xd0, 0x24, 0x5, 0x97, 0xcd, 0x8,
    0xa5, 0x61, 0x40, 0xe, 0x3c, 0x0,

    /* U+00C8 "È" */
    0xb, 0x70, 0xd, 0x52, 0x40, 0x10, 0xf1, 0x0,
    0x33, 0xff, 0x18, 0x5f, 0xfc, 0x60, 0x1f, 0xfc,
    0x1b, 0xff, 0x68, 0x2, 0xff, 0xda, 0x1, 0xff,
    0xc2, 0xbf, 0xf8, 0xc0,

    /* U+00C9 "É" */
    0x0, 0xf, 0x10, 0x5, 0x72, 0x40, 0x15, 0x38,
    0x3, 0x3f, 0xf1, 0x85, 0xff, 0xc6, 0x1, 0xff,
    0xc1, 0xbf, 0xf6, 0x80, 0x2f, 0xfd, 0xa0, 0x1f,
    0xfc, 0x2b, 0xff, 0x8c,

    /* U+00CA "Ê" */
    0x3, 0xfa, 0x0, 0xe, 0xe0, 0xb8, 0xf, 0x1d,
    0xb8, 0x67, 0xfe, 0x30, 0xbf, 0xf8, 0xc0, 0x3f,
    0xf8, 0x37, 0xfe, 0xd0, 0x5, 0xff, 0xb4, 0x3,
    0xff, 0x85, 0x7f, 0xf1, 0x80,

    /* U+00CB "Ë" */
    0x3e, 0x8, 0xa0, 0x29, 0xc, 0xf0, 0x17, 0x4,
    0x50, 0xcf, 0xfc, 0x61, 0x7f, 0xf1, 0x80, 0x7f,
    0xf0, 0x6f, 0xfd, 0xa0, 0xb, 0xff, 0x68, 0x7,
    0xff, 0xa, 0xff, 0xe3,

    /* U+00CC "Ì" */
    0xc, 0x50, 0xb, 0xac, 0x40, 0x5, 0xc2, 0x17,
    0xff, 0xaf, 0xc3, 0x7c, 0x3, 0xff, 0xa5, 0x7e,
    0x1b, 0xe0,

    /* U+00CD "Í" */
    0x0, 0x17, 0x8, 0x3, 0xac, 0x40, 0x18, 0xa1,
    0x7f, 0xfa, 0xfc, 0x37, 0xc0, 0x3f, 0xfa, 0x57,
    0xe1, 0xbe,

    /* U+00CE "Î" */
    0x5, 0xf8, 0x3, 0xbc, 0x45, 0x3e, 0x3c, 0x5b,
    0xff, 0xd7, 0xe1, 0xbe, 0x1, 0xff, 0xd2, 0xbf,
    0xd, 0xf0,

    /* U+00CF "Ï" */
    0x5d, 0xa, 0x87, 0xa0, 0xfc, 0x27, 0x5, 0x4b,
    0xff, 0xd7, 0xe1, 0xbe, 0x1, 0xff, 0xd2, 0xbf,
    0xd, 0xf0,

    /* U+00D0 "Ð" */
    0xe, 0xff, 0x61, 0x0, 0x59, 0xf7, 0xe0, 0x1c,
    0xe4, 0x20, 0x1e, 0x3d, 0x1c, 0x70, 0xb, 0x47,
    0x1c, 0x3, 0xf8, 0xc0, 0x33, 0x90, 0x80, 0x33,
    0xef, 0xc0,

    /* U+00D1 "Ñ" */
    0x1b, 0x84, 0x60, 0x5d, 0xe8, 0x50, 0x46, 0x66,
    0x18, 0x75, 0x80, 0x38, 0x81, 0x44, 0x3, 0x23,
    0x80, 0x6f, 0xd0, 0xc, 0xec, 0x20, 0x19, 0x5c,
    0x3, 0x55, 0x0, 0x31, 0x8, 0x80, 0x35, 0x0,
    0x0,

    /* U+00D2 "Ò" */
    0xb, 0x70, 0xd, 0x60, 0x20, 0x19, 0xc4, 0x0,
    0x59, 0xfa, 0x61, 0x29, 0xf1, 0xa0, 0xb4, 0xa,
    0x23, 0x0, 0x63, 0x0, 0xff, 0xe0, 0x8, 0x6,
    0x35, 0xa0, 0x51, 0x14, 0xa7, 0xc6, 0x80,

    /* U+00D3 "Ó" */
    0x0, 0x26, 0x88, 0x4, 0x58, 0x20, 0x13, 0x8,
    0x0, 0xb3, 0xf4, 0xc2, 0x53, 0xe3, 0x41, 0x68,
    0x14, 0x46, 0x0, 0xc6, 0x1, 0xff, 0xc0, 0x10,
    0xc, 0x6b, 0x40, 0xa2, 0x29, 0x4f, 0x8d, 0x0,

    /* U+00D4 "Ô" */
    0x7, 0xda, 0x0, 0x10, 0x6f, 0x98, 0x13, 0x82,
    0x98, 0x16, 0x7e, 0x98, 0x4a, 0x7c, 0x68, 0x2d,
    0x2, 0x88, 0xc0, 0x18, 0xc0, 0x3f, 0xf8, 0x2,
    0x1, 0x8d, 0x68, 0x14, 0x45, 0x29, 0xf1, 0xa0,

    /* U+00D5 "Õ" */
    0x1b, 0x84, 0x60, 0x5d, 0xe8, 0x50, 0x46, 0x66,
    0x18, 0x16, 0x7e, 0x98, 0x4a, 0x7c, 0x68, 0x2d,
    0x2, 0x88, 0xc0, 0x18, 0xc0, 0x3f, 0xf8, 0x2,
    0x1, 0x8d, 0x68, 0x14, 0x45, 0x29, 0xf1, 0xa0,

    /* U+00D6 "Ö" */
    0x5d, 0xa, 0x80, 0x7a, 0xf, 0xc0, 0x27, 0x5,
    0x40, 0x2c, 0xfd, 0x30, 0x94, 0xf8, 0xd0, 0x5a,
    0x5, 0x11, 0x80, 0x31, 0x80, 0x7f, 0xf0, 0x4,
    0x3, 0x1a, 0xd0, 0x28, 0x8a, 0x53, 0xe3, 0x40,

    /* U+00D7 "×" */
    0x31, 0x0, 0x23, 0x68, 0xde, 0x2d, 0x71, 0x40,
    0x79, 0x90, 0x39, 0xe6, 0x25, 0xa8, 0x1e, 0x0,

    /* U+00D8 "Ø" */
    0x2, 0xcf, 0xdb, 0x70, 0x94, 0xfa, 0x47, 0x5,
    0xa0, 0xc0, 0x10, 0x10, 0x40, 0x1, 0x80, 0x51,
    0x20, 0x1a, 0x94, 0x80, 0x21, 0x68, 0x0, 0x18,
    0x12, 0xa, 0x88, 0xf7, 0xc6, 0x81, 0x4d, 0xfe,
    0x98, 0x0,

    /* U+00D9 "Ù" */
    0xb, 0x70, 0xd, 0x60, 0x20, 0x19, 0xc4, 0x1,
    0xc4, 0x0, 0xf2, 0x0, 0xff, 0xeb, 0x9a, 0xd0,
    0x28, 0x8a, 0x53, 0xe2, 0x80,

    /* U+00DA "Ú" */
    0x0, 0x26, 0x88, 0x4, 0x58, 0x20, 0x13, 0x8,
    0x3, 0x88, 0x1, 0xe4, 0x1, 0xff, 0xd7, 0x35,
    0xa0, 0x51, 0x14, 0xa7, 0xc5, 0x0,

    /* U+00DB "Û" */
    0x7, 0xda, 0x0, 0x10, 0x6f, 0x98, 0x13, 0x82,
    0x98, 0x71, 0x0, 0x3c, 0x80, 0x3f, 0xfa, 0xe6,
    0xb4, 0xa, 0x22, 0x94, 0xf8, 0xa0,

    /* U+00DC "Ü" */
    0x5d, 0xa, 0x80, 0x7a, 0xf, 0xc0, 0x27, 0x5,
    0x40, 0xe2, 0x0, 0x79, 0x0, 0x7f, 0xf5, 0xcd,
    0x68, 0x14, 0x45, 0x29, 0xf1, 0x40,

    /* U+00DD "Ý" */
    0x0, 0x8b, 0x84, 0x3, 0x75, 0x88, 0x6, 0xc5,
    0x0, 0x2e, 0x0, 0x53, 0xa, 0x28, 0x2, 0xf2,
    0x17, 0xe0, 0xce, 0x20, 0xca, 0x73, 0x60, 0x14,
    0xea, 0x10, 0x4, 0xe3, 0x20, 0x1e, 0x10, 0xf,
    0xfe, 0x20,

    /* U+00DE "Þ" */
    0xe2, 0x0, 0xff, 0xb7, 0xfa, 0x0, 0x1b, 0xfe,
    0x56, 0x0, 0x85, 0x78, 0x2, 0x15, 0xd0, 0xdf,
    0xf2, 0xa8, 0x37, 0xfa, 0x0, 0x3e,

    /* U+00DF "ß" */
    0x1b, 0xfd, 0x30, 0xb2, 0xf8, 0xc0, 0x4a, 0x5,
    0x1, 0x0, 0x94, 0xc4, 0x1, 0xd5, 0x20, 0x17,
    0x65, 0x90, 0x4, 0x6a, 0x80, 0x12, 0x21, 0x40,
    0x1d, 0x52, 0x60,

    /* U+00E0 "à" */
    0x0, 0x63, 0x0, 0x77, 0x40, 0x80, 0x62, 0xe1,
    0x0, 0x8b, 0x3f, 0x50, 0x1, 0x15, 0xf1, 0x40,
    0xa, 0x60, 0x51, 0x10, 0x2e, 0xf7, 0x0, 0x3,
    0x5f, 0xdc, 0x0, 0xf2, 0x80, 0x6, 0x33, 0x88,
    0x0,

    /* U+00E1 "á" */
    0x0, 0x8b, 0x84, 0x3, 0x4c, 0x8, 0x6, 0xb6,
    0x0, 0x8b, 0x3f, 0x50, 0x1, 0x37, 0xf1, 0x40,
    0xb, 0x70, 0x51, 0x10, 0x2e, 0xf7, 0x0, 0x3,
    0x5f, 0xdc, 0x0, 0xf2, 0x80, 0x6, 0x33, 0x88,
    0x0,

    /* U+00E2 "â" */
    0x0, 0x27, 0xc8, 0x4, 0x55, 0x8a, 0xc0, 0x2,
    0xe3, 0xc6, 0x0, 0x16, 0x7e, 0xa0, 0x2, 0x6f,
    0xe2, 0x80, 0x16, 0xe0, 0xa2, 0x20, 0x5d, 0xee,
    0x0, 0x6, 0xbf, 0xb8, 0x1, 0xe5, 0x0, 0xc,
    0x67, 0x10, 0x0,

    /* U+00E3 "ã" */
    0x0, 0x32, 0x92, 0x0, 0xb, 0x8a, 0x5c, 0x0,
    0x50, 0xf6, 0x60, 0x2, 0xcf, 0xd4, 0x0, 0x4d,
    0xfc, 0x50, 0x2, 0xdc, 0x14, 0x44, 0xb, 0xbd,
    0xc0, 0x0, 0xd7, 0xf7, 0x0, 0x3c, 0xa0, 0x1,
    0x8c, 0xe2, 0x0, 0x0,

    /* U+00E4 "ä" */
    0x1, 0x50, 0x33, 0x0, 0x12, 0x82, 0x64, 0x0,
    0x5f, 0xa, 0xa0, 0x0, 0xb3, 0xf5, 0x0, 0x13,
    0x7f, 0x14, 0x0, 0xb7, 0x5, 0x11, 0x2, 0xef,
    0x70, 0x0, 0x35, 0xfd, 0xc0, 0xf, 0x28, 0x0,
    0x63, 0x38, 0x80, 0x0,

    /* U+00E5 "å" */
    0x0, 0x25, 0xc0, 0x6, 0xfb, 0x30, 0xd, 0xf6,
    0x60, 0x19, 0x2e, 0x0, 0x22, 0xcf, 0xd4, 0x0,
    0x4d, 0xfc, 0x50, 0x2, 0xdc, 0x14, 0x44, 0xb,
    0xbd, 0xc0, 0x0, 0xd7, 0xf7, 0x0, 0x3c, 0xa0,
    0x1, 0x8c, 0xe2, 0x0, 0x0,

    /* U+00E6 "æ" */
    0xc, 0xe6, 0xde, 0x34, 0x5e, 0x99, 0x44, 0xa4,
    0x81, 0x2a, 0x98, 0x6f, 0x4b, 0x39, 0xe4, 0xf4,
    0xb3, 0x6c, 0x4, 0x44, 0xaa, 0x9a, 0x4f, 0x99,
    0x5d, 0x0,

    /* U+00E7 "ç" */
    0x1b, 0xfd, 0x50, 0xa2, 0xfe, 0xa1, 0x5b, 0x3,
    0xb0, 0x10, 0x9, 0x4, 0x40, 0x12, 0xa, 0xd8,
    0x1d, 0x85, 0x17, 0xf5, 0x8, 0xa5, 0x61, 0x40,
    0xe, 0x3e, 0x0,

    /* U+00E8 "è" */
    0xc, 0x50, 0xd, 0xd6, 0x20, 0x11, 0x70, 0x80,
    0xa, 0xfb, 0x4c, 0x27, 0x3a, 0x74, 0x11, 0x81,
    0x0, 0x83, 0xfb, 0x80, 0x17, 0xf7, 0x44, 0x8c,
    0x7, 0x81, 0x39, 0xfd, 0x20,

    /* U+00E9 "é" */
    0x0, 0x17, 0x8, 0x5, 0xd6, 0x20, 0x16, 0x28,
    0x0, 0xaf, 0xb4, 0xc2, 0x73, 0xa7, 0x41, 0x18,
    0x10, 0x8, 0x3f, 0xb8, 0x1, 0x7f, 0x74, 0x48,
    0xc0, 0x78, 0x13, 0x9f, 0xd2, 0x0,

    /* U+00EA "ê" */
    0x5, 0xf8, 0x0, 0x1d, 0xe2, 0x28, 0x1f, 0x1e,
    0x28, 0x15, 0xf6, 0x98, 0x4e, 0x74, 0xe8, 0x23,
    0x2, 0x1, 0x7, 0xf7, 0x0, 0x2f, 0xee, 0x89,
    0x18, 0xf, 0x2, 0x73, 0xfa, 0x40,

    /* U+00EB "ë" */
    0x15, 0x4, 0x30, 0x7b, 0xf, 0xa0, 0x6e, 0xb,
    0x90, 0x2b, 0xed, 0x30, 0x9c, 0xe9, 0xd0, 0x46,
    0x4, 0x2, 0xf, 0xee, 0x0, 0x5f, 0xdd, 0x12,
    0x30, 0x1e, 0x4, 0xe7, 0xf4, 0x80,

    /* U+00EC "ì" */
    0xa, 0x80, 0xd, 0x6c, 0x60, 0x10, 0xf1, 0x80,
    0x2f, 0xfc, 0xe0, 0xb, 0xf5, 0x0, 0xff, 0xe7,
    0xff, 0x96, 0x3e, 0x80,

    /* U+00ED "í" */
    0x0, 0xb8, 0xc0, 0x29, 0x63, 0x0, 0xa6, 0x0,
    0x17, 0xfe, 0x70, 0x5, 0xfa, 0x80, 0x7f, 0xf3,
    0xff, 0xcb, 0x1f, 0x40,

    /* U+00EE "î" */
    0x2, 0xfa, 0x0, 0xf, 0xd8, 0x40, 0xe, 0xa5,
    0x40, 0x5f, 0xf9, 0xc0, 0x17, 0xea, 0x1, 0xff,
    0xcf, 0xff, 0x2c, 0x7d, 0x0,

    /* U+00EF "ï" */
    0x6, 0x2, 0x40, 0x39, 0x1a, 0x80, 0x3f, 0x18,
    0xc0, 0xbf, 0xf3, 0x80, 0x2f, 0xd4, 0x3, 0xff,
    0x9f, 0xfe, 0x58, 0xfa,

    /* U+00F0 "ð" */
    0x0, 0xfe, 0x9a, 0xa3, 0x0, 0x11, 0x5c, 0x98,
    0x0, 0xd9, 0x85, 0x10, 0xb, 0x3c, 0x60, 0x1,
    0xf7, 0xd2, 0xc2, 0x22, 0x70, 0x53, 0x50, 0xf,
    0x8, 0x8e, 0x1, 0x4d, 0x3, 0x93, 0xe2, 0xc4,

    /* U+00F1 "ñ" */
    0x6, 0x52, 0x40, 0x2e, 0x29, 0x70, 0x28, 0x7b,
    0x30, 0xe8, 0xcd, 0x50, 0x7, 0xe7, 0x50, 0x1,
    0x0, 0xc0, 0x40, 0x38, 0xc0, 0x3f, 0xf8, 0xc0,

    /* U+00F2 "ò" */
    0xc, 0x50, 0xd, 0xd6, 0x20, 0x11, 0x70, 0x80,
    0xa, 0xff, 0x4c, 0x24, 0xfe, 0x34, 0x12, 0x41,
    0x40, 0x80, 0x38, 0x40, 0x38, 0x52, 0x41, 0x40,
    0xa5, 0x3e, 0x34, 0x0,

    /* U+00F3 "ó" */
    0x0, 0x17, 0x8, 0x5, 0xd6, 0x20, 0x16, 0x28,
    0x0, 0xaf, 0xf4, 0xc2, 0x4f, 0xe3, 0x41, 0x24,
    0x14, 0x8, 0x3, 0x84, 0x3, 0x85, 0x24, 0x14,
    0xa, 0x53, 0xe3, 0x40,

    /* U+00F4 "ô" */
    0x5, 0xf8, 0x0, 0x1d, 0xe2, 0x28, 0x1f, 0x1e,
    0x28, 0x15, 0xfe, 0x98, 0x49, 0xfc, 0x68, 0x24,
    0x82, 0x81, 0x0, 0x70, 0x80, 0x70, 0xa4, 0x82,
    0x81, 0x4a, 0x7c, 0x68, 0x0,

    /* U+00F5 "õ" */
    0x6, 0x52, 0x40, 0x3e, 0xd9, 0x70, 0x38, 0x85,
    0x98, 0x15, 0xfe, 0x98, 0x49, 0xfc, 0x68, 0x24,
    0x82, 0x81, 0x0, 0x70, 0x80, 0x70, 0xa4, 0x82,
    0x81, 0x4a, 0x7c, 0x68, 0x0,

    /* U+00F6 "ö" */
    0x15, 0x4, 0x30, 0x7b, 0xf, 0xa0, 0x6e, 0xb,
    0x90, 0x2b, 0xfd, 0x30, 0x93, 0xf8, 0xd0, 0x49,
    0x5, 0x2, 0x0, 0xe1, 0x0, 0xe1, 0x49, 0x5,
    0x2, 0x94, 0xf8, 0xd0,

    /* U+00F7 "÷" */
    0x3, 0xf6, 0x0, 0x9, 0x98, 0x0, 0x58, 0xa1,
    0x7f, 0xfa, 0xff, 0xf0, 0x16, 0xa8, 0x0, 0x4c,
    0xc0,

    /* U+00F8 "ø" */
    0x0, 0xe3, 0x40, 0x2c, 0xfd, 0xe6, 0x9, 0x4f,
    0x63, 0x20, 0x59, 0x47, 0x1, 0x1, 0x39, 0xe0,
    0x30, 0x1e, 0xb2, 0x3, 0x5, 0x16, 0x50, 0x13,
    0x61, 0xf8, 0xd0,

    /* U+00F9 "ù" */
    0xc, 0x50, 0xd, 0xd6, 0x20, 0x11, 0x70, 0x80,
    0x38, 0x80, 0x1e, 0x40, 0x1f, 0xfc, 0xb3, 0x4a,
    0x6, 0x21, 0xb3, 0xfa, 0xe0,

    /* U+00FA "ú" */
    0x0, 0x17, 0x8, 0x5, 0xd6, 0x20, 0x16, 0x28,
    0x3, 0x88, 0x1, 0xe4, 0x1, 0xff, 0xcb, 0x34,
    0xa0, 0x62, 0x1b, 0x3f, 0xae, 0x0,

    /* U+00FB "û" */
    0x5, 0xf8, 0x0, 0x1d, 0xe2, 0x28, 0x1f, 0x1e,
    0x28, 0x71, 0x0, 0x3c, 0x80, 0x3f, 0xf9, 0x66,
    0x94, 0xc, 0x43, 0x67, 0xf5, 0xc0,

    /* U+00FC "ü" */
    0x15, 0x4, 0x30, 0x7b, 0xf, 0xa0, 0x6e, 0xb,
    0x90, 0xe2, 0x0, 0x79, 0x0, 0x7f, 0xf2, 0xcd,
    0x28, 0x18, 0x86, 0xcf, 0xeb, 0x80,

    /* U+00FD "ý" */
    0x0, 0x93, 0x44, 0x3, 0x16, 0x8, 0x6, 0x61,
    0x0, 0x17, 0x80, 0x58, 0xa4, 0x6a, 0x2, 0x6a,
    0x15, 0xc0, 0xca, 0x0, 0x64, 0x1b, 0xe0, 0x9,
    0xa0, 0x90, 0x2, 0xa6, 0x60, 0x6, 0x30, 0xa0,
    0xc, 0xa6, 0x40, 0x1b, 0xec, 0x2,

    /* U+00FE "þ" */
    0xf2, 0x0, 0xe3, 0x0, 0xe6, 0xee, 0x20, 0x5,
    0xd7, 0x40, 0x5, 0x5, 0x11, 0x0, 0x7f, 0xf0,
    0x54, 0x14, 0x44, 0x0, 0xeb, 0xa0, 0x2, 0xf7,
    0x10, 0x3, 0xe0,

    /* U+00FF "ÿ" */
    0x1, 0x50, 0x43, 0x0, 0x3d, 0x87, 0xd0, 0x1,
    0xb8, 0x2e, 0x40, 0xbc, 0x2, 0xc5, 0x23, 0x50,
    0x13, 0x50, 0xae, 0x6, 0x50, 0x3, 0x20, 0xdf,
    0x0, 0x4d, 0x4, 0x80, 0x15, 0x33, 0x0, 0x31,
    0x85, 0x0, 0x65, 0x32, 0x0, 0xdf, 0x60, 0x10,

    /* U+0100 "Ā" */
    0x4, 0xff, 0x9c, 0x0, 0x9f, 0xf3, 0x80, 0x49,
    0xee, 0x1, 0xb0, 0xf0, 0x3, 0x25, 0x20, 0x6,
    0x37, 0x23, 0x0, 0x21, 0xb, 0xa0, 0x3, 0x10,
    0x33, 0x0, 0x4, 0x6f, 0x94, 0x0, 0x1e, 0xff,
    0x84, 0xd0, 0x88, 0x0, 0x44, 0x0,

    /* U+0101 "ā" */
    0x3, 0xff, 0xa0, 0x0, 0x7f, 0xf4, 0x0, 0xb,
    0x3f, 0x50, 0x1, 0x37, 0xf1, 0x40, 0xb, 0x70,
    0x51, 0x10, 0x2e, 0xf7, 0x0, 0x3, 0x5f, 0xdc,
    0x0, 0xf2, 0x80, 0x6, 0x33, 0x88, 0x0,

    /* U+0102 "Ă" */
    0x3, 0xa0, 0x76, 0x0, 0x19, 0x5f, 0x30, 0x5,
    0x17, 0x20, 0x19, 0x3d, 0xc0, 0x36, 0x1e, 0x0,
    0x64, 0xa4, 0x0, 0xc6, 0xe4, 0x60, 0x4, 0x21,
    0x74, 0x0, 0x62, 0x6, 0x60, 0x0, 0x8d, 0xf2,
    0x80, 0x3, 0xdf, 0xf0, 0x9a, 0x11, 0x0, 0x8,
    0x80,

    /* U+0103 "ă" */
    0x2, 0xb0, 0x67, 0x0, 0x16, 0x5e, 0x38, 0x4,
    0xf7, 0x40, 0x11, 0xe7, 0xea, 0x0, 0x2e, 0x7e,
    0x28, 0x1, 0xa, 0xa, 0x22, 0x5, 0xde, 0xe0,
    0x0, 0x6b, 0xfb, 0x80, 0x1e, 0x50, 0x0, 0xc6,
    0x71, 0x0, 0x0,

    /* U+0104 "Ą" */
    0x0, 0x27, 0xb8, 0x7, 0x62, 0xe0, 0x7, 0x24,
    0xa8, 0x7, 0x11, 0xa9, 0x80, 0x48, 0x80, 0xc4,
    0x0, 0xb1, 0x7e, 0x30, 0x2, 0x4d, 0xff, 0x28,
    0x4, 0x64, 0x0, 0x23, 0x4, 0x30, 0x9, 0x50,
    0x13, 0x0, 0x4, 0x47, 0x0, 0xe1, 0x6c, 0x0,

    /* U+0105 "ą" */
    0x4, 0xdf, 0xd4, 0x0, 0x17, 0x7f, 0xa8, 0x0,
    0x5d, 0xcc, 0x11, 0x5, 0xf7, 0x40, 0x2, 0x3,
    0x0, 0xc4, 0x8, 0xe, 0x1, 0x55, 0x38, 0x40,
    0x25, 0xee, 0x1b, 0x88, 0x6, 0x35, 0x80,

    /* U+0106 "Ć" */
    0x0, 0x1e, 0x88, 0x4, 0xbe, 0x20, 0x13, 0x10,
    0x0, 0x6f, 0xf5, 0x2, 0xcb, 0xe6, 0xc5, 0xe8,
    0x12, 0x0, 0xc0, 0x27, 0x10, 0xf, 0xfe, 0x1,
    0x80, 0x4e, 0x2f, 0x40, 0x90, 0x16, 0x5f, 0x34,
    0x20,

    /* U+0107 "ć" */
    0x0, 0xf, 0x10, 0x5, 0x72, 0x40, 0x15, 0x38,
    0x0, 0x6f, 0xf5, 0x42, 0x8b, 0xfa, 0x85, 0x6c,
    0xe, 0xc0, 0x40, 0x24, 0x11, 0x0, 0x48, 0x2b,
    0x60, 0x76, 0x14, 0x5f, 0xd4, 0x20,

    /* U+0108 "Ĉ" */
    0x6, 0xda, 0x0, 0x8, 0xb7, 0xd0, 0x5, 0xc1,
    0x50, 0x6, 0xff, 0x50, 0x2c, 0xbe, 0x6c, 0x5e,
    0x81, 0x20, 0xc, 0x2, 0x71, 0x0, 0xff, 0xe0,
    0x18, 0x4, 0xe2, 0xf4, 0x9, 0x1, 0x65, 0xf3,
    0x42,

    /* U+0109 "ĉ" */
    0x3, 0xf9, 0x0, 0x16, 0xe1, 0x38, 0x17, 0x1d,
    0xb8, 0xd, 0xfe, 0xa8, 0x51, 0x7f, 0x50, 0xad,
    0x81, 0xd8, 0x8, 0x4, 0x82, 0x20, 0x9, 0x5,
    0x6c, 0xe, 0xc2, 0x8b, 0xfa, 0x84,

    /* U+010A "Ċ" */
    0x1, 0xe5, 0x0, 0x86, 0x5c, 0x3, 0x39, 0x0,
    0x6, 0xff, 0x50, 0x2c, 0xbe, 0x6c, 0x5e, 0x81,
    0x20, 0xc, 0x2, 0x71, 0x0, 0xff, 0xe0, 0x18,
    0x4, 0xe2, 0xf4, 0x9, 0x1, 0x65, 0xf3, 0x42,

    /* U+010B "ċ" */
    0x0, 0x30, 0x80, 0x43, 0x2e, 0x1, 0xf, 0xb0,
    0x0, 0x6f, 0xf5, 0x42, 0x8b, 0xfa, 0x85, 0x6c,
    0xe, 0xc0, 0x40, 0x24, 0x11, 0x0, 0x48, 0x2b,
    0x60, 0x76, 0x14, 0x5f, 0xd4, 0x20,

    /* U+010C "Č" */
    0x2e, 0x3c, 0x60, 0x2a, 0xc5, 0x60, 0x2, 0x7c,
    0x80, 0x6, 0xff, 0x54, 0x2c, 0xbf, 0xa8, 0x5e,
    0x80, 0xf0, 0x4c, 0x2, 0x30, 0xf, 0xfe, 0x9,
    0x80, 0x50, 0x4f, 0x40, 0x8e, 0x76, 0x5f, 0x36,
    0x20,

    /* U+010D "č" */
    0x1d, 0x4c, 0x60, 0x1f, 0x94, 0x60, 0x1, 0x6c,
    0x0, 0x6, 0xff, 0x54, 0x28, 0xbf, 0xa8, 0x56,
    0xc0, 0xf4, 0x44, 0x1, 0x10, 0x8, 0x4, 0xa2,
    0xb6, 0x7, 0x41, 0x45, 0xfd, 0x42,

    /* U+010E "Ď" */
    0x3d, 0x3d, 0x50, 0x38, 0xc5, 0x50, 0x1, 0x7e,
    0x0, 0x1d, 0xfe, 0xc2, 0x0, 0x67, 0xdf, 0x80,
    0x67, 0x21, 0x0, 0xe3, 0x0, 0xff, 0xe2, 0x98,
    0x4, 0xe4, 0x21, 0x9f, 0x7e, 0x0,

    /* U+010F "ď" */
    0x0, 0xd4, 0xf8, 0x40, 0x1e, 0x22, 0x3, 0xfe,
    0x8, 0x68, 0xc, 0x66, 0xb0, 0x18, 0x11, 0xc,
    0x5c, 0x2, 0x70, 0xf, 0x9c, 0x3, 0xe2, 0x21,
    0x8b, 0x80, 0x43, 0x19, 0xac, 0x1, 0x0,

    /* U+0110 "Đ" */
    0xe, 0xff, 0x61, 0x0, 0x59, 0xf7, 0xe0, 0x1c,
    0xe4, 0x20, 0x1e, 0x3d, 0x1c, 0x70, 0xb, 0x47,
    0x1c, 0x3, 0xf8, 0xc0, 0x33, 0x90, 0x80, 0x33,
    0xef, 0xc0,

    /* U+0111 "đ" */
    0x0, 0xde, 0x20, 0x17, 0xf8, 0x38, 0xc0, 0x1f,
    0xe0, 0xe3, 0x36, 0xf3, 0x80, 0x5e, 0xbc, 0x40,
    0x11, 0x50, 0x28, 0x7, 0xf8, 0xa8, 0x14, 0x2,
    0xf5, 0xf2, 0x0, 0x80,

    /* U+0112 "Ē" */
    0x3f, 0xfa, 0x40, 0xff, 0xe9, 0xc, 0xff, 0xc6,
    0x17, 0xff, 0x18, 0x7, 0xff, 0x6, 0xff, 0xda,
    0x0, 0xbf, 0xf6, 0x80, 0x7f, 0xf0, 0xaf, 0xfe,
    0x30,

    /* U+0113 "ē" */
    0x4f, 0xf9, 0xc1, 0x3f, 0xe7, 0x2, 0xbe, 0xd3,
    0x9, 0xce, 0x9d, 0x4, 0x60, 0x40, 0x20, 0xfe,
    0xe0, 0x5, 0xfd, 0xd1, 0x23, 0x1, 0xe0, 0x4e,
    0x7f, 0x48, 0x0,

    /* U+0114 "Ĕ" */
    0x1c, 0x6, 0x80, 0x1a, 0xbc, 0x90, 0x3, 0x5d,
    0x8, 0x67, 0xfe, 0x30, 0xbf, 0xf8, 0xc0, 0x3f,
    0xf8, 0x37, 0xfe, 0xd0, 0x5, 0xff, 0xb4, 0x3,
    0xff, 0x85, 0x7f, 0xf1, 0x80,

    /* U+0115 "ĕ" */
    0x3a, 0x7, 0x60, 0x32, 0xbe, 0x60, 0x4, 0x5c,
    0x80, 0xa, 0xfb, 0x4c, 0x27, 0x3a, 0x74, 0x11,
    0x81, 0x0, 0x83, 0xfb, 0x80, 0x17, 0xf7, 0x44,
    0x8c, 0x7, 0x81, 0x39, 0xfd, 0x20,

    /* U+0116 "Ė" */
    0x0, 0x73, 0x0, 0x69, 0x40, 0xc, 0xe4, 0x0,
    0xcf, 0xfc, 0x61, 0x7f, 0xf1, 0x80, 0x7f, 0xf0,
    0x6f, 0xfd, 0xa0, 0xb, 0xff, 0x68, 0x7, 0xff,
    0xa, 0xff, 0xe3,

    /* U+0117 "ė" */
    0x0, 0x30, 0x80, 0x45, 0x28, 0x1, 0x17, 0xa8,
    0x0, 0xaf, 0xb4, 0xc2, 0x73, 0xa7, 0x41, 0x18,
    0x10, 0x8, 0x3f, 0xb8, 0x1, 0x7f, 0x74, 0x48,
    0xc0, 0x78, 0x13, 0x9f, 0xd2, 0x0,

    /* U+0118 "Ę" */
    0xcf, 0xfc, 0x61, 0x7f, 0xf1, 0x80, 0x7d, 0x7f,
    0xed, 0x0, 0x5f, 0xfb, 0x40, 0x3f, 0xf9, 0x17,
    0xff, 0x1e, 0x7f, 0x8f, 0x4c, 0x3, 0x71, 0x80,

    /* U+0119 "ę" */
    0x1b, 0xed, 0x50, 0xaf, 0xef, 0xa0, 0x59, 0xdf,
    0x12, 0x1c, 0xdd, 0x71, 0x9, 0x80, 0x8, 0x16,
    0xc1, 0x38, 0x28, 0xbe, 0x34, 0x6, 0xd3, 0x84,
    0x3, 0x7a, 0x0,

    /* U+011A "Ě" */
    0x1d, 0x3b, 0x70, 0x1e, 0xc1, 0x70, 0x1, 0xfd,
    0x0, 0x33, 0xff, 0x18, 0x5f, 0xfc, 0x60, 0x1f,
    0xfc, 0x1b, 0xff, 0x68, 0x2, 0xff, 0xda, 0x1,
    0xff, 0xc2, 0xbf, 0xf8, 0xc0,

    /* U+011B "ě" */
    0x3d, 0x3d, 0x50, 0x38, 0xc5, 0x50, 0x1, 0x7e,
    0x0, 0x5, 0x7d, 0xa6, 0x13, 0x9d, 0x3a, 0x8,
    0xc0, 0x80, 0x41, 0xfd, 0xc0, 0xb, 0xfb, 0xa2,
    0x46, 0x3, 0xc0, 0x9c, 0xfe, 0x90,

    /* U+011C "Ĝ" */
    0x7, 0xda, 0x0, 0x10, 0x6f, 0x98, 0x13, 0x82,
    0x98, 0x15, 0xfe, 0xa0, 0x49, 0xfc, 0xd8, 0x2d,
    0x2, 0x48, 0x88, 0x2, 0x61, 0x0, 0x4f, 0x70,
    0xc0, 0x11, 0xe6, 0x2, 0x2, 0x23, 0x15, 0xa0,
    0x40, 0x29, 0x3f, 0x9a, 0x0,

    /* U+011D "ĝ" */
    0x7, 0xd9, 0x0, 0x10, 0xef, 0x98, 0x13, 0x3,
    0x18, 0x1e, 0xfc, 0x78, 0xfd, 0x7e, 0x80, 0x9,
    0x41, 0x40, 0x3f, 0x12, 0x82, 0x80, 0x3e, 0xbb,
    0x40, 0x7, 0xbd, 0x0, 0x1c, 0xa2, 0x37, 0xfa,
    0x28, 0x0,

    /* U+011E "Ğ" */
    0x3a, 0x7, 0x60, 0x32, 0xbe, 0x60, 0x4, 0x5c,
    0x80, 0xa, 0xff, 0x54, 0x24, 0xfe, 0x68, 0x56,
    0x81, 0x30, 0x44, 0x1, 0x18, 0x5, 0x3d, 0xc3,
    0x0, 0x47, 0x98, 0x8, 0x8, 0x8c, 0x56, 0x81,
    0x0, 0xa4, 0xfe, 0x68, 0x0,

    /* U+011F "ğ" */
    0x4a, 0x8, 0x60, 0x42, 0xb1, 0x60, 0x4, 0x5c,
    0x80, 0xf, 0x7e, 0x3c, 0x7e, 0xbf, 0x40, 0x4,
    0xa0, 0xa0, 0x1f, 0x89, 0x41, 0x40, 0x1f, 0x5d,
    0xa0, 0x3, 0xde, 0x80, 0xe, 0x51, 0x1b, 0xfd,
    0x14, 0x0,

    /* U+0120 "Ġ" */
    0x1, 0xe4, 0x0, 0x85, 0x94, 0x3, 0x40, 0x80,
    0xa, 0xff, 0x50, 0x24, 0xfe, 0x6c, 0x16, 0x81,
    0x24, 0x44, 0x1, 0x30, 0x80, 0x27, 0xb8, 0x60,
    0x8, 0xf3, 0x1, 0x1, 0x11, 0x8a, 0xd0, 0x20,
    0x14, 0x9f, 0xcd, 0x0,

    /* U+0121 "ġ" */
    0x0, 0x30, 0x80, 0x45, 0x2a, 0x1, 0x17, 0xa0,
    0x0, 0xf7, 0xe3, 0xc7, 0xeb, 0xf4, 0x0, 0x4a,
    0xa, 0x1, 0xf8, 0x94, 0x14, 0x1, 0xf5, 0xda,
    0x0, 0x3d, 0xe8, 0x0, 0xe5, 0x11, 0xbf, 0xd1,
    0x40,

    /* U+0122 "Ģ" */
    0x2b, 0xfd, 0x40, 0x93, 0xf9, 0xb0, 0x5a, 0x4,
    0x91, 0x10, 0x4, 0xc2, 0x0, 0x9e, 0xe1, 0x80,
    0x23, 0xcc, 0x4, 0x4, 0x46, 0x2b, 0x40, 0x80,
    0x52, 0x7f, 0x34, 0x5, 0x7f, 0xa8, 0x1, 0x5b,
    0x0, 0x4a, 0xec, 0x0,

    /* U+0123 "ģ" */
    0x0, 0x98, 0x3, 0x3f, 0x80, 0x43, 0x3a, 0x1,
    0x14, 0xa0, 0x4, 0x6e, 0x1, 0x1e, 0xfc, 0x78,
    0xfd, 0x7e, 0x80, 0x9, 0x41, 0x40, 0x3f, 0x12,
    0x82, 0x80, 0x3e, 0xbb, 0x40, 0x7, 0xbd, 0x0,
    0x1c, 0xa2, 0x37, 0xfa, 0x28, 0x0,

    /* U+0124 "Ĥ" */
    0x5, 0xf8, 0x0, 0x1d, 0xe2, 0x28, 0x1f, 0x1e,
    0x28, 0x71, 0x80, 0x3c, 0x40, 0x3f, 0xf8, 0xfb,
    0xdc, 0x0, 0xab, 0xfc, 0x1, 0x38, 0x88, 0x3,
    0xff, 0x84,

    /* U+0125 "ĥ" */
    0x6, 0xda, 0x0, 0xc4, 0x3b, 0xe8, 0x1, 0x13,
    0x82, 0xa0, 0x7, 0x71, 0x80, 0x7f, 0xf0, 0xef,
    0xb8, 0xa0, 0x1d, 0xd7, 0x40, 0x1a, 0xc1, 0x40,
    0x40, 0x3e, 0x30, 0xf, 0xfe, 0x60,

    /* U+0126 "Ħ" */
    0xe, 0x30, 0x7, 0x88, 0x68, 0xe7, 0xf8, 0x38,
    0x74, 0x73, 0xfc, 0x1c, 0x20, 0x1f, 0xed, 0xee,
    0x0, 0x75, 0x7f, 0x80, 0x39, 0xc4, 0x40, 0x1f,
    0xfc, 0x70,

    /* U+0127 "ħ" */
    0xe, 0x30, 0xd, 0xe3, 0x9e, 0x60, 0xf, 0x1c,
    0xf3, 0x0, 0xd7, 0xda, 0xa0, 0x1b, 0xa2, 0x80,
    0x2b, 0x5, 0x1, 0x0, 0xf1, 0x80, 0x7f, 0xf0,
    0x80,

    /* U+0128 "Ĩ" */
    0x1b, 0x84, 0x65, 0xde, 0x85, 0x46, 0x66, 0x1d,
    0xff, 0xeb, 0xf0, 0xdf, 0x0, 0xff, 0xe9, 0x5f,
    0x86, 0xf8,

    /* U+0129 "ĩ" */
    0x5, 0x61, 0x50, 0x1c, 0xa, 0x10, 0x19, 0x6b,
    0x40, 0xbf, 0xf3, 0x80, 0x2f, 0xd4, 0x3, 0xff,
    0x9f, 0xfe, 0x58, 0xfa,

    /* U+012A "Ī" */
    0x4f, 0xf9, 0xd3, 0xfe, 0x7b, 0xff, 0xd7, 0xe1,
    0xbe, 0x1, 0xff, 0xd2, 0xbf, 0xd, 0xf0,

    /* U+012B "ī" */
    0x2f, 0xfa, 0x80, 0xbf, 0xea, 0xb, 0xff, 0x38,
    0x2, 0xfd, 0x40, 0x3f, 0xf9, 0xff, 0xe5, 0x8f,
    0xa0,

    /* U+012C "Ĭ" */
    0x3a, 0x7, 0x63, 0x2b, 0xe6, 0x8, 0xb9, 0xb,
    0xff, 0xd7, 0xe1, 0xbe, 0x1, 0xff, 0xd2, 0xbf,
    0xd, 0xf0,

    /* U+012D "ĭ" */
    0xd, 0x5, 0x90, 0x4, 0x5f, 0xc0, 0x1, 0x6e,
    0x84, 0x2f, 0xfc, 0xe0, 0xb, 0xf5, 0x0, 0xff,
    0xe7, 0xff, 0x96, 0x3e, 0x80,

    /* U+012E "Į" */
    0xbf, 0xfd, 0x7e, 0x1b, 0xe0, 0x1f, 0xfd, 0x2b,
    0xf0, 0xdf, 0xb8, 0x87, 0xf8, 0x3e, 0x9c, 0x0,

    /* U+012F "į" */
    0x0, 0x29, 0x0, 0x6b, 0x50, 0xd, 0xce, 0x0,
    0xbf, 0xf3, 0x80, 0x2f, 0xd4, 0x3, 0xff, 0x9f,
    0xfe, 0x58, 0xfa, 0xfb, 0x5f, 0xf5, 0x0, 0xbc,
    0x80, 0x0,

    /* U+0130 "İ" */
    0x1, 0xe4, 0x0, 0xb, 0x28, 0x5, 0x2, 0x17,
    0xff, 0xaf, 0xc3, 0x7c, 0x3, 0xff, 0xa5, 0x7e,
    0x1b, 0xe0,

    /* U+0131 "ı" */
    0xbf, 0xf3, 0x80, 0x2f, 0xd4, 0x3, 0xff, 0x9f,
    0xfe, 0x58, 0xfa,

    /* U+0132 "Ĳ" */
    0x6e, 0xe3, 0x6, 0xa3, 0x31, 0xd8, 0x3, 0xff,
    0xc2, 0xac, 0xec, 0x0, 0x75, 0xee, 0x30, 0x90,
    0x80, 0x5b, 0xcc, 0x40, 0x16, 0xfc, 0x80,

    /* U+0133 "ĳ" */
    0xe, 0x10, 0xd2, 0xb, 0x10, 0x82, 0x5, 0x0,
    0x28, 0x3, 0xc4, 0x38, 0x80, 0x3f, 0xfb, 0x3e,
    0x20, 0x1f, 0x9, 0x80, 0x23, 0xd8, 0x40,

    /* U+0134 "Ĵ" */
    0x0, 0xd5, 0xae, 0x1, 0x8f, 0xf4, 0x48, 0x2,
    0x35, 0x6, 0x20, 0xc, 0x5e, 0x1, 0xff, 0xde,
    0x47, 0x0, 0x84, 0x0, 0xf2, 0x61, 0x68, 0x0,
    0x38, 0xdf, 0x2b, 0x0, 0x0,

    /* U+0135 "ĵ" */
    0x0, 0x3e, 0xc8, 0x0, 0x87, 0x7c, 0xc0, 0x98,
    0x18, 0xff, 0xf1, 0x87, 0xfc, 0x40, 0x1f, 0xfd,
    0x13, 0x10, 0x9, 0x40, 0x83, 0xbe, 0x28, 0x0,

    /* U+0136 "Ķ" */
    0xe3, 0x0, 0x6a, 0x80, 0x48, 0xa, 0x1, 0x45,
    0x80, 0x48, 0x4c, 0x0, 0xcb, 0x60, 0xb, 0x2d,
    0x80, 0x32, 0x13, 0x80, 0x68, 0x90, 0xc, 0x84,
    0xfc, 0x60, 0xc, 0x70, 0x5, 0x28, 0x4, 0xcc,
    0x50, 0x0,

    /* U+0137 "ķ" */
    0xd4, 0x0, 0xff, 0xe1, 0x72, 0x0, 0x52, 0x88,
    0x0, 0x1b, 0xd8, 0x2, 0xf1, 0x4, 0x1, 0x7a,
    0xa4, 0x1, 0x13, 0xf0, 0x6, 0x81, 0x6d, 0x40,
    0x6, 0xb0, 0x2, 0x94, 0x2, 0x66, 0x28, 0x0,

    /* U+0138 "ĸ" */
    0xc5, 0x0, 0x6a, 0x80, 0x4e, 0x2a, 0x0, 0x19,
    0xe0, 0x5, 0xf2, 0x10, 0x2, 0x31, 0x48, 0x0,
    0x66, 0x8e, 0x0, 0xce, 0xe,

    /* U+0139 "Ĺ" */
    0xa, 0x80, 0x9, 0x1e, 0x0, 0x24, 0xd0, 0xc,
    0xf4, 0x1, 0xff, 0xe3, 0x5f, 0xfa, 0x40,

    /* U+013A "ĺ" */
    0x0, 0xb5, 0x0, 0x33, 0xa2, 0x0, 0x33, 0xc8,
    0x5, 0x5f, 0xeb, 0x0, 0xab, 0xe8, 0x3, 0xff,
    0xba, 0x2c, 0x20, 0x19, 0x1f, 0xbe, 0x40,

    /* U+013B "Ļ" */
    0x7a, 0x0, 0xff, 0xf1, 0xaf, 0xfd, 0x2f, 0xff,
    0xa4, 0x0, 0x96, 0x1, 0xa7, 0xc0, 0x0,

    /* U+013C "ļ" */
    0xaf, 0xf5, 0x80, 0x55, 0xf4, 0x1, 0xff, 0xdd,
    0x16, 0x10, 0xc, 0x8f, 0xdf, 0x20, 0x15, 0x7f,
    0xa4, 0x2, 0x78, 0x0, 0xc5, 0x32, 0x0, 0x0,

    /* U+013D "Ľ" */
    0x7a, 0xb, 0x40, 0xc, 0xec, 0x1, 0xbc, 0x80,
    0x31, 0x80, 0x7f, 0xf3, 0xd7, 0xfe, 0x90,

    /* U+013E "ľ" */
    0xaf, 0xf5, 0x87, 0x85, 0x7d, 0x0, 0x4, 0x3,
    0xda, 0x1, 0xe3, 0x0, 0xff, 0xe6, 0xb, 0x8,
    0x6, 0x47, 0xef, 0x90,

    /* U+013F "Ŀ" */
    0x7a, 0x0, 0xff, 0xe6, 0x9f, 0xb0, 0x7, 0xf1,
    0xfb, 0x0, 0x7c, 0xbf, 0xf4, 0x80,

    /* U+0140 "ŀ" */
    0xef, 0xf3, 0x80, 0x6e, 0xf6, 0x0, 0xff, 0xe7,
    0x27, 0xa8, 0x7, 0xff, 0x5, 0x3d, 0x40, 0x3,
    0xa0, 0x1e, 0x96, 0xff, 0x28, 0x0,

    /* U+0141 "Ł" */
    0x7, 0xa0, 0xf, 0xfe, 0x11, 0x38, 0x6, 0x7e,
    0x40, 0x0, 0xe0, 0xe1, 0x80, 0x2c, 0x58, 0x3,
    0x56, 0x80, 0x7f, 0xf0, 0x97, 0xfe, 0x90,

    /* U+0142 "ł" */
    0xaf, 0xf5, 0x80, 0x55, 0xf4, 0x1, 0xf8, 0x9c,
    0x3, 0x2f, 0x20, 0x0, 0x78, 0xb0, 0xc0, 0x16,
    0x4e, 0x1, 0xab, 0x0, 0x3c, 0x2c, 0x20, 0x19,
    0x1f, 0xbe, 0x40,

    /* U+0143 "Ń" */
    0x0, 0x17, 0x8, 0x5, 0xd6, 0x20, 0x16, 0x28,
    0x3, 0xac, 0x1, 0xc4, 0xa, 0x20, 0x19, 0x1c,
    0x3, 0x7e, 0x80, 0x67, 0x61, 0x0, 0xca, 0xe0,
    0x1a, 0xa8, 0x1, 0x88, 0x44, 0x1, 0xa8, 0x0,

    /* U+0144 "ń" */
    0x0, 0x17, 0x8, 0x5, 0x30, 0x20, 0x15, 0xb0,
    0x3, 0xa3, 0x35, 0x40, 0x1f, 0x9d, 0x40, 0x4,
    0x3, 0x1, 0x0, 0xe3, 0x0, 0xff, 0xe3, 0x0,

    /* U+0145 "Ņ" */
    0xeb, 0x0, 0x71, 0x2, 0x88, 0x6, 0x47, 0x0,
    0xdf, 0xa0, 0x19, 0xd8, 0x40, 0x32, 0xb8, 0x6,
    0xaa, 0x0, 0x62, 0x11, 0x0, 0x6a, 0x0, 0x71,
    0x3, 0xf9, 0x0, 0x29, 0x40, 0x26, 0x62, 0x80,
    0x0,

    /* U+0146 "ņ" */
    0xe8, 0xcd, 0x50, 0x7, 0xe7, 0x50, 0x1, 0x0,
    0xc0, 0x40, 0x38, 0xc0, 0x3f, 0xf8, 0xdc, 0x60,
    0xf, 0x20, 0x5, 0x28, 0x4, 0xcc, 0x50, 0x0,

    /* U+0147 "Ň" */
    0x3d, 0x3d, 0x50, 0x38, 0xc5, 0x50, 0x1, 0x7e,
    0x0, 0x1d, 0x60, 0xe, 0x20, 0x51, 0x0, 0xc8,
    0xe0, 0x1b, 0xf4, 0x3, 0x3b, 0x8, 0x6, 0x57,
    0x0, 0xd5, 0x40, 0xc, 0x42, 0x20, 0xd, 0x40,
    0x0,

    /* U+0148 "ň" */
    0x2b, 0x29, 0x50, 0x28, 0xf1, 0x50, 0x1, 0xec,
    0x0, 0x3a, 0x33, 0x54, 0x1, 0xf9, 0xd4, 0x0,
    0x40, 0x30, 0x10, 0xe, 0x30, 0xf, 0xfe, 0x30,

    /* U+0149 "ŉ" */
    0x4, 0xe0, 0xf, 0x4d, 0x80, 0x7b, 0x54, 0x3,
    0xee, 0x8c, 0xd5, 0x0, 0xdf, 0x9d, 0x40, 0x19,
    0x0, 0xc0, 0x40, 0x3e, 0x30, 0xf, 0xfe, 0x60,

    /* U+014A "Ŋ" */
    0xeb, 0x0, 0x71, 0x2, 0x88, 0x6, 0x79, 0x0,
    0xd4, 0xc0, 0x18, 0x55, 0x0, 0x37, 0xf8, 0x3,
    0x23, 0x0, 0x75, 0x8, 0x6, 0x60, 0x3e, 0x20,
    0x51, 0x10, 0x17, 0xcd, 0x0,

    /* U+014B "ŋ" */
    0xe8, 0xcd, 0x50, 0x7, 0xe7, 0x58, 0x1, 0x0,
    0xc4, 0x40, 0x1f, 0xfc, 0xce, 0x30, 0x61, 0x10,
    0x17, 0xde, 0x80,

    /* U+014C "Ō" */
    0x4f, 0xf9, 0xc1, 0x3f, 0xe7, 0x0, 0xf8, 0xb3,
    0xf4, 0xc2, 0x53, 0xe3, 0x41, 0x68, 0x14, 0x46,
    0x0, 0xc6, 0x1, 0xff, 0xc0, 0x10, 0xc, 0x6b,
    0x40, 0xa2, 0x29, 0x4f, 0x8d, 0x0,

    /* U+014D "ō" */
    0x4f, 0xf9, 0xc1, 0x3f, 0xe7, 0x2, 0xbf, 0xd3,
    0x9, 0x3f, 0x8d, 0x4, 0x90, 0x50, 0x20, 0xe,
    0x10, 0xe, 0x14, 0x90, 0x50, 0x29, 0x4f, 0x8d,
    0x0,

    /* U+014E "Ŏ" */
    0x3a, 0x7, 0x60, 0x32, 0xbe, 0x60, 0x4, 0x5c,
    0x80, 0xb, 0x3f, 0x4c, 0x25, 0x3e, 0x34, 0x16,
    0x81, 0x44, 0x60, 0xc, 0x60, 0x1f, 0xfc, 0x1,
    0x0, 0xc6, 0xb4, 0xa, 0x22, 0x94, 0xf8, 0xd0,

    /* U+014F "ŏ" */
    0x3a, 0x7, 0x60, 0x32, 0xbe, 0x60, 0x4, 0x5c,
    0x80, 0xa, 0xff, 0x4c, 0x24, 0xfe, 0x34, 0x12,
    0x41, 0x40, 0x80, 0x38, 0x40, 0x38, 0x52, 0x41,
    0x40, 0xa5, 0x3e, 0x34, 0x0,

    /* U+0150 "Ő" */
    0x4, 0xc3, 0xd1, 0xe, 0xda, 0xe1, 0xa, 0x19,
    0x30, 0x2c, 0xfd, 0x30, 0x94, 0xf8, 0xd0, 0x5a,
    0x5, 0x11, 0x80, 0x31, 0x80, 0x7f, 0xf0, 0x4,
    0x3, 0x1a, 0xd0, 0x28, 0x8a, 0x53, 0xe3, 0x40,

    /* U+0151 "ő" */
    0x4, 0xc3, 0xd1, 0xe, 0xda, 0xe1, 0xa, 0x19,
    0x30, 0x2b, 0xfd, 0x30, 0x93, 0xf8, 0xd0, 0x49,
    0x5, 0x2, 0x0, 0xe1, 0x0, 0xe1, 0x49, 0x5,
    0x2, 0x94, 0xf8, 0xd0,

    /* U+0152 "Œ" */
    0xb, 0xe9, 0xff, 0x73, 0x33, 0x4c, 0xdb, 0x9c,
    0x87, 0xc0, 0x44, 0x0, 0xff, 0x8f, 0xa0, 0x3,
    0x1f, 0xc0, 0x7, 0x8, 0x72, 0x1f, 0x9, 0x11,
    0x99, 0xa6, 0x5b, 0x80,

    /* U+0153 "œ" */
    0x1d, 0xe6, 0xde, 0x39, 0x4f, 0x99, 0x44, 0x7,
    0x84, 0x4a, 0xa7, 0x0, 0xdf, 0xae, 0x1, 0xbf,
    0xac, 0x78, 0x44, 0xa8, 0xd2, 0x9f, 0x13, 0x4a,

    /* U+0154 "Ŕ" */
    0x0, 0x17, 0x8, 0x5, 0xd6, 0x20, 0x16, 0x28,
    0x3, 0xbf, 0xdc, 0xc0, 0xc, 0xfd, 0x93, 0x0,
    0x8d, 0x14, 0x2, 0x25, 0x50, 0x6f, 0x6b, 0x18,
    0x56, 0x8c, 0x0, 0x1c, 0xd5, 0x80, 0x37, 0xd8,
    0x6, 0x40, 0x50,

    /* U+0155 "ŕ" */
    0x0, 0xb5, 0x0, 0x28, 0x44, 0x0, 0x51, 0x20,
    0xa, 0x9c, 0xe8, 0x0, 0x1e, 0x73, 0x18, 0x68,
    0x1, 0x58, 0x4, 0x1, 0x6a, 0x1, 0xff, 0xc6,

    /* U+0156 "Ŗ" */
    0xef, 0xf7, 0x30, 0x3, 0x3f, 0x64, 0xc0, 0x23,
    0x45, 0x0, 0x89, 0x54, 0x1b, 0xda, 0xc6, 0x15,
    0xa3, 0x0, 0x7, 0x35, 0x60, 0xd, 0xf6, 0x1,
    0x90, 0x17, 0x8c, 0x1, 0xaa, 0x0, 0xa5, 0x0,
    0x99, 0x8a, 0x0,

    /* U+0157 "ŗ" */
    0xa, 0x9c, 0xe8, 0x0, 0x8f, 0x39, 0x8c, 0x1,
    0xa0, 0x5, 0x60, 0x0, 0x80, 0x2d, 0x40, 0x3f,
    0xf9, 0x54, 0xc0, 0x1d, 0x2c, 0x1, 0x91, 0xc,
    0x1, 0x80,

    /* U+0158 "Ř" */
    0x3d, 0x3d, 0x50, 0x38, 0xc5, 0x50, 0x1, 0x7e,
    0x0, 0x1d, 0xfe, 0xe6, 0x0, 0x67, 0xec, 0x98,
    0x4, 0x68, 0xa0, 0x11, 0x2a, 0x83, 0x7b, 0x58,
    0xc2, 0xb4, 0x60, 0x0, 0xe6, 0xac, 0x1, 0xbe,
    0xc0, 0x32, 0x2, 0x80,

    /* U+0159 "ř" */
    0x1d, 0x5a, 0x90, 0x1f, 0xb1, 0x90, 0x1, 0x75,
    0x80, 0x2a, 0x73, 0xa0, 0x0, 0x79, 0xcc, 0x61,
    0xa0, 0x5, 0x60, 0x10, 0x5, 0xa8, 0x7, 0xff,
    0x18,

    /* U+015A "Ś" */
    0x0, 0x8b, 0x84, 0x3, 0x75, 0x88, 0x6, 0xc5,
    0x0, 0x87, 0x3f, 0x50, 0x1, 0xa9, 0xf3, 0x60,
    0x2, 0xb0, 0x4f, 0x0, 0x3f, 0xa0, 0x6, 0x9b,
    0x8e, 0x60, 0x9, 0xf3, 0x60, 0x82, 0x40, 0x6,
    0x4c, 0x8, 0xe0, 0x86, 0xc1, 0xd7, 0xf3, 0x44,

    /* U+015B "ś" */
    0x0, 0x17, 0x8, 0x5, 0xd6, 0x20, 0x16, 0x28,
    0x1, 0x37, 0xf9, 0x42, 0x21, 0xfb, 0xc0, 0xd,
    0x23, 0xb0, 0xf3, 0xcf, 0x80, 0x3b, 0xee, 0x38,
    0xea, 0x1, 0x80, 0x22, 0x7f, 0x20, 0x40,

    /* U+015C "Ŝ" */
    0x0, 0x3e, 0xd0, 0x4, 0x41, 0xbe, 0x60, 0x2,
    0x70, 0x53, 0x0, 0xe, 0x7e, 0x98, 0x3, 0x53,
    0xef, 0x40, 0x5, 0x60, 0xd6, 0x0, 0x7f, 0x40,
    0x50, 0x4, 0xdc, 0x73, 0x0, 0x4f, 0x9b, 0x4,
    0x10, 0x0, 0x32, 0x60, 0x66, 0x2, 0x1b, 0x6,
    0xd7, 0xcd, 0x10,

    /* U+015D "ŝ" */
    0x5, 0xf8, 0x0, 0x1d, 0xe2, 0x28, 0x1f, 0x1e,
    0x28, 0x26, 0xff, 0x28, 0x44, 0x3f, 0x78, 0x1,
    0xa4, 0x76, 0x1e, 0x79, 0xf0, 0x7, 0x7d, 0xc7,
    0x1d, 0x40, 0x30, 0x4, 0x4f, 0xe4, 0x8,

    /* U+015E "Ş" */
    0x1, 0xcf, 0xd3, 0x0, 0x6a, 0x7d, 0xe8, 0x0,
    0xac, 0x1a, 0xc0, 0xf, 0xe8, 0xa, 0x0, 0x9b,
    0x8e, 0x60, 0x9, 0xf3, 0x60, 0x82, 0x0, 0x6,
    0x4c, 0xc, 0xc0, 0x43, 0x60, 0xda, 0xf9, 0xa2,
    0x3, 0xe5, 0x85, 0x0, 0x90, 0x7c, 0x0,

    /* U+015F "ş" */
    0x4d, 0xfe, 0x50, 0x88, 0x7e, 0xf0, 0x3, 0x48,
    0xec, 0x3c, 0xf3, 0xe0, 0xe, 0xfb, 0x8e, 0x3a,
    0x80, 0x60, 0x9, 0x97, 0xe4, 0xa, 0x62, 0x5b,
    0x80, 0x14, 0x24, 0x0,

    /* U+0160 "Š" */
    0x3, 0xd3, 0xd5, 0x0, 0x1c, 0x62, 0xa8, 0x2,
    0x5f, 0x80, 0x8, 0x73, 0xf5, 0x0, 0x1a, 0x9f,
    0x36, 0x0, 0x2b, 0x4, 0xf0, 0x3, 0xfa, 0x0,
    0x69, 0xb8, 0xe6, 0x0, 0x9f, 0x36, 0x8, 0x24,
    0x0, 0x64, 0xc0, 0x8e, 0x8, 0x6c, 0x1d, 0x7f,
    0x34, 0x40,

    /* U+0161 "š" */
    0x2d, 0x3d, 0x50, 0x2e, 0xe5, 0xa8, 0x0, 0xf5,
    0x80, 0x9, 0xbf, 0xcc, 0x11, 0xf, 0xcf, 0x0,
    0x69, 0x12, 0x43, 0xcf, 0x3e, 0x0, 0xef, 0xb8,
    0xe3, 0xca, 0x6, 0x0, 0xa8, 0xfc, 0x81,

    /* U+0162 "Ţ" */
    0x5f, 0xfe, 0x85, 0xff, 0x6, 0xfc, 0x0, 0x7f,
    0xfa, 0x22, 0x84, 0x3, 0x62, 0x10, 0x0,

    /* U+0163 "ţ" */
    0x0, 0x22, 0x0, 0x3b, 0x30, 0x1, 0xfe, 0x7f,
    0x77, 0x7f, 0x8d, 0xfd, 0xdd, 0xfe, 0x30, 0xf,
    0xfe, 0x5f, 0x98, 0x7, 0x33, 0x3f, 0xc6, 0x0,
    0x18, 0x7d, 0x30, 0xb, 0x51, 0x0,

    /* U+0164 "Ť" */
    0x3, 0xd3, 0xd5, 0x0, 0x1c, 0x62, 0xa8, 0x2,
    0x5f, 0x80, 0x2, 0xff, 0xf4, 0x2f, 0xf8, 0x37,
    0xe0, 0x3, 0xff, 0xca,

    /* U+0165 "ť" */
    0x0, 0xcd, 0x0, 0x13, 0x33, 0xb8, 0x1, 0x77,
    0x29, 0xc1, 0xfd, 0xdd, 0xbc, 0x6f, 0xee, 0xef,
    0xf1, 0x80, 0x7f, 0xf2, 0xfc, 0xc0, 0x39, 0x9f,
    0xfc, 0x60,

    /* U+0166 "Ŧ" */
    0x5f, 0xfe, 0x85, 0xff, 0x6, 0xfc, 0x0, 0x7f,
    0xf0, 0xeb, 0xc3, 0x74, 0x0, 0xaf, 0xd, 0xd0,
    0x7, 0xff, 0x28,

    /* U+0167 "ŧ" */
    0x0, 0x44, 0x0, 0x3f, 0xcf, 0xee, 0xef, 0xf1,
    0xbf, 0xbb, 0xbf, 0xc6, 0x1, 0xfb, 0x9d, 0xdf,
    0x40, 0xe, 0x77, 0x7d, 0x0, 0x5e, 0x60, 0x1c,
    0xcf, 0xfe, 0x30,

    /* U+0168 "Ũ" */
    0x1b, 0x84, 0x60, 0x5d, 0xe8, 0x50, 0x46, 0x66,
    0x18, 0x71, 0x0, 0x3c, 0x80, 0x3f, 0xfa, 0xe6,
    0xb4, 0xa, 0x22, 0x94, 0xf8, 0xa0,

    /* U+0169 "ũ" */
    0x6, 0x52, 0x40, 0x3e, 0xd9, 0x70, 0x38, 0x85,
    0x98, 0x71, 0x0, 0x3c, 0x80, 0x3f, 0xf9, 0x66,
    0x94, 0xc, 0x43, 0x67, 0xf5, 0xc0,

    /* U+016A "Ū" */
    0x4f, 0xf9, 0xc1, 0x3f, 0xe7, 0x0, 0xfb, 0x88,
    0x1, 0xe4, 0x1, 0xff, 0xd7, 0x35, 0xa0, 0x51,
    0x14, 0xa7, 0xc5, 0x0,

    /* U+016B "ū" */
    0x4f, 0xf9, 0xc1, 0x3f, 0xe7, 0xe, 0x20, 0x7,
    0x90, 0x7, 0xff, 0x2c, 0xd2, 0x81, 0x88, 0x6c,
    0xfe, 0xb8, 0x0,

    /* U+016C "Ŭ" */
    0x3a, 0x7, 0x60, 0x32, 0xbe, 0x60, 0x4, 0x5c,
    0x80, 0x38, 0x80, 0x1e, 0x40, 0x1f, 0xfd, 0x73,
    0x5a, 0x5, 0x11, 0x4a, 0x7c, 0x50, 0x0,

    /* U+016D "ŭ" */
    0x3a, 0x7, 0x60, 0x32, 0xbe, 0x60, 0x4, 0x5c,
    0x80, 0x38, 0x80, 0x1e, 0x40, 0x1f, 0xfc, 0xb3,
    0x4a, 0x6, 0x21, 0xb3, 0xfa, 0xe0,

    /* U+016E "Ů" */
    0x5, 0xa7, 0x0, 0xa6, 0xac, 0x2, 0x9b, 0xb0,
    0x4, 0xb6, 0xe0, 0xe, 0x20, 0x7, 0x90, 0x7,
    0xff, 0x5c, 0xd6, 0x81, 0x44, 0x52, 0x9f, 0x14,
    0x0,

    /* U+016F "ů" */
    0x5, 0xb7, 0x0, 0xa6, 0xec, 0x1, 0x4d, 0xd8,
    0x2, 0x5b, 0x70, 0x7, 0x10, 0x3, 0xc8, 0x3,
    0xff, 0x96, 0x69, 0x40, 0xc4, 0x36, 0x7f, 0x5c,
    0x0,

    /* U+0170 "Ű" */
    0x4, 0xc3, 0xd1, 0xe, 0xda, 0xe1, 0xa, 0x19,
    0x30, 0xe2, 0x0, 0x79, 0x0, 0x7f, 0xf5, 0xcd,
    0x68, 0x14, 0x45, 0x29, 0xf1, 0x40,

    /* U+0171 "ű" */
    0x4, 0xc3, 0xd1, 0xe, 0xda, 0xe1, 0xa, 0x19,
    0x30, 0xe2, 0x0, 0x79, 0x0, 0x7f, 0xf2, 0xcd,
    0x28, 0x18, 0x86, 0xcf, 0xeb, 0x80,

    /* U+0172 "Ų" */
    0xe2, 0x0, 0x79, 0x0, 0x7f, 0xf5, 0xcd, 0x68,
    0x14, 0xc6, 0x4f, 0xe3, 0x40, 0xad, 0x78, 0x40,
    0x37, 0x28, 0x0,

    /* U+0173 "ų" */
    0xe2, 0x0, 0x79, 0x0, 0x7f, 0xf2, 0xcd, 0x28,
    0x14, 0xc6, 0xcf, 0xe7, 0x40, 0x6d, 0x34, 0x40,
    0x36, 0x20, 0x0,

    /* U+0174 "Ŵ" */
    0x0, 0x2f, 0xc0, 0x4, 0x77, 0x88, 0xa0, 0x3,
    0xe3, 0xc5, 0xb, 0x40, 0xf4, 0xe, 0x22, 0xfb,
    0x85, 0x9f, 0x99, 0x85, 0xc5, 0x84, 0x24, 0xc5,
    0xca, 0x25, 0xc2, 0xe4, 0x40, 0xe2, 0x28, 0x44,
    0x4, 0xc0, 0x18, 0x58, 0xc0, 0x80, 0x4, 0x41,

    /* U+0175 "ŵ" */
    0x0, 0x2f, 0xc0, 0x4, 0x77, 0x88, 0xa0, 0x3,
    0xe3, 0xc5, 0x8, 0x60, 0xf3, 0x2b, 0xee, 0x19,
    0x2b, 0x12, 0x93, 0x27, 0x17, 0x93, 0x6e, 0x8f,
    0x88, 0x44, 0x68, 0xe6, 0xa0, 0x2e, 0xe, 0xe1,
    0x6, 0x70, 0x20, 0x0,

    /* U+0176 "Ŷ" */
    0x0, 0x2f, 0xc0, 0x4, 0x77, 0x88, 0xa0, 0x3,
    0xe3, 0xc5, 0x5, 0xc0, 0xa, 0x61, 0x45, 0x0,
    0x5e, 0x42, 0xfc, 0x19, 0xc4, 0x19, 0x4e, 0x6c,
    0x2, 0x9d, 0x42, 0x0, 0x9c, 0x64, 0x3, 0xc2,
    0x1, 0xff, 0xc4,

    /* U+0177 "ŷ" */
    0x0, 0x3e, 0xd0, 0x4, 0x41, 0xbe, 0x60, 0x2,
    0x70, 0x53, 0x2, 0xf0, 0xb, 0x14, 0x8d, 0x40,
    0x4d, 0x42, 0xb8, 0x19, 0x40, 0xc, 0x83, 0x7c,
    0x1, 0x34, 0x12, 0x0, 0x54, 0xcc, 0x0, 0xc6,
    0x14, 0x1, 0x94, 0xc8, 0x3, 0x7d, 0x80, 0x40,

    /* U+0178 "Ÿ" */
    0x5, 0xd0, 0xa8, 0x0, 0x3d, 0x7, 0xe0, 0x0,
    0x9c, 0x15, 0x1, 0x70, 0x2, 0x98, 0x51, 0x40,
    0x17, 0x90, 0xbf, 0x6, 0x71, 0x6, 0x53, 0x9b,
    0x0, 0xa7, 0x50, 0x80, 0x27, 0x19, 0x0, 0xf0,
    0x80, 0x7f, 0xf1, 0x0,

    /* U+0179 "Ź" */
    0x0, 0x17, 0x8, 0x5, 0xd6, 0x20, 0x16, 0x28,
    0x3, 0xbf, 0xf0, 0xf7, 0xfa, 0x88, 0x40, 0x28,
    0x90, 0x9, 0xdc, 0x80, 0x1, 0x98, 0x0, 0xa1,
    0x88, 0x0, 0x6f, 0x0, 0x17, 0xc0, 0x6, 0x39,
    0xff, 0x8c,

    /* U+017A "ź" */
    0x0, 0x17, 0x8, 0x5, 0xd6, 0x20, 0x16, 0x28,
    0x3, 0x7f, 0xf0, 0x6f, 0xf9, 0x90, 0x2, 0x54,
    0xa0, 0x1, 0x5f, 0x88, 0x3, 0xec, 0x80, 0x14,
    0x8a, 0x1, 0x23, 0x7f, 0xc4,

    /* U+017B "Ż" */
    0x1, 0xe4, 0x0, 0x85, 0x94, 0x3, 0x40, 0x80,
    0x3b, 0xff, 0xf, 0x7f, 0xa8, 0x84, 0x2, 0x89,
    0x0, 0x9d, 0xc8, 0x0, 0x19, 0x80, 0xa, 0x18,
    0x80, 0x6, 0xf0, 0x1, 0x7c, 0x0, 0x63, 0x9f,
    0xf8, 0xc0,

    /* U+017C "ż" */
    0x0, 0x30, 0x80, 0x45, 0x28, 0x1, 0x17, 0xa8,
    0x3, 0x7f, 0xf0, 0x6f, 0xf9, 0x90, 0x2, 0x54,
    0xa0, 0x1, 0x5f, 0x88, 0x3, 0xec, 0x80, 0x14,
    0x8a, 0x1, 0x23, 0x7f, 0xc4,

    /* U+017D "Ž" */
    0x3d, 0x3d, 0x50, 0x38, 0xc5, 0x50, 0x1, 0x7e,
    0x0, 0x1d, 0xff, 0x87, 0xbf, 0xd4, 0x42, 0x1,
    0x44, 0x80, 0x4e, 0xe4, 0x0, 0xc, 0xc0, 0x5,
    0xc, 0x40, 0x3, 0x78, 0x0, 0xbe, 0x0, 0x31,
    0xcf, 0xfc, 0x60,

    /* U+017E "ž" */
    0x3d, 0x3d, 0x50, 0x38, 0xc5, 0x50, 0x1, 0x7e,
    0x0, 0x1b, 0xff, 0x83, 0x7f, 0xcc, 0x80, 0x12,
    0xa5, 0x0, 0xa, 0xfc, 0x40, 0x1f, 0x64, 0x0,
    0xa4, 0x50, 0x9, 0x1b, 0xfe, 0x20,

    /* U+017F "ſ" */
    0x5, 0xef, 0xf1, 0x5, 0xd7, 0xf8, 0x80, 0x54,
    0x3, 0xff, 0xb6,

    /* U+2007 " " */

    /* U+2008 " " */

    /* U+2009 " " */

    /* U+200A " " */

    /* U+200B "​" */

    /* U+2010 "‐" */
    0x5f, 0xfa, 0x0,

    /* U+2012 "‒" */
    0x7f, 0xfe, 0x50,

    /* U+2013 "–" */
    0xf, 0xfe, 0x30,

    /* U+2014 "—" */
    0xff, 0xf8, 0xc0,

    /* U+2015 "―" */
    0x8f, 0xff, 0xf4, 0x0,

    /* U+2018 "‘" */
    0xd, 0x54, 0x35, 0x35, 0x5, 0x0, 0x0,

    /* U+2019 "’" */
    0xb, 0x60, 0x3c, 0x4, 0xc2, 0x6,

    /* U+201A "‚" */
    0xa, 0x40, 0x2e, 0x3, 0xd2, 0x46,

    /* U+201C "“" */
    0x2f, 0x18, 0xba, 0x51, 0x6f, 0x3d, 0x11, 0x27,
    0x70, 0x55, 0x0,

    /* U+201D "”" */
    0x2e, 0x17, 0xa2, 0x2, 0x34, 0x21, 0x3c, 0x45,
    0x70, 0x39,

    /* U+201E "„" */
    0x2c, 0x3, 0xb0, 0x22, 0x19, 0x90, 0x84, 0x44,
    0x60, 0x52, 0xa3, 0x4c, 0x0,

    /* U+2020 "†" */
    0x0, 0xbc, 0x80, 0x3f, 0xf8, 0xbf, 0xe0, 0xdf,
    0x30, 0xff, 0x6, 0xf9, 0x80, 0x7f, 0xf9, 0x40,

    /* U+2021 "‡" */
    0x0, 0x9c, 0x40, 0x3a, 0xc, 0x3, 0xfd, 0xfe,
    0xd, 0xf3, 0xf, 0xf0, 0x6f, 0x98, 0x7, 0xff,
    0x2b, 0xfc, 0x1b, 0xe6, 0x1f, 0xe0, 0xdf, 0x30,
    0xf, 0xfe, 0x10,

    /* U+2022 "•" */
    0x6f, 0x90, 0xa0, 0x60, 0xa0, 0x60,

    /* U+2026 "…" */
    0x2, 0x2, 0x1, 0x3, 0xc0, 0xd2, 0xa7, 0x2,
    0x2, 0x32, 0x20,

    /* U+2030 "‰" */
    0x8, 0xc8, 0x1, 0xa0, 0x9, 0x31, 0x2, 0xe0,
    0x3, 0xc8, 0x44, 0x0, 0xab, 0x2b, 0xe0, 0x3,
    0x36, 0x7, 0x0, 0x78, 0x77, 0x29, 0xec, 0x40,
    0x11, 0xc7, 0xdc, 0xf6, 0x3, 0x7, 0x37, 0x0,
    0xd1, 0x2, 0x24, 0x87, 0xa0,

    /* U+2032 "′" */
    0xe, 0x51, 0x13, 0xa8, 0x90, 0xb8, 0x0,

    /* U+2033 "″" */
    0x2f, 0x17, 0xd7, 0x11, 0x72, 0x6a, 0x2, 0xf8,
    0x60, 0x1, 0x0,

    /* U+2039 "‹" */
    0x0, 0x1e, 0x88, 0xe, 0xf0, 0x86, 0xd9, 0x80,
    0x46, 0x1, 0x6c, 0x18, 0x0, 0x77, 0x42,

    /* U+203A "›" */
    0xc, 0x60, 0xb, 0x61, 0x0, 0x3, 0xb4, 0x40,
    0x1, 0x0, 0x87, 0xe8, 0x83, 0x6d, 0x0,

    /* U+2044 "⁄" */
    0x0, 0xe3, 0xc0, 0xf, 0x77, 0x0, 0x3a, 0x28,
    0x80, 0x31, 0xa3, 0x80, 0x77, 0x70, 0x3, 0xa6,
    0xc8, 0x3, 0x21, 0x30, 0x7, 0x4c, 0x80, 0x3a,
    0x6c, 0x80, 0x38,

    /* U+2052 "⁒" */
    0xc6, 0xb, 0x38, 0x71, 0x73, 0x41, 0x6b, 0x0,
    0xa9, 0x80, 0x6, 0xc2, 0x0, 0xae, 0x0, 0x91,
    0x40, 0xa, 0x80, 0xe5, 0xd4, 0x12, 0xc0,

    /* U+20A1 "₡" */
    0x0, 0xa0, 0xec, 0x2, 0x76, 0xc4, 0x50, 0x9f,
    0x2d, 0x57, 0x17, 0xa6, 0x7c, 0x24, 0x57, 0xdd,
    0x28, 0x18, 0x69, 0x9c, 0x4, 0xa6, 0xa0, 0x12,
    0x2, 0xa8, 0x84, 0x41, 0x41, 0x6d, 0x84, 0xe,
    0xcf, 0x9a, 0x60, 0x37, 0xa4, 0x0,

    /* U+20A3 "₣" */
    0x7, 0xff, 0xc6, 0x0, 0x6f, 0xf8, 0xc0, 0x3f,
    0xf8, 0x8d, 0xdd, 0x0, 0x4b, 0xff, 0x2, 0xca,
    0x62, 0x8, 0x2c, 0xbe, 0xa8, 0x7, 0xf0,

    /* U+20A4 "₤" */
    0x0, 0x4f, 0xfb, 0x0, 0x8, 0x8e, 0xfe, 0x0,
    0x13, 0x88, 0x10, 0x3c, 0x2e, 0xe8, 0x41, 0xe1,
    0x77, 0x42, 0xf, 0xb, 0xba, 0x10, 0x79, 0x6d,
    0xd0, 0x80, 0x2f, 0x40, 0x34, 0x9d, 0xff, 0xce,

    /* U+20A6 "₦" */
    0xf, 0x70, 0x2d, 0x0, 0xd, 0x0, 0x79, 0x8c,
    0x2, 0xb1, 0x5d, 0xf2, 0x9b, 0x1f, 0xf, 0x29,
    0xb1, 0xc1, 0xc2, 0x9b, 0x1d, 0x95, 0x29, 0x0,
    0x99, 0x40, 0x3c, 0x80, 0x0,

    /* U+20A7 "₧" */
    0x1f, 0xf7, 0x40, 0x7, 0xbf, 0x15, 0x40, 0x1e,
    0x25, 0xd5, 0x60, 0xc, 0x6b, 0xbc, 0x1, 0xbf,
    0x68, 0x92, 0x24, 0x1, 0xfc, 0xee, 0x68, 0x90,
    0xf, 0xfe, 0x20, 0x80, 0x7d, 0xb3, 0x60,

    /* U+20A9 "₩" */
    0xb3, 0x9, 0xa0, 0x3c, 0x35, 0x5, 0x60, 0x65,
    0xee, 0x0, 0x62, 0xe5, 0x31, 0x75, 0x3d, 0x38,
    0x4c, 0x57, 0xd5, 0x8b, 0x2a, 0x8a, 0x62, 0xc0,
    0x6d, 0x55, 0x10, 0x80, 0xd, 0xc, 0x5d, 0x80,
    0x1a, 0x60, 0x1, 0xd0,

    /* U+20AB "₫" */
    0x0, 0xde, 0x20, 0x13, 0x78, 0x71, 0x80, 0x1b,
    0xc3, 0x8c, 0xb7, 0x9c, 0x2, 0x95, 0xe1, 0x0,
    0x96, 0x81, 0x80, 0x23, 0x60, 0x20, 0x9, 0x66,
    0x20, 0x1, 0x44, 0x3e, 0xdc, 0x43, 0xaa, 0x39,
    0xc8, 0x0,

    /* U+20AC "€" */
    0x1, 0xbf, 0xd5, 0x0, 0x59, 0x7c, 0xd0, 0x83,
    0xd0, 0x24, 0x84, 0x97, 0x69, 0xb0, 0xc8, 0xf6,
    0x98, 0x2, 0x47, 0xb4, 0xc0, 0x12, 0x5d, 0xa6,
    0xe2, 0xf, 0x40, 0x90, 0x0, 0xb2, 0xf9, 0xb1,

    /* U+20AD "₭" */
    0xc, 0x40, 0x6, 0x28, 0x6, 0x85, 0x50, 0x4,
    0x8b, 0x20, 0x10, 0xcf, 0x80, 0x2c, 0xe8, 0xbf,
    0x4a, 0xce, 0x12, 0xf4, 0x80, 0x7, 0x50, 0x40,
    0x18, 0x6f, 0x80, 0x39, 0x5a, 0x0,

    /* U+20AE "₮" */
    0x7f, 0xfe, 0xa7, 0xff, 0xe, 0xfd, 0x0, 0x7f,
    0x10, 0xf7, 0x8, 0x37, 0x82, 0x38, 0x83, 0x70,
    0x7b, 0x4c, 0x2f, 0x87, 0x30, 0x61, 0x1c, 0x28,
    0x20, 0x3, 0x0, 0xe0,

    /* U+20B1 "₱" */
    0xd, 0xff, 0x50, 0x80, 0x5b, 0xe3, 0x1, 0x25,
    0x36, 0xed, 0x0, 0x1f, 0x49, 0x4d, 0x3c, 0x40,
    0x1, 0xbe, 0x6e, 0x1, 0x6f, 0x40, 0x7, 0xff,
    0x10,

    /* U+20B2 "₲" */
    0x0, 0xd0, 0x80, 0x19, 0x2d, 0xef, 0x58, 0x16,
    0xf5, 0xaf, 0x94, 0x2e, 0x98, 0x40, 0xcc, 0x42,
    0xa0, 0x1c, 0xc4, 0x1, 0x5f, 0x63, 0x10, 0x5,
    0x56, 0x24, 0x28, 0x0, 0x16, 0x0, 0x45, 0x28,
    0x83, 0x0, 0x1a, 0xe1, 0xae, 0x14, 0x0, 0xbb,
    0x19, 0xb0,

    /* U+20B4 "₴" */
    0x2, 0xcf, 0xe6, 0x0, 0x42, 0x7e, 0xc8, 0x2,
    0xa0, 0x15, 0x40, 0xbd, 0xd4, 0x24, 0x2f, 0x77,
    0x42, 0xf7, 0x74, 0x2a, 0x4f, 0x73, 0x60, 0x18,
    0x41, 0xb8, 0x1, 0xf7, 0xf5, 0xc0,

    /* U+20B5 "₵" */
    0x0, 0xd6, 0x20, 0x19, 0x71, 0x3b, 0x4, 0x16,
    0xe5, 0x36, 0x4, 0x2e, 0xca, 0x6, 0x80, 0x42,
    0xa0, 0x1c, 0xc2, 0x1, 0xe7, 0x10, 0xf, 0x18,
    0x20, 0x7, 0x9e, 0x90, 0x0, 0x40, 0x8, 0x6a,
    0x4e, 0x90, 0xa, 0x39, 0x3a, 0xc0,

    /* U+20B8 "₸" */
    0xcf, 0xfe, 0x5c, 0xff, 0xe5, 0xcf, 0xfe, 0x5c,
    0xfb, 0x2f, 0xf2, 0x80, 0x7f, 0xf5, 0xc0,

    /* U+20B9 "₹" */
    0xd, 0xee, 0x6e, 0x6, 0xe0, 0x7e, 0x6, 0xf8,
    0xe6, 0x3, 0x70, 0x77, 0x3, 0x39, 0xcc, 0x2,
    0x99, 0x0, 0x5f, 0x0, 0x18, 0xd2, 0x0, 0x35,
    0xb9, 0x0,

    /* U+20BA "₺" */
    0x7, 0x90, 0xf, 0x1b, 0xe0, 0x1, 0x69, 0xcb,
    0x40, 0x2, 0xad, 0xf4, 0x0, 0x36, 0x8, 0xb3,
    0x32, 0xc9, 0x10, 0x29, 0x48, 0x3, 0x3a, 0x80,
    0x43, 0x4a, 0x60, 0x6, 0xf2, 0xb0,

    /* U+20BC "₼" */
    0x0, 0xd6, 0xa0, 0x1f, 0xfc, 0xa1, 0xae, 0x4a,
    0xd6, 0x0, 0x50, 0x7a, 0x54, 0xc2, 0x8a, 0x50,
    0x80, 0x12, 0x25, 0x48, 0x3, 0x90, 0x80, 0x40,
    0x16, 0xa0, 0x1, 0x0, 0xfe,

    /* U+20BD "₽" */
    0xb, 0xff, 0x74, 0x0, 0x53, 0xfe, 0x56, 0x0,
    0xc2, 0xbe, 0x1, 0x85, 0x7e, 0x92, 0x7f, 0xca,
    0xd4, 0x93, 0xfd, 0x1, 0x49, 0x3f, 0xe2, 0xa,
    0x49, 0xff, 0x10, 0x7, 0xe0,

    /* U+2190 "←" */
    0x0, 0x84, 0x3, 0xae, 0x40, 0x34, 0x4, 0x0,
    0x48, 0xde, 0x67, 0xb8, 0x3e, 0x23, 0x51, 0xf5,
    0xde, 0xf, 0xb2, 0x0, 0xc5, 0x4a, 0x1, 0x0,

    /* U+2191 "↑" */
    0x0, 0xd, 0x10, 0x4, 0x58, 0xb8, 0x80, 0x79,
    0x3, 0x52, 0xa9, 0xaa, 0xb, 0x9a, 0xe6, 0x1,
    0xc, 0x0, 0x7f, 0xf4, 0x0,

    /* U+2192 "→" */
    0x0, 0x84, 0x3, 0xe4, 0xd0, 0xf, 0x2a, 0xac,
    0x0, 0x46, 0x75, 0xb3, 0x85, 0x44, 0x63, 0xa0,
    0x8b, 0xba, 0x43, 0xc0, 0x30, 0xfd, 0x90, 0x6,
    0x4b, 0x50, 0x0,

    /* U+2193 "↓" */
    0x0, 0xa8, 0x3, 0xc8, 0x20, 0x1f, 0xfc, 0xb5,
    0x10, 0xc, 0xc1, 0x84, 0x7, 0x7c, 0xb3, 0xe1,
    0xf9, 0x0, 0x9c, 0x10, 0xe0, 0x11, 0xf2, 0x80,
    0x0,

    /* U+2194 "↔" */
    0x0, 0x84, 0x4, 0x3, 0xd8, 0xc0, 0xbc, 0x20,
    0x14, 0xb3, 0x82, 0x4e, 0x80, 0x15, 0xf8, 0xce,
    0x40, 0x90, 0xe0, 0xf8, 0x8c, 0x2e, 0x14, 0x1f,
    0x77, 0x49, 0xe8, 0xe, 0xd0, 0x80, 0x3a, 0xc,
    0x0, 0x76, 0xe0, 0x96, 0xc0, 0x0,

    /* U+2195 "↕" */
    0x0, 0xa4, 0x40, 0x21, 0xc6, 0xc3, 0x2, 0xca,
    0x19, 0xd4, 0x59, 0x60, 0x5c, 0xd7, 0x40, 0x8,
    0xa4, 0x3, 0xff, 0xa0, 0xa4, 0x1, 0x9c, 0x70,
    0xc0, 0xf0, 0x13, 0x78, 0x7e, 0x9c, 0xf, 0xca,
    0x58, 0x2, 0x2d, 0x40, 0x0,

    /* U+2196 "↖" */
    0x1f, 0xef, 0xf6, 0x88, 0x5, 0xbf, 0xa2, 0x3,
    0x78, 0x40, 0x19, 0x6f, 0x8, 0x4, 0x0, 0xb7,
    0x84, 0x14, 0x0, 0x5b, 0xa0,

    /* U+2197 "↗" */
    0xb, 0xff, 0x77, 0x98, 0x5f, 0xf1, 0x3, 0x80,
    0x7, 0x51, 0x0, 0x1, 0xd4, 0x80, 0x0, 0xea,
    0x40, 0x1, 0xd1, 0x10, 0x0, 0xf3,

    /* U+2198 "↘" */
    0x57, 0x0, 0x8c, 0x12, 0x9c, 0x1, 0x6, 0x39,
    0x4e, 0x0, 0x70, 0x1c, 0xa7, 0x0, 0xc3, 0x94,
    0xa0, 0xb, 0xfe, 0x21, 0x0,

    /* U+2199 "↙" */
    0x3, 0x0, 0x92, 0x3, 0x40, 0x9, 0x54, 0x10,
    0x2, 0x56, 0x10, 0x1, 0x2b, 0x8, 0x0, 0x35,
    0x84, 0x1, 0x87, 0x7f, 0x44,

    /* U+2500 "─" */
    0x0, 0xfe, 0x1f, 0xff, 0xa4, 0x77, 0x7e, 0x80,

    /* U+2550 "═" */
    0x3, 0x3f, 0x88, 0x73, 0x3e, 0xb1, 0xff, 0xfa,
    0x47, 0xff, 0xe9, 0x1b, 0xbf, 0xc0,

    /* U+2551 "║" */
    0x4, 0x4, 0x13, 0xb0, 0xa5, 0x0, 0xff, 0xff,
    0x80, 0x7f, 0x80,

    /* U+2554 "╔" */
    0x3, 0x3e, 0x13, 0xcc, 0xe5, 0x0, 0x7f, 0xe4,
    0x0, 0xbb, 0xfc, 0x80, 0x1a, 0x2d, 0x40, 0x31,
    0xa0, 0x80, 0x7f, 0xf5, 0xc5, 0x1, 0x1c, 0x0,

    /* U+2557 "╗" */
    0x3, 0x3e, 0x13, 0xcc, 0xe5, 0x3f, 0xfc, 0x20,
    0x7f, 0xf0, 0x4, 0x77, 0x20, 0x1c, 0x8a, 0x1,
    0xff, 0xdd, 0x14, 0x4, 0x70,

    /* U+255A "╚" */
    0x17, 0x6, 0x10, 0x1, 0x40, 0x42, 0x80, 0x7f,
    0xf7, 0x4c, 0xc2, 0x1, 0xa3, 0x14, 0x2, 0xef,
    0xf2, 0x0, 0x3f, 0xf2, 0x1d, 0xdf, 0x28,

    /* U+255D "╝" */
    0x0, 0xb, 0x83, 0x8, 0x0, 0xa0, 0x21, 0x40,
    0x3f, 0xfb, 0x6, 0xa0, 0x18, 0xf2, 0x40, 0x31,
    0xff, 0xc0, 0x11, 0xff, 0xe1, 0x3, 0xbb, 0xe5,

    /* U+2588 "█" */
    0x0, 0xfd, 0xff, 0xf1, 0x80, 0x7f, 0xff, 0xc0,
    0x3f, 0xfb, 0x26, 0x7f, 0x8,

    /* U+2594 "▔" */
    0x0, 0xfd, 0xff, 0xf1, 0x88, 0xfe,

    /* U+25A0 "■" */
    0xff, 0xf8, 0xc0, 0x3f, 0xfc, 0x97, 0x7f, 0x18
};


/*---------------------
 *  GLYPH DESCRIPTION
 *--------------------*/

static const lv_font_fmt_txt_glyph_dsc_t glyph_dsc[] = {
    {.bitmap_index = 0, .adv_w = 0, .box_w = 0, .box_h = 0, .ofs_x = 0, .ofs_y = 0} /* id = 0 reserved */,
    {.bitmap_index = 0, .adv_w = 115, .box_w = 0, .box_h = 0, .ofs_x = 0, .ofs_y = 0},
    {.bitmap_index = 0, .adv_w = 115, .box_w = 3, .box_h = 9, .ofs_x = 2, .ofs_y = 0},
    {.bitmap_index = 12, .adv_w = 115, .box_w = 5, .box_h = 4, .ofs_x = 1, .ofs_y = 5},
    {.bitmap_index = 21, .adv_w = 115, .box_w = 7, .box_h = 9, .ofs_x = 0, .ofs_y = 0},
    {.bitmap_index = 54, .adv_w = 115, .box_w = 7, .box_h = 13, .ofs_x = 0, .ofs_y = -2},
    {.bitmap_index = 97, .adv_w = 115, .box_w = 8, .box_h = 9, .ofs_x = 0, .ofs_y = 0},
    {.bitmap_index = 131, .adv_w = 115, .box_w = 8, .box_h = 9, .ofs_x = 0, .ofs_y = 0},
    {.bitmap_index = 165, .adv_w = 115, .box_w = 3, .box_h = 4, .ofs_x = 2, .ofs_y = 5},
    {.bitmap_index = 171, .adv_w = 115, .box_w = 4, .box_h = 13, .ofs_x = 2, .ofs_y = -2},
    {.bitmap_index = 195, .adv_w = 115, .box_w = 4, .box_h = 13, .ofs_x = 1, .ofs_y = -2},
    {.bitmap_index = 219, .adv_w = 115, .box_w = 7, .box_h = 7, .ofs_x = 0, .ofs_y = 1},
    {.bitmap_index = 243, .adv_w = 115, .box_w = 7, .box_h = 6, .ofs_x = 0, .ofs_y = 1},
    {.bitmap_index = 259, .adv_w = 115, .box_w = 3, .box_h = 4, .ofs_x = 2, .ofs_y = -2},
    {.bitmap_index = 265, .adv_w = 115, .box_w = 5, .box_h = 1, .ofs_x = 1, .ofs_y = 4},
    {.bitmap_index = 268, .adv_w = 115, .box_w = 3, .box_h = 3, .ofs_x = 2, .ofs_y = 0},
    {.bitmap_index = 272, .adv_w = 115, .box_w = 7, .box_h = 12, .ofs_x = 0, .ofs_y = -1},
    {.bitmap_index = 305, .adv_w = 115, .box_w = 7, .box_h = 9, .ofs_x = 0, .ofs_y = 0},
    {.bitmap_index = 334, .adv_w = 115, .box_w = 6, .box_h = 9, .ofs_x = 1, .ofs_y = 0},
    {.bitmap_index = 350, .adv_w = 115, .box_w = 7, .box_h = 9, .ofs_x = 0, .ofs_y = 0},
    {.bitmap_index = 380, .adv_w = 115, .box_w = 7, .box_h = 9, .ofs_x = 0, .ofs_y = 0},
    {.bitmap_index = 409, .adv_w = 115, .box_w = 6, .box_h = 9, .ofs_x = 0, .ofs_y = 0},
    {.bitmap_index = 435, .adv_w = 115, .box_w = 7, .box_h = 9, .ofs_x = 0, .ofs_y = 0},
    {.bitmap_index = 463, .adv_w = 115, .box_w = 7, .box_h = 9, .ofs_x = 0, .ofs_y = 0},
    {.bitmap_index = 493, .adv_w = 115, .box_w = 7, .box_h = 9, .ofs_x = 0, .ofs_y = 0},
    {.bitmap_index = 521, .adv_w = 115, .box_w = 7, .box_h = 9, .ofs_x = 0, .ofs_y = 0},
    {.bitmap_index = 554, .adv_w = 115, .box_w = 7, .box_h = 9, .ofs_x = 0, .ofs_y = 0},
    {.bitmap_index = 584, .adv_w = 115, .box_w = 3, .box_h = 7, .ofs_x = 2, .ofs_y = 0},
    {.bitmap_index = 593, .adv_w = 115, .box_w = 3, .box_h = 9, .ofs_x = 2, .ofs_y = -2},
    {.bitmap_index = 605, .adv_w = 115, .box_w = 6, .box_h = 8, .ofs_x = 1, .ofs_y = 0},
    {.bitmap_index = 629, .adv_w = 115, .box_w = 6, .box_h = 4, .ofs_x = 1, .ofs_y = 2},
    {.bitmap_index = 637, .adv_w = 115, .box_w = 6, .box_h = 8, .ofs_x = 1, .ofs_y = 0},
    {.bitmap_index = 660, .adv_w = 115, .box_w = 5, .box_h = 9, .ofs_x = 1, .ofs_y = 0},
    {.bitmap_index = 683, .adv_w = 115, .box_w = 7, .box_h = 11, .ofs_x = 0, .ofs_y = -2},
    {.bitmap_index = 721, .adv_w = 115, .box_w = 7, .box_h = 9, .ofs_x = 0, .ofs_y = 0},
    {.bitmap_index = 752, .adv_w = 115, .box_w = 6, .box_h = 9, .ofs_x = 1, .ofs_y = 0},
    {.bitmap_index = 779, .adv_w = 115, .box_w = 6, .box_h = 9, .ofs_x = 1, .ofs_y = 0},
    {.bitmap_index = 803, .adv_w = 115, .box_w = 6, .box_h = 9, .ofs_x = 1, .ofs_y = 0},
    {.bitmap_index = 823, .adv_w = 115, .box_w = 6, .box_h = 9, .ofs_x = 1, .ofs_y = 0},
    {.bitmap_index = 842, .adv_w = 115, .box_w = 6, .box_h = 9, .ofs_x = 1, .ofs_y = 0},
    {.bitmap_index = 861, .adv_w = 115, .box_w = 6, .box_h = 9, .ofs_x = 1, .ofs_y = 0},
    {.bitmap_index = 889, .adv_w = 115, .box_w = 6, .box_h = 9, .ofs_x = 1, .ofs_y = 0},
    {.bitmap_index = 906, .adv_w = 115, .box_w = 5, .box_h = 9, .ofs_x = 1, .ofs_y = 0},
    {.bitmap_index = 916, .adv_w = 115, .box_w = 6, .box_h = 9, .ofs_x = 0, .ofs_y = 0},
    {.bitmap_index = 931, .adv_w = 115, .box_w = 6, .box_h = 9, .ofs_x = 1, .ofs_y = 0},
    {.bitmap_index = 956, .adv_w = 115, .box_w = 6, .box_h = 9, .ofs_x = 1, .ofs_y = 0},
    {.bitmap_index = 963, .adv_w = 115, .box_w = 7, .box_h = 9, .ofs_x = 0, .ofs_y = 0},
    {.bitmap_index = 986, .adv_w = 115, .box_w = 6, .box_h = 9, .ofs_x = 1, .ofs_y = 0},
    {.bitmap_index = 1010, .adv_w = 115, .box_w = 6, .box_h = 9, .ofs_x = 1, .ofs_y = 0},
    {.bitmap_index = 1033, .adv_w = 115, .box_w = 6, .box_h = 9, .ofs_x = 1, .ofs_y = 0},
    {.bitmap_index = 1056, .adv_w = 115, .box_w = 7, .box_h = 11, .ofs_x = 0, .ofs_y = -2},
    {.bitmap_index = 1087, .adv_w = 115, .box_w = 6, .box_h = 9, .ofs_x = 1, .ofs_y = 0},
    {.bitmap_index = 1113, .adv_w = 115, .box_w = 7, .box_h = 9, .ofs_x = 0, .ofs_y = 0},
    {.bitmap_index = 1145, .adv_w = 115, .box_w = 7, .box_h = 9, .ofs_x = 0, .ofs_y = 0},
    {.bitmap_index = 1155, .adv_w = 115, .box_w = 6, .box_h = 9, .ofs_x = 1, .ofs_y = 0},
    {.bitmap_index = 1168, .adv_w = 115, .box_w = 7, .box_h = 9, .ofs_x = 0, .ofs_y = 0},
    {.bitmap_index = 1199, .adv_w = 115, .box_w = 7, .box_h = 9, .ofs_x = 0, .ofs_y = 0},
    {.bitmap_index = 1229, .adv_w = 115, .box_w = 7, .box_h = 9, .ofs_x = 0, .ofs_y = 0},
    {.bitmap_index = 1260, .adv_w = 115, .box_w = 7, .box_h = 9, .ofs_x = 0, .ofs_y = 0},
    {.bitmap_index = 1285, .adv_w = 115, .box_w = 6, .box_h = 9, .ofs_x = 1, .ofs_y = 0},
    {.bitmap_index = 1310, .adv_w = 115, .box_w = 4, .box_h = 12, .ofs_x = 2, .ofs_y = -1},
    {.bitmap_index = 1319, .adv_w = 115, .box_w = 7, .box_h = 12, .ofs_x = 0, .ofs_y = -1},
    {.bitmap_index = 1351, .adv_w = 115, .box_w = 4, .box_h = 12, .ofs_x = 1, .ofs_y = -1},
    {.bitmap_index = 1360, .adv_w = 115, .box_w = 7, .box_h = 5, .ofs_x = 0, .ofs_y = 4},
    {.bitmap_index = 1377, .adv_w = 115, .box_w = 7, .box_h = 1, .ofs_x = 0, .ofs_y = -1},
    {.bitmap_index = 1380, .adv_w = 115, .box_w = 4, .box_h = 2, .ofs_x = 1, .ofs_y = 8},
    {.bitmap_index = 1385, .adv_w = 115, .box_w = 7, .box_h = 7, .ofs_x = 0, .ofs_y = 0},
    {.bitmap_index = 1410, .adv_w = 115, .box_w = 6, .box_h = 9, .ofs_x = 1, .ofs_y = 0},
    {.bitmap_index = 1435, .adv_w = 115, .box_w = 6, .box_h = 7, .ofs_x = 1, .ofs_y = 0},
    {.bitmap_index = 1456, .adv_w = 115, .box_w = 6, .box_h = 9, .ofs_x = 1, .ofs_y = 0},
    {.bitmap_index = 1480, .adv_w = 115, .box_w = 6, .box_h = 7, .ofs_x = 1, .ofs_y = 0},
    {.bitmap_index = 1501, .adv_w = 115, .box_w = 7, .box_h = 9, .ofs_x = 0, .ofs_y = 0},
    {.bitmap_index = 1524, .adv_w = 115, .box_w = 6, .box_h = 9, .ofs_x = 1, .ofs_y = -2},
    {.bitmap_index = 1549, .adv_w = 115, .box_w = 6, .box_h = 9, .ofs_x = 1, .ofs_y = 0},
    {.bitmap_index = 1566, .adv_w = 115, .box_w = 6, .box_h = 10, .ofs_x = 1, .ofs_y = 0},
    {.bitmap_index = 1585, .adv_w = 115, .box_w = 5, .box_h = 12, .ofs_x = 1, .ofs_y = -2},
    {.bitmap_index = 1606, .adv_w = 115, .box_w = 6, .box_h = 9, .ofs_x = 1, .ofs_y = 0},
    {.bitmap_index = 1629, .adv_w = 115, .box_w = 7, .box_h = 9, .ofs_x = 0, .ofs_y = 0},
    {.bitmap_index = 1643, .adv_w = 115, .box_w = 7, .box_h = 7, .ofs_x = 0, .ofs_y = 0},
    {.bitmap_index = 1657, .adv_w = 115, .box_w = 6, .box_h = 7, .ofs_x = 1, .ofs_y = 0},
    {.bitmap_index = 1672, .adv_w = 115, .box_w = 6, .box_h = 7, .ofs_x = 1, .ofs_y = 0},
    {.bitmap_index = 1691, .adv_w = 115, .box_w = 6, .box_h = 9, .ofs_x = 1, .ofs_y = -2},
    {.bitmap_index = 1716, .adv_w = 115, .box_w = 6, .box_h = 9, .ofs_x = 1, .ofs_y = -2},
    {.bitmap_index = 1740, .adv_w = 115, .box_w = 6, .box_h = 7, .ofs_x = 1, .ofs_y = 0},
    {.bitmap_index = 1756, .adv_w = 115, .box_w = 6, .box_h = 7, .ofs_x = 1, .ofs_y = 0},
    {.bitmap_index = 1778, .adv_w = 115, .box_w = 7, .box_h = 9, .ofs_x = 0, .ofs_y = 0},
    {.bitmap_index = 1799, .adv_w = 115, .box_w = 6, .box_h = 7, .ofs_x = 1, .ofs_y = 0},
    {.bitmap_index = 1812, .adv_w = 115, .box_w = 7, .box_h = 7, .ofs_x = 0, .ofs_y = 0},
    {.bitmap_index = 1837, .adv_w = 115, .box_w = 7, .box_h = 7, .ofs_x = 0, .ofs_y = 0},
    {.bitmap_index = 1863, .adv_w = 115, .box_w = 7, .box_h = 7, .ofs_x = 0, .ofs_y = 0},
    {.bitmap_index = 1887, .adv_w = 115, .box_w = 7, .box_h = 9, .ofs_x = 0, .ofs_y = -2},
    {.bitmap_index = 1916, .adv_w = 115, .box_w = 6, .box_h = 7, .ofs_x = 1, .ofs_y = 0},
    {.bitmap_index = 1937, .adv_w = 115, .box_w = 7, .box_h = 12, .ofs_x = 0, .ofs_y = -1},
    {.bitmap_index = 1972, .adv_w = 115, .box_w = 2, .box_h = 12, .ofs_x = 3, .ofs_y = -1},
    {.bitmap_index = 1977, .adv_w = 115, .box_w = 6, .box_h = 12, .ofs_x = 1, .ofs_y = -1},
    {.bitmap_index = 2009, .adv_w = 115, .box_w = 7, .box_h = 3, .ofs_x = 0, .ofs_y = 3},
    {.bitmap_index = 2020, .adv_w = 115, .box_w = 0, .box_h = 0, .ofs_x = 0, .ofs_y = 0},
    {.bitmap_index = 2020, .adv_w = 115, .box_w = 3, .box_h = 9, .ofs_x = 2, .ofs_y = -2},
    {.bitmap_index = 2032, .adv_w = 115, .box_w = 6, .box_h = 11, .ofs_x = 1, .ofs_y = -2},
    {.bitmap_index = 2064, .adv_w = 115, .box_w = 7, .box_h = 9, .ofs_x = 0, .ofs_y = 0},
    {.bitmap_index = 2096, .adv_w = 115, .box_w = 7, .box_h = 7, .ofs_x = 0, .ofs_y = 1},
    {.bitmap_index = 2121, .adv_w = 115, .box_w = 7, .box_h = 9, .ofs_x = 0, .ofs_y = 0},
    {.bitmap_index = 2154, .adv_w = 115, .box_w = 2, .box_h = 12, .ofs_x = 3, .ofs_y = -1},
    {.bitmap_index = 2164, .adv_w = 115, .box_w = 7, .box_h = 11, .ofs_x = 0, .ofs_y = -2},
    {.bitmap_index = 2203, .adv_w = 115, .box_w = 5, .box_h = 2, .ofs_x = 1, .ofs_y = 8},
    {.bitmap_index = 2208, .adv_w = 115, .box_w = 7, .box_h = 8, .ofs_x = 0, .ofs_y = 1},
    {.bitmap_index = 2236, .adv_w = 115, .box_w = 4, .box_h = 4, .ofs_x = 2, .ofs_y = 5},
    {.bitmap_index = 2244, .adv_w = 115, .box_w = 7, .box_h = 6, .ofs_x = 0, .ofs_y = 1},
    {.bitmap_index = 2265, .adv_w = 115, .box_w = 5, .box_h = 3, .ofs_x = 1, .ofs_y = 2},
    {.bitmap_index = 2271, .adv_w = 115, .box_w = 5, .box_h = 1, .ofs_x = 1, .ofs_y = 4},
    {.bitmap_index = 2274, .adv_w = 115, .box_w = 7, .box_h = 8, .ofs_x = 0, .ofs_y = 1},
    {.bitmap_index = 2302, .adv_w = 115, .box_w = 5, .box_h = 1, .ofs_x = 1, .ofs_y = 8},
    {.bitmap_index = 2305, .adv_w = 115, .box_w = 5, .box_h = 4, .ofs_x = 1, .ofs_y = 5},
    {.bitmap_index = 2314, .adv_w = 115, .box_w = 7, .box_h = 7, .ofs_x = 0, .ofs_y = 0},
    {.bitmap_index = 2333, .adv_w = 115, .box_w = 5, .box_h = 5, .ofs_x = 1, .ofs_y = 5},
    {.bitmap_index = 2346, .adv_w = 115, .box_w = 5, .box_h = 5, .ofs_x = 1, .ofs_y = 5},
    {.bitmap_index = 2359, .adv_w = 115, .box_w = 4, .box_h = 2, .ofs_x = 2, .ofs_y = 8},
    {.bitmap_index = 2364, .adv_w = 115, .box_w = 6, .box_h = 9, .ofs_x = 1, .ofs_y = -2},
    {.bitmap_index = 2380, .adv_w = 115, .box_w = 7, .box_h = 11, .ofs_x = 0, .ofs_y = -2},
    {.bitmap_index = 2400, .adv_w = 115, .box_w = 3, .box_h = 3, .ofs_x = 2, .ofs_y = 3},
    {.bitmap_index = 2404, .adv_w = 115, .box_w = 3, .box_h = 3, .ofs_x = 2, .ofs_y = -3},
    {.bitmap_index = 2409, .adv_w = 115, .box_w = 5, .box_h = 5, .ofs_x = 1, .ofs_y = 5},
    {.bitmap_index = 2420, .adv_w = 115, .box_w = 3, .box_h = 4, .ofs_x = 2, .ofs_y = 5},
    {.bitmap_index = 2426, .adv_w = 115, .box_w = 7, .box_h = 6, .ofs_x = 0, .ofs_y = 1},
    {.bitmap_index = 2447, .adv_w = 115, .box_w = 8, .box_h = 9, .ofs_x = 0, .ofs_y = 0},
    {.bitmap_index = 2483, .adv_w = 115, .box_w = 8, .box_h = 10, .ofs_x = 0, .ofs_y = 0},
    {.bitmap_index = 2524, .adv_w = 115, .box_w = 8, .box_h = 9, .ofs_x = 0, .ofs_y = 0},
    {.bitmap_index = 2560, .adv_w = 115, .box_w = 5, .box_h = 9, .ofs_x = 1, .ofs_y = -2},
    {.bitmap_index = 2583, .adv_w = 115, .box_w = 7, .box_h = 12, .ofs_x = 0, .ofs_y = 0},
    {.bitmap_index = 2623, .adv_w = 115, .box_w = 7, .box_h = 12, .ofs_x = 0, .ofs_y = 0},
    {.bitmap_index = 2663, .adv_w = 115, .box_w = 7, .box_h = 12, .ofs_x = 0, .ofs_y = 0},
    {.bitmap_index = 2704, .adv_w = 115, .box_w = 7, .box_h = 12, .ofs_x = 0, .ofs_y = 0},
    {.bitmap_index = 2746, .adv_w = 115, .box_w = 7, .box_h = 12, .ofs_x = 0, .ofs_y = 0},
    {.bitmap_index = 2788, .adv_w = 115, .box_w = 7, .box_h = 13, .ofs_x = 0, .ofs_y = 0},
    {.bitmap_index = 2829, .adv_w = 115, .box_w = 7, .box_h = 9, .ofs_x = 0, .ofs_y = 0},
    {.bitmap_index = 2858, .adv_w = 115, .box_w = 6, .box_h = 11, .ofs_x = 1, .ofs_y = -2},
    {.bitmap_index = 2888, .adv_w = 115, .box_w = 6, .box_h = 12, .ofs_x = 1, .ofs_y = 0},
    {.bitmap_index = 2916, .adv_w = 115, .box_w = 6, .box_h = 12, .ofs_x = 1, .ofs_y = 0},
    {.bitmap_index = 2944, .adv_w = 115, .box_w = 6, .box_h = 12, .ofs_x = 1, .ofs_y = 0},
    {.bitmap_index = 2973, .adv_w = 115, .box_w = 6, .box_h = 12, .ofs_x = 1, .ofs_y = 0},
    {.bitmap_index = 3001, .adv_w = 115, .box_w = 5, .box_h = 12, .ofs_x = 1, .ofs_y = 0},
    {.bitmap_index = 3019, .adv_w = 115, .box_w = 5, .box_h = 12, .ofs_x = 1, .ofs_y = 0},
    {.bitmap_index = 3037, .adv_w = 115, .box_w = 5, .box_h = 12, .ofs_x = 1, .ofs_y = 0},
    {.bitmap_index = 3055, .adv_w = 115, .box_w = 5, .box_h = 12, .ofs_x = 1, .ofs_y = 0},
    {.bitmap_index = 3073, .adv_w = 115, .box_w = 7, .box_h = 9, .ofs_x = 0, .ofs_y = 0},
    {.bitmap_index = 3099, .adv_w = 115, .box_w = 6, .box_h = 12, .ofs_x = 1, .ofs_y = 0},
    {.bitmap_index = 3132, .adv_w = 115, .box_w = 6, .box_h = 12, .ofs_x = 1, .ofs_y = 0},
    {.bitmap_index = 3163, .adv_w = 115, .box_w = 6, .box_h = 12, .ofs_x = 1, .ofs_y = 0},
    {.bitmap_index = 3195, .adv_w = 115, .box_w = 6, .box_h = 12, .ofs_x = 1, .ofs_y = 0},
    {.bitmap_index = 3227, .adv_w = 115, .box_w = 6, .box_h = 12, .ofs_x = 1, .ofs_y = 0},
    {.bitmap_index = 3259, .adv_w = 115, .box_w = 6, .box_h = 12, .ofs_x = 1, .ofs_y = 0},
    {.bitmap_index = 3291, .adv_w = 115, .box_w = 5, .box_h = 6, .ofs_x = 1, .ofs_y = 1},
    {.bitmap_index = 3307, .adv_w = 115, .box_w = 7, .box_h = 10, .ofs_x = 0, .ofs_y = -1},
    {.bitmap_index = 3341, .adv_w = 115, .box_w = 6, .box_h = 12, .ofs_x = 1, .ofs_y = 0},
    {.bitmap_index = 3362, .adv_w = 115, .box_w = 6, .box_h = 12, .ofs_x = 1, .ofs_y = 0},
    {.bitmap_index = 3384, .adv_w = 115, .box_w = 6, .box_h = 12, .ofs_x = 1, .ofs_y = 0},
    {.bitmap_index = 3406, .adv_w = 115, .box_w = 6, .box_h = 12, .ofs_x = 1, .ofs_y = 0},
    {.bitmap_index = 3428, .adv_w = 115, .box_w = 7, .box_h = 12, .ofs_x = 0, .ofs_y = 0},
    {.bitmap_index = 3462, .adv_w = 115, .box_w = 6, .box_h = 9, .ofs_x = 1, .ofs_y = 0},
    {.bitmap_index = 3484, .adv_w = 115, .box_w = 6, .box_h = 9, .ofs_x = 1, .ofs_y = 0},
    {.bitmap_index = 3511, .adv_w = 115, .box_w = 7, .box_h = 10, .ofs_x = 0, .ofs_y = 0},
    {.bitmap_index = 3544, .adv_w = 115, .box_w = 7, .box_h = 10, .ofs_x = 0, .ofs_y = 0},
    {.bitmap_index = 3577, .adv_w = 115, .box_w = 7, .box_h = 10, .ofs_x = 0, .ofs_y = 0},
    {.bitmap_index = 3612, .adv_w = 115, .box_w = 7, .box_h = 10, .ofs_x = 0, .ofs_y = 0},
    {.bitmap_index = 3648, .adv_w = 115, .box_w = 7, .box_h = 10, .ofs_x = 0, .ofs_y = 0},
    {.bitmap_index = 3684, .adv_w = 115, .box_w = 7, .box_h = 11, .ofs_x = 0, .ofs_y = 0},
    {.bitmap_index = 3721, .adv_w = 115, .box_w = 7, .box_h = 7, .ofs_x = 0, .ofs_y = 0},
    {.bitmap_index = 3747, .adv_w = 115, .box_w = 6, .box_h = 9, .ofs_x = 1, .ofs_y = -2},
    {.bitmap_index = 3774, .adv_w = 115, .box_w = 6, .box_h = 10, .ofs_x = 1, .ofs_y = 0},
    {.bitmap_index = 3803, .adv_w = 115, .box_w = 6, .box_h = 10, .ofs_x = 1, .ofs_y = 0},
    {.bitmap_index = 3833, .adv_w = 115, .box_w = 6, .box_h = 10, .ofs_x = 1, .ofs_y = 0},
    {.bitmap_index = 3863, .adv_w = 115, .box_w = 6, .box_h = 10, .ofs_x = 1, .ofs_y = 0},
    {.bitmap_index = 3893, .adv_w = 115, .box_w = 6, .box_h = 10, .ofs_x = 1, .ofs_y = 0},
    {.bitmap_index = 3913, .adv_w = 115, .box_w = 6, .box_h = 10, .ofs_x = 1, .ofs_y = 0},
    {.bitmap_index = 3933, .adv_w = 115, .box_w = 6, .box_h = 10, .ofs_x = 1, .ofs_y = 0},
    {.bitmap_index = 3954, .adv_w = 115, .box_w = 6, .box_h = 10, .ofs_x = 1, .ofs_y = 0},
    {.bitmap_index = 3974, .adv_w = 115, .box_w = 7, .box_h = 10, .ofs_x = 0, .ofs_y = 0},
    {.bitmap_index = 4006, .adv_w = 115, .box_w = 6, .box_h = 10, .ofs_x = 1, .ofs_y = 0},
    {.bitmap_index = 4030, .adv_w = 115, .box_w = 6, .box_h = 10, .ofs_x = 1, .ofs_y = 0},
    {.bitmap_index = 4058, .adv_w = 115, .box_w = 6, .box_h = 10, .ofs_x = 1, .ofs_y = 0},
    {.bitmap_index = 4086, .adv_w = 115, .box_w = 6, .box_h = 10, .ofs_x = 1, .ofs_y = 0},
    {.bitmap_index = 4115, .adv_w = 115, .box_w = 6, .box_h = 10, .ofs_x = 1, .ofs_y = 0},
    {.bitmap_index = 4144, .adv_w = 115, .box_w = 6, .box_h = 10, .ofs_x = 1, .ofs_y = 0},
    {.bitmap_index = 4172, .adv_w = 115, .box_w = 5, .box_h = 7, .ofs_x = 1, .ofs_y = 1},
    {.bitmap_index = 4189, .adv_w = 115, .box_w = 7, .box_h = 8, .ofs_x = 0, .ofs_y = 0},
    {.bitmap_index = 4216, .adv_w = 115, .box_w = 6, .box_h = 10, .ofs_x = 1, .ofs_y = 0},
    {.bitmap_index = 4237, .adv_w = 115, .box_w = 6, .box_h = 10, .ofs_x = 1, .ofs_y = 0},
    {.bitmap_index = 4259, .adv_w = 115, .box_w = 6, .box_h = 10, .ofs_x = 1, .ofs_y = 0},
    {.bitmap_index = 4281, .adv_w = 115, .box_w = 6, .box_h = 10, .ofs_x = 1, .ofs_y = 0},
    {.bitmap_index = 4303, .adv_w = 115, .box_w = 7, .box_h = 12, .ofs_x = 0, .ofs_y = -2},
    {.bitmap_index = 4341, .adv_w = 115, .box_w = 6, .box_h = 11, .ofs_x = 1, .ofs_y = -2},
    {.bitmap_index = 4368, .adv_w = 115, .box_w = 7, .box_h = 12, .ofs_x = 0, .ofs_y = -2},
    {.bitmap_index = 4408, .adv_w = 115, .box_w = 7, .box_h = 11, .ofs_x = 0, .ofs_y = 0},
    {.bitmap_index = 4446, .adv_w = 115, .box_w = 7, .box_h = 9, .ofs_x = 0, .ofs_y = 0},
    {.bitmap_index = 4477, .adv_w = 115, .box_w = 7, .box_h = 12, .ofs_x = 0, .ofs_y = 0},
    {.bitmap_index = 4518, .adv_w = 115, .box_w = 7, .box_h = 10, .ofs_x = 0, .ofs_y = 0},
    {.bitmap_index = 4553, .adv_w = 115, .box_w = 8, .box_h = 11, .ofs_x = 0, .ofs_y = -2},
    {.bitmap_index = 4593, .adv_w = 115, .box_w = 7, .box_h = 9, .ofs_x = 0, .ofs_y = -2},
    {.bitmap_index = 4624, .adv_w = 115, .box_w = 6, .box_h = 12, .ofs_x = 1, .ofs_y = 0},
    {.bitmap_index = 4657, .adv_w = 115, .box_w = 6, .box_h = 10, .ofs_x = 1, .ofs_y = 0},
    {.bitmap_index = 4687, .adv_w = 115, .box_w = 6, .box_h = 12, .ofs_x = 1, .ofs_y = 0},
    {.bitmap_index = 4720, .adv_w = 115, .box_w = 6, .box_h = 10, .ofs_x = 1, .ofs_y = 0},
    {.bitmap_index = 4750, .adv_w = 115, .box_w = 6, .box_h = 12, .ofs_x = 1, .ofs_y = 0},
    {.bitmap_index = 4782, .adv_w = 115, .box_w = 6, .box_h = 10, .ofs_x = 1, .ofs_y = 0},
    {.bitmap_index = 4812, .adv_w = 115, .box_w = 6, .box_h = 12, .ofs_x = 1, .ofs_y = 0},
    {.bitmap_index = 4845, .adv_w = 115, .box_w = 6, .box_h = 10, .ofs_x = 1, .ofs_y = 0},
    {.bitmap_index = 4875, .adv_w = 115, .box_w = 6, .box_h = 12, .ofs_x = 1, .ofs_y = 0},
    {.bitmap_index = 4905, .adv_w = 115, .box_w = 8, .box_h = 9, .ofs_x = 0, .ofs_y = 0},
    {.bitmap_index = 4936, .adv_w = 115, .box_w = 7, .box_h = 9, .ofs_x = 0, .ofs_y = 0},
    {.bitmap_index = 4962, .adv_w = 115, .box_w = 7, .box_h = 9, .ofs_x = 1, .ofs_y = 0},
    {.bitmap_index = 4990, .adv_w = 115, .box_w = 6, .box_h = 11, .ofs_x = 1, .ofs_y = 0},
    {.bitmap_index = 5015, .adv_w = 115, .box_w = 6, .box_h = 9, .ofs_x = 1, .ofs_y = 0},
    {.bitmap_index = 5042, .adv_w = 115, .box_w = 6, .box_h = 12, .ofs_x = 1, .ofs_y = 0},
    {.bitmap_index = 5071, .adv_w = 115, .box_w = 6, .box_h = 10, .ofs_x = 1, .ofs_y = 0},
    {.bitmap_index = 5101, .adv_w = 115, .box_w = 6, .box_h = 12, .ofs_x = 1, .ofs_y = 0},
    {.bitmap_index = 5128, .adv_w = 115, .box_w = 6, .box_h = 10, .ofs_x = 1, .ofs_y = 0},
    {.bitmap_index = 5158, .adv_w = 115, .box_w = 6, .box_h = 11, .ofs_x = 1, .ofs_y = -2},
    {.bitmap_index = 5182, .adv_w = 115, .box_w = 6, .box_h = 9, .ofs_x = 1, .ofs_y = -2},
    {.bitmap_index = 5209, .adv_w = 115, .box_w = 6, .box_h = 12, .ofs_x = 1, .ofs_y = 0},
    {.bitmap_index = 5238, .adv_w = 115, .box_w = 6, .box_h = 10, .ofs_x = 1, .ofs_y = 0},
    {.bitmap_index = 5268, .adv_w = 115, .box_w = 6, .box_h = 12, .ofs_x = 1, .ofs_y = 0},
    {.bitmap_index = 5305, .adv_w = 115, .box_w = 6, .box_h = 12, .ofs_x = 1, .ofs_y = -2},
    {.bitmap_index = 5339, .adv_w = 115, .box_w = 6, .box_h = 12, .ofs_x = 1, .ofs_y = 0},
    {.bitmap_index = 5376, .adv_w = 115, .box_w = 6, .box_h = 12, .ofs_x = 1, .ofs_y = -2},
    {.bitmap_index = 5410, .adv_w = 115, .box_w = 6, .box_h = 12, .ofs_x = 1, .ofs_y = 0},
    {.bitmap_index = 5446, .adv_w = 115, .box_w = 6, .box_h = 12, .ofs_x = 1, .ofs_y = -2},
    {.bitmap_index = 5479, .adv_w = 115, .box_w = 6, .box_h = 12, .ofs_x = 1, .ofs_y = -3},
    {.bitmap_index = 5515, .adv_w = 115, .box_w = 6, .box_h = 14, .ofs_x = 1, .ofs_y = -2},
    {.bitmap_index = 5553, .adv_w = 115, .box_w = 6, .box_h = 12, .ofs_x = 1, .ofs_y = 0},
    {.bitmap_index = 5579, .adv_w = 115, .box_w = 8, .box_h = 12, .ofs_x = -1, .ofs_y = 0},
    {.bitmap_index = 5609, .adv_w = 115, .box_w = 8, .box_h = 9, .ofs_x = 0, .ofs_y = 0},
    {.bitmap_index = 5635, .adv_w = 115, .box_w = 7, .box_h = 9, .ofs_x = 0, .ofs_y = 0},
    {.bitmap_index = 5660, .adv_w = 115, .box_w = 5, .box_h = 12, .ofs_x = 1, .ofs_y = 0},
    {.bitmap_index = 5678, .adv_w = 115, .box_w = 6, .box_h = 10, .ofs_x = 1, .ofs_y = 0},
    {.bitmap_index = 5698, .adv_w = 115, .box_w = 5, .box_h = 11, .ofs_x = 1, .ofs_y = 0},
    {.bitmap_index = 5713, .adv_w = 115, .box_w = 6, .box_h = 9, .ofs_x = 1, .ofs_y = 0},
    {.bitmap_index = 5730, .adv_w = 115, .box_w = 5, .box_h = 12, .ofs_x = 1, .ofs_y = 0},
    {.bitmap_index = 5748, .adv_w = 115, .box_w = 6, .box_h = 10, .ofs_x = 1, .ofs_y = 0},
    {.bitmap_index = 5769, .adv_w = 115, .box_w = 5, .box_h = 11, .ofs_x = 1, .ofs_y = -2},
    {.bitmap_index = 5785, .adv_w = 115, .box_w = 6, .box_h = 12, .ofs_x = 1, .ofs_y = -2},
    {.bitmap_index = 5811, .adv_w = 115, .box_w = 5, .box_h = 12, .ofs_x = 1, .ofs_y = 0},
    {.bitmap_index = 5829, .adv_w = 115, .box_w = 6, .box_h = 7, .ofs_x = 1, .ofs_y = 0},
    {.bitmap_index = 5840, .adv_w = 118, .box_w = 7, .box_h = 12, .ofs_x = 0, .ofs_y = -3},
    {.bitmap_index = 5863, .adv_w = 99, .box_w = 6, .box_h = 13, .ofs_x = 0, .ofs_y = -3},
    {.bitmap_index = 5886, .adv_w = 115, .box_w = 8, .box_h = 12, .ofs_x = 0, .ofs_y = 0},
    {.bitmap_index = 5915, .adv_w = 115, .box_w = 6, .box_h = 12, .ofs_x = 1, .ofs_y = -2},
    {.bitmap_index = 5939, .adv_w = 115, .box_w = 6, .box_h = 12, .ofs_x = 1, .ofs_y = -3},
    {.bitmap_index = 5973, .adv_w = 115, .box_w = 6, .box_h = 12, .ofs_x = 1, .ofs_y = -3},
    {.bitmap_index = 6005, .adv_w = 115, .box_w = 6, .box_h = 7, .ofs_x = 1, .ofs_y = 0},
    {.bitmap_index = 6026, .adv_w = 115, .box_w = 6, .box_h = 12, .ofs_x = 1, .ofs_y = 0},
    {.bitmap_index = 6041, .adv_w = 115, .box_w = 7, .box_h = 12, .ofs_x = 0, .ofs_y = 0},
    {.bitmap_index = 6064, .adv_w = 115, .box_w = 6, .box_h = 12, .ofs_x = 1, .ofs_y = -3},
    {.bitmap_index = 6079, .adv_w = 115, .box_w = 7, .box_h = 12, .ofs_x = 0, .ofs_y = -3},
    {.bitmap_index = 6103, .adv_w = 115, .box_w = 6, .box_h = 9, .ofs_x = 1, .ofs_y = 0},
    {.bitmap_index = 6118, .adv_w = 115, .box_w = 7, .box_h = 9, .ofs_x = 0, .ofs_y = 0},
    {.bitmap_index = 6138, .adv_w = 115, .box_w = 6, .box_h = 9, .ofs_x = 1, .ofs_y = 0},
    {.bitmap_index = 6152, .adv_w = 115, .box_w = 8, .box_h = 9, .ofs_x = 0, .ofs_y = 0},
    {.bitmap_index = 6174, .adv_w = 115, .box_w = 7, .box_h = 9, .ofs_x = 0, .ofs_y = 0},
    {.bitmap_index = 6197, .adv_w = 115, .box_w = 7, .box_h = 9, .ofs_x = 0, .ofs_y = 0},
    {.bitmap_index = 6224, .adv_w = 115, .box_w = 6, .box_h = 12, .ofs_x = 1, .ofs_y = 0},
    {.bitmap_index = 6256, .adv_w = 115, .box_w = 6, .box_h = 10, .ofs_x = 1, .ofs_y = 0},
    {.bitmap_index = 6280, .adv_w = 115, .box_w = 6, .box_h = 12, .ofs_x = 1, .ofs_y = -3},
    {.bitmap_index = 6313, .adv_w = 115, .box_w = 6, .box_h = 10, .ofs_x = 1, .ofs_y = -3},
    {.bitmap_index = 6337, .adv_w = 115, .box_w = 6, .box_h = 12, .ofs_x = 1, .ofs_y = 0},
    {.bitmap_index = 6370, .adv_w = 115, .box_w = 6, .box_h = 10, .ofs_x = 1, .ofs_y = 0},
    {.bitmap_index = 6394, .adv_w = 115, .box_w = 8, .box_h = 10, .ofs_x = -1, .ofs_y = 0},
    {.bitmap_index = 6418, .adv_w = 115, .box_w = 6, .box_h = 11, .ofs_x = 1, .ofs_y = -2},
    {.bitmap_index = 6447, .adv_w = 115, .box_w = 6, .box_h = 9, .ofs_x = 1, .ofs_y = -2},
    {.bitmap_index = 6466, .adv_w = 115, .box_w = 6, .box_h = 12, .ofs_x = 1, .ofs_y = 0},
    {.bitmap_index = 6496, .adv_w = 115, .box_w = 6, .box_h = 9, .ofs_x = 1, .ofs_y = 0},
    {.bitmap_index = 6521, .adv_w = 115, .box_w = 6, .box_h = 12, .ofs_x = 1, .ofs_y = 0},
    {.bitmap_index = 6553, .adv_w = 115, .box_w = 6, .box_h = 10, .ofs_x = 1, .ofs_y = 0},
    {.bitmap_index = 6582, .adv_w = 115, .box_w = 6, .box_h = 12, .ofs_x = 1, .ofs_y = 0},
    {.bitmap_index = 6614, .adv_w = 115, .box_w = 6, .box_h = 10, .ofs_x = 1, .ofs_y = 0},
    {.bitmap_index = 6642, .adv_w = 115, .box_w = 7, .box_h = 9, .ofs_x = 0, .ofs_y = 0},
    {.bitmap_index = 6670, .adv_w = 115, .box_w = 7, .box_h = 7, .ofs_x = 0, .ofs_y = 0},
    {.bitmap_index = 6694, .adv_w = 115, .box_w = 6, .box_h = 12, .ofs_x = 1, .ofs_y = 0},
    {.bitmap_index = 6729, .adv_w = 115, .box_w = 6, .box_h = 10, .ofs_x = 1, .ofs_y = 0},
    {.bitmap_index = 6753, .adv_w = 115, .box_w = 6, .box_h = 12, .ofs_x = 1, .ofs_y = -3},
    {.bitmap_index = 6788, .adv_w = 115, .box_w = 7, .box_h = 10, .ofs_x = 0, .ofs_y = -3},
    {.bitmap_index = 6814, .adv_w = 115, .box_w = 6, .box_h = 12, .ofs_x = 1, .ofs_y = 0},
    {.bitmap_index = 6850, .adv_w = 115, .box_w = 6, .box_h = 10, .ofs_x = 1, .ofs_y = 0},
    {.bitmap_index = 6875, .adv_w = 115, .box_w = 7, .box_h = 12, .ofs_x = 0, .ofs_y = 0},
    {.bitmap_index = 6915, .adv_w = 115, .box_w = 6, .box_h = 10, .ofs_x = 1, .ofs_y = 0},
    {.bitmap_index = 6946, .adv_w = 115, .box_w = 7, .box_h = 12, .ofs_x = 0, .ofs_y = 0},
    {.bitmap_index = 6989, .adv_w = 115, .box_w = 6, .box_h = 10, .ofs_x = 1, .ofs_y = 0},
    {.bitmap_index = 7020, .adv_w = 115, .box_w = 7, .box_h = 11, .ofs_x = 0, .ofs_y = -2},
    {.bitmap_index = 7059, .adv_w = 115, .box_w = 6, .box_h = 9, .ofs_x = 1, .ofs_y = -2},
    {.bitmap_index = 7087, .adv_w = 115, .box_w = 7, .box_h = 12, .ofs_x = 0, .ofs_y = 0},
    {.bitmap_index = 7129, .adv_w = 115, .box_w = 6, .box_h = 10, .ofs_x = 1, .ofs_y = 0},
    {.bitmap_index = 7160, .adv_w = 115, .box_w = 7, .box_h = 11, .ofs_x = 0, .ofs_y = -2},
    {.bitmap_index = 7175, .adv_w = 115, .box_w = 7, .box_h = 12, .ofs_x = 0, .ofs_y = -2},
    {.bitmap_index = 7205, .adv_w = 115, .box_w = 7, .box_h = 12, .ofs_x = 0, .ofs_y = 0},
    {.bitmap_index = 7225, .adv_w = 115, .box_w = 7, .box_h = 10, .ofs_x = 0, .ofs_y = 0},
    {.bitmap_index = 7251, .adv_w = 115, .box_w = 7, .box_h = 9, .ofs_x = 0, .ofs_y = 0},
    {.bitmap_index = 7270, .adv_w = 115, .box_w = 7, .box_h = 9, .ofs_x = 0, .ofs_y = 0},
    {.bitmap_index = 7297, .adv_w = 115, .box_w = 6, .box_h = 12, .ofs_x = 1, .ofs_y = 0},
    {.bitmap_index = 7319, .adv_w = 115, .box_w = 6, .box_h = 10, .ofs_x = 1, .ofs_y = 0},
    {.bitmap_index = 7341, .adv_w = 115, .box_w = 6, .box_h = 12, .ofs_x = 1, .ofs_y = 0},
    {.bitmap_index = 7361, .adv_w = 115, .box_w = 6, .box_h = 9, .ofs_x = 1, .ofs_y = 0},
    {.bitmap_index = 7380, .adv_w = 115, .box_w = 6, .box_h = 12, .ofs_x = 1, .ofs_y = 0},
    {.bitmap_index = 7403, .adv_w = 115, .box_w = 6, .box_h = 10, .ofs_x = 1, .ofs_y = 0},
    {.bitmap_index = 7425, .adv_w = 115, .box_w = 6, .box_h = 13, .ofs_x = 1, .ofs_y = 0},
    {.bitmap_index = 7450, .adv_w = 115, .box_w = 6, .box_h = 11, .ofs_x = 1, .ofs_y = 0},
    {.bitmap_index = 7475, .adv_w = 115, .box_w = 6, .box_h = 12, .ofs_x = 1, .ofs_y = 0},
    {.bitmap_index = 7497, .adv_w = 115, .box_w = 6, .box_h = 10, .ofs_x = 1, .ofs_y = 0},
    {.bitmap_index = 7519, .adv_w = 115, .box_w = 6, .box_h = 11, .ofs_x = 1, .ofs_y = -2},
    {.bitmap_index = 7538, .adv_w = 115, .box_w = 6, .box_h = 9, .ofs_x = 1, .ofs_y = -2},
    {.bitmap_index = 7557, .adv_w = 115, .box_w = 7, .box_h = 12, .ofs_x = 0, .ofs_y = 0},
    {.bitmap_index = 7597, .adv_w = 115, .box_w = 7, .box_h = 10, .ofs_x = 0, .ofs_y = 0},
    {.bitmap_index = 7633, .adv_w = 115, .box_w = 7, .box_h = 12, .ofs_x = 0, .ofs_y = 0},
    {.bitmap_index = 7668, .adv_w = 115, .box_w = 7, .box_h = 12, .ofs_x = 0, .ofs_y = -2},
    {.bitmap_index = 7708, .adv_w = 115, .box_w = 7, .box_h = 12, .ofs_x = 0, .ofs_y = 0},
    {.bitmap_index = 7744, .adv_w = 115, .box_w = 6, .box_h = 12, .ofs_x = 1, .ofs_y = 0},
    {.bitmap_index = 7778, .adv_w = 115, .box_w = 6, .box_h = 10, .ofs_x = 1, .ofs_y = 0},
    {.bitmap_index = 7807, .adv_w = 115, .box_w = 6, .box_h = 12, .ofs_x = 1, .ofs_y = 0},
    {.bitmap_index = 7841, .adv_w = 115, .box_w = 6, .box_h = 10, .ofs_x = 1, .ofs_y = 0},
    {.bitmap_index = 7870, .adv_w = 115, .box_w = 6, .box_h = 12, .ofs_x = 1, .ofs_y = 0},
    {.bitmap_index = 7905, .adv_w = 115, .box_w = 6, .box_h = 10, .ofs_x = 1, .ofs_y = 0},
    {.bitmap_index = 7935, .adv_w = 115, .box_w = 6, .box_h = 9, .ofs_x = 1, .ofs_y = 0},
    {.bitmap_index = 7946, .adv_w = 110, .box_w = 0, .box_h = 0, .ofs_x = 0, .ofs_y = 0},
    {.bitmap_index = 7946, .adv_w = 51, .box_w = 0, .box_h = 0, .ofs_x = 0, .ofs_y = 0},
    {.bitmap_index = 7946, .adv_w = 32, .box_w = 0, .box_h = 0, .ofs_x = 0, .ofs_y = 0},
    {.bitmap_index = 7946, .adv_w = 19, .box_w = 0, .box_h = 0, .ofs_x = 0, .ofs_y = 0},
    {.bitmap_index = 7946, .adv_w = 115, .box_w = 0, .box_h = 0, .ofs_x = 0, .ofs_y = 0},
    {.bitmap_index = 7946, .adv_w = 115, .box_w = 5, .box_h = 1, .ofs_x = 1, .ofs_y = 4},
    {.bitmap_index = 7949, .adv_w = 110, .box_w = 7, .box_h = 1, .ofs_x = 0, .ofs_y = 4},
    {.bitmap_index = 7952, .adv_w = 115, .box_w = 7, .box_h = 1, .ofs_x = 0, .ofs_y = 4},
    {.bitmap_index = 7955, .adv_w = 115, .box_w = 8, .box_h = 1, .ofs_x = 0, .ofs_y = 4},
    {.bitmap_index = 7958, .adv_w = 192, .box_w = 12, .box_h = 1, .ofs_x = 0, .ofs_y = 3},
    {.bitmap_index = 7962, .adv_w = 115, .box_w = 3, .box_h = 4, .ofs_x = 2, .ofs_y = 5},
    {.bitmap_index = 7969, .adv_w = 115, .box_w = 3, .box_h = 4, .ofs_x = 2, .ofs_y = 5},
    {.bitmap_index = 7975, .adv_w = 115, .box_w = 3, .box_h = 4, .ofs_x = 2, .ofs_y = -2},
    {.bitmap_index = 7981, .adv_w = 115, .box_w = 5, .box_h = 4, .ofs_x = 1, .ofs_y = 5},
    {.bitmap_index = 7992, .adv_w = 115, .box_w = 5, .box_h = 4, .ofs_x = 1, .ofs_y = 5},
    {.bitmap_index = 8002, .adv_w = 115, .box_w = 6, .box_h = 4, .ofs_x = 1, .ofs_y = -2},
    {.bitmap_index = 8015, .adv_w = 115, .box_w = 7, .box_h = 12, .ofs_x = 0, .ofs_y = -1},
    {.bitmap_index = 8031, .adv_w = 115, .box_w = 7, .box_h = 12, .ofs_x = 0, .ofs_y = -1},
    {.bitmap_index = 8058, .adv_w = 115, .box_w = 4, .box_h = 3, .ofs_x = 2, .ofs_y = 3},
    {.bitmap_index = 8064, .adv_w = 115, .box_w = 7, .box_h = 3, .ofs_x = 0, .ofs_y = 0},
    {.bitmap_index = 8075, .adv_w = 115, .box_w = 9, .box_h = 9, .ofs_x = -1, .ofs_y = 0},
    {.bitmap_index = 8112, .adv_w = 115, .box_w = 3, .box_h = 4, .ofs_x = 2, .ofs_y = 5},
    {.bitmap_index = 8119, .adv_w = 115, .box_w = 5, .box_h = 4, .ofs_x = 1, .ofs_y = 5},
    {.bitmap_index = 8130, .adv_w = 115, .box_w = 5, .box_h = 6, .ofs_x = 1, .ofs_y = 1},
    {.bitmap_index = 8145, .adv_w = 115, .box_w = 5, .box_h = 6, .ofs_x = 1, .ofs_y = 1},
    {.bitmap_index = 8160, .adv_w = 115, .box_w = 8, .box_h = 9, .ofs_x = 0, .ofs_y = 0},
    {.bitmap_index = 8187, .adv_w = 71, .box_w = 5, .box_h = 9, .ofs_x = 0, .ofs_y = 0},
    {.bitmap_index = 8210, .adv_w = 110, .box_w = 7, .box_h = 11, .ofs_x = 0, .ofs_y = -1},
    {.bitmap_index = 8248, .adv_w = 110, .box_w = 7, .box_h = 9, .ofs_x = 0, .ofs_y = 0},
    {.bitmap_index = 8271, .adv_w = 110, .box_w = 7, .box_h = 9, .ofs_x = 0, .ofs_y = 0},
    {.bitmap_index = 8303, .adv_w = 110, .box_w = 7, .box_h = 9, .ofs_x = 0, .ofs_y = 0},
    {.bitmap_index = 8332, .adv_w = 149, .box_w = 9, .box_h = 9, .ofs_x = 0, .ofs_y = 0},
    {.bitmap_index = 8363, .adv_w = 129, .box_w = 8, .box_h = 9, .ofs_x = 0, .ofs_y = 0},
    {.bitmap_index = 8399, .adv_w = 115, .box_w = 7, .box_h = 10, .ofs_x = 1, .ofs_y = -1},
    {.bitmap_index = 8433, .adv_w = 115, .box_w = 7, .box_h = 9, .ofs_x = 0, .ofs_y = 0},
    {.bitmap_index = 8465, .adv_w = 110, .box_w = 7, .box_h = 9, .ofs_x = 0, .ofs_y = 0},
    {.bitmap_index = 8495, .adv_w = 115, .box_w = 7, .box_h = 9, .ofs_x = 0, .ofs_y = 0},
    {.bitmap_index = 8523, .adv_w = 110, .box_w = 7, .box_h = 9, .ofs_x = 0, .ofs_y = 0},
    {.bitmap_index = 8548, .adv_w = 140, .box_w = 8, .box_h = 11, .ofs_x = 0, .ofs_y = -1},
    {.bitmap_index = 8590, .adv_w = 115, .box_w = 7, .box_h = 9, .ofs_x = 0, .ofs_y = 0},
    {.bitmap_index = 8620, .adv_w = 121, .box_w = 8, .box_h = 11, .ofs_x = 0, .ofs_y = -1},
    {.bitmap_index = 8658, .adv_w = 105, .box_w = 7, .box_h = 9, .ofs_x = 0, .ofs_y = 0},
    {.bitmap_index = 8673, .adv_w = 110, .box_w = 6, .box_h = 9, .ofs_x = 0, .ofs_y = 0},
    {.bitmap_index = 8699, .adv_w = 110, .box_w = 7, .box_h = 9, .ofs_x = 0, .ofs_y = 0},
    {.bitmap_index = 8729, .adv_w = 156, .box_w = 9, .box_h = 9, .ofs_x = 0, .ofs_y = 0},
    {.bitmap_index = 8758, .adv_w = 115, .box_w = 7, .box_h = 9, .ofs_x = 0, .ofs_y = 0},
    {.bitmap_index = 8787, .adv_w = 115, .box_w = 7, .box_h = 8, .ofs_x = 0, .ofs_y = 0},
    {.bitmap_index = 8811, .adv_w = 115, .box_w = 7, .box_h = 9, .ofs_x = 0, .ofs_y = 0},
    {.bitmap_index = 8832, .adv_w = 115, .box_w = 8, .box_h = 8, .ofs_x = 0, .ofs_y = 0},
    {.bitmap_index = 8859, .adv_w = 115, .box_w = 7, .box_h = 10, .ofs_x = 0, .ofs_y = -1},
    {.bitmap_index = 8884, .adv_w = 115, .box_w = 10, .box_h = 8, .ofs_x = -1, .ofs_y = 0},
    {.bitmap_index = 8922, .adv_w = 115, .box_w = 7, .box_h = 14, .ofs_x = 0, .ofs_y = -3},
    {.bitmap_index = 8959, .adv_w = 115, .box_w = 7, .box_h = 6, .ofs_x = 0, .ofs_y = 3},
    {.bitmap_index = 8980, .adv_w = 115, .box_w = 7, .box_h = 6, .ofs_x = 0, .ofs_y = 3},
    {.bitmap_index = 9002, .adv_w = 115, .box_w = 7, .box_h = 6, .ofs_x = 0, .ofs_y = 0},
    {.bitmap_index = 9023, .adv_w = 115, .box_w = 7, .box_h = 6, .ofs_x = 0, .ofs_y = 0},
    {.bitmap_index = 9044, .adv_w = 115, .box_w = 9, .box_h = 3, .ofs_x = -1, .ofs_y = 3},
    {.bitmap_index = 9052, .adv_w = 115, .box_w = 9, .box_h = 5, .ofs_x = -1, .ofs_y = 2},
    {.bitmap_index = 9066, .adv_w = 115, .box_w = 5, .box_h = 19, .ofs_x = 1, .ofs_y = -5},
    {.bitmap_index = 9077, .adv_w = 115, .box_w = 7, .box_h = 12, .ofs_x = 1, .ofs_y = -5},
    {.bitmap_index = 9101, .adv_w = 115, .box_w = 7, .box_h = 12, .ofs_x = -1, .ofs_y = -5},
    {.bitmap_index = 9122, .adv_w = 115, .box_w = 7, .box_h = 12, .ofs_x = 1, .ofs_y = 2},
    {.bitmap_index = 9145, .adv_w = 115, .box_w = 7, .box_h = 12, .ofs_x = -1, .ofs_y = 2},
    {.bitmap_index = 9169, .adv_w = 115, .box_w = 8, .box_h = 17, .ofs_x = 0, .ofs_y = -4},
    {.bitmap_index = 9182, .adv_w = 115, .box_w = 8, .box_h = 3, .ofs_x = 0, .ofs_y = 10},
    {.bitmap_index = 9188, .adv_w = 115, .box_w = 8, .box_h = 8, .ofs_x = 0, .ofs_y = 0}
};

/*---------------------
 *  CHARACTER MAPPING
 *--------------------*/

static const uint16_t unicode_list_2[] = {
    0x0, 0x1, 0x2, 0x3, 0x4, 0x9, 0xb, 0xc,
    0xd, 0xe, 0x11, 0x12, 0x13, 0x15, 0x16, 0x17,
    0x19, 0x1a, 0x1b, 0x1f, 0x29, 0x2b, 0x2c, 0x32,
    0x33, 0x3d, 0x4b, 0x9a, 0x9c, 0x9d, 0x9f, 0xa0,
    0xa2, 0xa4, 0xa5, 0xa6, 0xa7, 0xaa, 0xab, 0xad,
    0xae, 0xb1, 0xb2, 0xb3, 0xb5, 0xb6, 0x189, 0x18a,
    0x18b, 0x18c, 0x18d, 0x18e, 0x18f, 0x190, 0x191, 0x192,
    0x4f9, 0x549, 0x54a, 0x54d, 0x550, 0x553, 0x556, 0x581,
    0x58d, 0x599
};

/*Collect the unicode lists and glyph_id offsets*/
static const lv_font_fmt_txt_cmap_t cmaps[] =
{
    {
        .range_start = 32, .range_length = 95, .glyph_id_start = 1,
        .unicode_list = NULL, .glyph_id_ofs_list = NULL, .list_length = 0, .type = LV_FONT_FMT_TXT_CMAP_FORMAT0_TINY
    },
    {
        .range_start = 160, .range_length = 224, .glyph_id_start = 96,
        .unicode_list = NULL, .glyph_id_ofs_list = NULL, .list_length = 0, .type = LV_FONT_FMT_TXT_CMAP_FORMAT0_TINY
    },
    {
        .range_start = 8199, .range_length = 1434, .glyph_id_start = 320,
        .unicode_list = unicode_list_2, .glyph_id_ofs_list = NULL, .list_length = 66, .type = LV_FONT_FMT_TXT_CMAP_SPARSE_TINY
    }
};



/*--------------------
 *  ALL CUSTOM DATA
 *--------------------*/

#if LVGL_VERSION_MAJOR == 8
/*Store all the custom data of the font*/
static  lv_font_fmt_txt_glyph_cache_t cache;
#endif

#if LVGL_VERSION_MAJOR >= 8
static const lv_font_fmt_txt_dsc_t font_dsc = {
#else
static lv_font_fmt_txt_dsc_t font_dsc = {
#endif
    .glyph_bitmap = glyph_bitmap,
    .glyph_dsc = glyph_dsc,
    .cmaps = cmaps,
    .kern_dsc = NULL,
    .kern_scale = 0,
    .cmap_num = 3,
    .bpp = 4,
    .kern_classes = 0,
    .bitmap_format = 1,
#if LVGL_VERSION_MAJOR == 8
    .cache = &cache
#endif
};



/*-----------------
 *  PUBLIC FONT
 *----------------*/

/* Preserve original UTF-8 while mapping unsupported codepoints to ASCII
 * question mark instead of LVGL's missing-glyph rectangle. */
static bool nomadnet_font_12_get_glyph_dsc(const lv_font_t * font,
        lv_font_glyph_dsc_t * dsc, uint32_t letter, uint32_t letter_next)
{
    if(nomadnet_font_has_codepoint(letter) &&
       lv_font_get_glyph_dsc_fmt_txt(font, dsc, letter, letter_next)) return true;
    return lv_font_get_glyph_dsc_fmt_txt(font, dsc, '?', 0);
}

static const uint8_t * nomadnet_font_12_get_glyph_bitmap(
        const lv_font_t * font, uint32_t letter)
{
    lv_font_glyph_dsc_t dsc;
    if(!nomadnet_font_has_codepoint(letter) ||
       !lv_font_get_glyph_dsc_fmt_txt(font, &dsc, letter, 0)) letter = '?';
    return lv_font_get_bitmap_fmt_txt(font, letter);
}

/*Initialize a public general font descriptor*/
#if LVGL_VERSION_MAJOR >= 8
const lv_font_t nomadnet_font_12 = {
#else
lv_font_t nomadnet_font_12 = {
#endif
    .get_glyph_dsc = nomadnet_font_12_get_glyph_dsc,
    .get_glyph_bitmap = nomadnet_font_12_get_glyph_bitmap,
    .line_height = 19,          /*The maximum line height required by the font*/
    .base_line = 5,             /*Baseline measured from the bottom of the line*/
#if !(LVGL_VERSION_MAJOR == 6 && LVGL_VERSION_MINOR == 0)
    .subpx = LV_FONT_SUBPX_NONE,
#endif
#if LV_VERSION_CHECK(7, 4, 0) || LVGL_VERSION_MAJOR >= 8
    .underline_position = -2,
    .underline_thickness = 1,
#endif
    .dsc = &font_dsc,          /*The custom font data. Will be accessed by `get_glyph_bitmap/dsc` */
#if LV_VERSION_CHECK(8, 2, 0) || LVGL_VERSION_MAJOR >= 9
    .fallback = NULL,
#endif
    .user_data = NULL,
};



#endif /*#if NOMADNET_FONT_12*/
