/*******************************************************************************
 * Bounded NomadNet italic font, 12 px, 4 bpp.
 * Primary source: Montserrat Medium Italic. U+20BC source: Noto Sans Italic.
 * Both use SIL OFL 1.1; see LICENSE-OFL-1.1.txt. U+00AD and box/block glyph
 * source: DejaVu Sans Mono Oblique 2.37; see LICENSE-DejaVu.txt. Generated
 * with lv_font_conv 1.5.3; kerning omitted, RLE compressed. Coverage matches
 * NomadNetFontCoverage.h.
 ******************************************************************************/

#ifdef LV_LVGL_H_INCLUDE_SIMPLE
#include "lvgl.h"
#else
#include "lvgl.h"
#endif
#include "NomadNetFontCoverage.h"

#ifndef NOMADNET_FONT_12_ITALIC
#define NOMADNET_FONT_12_ITALIC 1
#endif

#if NOMADNET_FONT_12_ITALIC

/*-----------------
 *    BITMAPS
 *----------------*/

/*Store the image of the glyphs*/
static LV_ATTRIBUTE_LARGE_CONST const uint8_t glyph_bitmap[] = {
    /* U+0020 " " */

    /* U+0021 "!" */
    0x1, 0xf3, 0x5, 0x3, 0x2, 0x30, 0x7, 0xa0,
    0x0, 0xb4, 0x0, 0xc8, 0x0, 0xc1, 0x4, 0x60,
    0x6, 0x60, 0x0,

    /* U+0022 "\"" */
    0x4b, 0x1e, 0x23, 0x54, 0xfc, 0x2d, 0xf5, 0x25,

    /* U+0023 "#" */
    0x0, 0x99, 0xc1, 0x24, 0x3, 0x62, 0x6, 0xe0,
    0x2, 0xfd, 0x73, 0xda, 0xa4, 0x2e, 0xcd, 0xfa,
    0x9f, 0x20, 0xd, 0xd0, 0x2e, 0x80, 0x64, 0x40,
    0x5b, 0x80, 0x2f, 0xcb, 0xfc, 0x7d, 0x21, 0x71,
    0x3f, 0x4f, 0xf2, 0x0, 0xb7, 0xf, 0xb0, 0x8,

    /* U+0024 "$" */
    0x0, 0xca, 0xc0, 0x1e, 0xd5, 0x0, 0xcd, 0xaf,
    0x96, 0x40, 0xd1, 0x2, 0xc3, 0x0, 0x6b, 0x2b,
    0x1c, 0x10, 0x1a, 0xb9, 0x80, 0x68, 0x59, 0x67,
    0x0, 0xd0, 0xf1, 0x52, 0x1, 0x89, 0xa8, 0x82,
    0xa0, 0xdd, 0x67, 0x42, 0x4f, 0xe, 0x20, 0xc0,
    0x77, 0x53, 0xac, 0x1, 0x99, 0x0, 0x30,

    /* U+0025 "%" */
    0x2b, 0xb3, 0x80, 0x7, 0x6, 0x26, 0xec, 0x0,
    0xaf, 0x16, 0x20, 0xa, 0x74, 0xc0, 0x23, 0x66,
    0x3, 0x0, 0x26, 0xe7, 0xf7, 0x2e, 0x85, 0x6e,
    0xd3, 0x1d, 0x78, 0xc0, 0xd, 0xe5, 0xd0, 0x20,
    0x5, 0x41, 0x0, 0x5a, 0x8f, 0xa8, 0xf, 0xb4,
    0x26,

    /* U+0026 "&" */
    0x0, 0xd, 0xfe, 0x98, 0x5, 0x67, 0xf5, 0x40,
    0x8, 0x74, 0x37, 0xc0, 0x2d, 0x8c, 0x26, 0x0,
    0x1d, 0x1b, 0x40, 0x9, 0xef, 0xf9, 0x19, 0xe2,
    0x58, 0xc7, 0x66, 0x50, 0x68, 0x42, 0xa0, 0x14,
    0x36, 0xf6, 0xe2, 0x10, 0xd7, 0xfa, 0xce, 0x8c,

    /* U+0027 "'" */
    0x4b, 0x23, 0xfc, 0xf5,

    /* U+0028 "(" */
    0x0, 0xaa, 0x0, 0x8, 0x88, 0x0, 0x7c, 0x80,
    0x5, 0x18, 0x0, 0xe8, 0x20, 0xc, 0xc0, 0x4,
    0xe6, 0x1, 0x13, 0x0, 0x63, 0x0, 0xc2, 0x1,
    0x84, 0x2, 0x22, 0x0, 0x4e, 0x80, 0x0,

    /* U+0029 ")" */
    0x0, 0xb4, 0xc0, 0x27, 0x40, 0x8, 0xb8, 0x2,
    0xf3, 0x0, 0xc6, 0x1, 0x70, 0x80, 0x45, 0xc0,
    0x12, 0xa8, 0x0, 0x42, 0x60, 0x5, 0x40, 0xa,
    0xb8, 0x0, 0xa0, 0xa0, 0xb, 0x90, 0x0,

    /* U+002A "*" */
    0x0, 0xac, 0x2, 0xa8, 0x7b, 0x40, 0xb6, 0x3f,
    0x41, 0xd5, 0x78, 0x1, 0xc1, 0x9c, 0x0,

    /* U+002B "+" */
    0x0, 0x89, 0x0, 0x39, 0x74, 0x3, 0xbb, 0xc0,
    0x2e, 0xe3, 0x4f, 0x30, 0x7f, 0x83, 0x7d, 0x80,
    0x4c, 0x48, 0x40, 0x34, 0x80, 0x40,

    /* U+002C "," */
    0x8, 0x60, 0x4f, 0x0, 0x59, 0x31, 0x0,

    /* U+002D "-" */
    0x4f, 0xf7, 0x2, 0x6e, 0xbc, 0x0,

    /* U+002E "." */
    0x86, 0x4e,

    /* U+002F "/" */
    0x0, 0xf0, 0xb8, 0x7, 0xd3, 0xc0, 0x1e, 0x16,
    0x80, 0xf, 0x4b, 0x88, 0x7, 0xb, 0x40, 0x7,
    0xa5, 0xc4, 0x3, 0x85, 0xa0, 0x3, 0xd2, 0xe2,
    0x1, 0xc2, 0xd6, 0x1, 0xe6, 0x72, 0x0, 0xf4,
    0xd8, 0x7, 0x9d, 0xc4, 0x1, 0xe9, 0xb0, 0xf,
    0x0,

    /* U+0030 "0" */
    0x0, 0x15, 0xff, 0x40, 0x0, 0x70, 0x72, 0xdd,
    0x82, 0xa, 0x8d, 0x5f, 0x1, 0xa0, 0x2, 0xf1,
    0x30, 0x40, 0xb, 0x85, 0x84, 0x3, 0x26, 0x8,
    0x80, 0x25, 0x27, 0x41, 0x93, 0x6a, 0x91, 0xd,
    0x4c, 0xba, 0x60,

    /* U+0031 "1" */
    0xf, 0xf8, 0x83, 0x68, 0x8, 0x8, 0xcc, 0x1,
    0x7a, 0x80, 0x4b, 0xe0, 0x11, 0xa8, 0x0, 0x80,
    0xc0, 0xe, 0x40, 0x16, 0xb8, 0x0,

    /* U+0032 "2" */
    0x0, 0x1d, 0xff, 0xac, 0x40, 0x1e, 0x7b, 0x8d,
    0x0, 0xc, 0x82, 0x35, 0x20, 0xf, 0x2e, 0x80,
    0x75, 0xb3, 0x0, 0x21, 0xc1, 0xb0, 0x8, 0xfe,
    0xe8, 0x2, 0x4c, 0x95, 0x22, 0x0, 0xd8, 0x46,
    0xeb, 0x0,

    /* U+0033 "3" */
    0x0, 0x4f, 0xfe, 0xe0, 0xa, 0x37, 0x52, 0x58,
    0x1, 0x9, 0x3d, 0x61, 0x0, 0x64, 0xa0, 0x20,
    0xe, 0x4d, 0x4d, 0x0, 0xf1, 0x40, 0x90, 0x0,
    0x40, 0x22, 0x3, 0x2, 0xf6, 0x34, 0xe5, 0x10,
    0x29, 0xbc, 0xa4, 0xa0, 0x0,

    /* U+0034 "4" */
    0x0, 0xeb, 0xa0, 0xe, 0x87, 0xa0, 0xc, 0xcc,
    0xd0, 0xc, 0x93, 0x82, 0x1, 0x1d, 0xd8, 0xa6,
    0x0, 0x76, 0x50, 0x17, 0x42, 0xc6, 0x7f, 0xc7,
    0x59, 0x7b, 0xb5, 0x6, 0xe8, 0x48, 0xa3, 0x31,
    0x8,

    /* U+0035 "5" */
    0x0, 0xb7, 0xff, 0x0, 0x44, 0x4d, 0xdb, 0x80,
    0x25, 0x51, 0x14, 0x20, 0x15, 0xaf, 0xea, 0x80,
    0x6e, 0xdc, 0x5a, 0x20, 0x8, 0x88, 0x70, 0x2e,
    0x1, 0xf0, 0x88, 0x1, 0xae, 0x66, 0xb2, 0x40,
    0x4, 0x56, 0x60, 0x70, 0x0,

    /* U+0036 "6" */
    0x0, 0xc, 0xf7, 0xf2, 0x0, 0xf9, 0xee, 0xa9,
    0x2, 0xd2, 0x8c, 0x90, 0x0, 0xa5, 0xbd, 0x42,
    0x6, 0x7, 0xda, 0xd6, 0xe, 0x14, 0x66, 0x85,
    0x7, 0x1, 0x0, 0x8, 0x80, 0xca, 0x84, 0xa1,
    0x80, 0x1e, 0x3d, 0x89, 0x0,

    /* U+0037 "7" */
    0xb, 0xff, 0xea, 0x6, 0x9d, 0xd5, 0x84, 0x83,
    0x39, 0x13, 0xd8, 0xc2, 0xc4, 0x11, 0x60, 0x3,
    0xa6, 0x4, 0x3, 0x40, 0xb0, 0x6, 0x27, 0xf0,
    0xe, 0x96, 0x30, 0xc, 0xaa, 0x80, 0xc,

    /* U+0038 "8" */
    0x0, 0x36, 0xff, 0x38, 0x1, 0x26, 0x3a, 0xa1,
    0x43, 0x15, 0x42, 0x88, 0x20, 0xe7, 0x10, 0x34,
    0x40, 0x0, 0xbb, 0xf1, 0xcd, 0x63, 0x3f, 0xce,
    0xa1, 0x8e, 0x60, 0xb, 0x20, 0xe7, 0x41, 0x2f,
    0x40, 0x76, 0xae, 0xc5, 0xa0,

    /* U+0039 "9" */
    0x2, 0xbf, 0xf5, 0x0, 0x5e, 0x5d, 0xa1, 0x40,
    0x44, 0x81, 0x28, 0x50, 0x20, 0x70, 0x5, 0x81,
    0x5, 0x47, 0xf8, 0xc0, 0xc1, 0x7b, 0x9f, 0x84,
    0x20, 0x10, 0x8a, 0x28, 0x9, 0x9, 0x30, 0x9c,
    0x12, 0xb6, 0x97, 0x0, 0x0,

    /* U+003A ":" */
    0xc, 0x80, 0x5d, 0x9, 0x50, 0xf, 0x43, 0x2,
    0x70, 0x0,

    /* U+003B ";" */
    0x0, 0x64, 0x0, 0x17, 0x40, 0x12, 0xa0, 0x1f,
    0xd0, 0xc0, 0x4, 0xf0, 0xa, 0xc0, 0x98, 0x80,

    /* U+003C "<" */
    0x0, 0xf1, 0x80, 0x42, 0xfd, 0x40, 0x97, 0xfe,
    0xc9, 0xb, 0x1e, 0x82, 0x0, 0x58, 0xeb, 0x0,
    0x49, 0x7d, 0x9c, 0x1, 0x8e, 0xbc, 0x0,

    /* U+003D "=" */
    0xb, 0xff, 0xd4, 0x17, 0xff, 0xa8, 0x3, 0xe3,
    0xee, 0xe1, 0x3f, 0xfe, 0x10,

    /* U+003E ">" */
    0x2, 0x10, 0xe, 0x4f, 0x81, 0x0, 0x9b, 0xc3,
    0xe4, 0x40, 0x3, 0x10, 0x64, 0x2, 0x8e, 0xdb,
    0x55, 0x67, 0xfa, 0xd0, 0x13, 0x9c, 0x40, 0x20,

    /* U+003F "?" */
    0x3, 0xbf, 0xf5, 0x88, 0x7e, 0x6e, 0x34, 0x6,
    0x39, 0x1a, 0x0, 0x71, 0xbd, 0x0, 0x4d, 0xda,
    0x60, 0x2, 0x9f, 0x30, 0x8, 0xb8, 0x80, 0x33,
    0xa8, 0x7, 0x59, 0x80, 0x40,

    /* U+0040 "@" */
    0x0, 0x86, 0x37, 0x73, 0x80, 0x63, 0xce, 0xdd,
    0xb0, 0x30, 0x0, 0x5d, 0xec, 0x1, 0xb, 0xdb,
    0x84, 0xc8, 0x9b, 0x7a, 0xde, 0x9e, 0xc5, 0xd1,
    0xab, 0xfb, 0xe3, 0x40, 0x8, 0x80, 0x8f, 0x20,
    0x42, 0x30, 0x1, 0x70, 0x9, 0x80, 0x44, 0xa6,
    0xc0, 0x11, 0x40, 0xd, 0x80, 0xc4, 0x97, 0x87,
    0xa7, 0xfb, 0xb, 0xf4, 0xd5, 0xc4, 0xb3, 0xf9,
    0xf7, 0xd8, 0x1, 0x78, 0x80, 0x12, 0x0, 0x72,
    0xf7, 0xf7, 0x37, 0x0, 0x30,

    /* U+0041 "A" */
    0x0, 0xe7, 0xf2, 0x0, 0xf0, 0xc9, 0x20, 0x7,
    0xad, 0x97, 0xc0, 0x39, 0x11, 0x18, 0x80, 0x1d,
    0x36, 0xa, 0x42, 0x1, 0x43, 0x28, 0x9, 0x20,
    0x0, 0x9d, 0x3b, 0xa2, 0xc0, 0x4, 0xb7, 0x7f,
    0xd0, 0xa0, 0xaa, 0x91, 0x1c, 0xa6, 0x0,

    /* U+0042 "B" */
    0x0, 0x67, 0xfe, 0xb1, 0x0, 0x1d, 0xf7, 0x35,
    0xa0, 0x8, 0x10, 0x44, 0x48, 0x0, 0x72, 0x0,
    0x8d, 0xf4, 0x34, 0xbf, 0xec, 0x64, 0x3, 0x7d,
    0xda, 0x9c, 0x81, 0x70, 0x8a, 0x51, 0x61, 0x13,
    0x8, 0x8a, 0x1, 0x54, 0x1b, 0xdc, 0xd3, 0xc1,

    /* U+0043 "C" */
    0x0, 0x9f, 0x7f, 0xd6, 0x40, 0xc, 0xab, 0xcb,
    0x19, 0x8, 0x1c, 0x63, 0x4a, 0xb0, 0x79, 0x10,
    0xe, 0x30, 0x40, 0xf, 0x38, 0x7, 0xe5, 0x3,
    0x0, 0xf0, 0xb6, 0xb1, 0x9a, 0x70, 0x1, 0x32,
    0xbc, 0xd3, 0xe0,

    /* U+0044 "D" */
    0x0, 0x67, 0xfd, 0xd4, 0x20, 0x11, 0xd6, 0xea,
    0x87, 0xc4, 0x8, 0x14, 0x88, 0x96, 0x6e, 0xe,
    0x40, 0x1c, 0x9e, 0x1a, 0xe0, 0x1c, 0x62, 0x7,
    0xa0, 0x1c, 0x9a, 0xa, 0x60, 0x1a, 0x1, 0x44,
    0x4e, 0x44, 0x4a, 0x7d, 0x5, 0xc, 0xdd, 0x51,
    0xe9, 0x80,

    /* U+0045 "E" */
    0x0, 0x67, 0xff, 0x10, 0x0, 0xeb, 0x77, 0x10,
    0x10, 0x29, 0x16, 0x0, 0x39, 0x0, 0x7d, 0xa5,
    0xff, 0x68, 0x4, 0x6f, 0xbb, 0x60, 0x4, 0xb8,
    0x45, 0x8, 0x0, 0x44, 0xe4, 0x58, 0x0, 0xa1,
    0x9b, 0xb7, 0x80, 0x0,

    /* U+0046 "F" */
    0x0, 0x67, 0xff, 0x10, 0x0, 0xeb, 0x77, 0x10,
    0x10, 0x29, 0x16, 0x0, 0x39, 0x0, 0x7d, 0xa5,
    0xff, 0x60, 0x4, 0x6f, 0xbb, 0x80, 0x25, 0xc2,
    0x28, 0x40, 0x2, 0x25, 0x0, 0xf2, 0x88, 0x80,
    0x3c,

    /* U+0047 "G" */
    0x0, 0x9f, 0x7f, 0xd6, 0x60, 0x16, 0x4d, 0xe6,
    0xf, 0x80, 0x10, 0x3e, 0xc6, 0x68, 0xd0, 0x3,
    0xc8, 0x80, 0x78, 0xc1, 0x0, 0x33, 0x18, 0x38,
    0x7, 0xa0, 0x0, 0xa0, 0x60, 0x10, 0x88, 0xc0,
    0x5b, 0x58, 0xd2, 0xc8, 0x2, 0x99, 0x5e, 0x50,
    0x78, 0x0,

    /* U+0048 "H" */
    0x0, 0x63, 0x0, 0x6c, 0x60, 0x1, 0xa8, 0x6,
    0x35, 0x2, 0x3, 0x0, 0x88, 0xc, 0x1c, 0x80,
    0x33, 0x90, 0x3, 0x4b, 0xff, 0x53, 0x80, 0xd,
    0xf7, 0x71, 0xe8, 0x1, 0x70, 0x8b, 0x8c, 0x4,
    0x4a, 0x1, 0x8, 0x94, 0x14, 0x44, 0x1, 0x28,
    0x88, 0x0,

    /* U+0049 "I" */
    0x0, 0x63, 0x0, 0xd, 0x40, 0x80, 0xc1, 0xc8,
    0x1, 0xae, 0x0, 0x3d, 0x0, 0x29, 0x80, 0x89,
    0x41, 0x44, 0x40,

    /* U+004A "J" */
    0x0, 0x27, 0xfd, 0xc0, 0x12, 0x6e, 0x9d, 0x40,
    0x31, 0x14, 0x60, 0x1e, 0x7d, 0x0, 0xf1, 0x38,
    0x7, 0x18, 0x10, 0x7, 0x29, 0x80, 0xf, 0xc,
    0xd1, 0x40, 0x3, 0x6c, 0xc3, 0xb0, 0x0,

    /* U+004B "K" */
    0x0, 0x63, 0x0, 0x53, 0xa4, 0x0, 0x35, 0x0,
    0x52, 0x61, 0x1, 0x1, 0x85, 0x36, 0x8, 0x1,
    0xc8, 0x2c, 0x70, 0x40, 0x2d, 0x6c, 0x48, 0x0,
    0xe3, 0x45, 0x6f, 0x0, 0xe5, 0x69, 0x91, 0x30,
    0x4, 0x22, 0x80, 0x5, 0x48, 0x80, 0x14, 0x44,
    0x0, 0x45, 0xb0, 0x0,

    /* U+004C "L" */
    0x0, 0x63, 0x0, 0x71, 0xa8, 0x6, 0x20, 0x30,
    0xc, 0xe4, 0x1, 0xda, 0xe0, 0x1c, 0x7a, 0x1,
    0xca, 0x60, 0x18, 0x44, 0xe4, 0x50, 0xa8, 0x66,
    0xec, 0xc0,

    /* U+004D "M" */
    0x0, 0x63, 0x80, 0x71, 0x79, 0x0, 0xe, 0x80,
    0x3b, 0xc0, 0x80, 0x80, 0xcc, 0x1, 0x49, 0x98,
    0x0, 0xe6, 0xd4, 0x0, 0x54, 0x75, 0x0, 0x6a,
    0xd3, 0x80, 0xdf, 0x97, 0x80, 0xf, 0xc8, 0x8b,
    0xb0, 0x4a, 0xa0, 0x2, 0xa8, 0x2a, 0x8c, 0xc1,
    0x11, 0x80, 0x88, 0xc1, 0xce, 0xc1, 0x48, 0x0,
    0xa4, 0x0, 0x1c, 0x10, 0x37, 0x0, 0x0,

    /* U+004E "N" */
    0x0, 0x64, 0x0, 0x6c, 0x60, 0x1, 0xb8, 0x80,
    0x46, 0xa0, 0x40, 0x96, 0x0, 0x20, 0x30, 0x72,
    0x95, 0x20, 0x72, 0x0, 0x6b, 0x93, 0x48, 0x6b,
    0x80, 0xf, 0x42, 0x11, 0x7, 0xa0, 0x5, 0x30,
    0x18, 0x82, 0x98, 0x8, 0x94, 0x0, 0xe4, 0x2a,
    0xa, 0x22, 0x0, 0xa0, 0x44, 0x0,

    /* U+004F "O" */
    0x0, 0x9f, 0x7f, 0xd6, 0x60, 0x16, 0x55, 0xe5,
    0x8e, 0x10, 0x48, 0xeb, 0x1a, 0x51, 0xd8, 0x34,
    0x80, 0x75, 0xa9, 0x82, 0x0, 0x77, 0xbb, 0x80,
    0x3e, 0x43, 0x50, 0x30, 0xc, 0xc7, 0x22, 0xba,
    0xc6, 0x93, 0x2a, 0x10, 0xa9, 0xbc, 0xa3, 0xc5,
    0x0,

    /* U+0050 "P" */
    0x0, 0x67, 0xfd, 0xcc, 0x1, 0x1d, 0x6e, 0xa2,
    0x50, 0x8, 0x14, 0x88, 0xc8, 0x60, 0xe4, 0x1,
    0x98, 0x43, 0x5c, 0x0, 0x30, 0x6e, 0x6, 0xbf,
    0xee, 0x4d, 0x10, 0x59, 0xdd, 0x76, 0x18, 0x8,
    0x9c, 0x88, 0x20, 0x12, 0x88, 0x80, 0x3c,

    /* U+0051 "Q" */
    0x0, 0x9f, 0x7f, 0xd6, 0x60, 0x16, 0x55, 0xe5,
    0x8e, 0x10, 0x48, 0xeb, 0x1a, 0x51, 0xd8, 0x34,
    0x80, 0x75, 0xa9, 0x82, 0x0, 0x77, 0xbb, 0x80,
    0x3e, 0x43, 0x50, 0x30, 0xc, 0xc7, 0x22, 0xba,
    0xc6, 0x93, 0x2a, 0x10, 0xa9, 0xbc, 0xb3, 0xc5,
    0x0, 0x9f, 0x5c, 0x6c, 0xe0, 0x3, 0xa1, 0xfb,
    0xcc, 0x3, 0xd3, 0xfe, 0xb0,

    /* U+0052 "R" */
    0x0, 0x67, 0xfd, 0xce, 0x1, 0x1d, 0x6e, 0xa2,
    0x8, 0x4, 0xa, 0x44, 0x64, 0xc0, 0x72, 0x0,
    0xcf, 0xc1, 0xae, 0x1, 0x41, 0x38, 0x1a, 0xff,
    0xc9, 0xa2, 0xb, 0x3b, 0xa0, 0x83, 0x1, 0x13,
    0x91, 0x22, 0x0, 0x5, 0x11, 0x0, 0x1c, 0x90,
    0x0,

    /* U+0053 "S" */
    0x0, 0x36, 0xff, 0xac, 0x81, 0xa2, 0x1b, 0x86,
    0x0, 0xd6, 0x52, 0x38, 0x20, 0x35, 0x30, 0xe,
    0x85, 0xdd, 0x38, 0x6, 0x8e, 0x9a, 0x90, 0xe,
    0x4a, 0x20, 0xa8, 0x32, 0x59, 0xd0, 0x93, 0xcd,
    0x88, 0x30, 0x0,

    /* U+0054 "T" */
    0xf, 0xff, 0x80, 0x1b, 0xa9, 0x1d, 0xd7, 0x0,
    0x8, 0x9c, 0xa4, 0x41, 0x0, 0xc6, 0x60, 0xf,
    0x9b, 0x40, 0x3e, 0x27, 0x0, 0xf1, 0x81, 0x0,
    0x79, 0x4c, 0x3, 0xef, 0x50, 0xe,

    /* U+0055 "U" */
    0x0, 0x79, 0x80, 0x43, 0xe2, 0x4, 0x6, 0x1,
    0x28, 0x88, 0x1c, 0x80, 0x31, 0xa8, 0x3, 0x5c,
    0x3, 0x69, 0x80, 0xf, 0x40, 0x33, 0xe8, 0x1,
    0x4c, 0x2, 0x12, 0x70, 0x8, 0x40, 0x26, 0x22,
    0x0, 0x1e, 0x10, 0xde, 0x24, 0x2, 0x94, 0xbc,
    0xbb, 0x20, 0x0,

    /* U+0056 "V" */
    0xd6, 0x0, 0xee, 0x47, 0xf0, 0xd, 0xa, 0x98,
    0x80, 0x11, 0x3c, 0x82, 0x90, 0x5, 0x2e, 0x40,
    0x60, 0x80, 0xad, 0x0, 0x12, 0x18, 0x5c, 0x80,
    0x63, 0xc8, 0x54, 0x0, 0xd8, 0x8f, 0x20, 0x1c,
    0xa0, 0xe4, 0x1, 0x80,

    /* U+0057 "W" */
    0xa8, 0x0, 0x8b, 0xd0, 0x2, 0x6c, 0x2, 0x20,
    0x5, 0x0, 0x40, 0x15, 0xc0, 0x73, 0x0, 0x9,
    0x55, 0xc0, 0x6, 0x14, 0x2, 0x20, 0x2, 0x1f,
    0x8, 0x1, 0x10, 0x0, 0x30, 0x81, 0x24, 0x93,
    0x3, 0x12, 0x0, 0x8, 0xa, 0x24, 0x58, 0x82,
    0x24, 0x3, 0xa, 0xa3, 0x81, 0xb, 0x92, 0x80,
    0x62, 0x89, 0x0, 0x86, 0x24, 0x3, 0x98, 0x5c,
    0x2, 0x23, 0x50, 0xc,

    /* U+0058 "X" */
    0x0, 0x2f, 0x0, 0x45, 0xca, 0x0, 0x53, 0x60,
    0x1f, 0x95, 0x0, 0xa2, 0x3, 0xa8, 0xe0, 0x19,
    0x4b, 0xde, 0x40, 0x3c, 0xc3, 0x40, 0x1e, 0x64,
    0x26, 0x0, 0xe4, 0x8c, 0x99, 0x0, 0x63, 0xba,
    0x24, 0x28, 0x0, 0x16, 0xca, 0x0, 0x21, 0xc4,
    0x0,

    /* U+0059 "Y" */
    0xa8, 0x0, 0xd5, 0x3c, 0xc0, 0x13, 0x3c, 0xa0,
    0x20, 0x1c, 0x78, 0x1, 0xb8, 0x3a, 0x8, 0x1,
    0x4b, 0x6e, 0xc0, 0x11, 0x1b, 0x50, 0x7, 0xa8,
    0x3, 0xc6, 0x60, 0xe, 0x20, 0x50, 0xc,

    /* U+005A "Z" */
    0x0, 0x37, 0xff, 0x94, 0x0, 0xfb, 0xb8, 0x95,
    0x40, 0x1, 0x22, 0xa5, 0xa8, 0x3, 0xd4, 0xf6,
    0x1, 0xe9, 0x7d, 0x0, 0xf4, 0x26, 0x8, 0x7,
    0x3b, 0x78, 0x80, 0x73, 0x45, 0x81, 0x14, 0x1,
    0x48, 0x56, 0xee, 0x0, 0x0,

    /* U+005B "[" */
    0x0, 0x5f, 0xe0, 0x1, 0xab, 0x0, 0x4, 0x80,
    0x3, 0x1, 0x0, 0x29, 0x80, 0x5e, 0xa0, 0x11,
    0x78, 0x4, 0xa4, 0x0, 0x11, 0x28, 0x1, 0x44,
    0x40, 0x2, 0x20, 0x5, 0xea, 0x1, 0x2b, 0x60,
    0x0,

    /* U+005C "\\" */
    0x7, 0x0, 0xa4, 0x40, 0x4, 0x40, 0x3, 0x30,
    0x0, 0x44, 0x0, 0x6e, 0x80, 0xc, 0xc0, 0x1,
    0x10, 0x0, 0x22, 0x0, 0x88, 0xc0, 0xe, 0xc0,
    0x2, 0x20, 0x3, 0xb8,

    /* U+005D "]" */
    0x0, 0x5f, 0xe8, 0x2, 0xd9, 0xc0, 0x22, 0xd0,
    0x9, 0x4c, 0x2, 0x16, 0x0, 0x18, 0x10, 0x1,
    0x4c, 0x2, 0xe5, 0x0, 0x8f, 0xc0, 0x25, 0x20,
    0x0, 0x89, 0x40, 0xa, 0x22, 0xc, 0xb5, 0x0,
    0x0,

    /* U+005E "^" */
    0x0, 0x8d, 0x40, 0x37, 0x40, 0x4, 0xc8, 0x22,
    0x0, 0x5c, 0x2a, 0x82, 0x2c, 0x70, 0xc9, 0x58,
    0x1f, 0x0,

    /* U+005F "_" */
    0x9d, 0xde, 0x30,

    /* U+0060 "`" */
    0x17, 0x10, 0x12, 0xd1,

    /* U+0061 "a" */
    0x0, 0x4f, 0xfa, 0xa2, 0x83, 0xb, 0x34, 0x1f,
    0x50, 0xac, 0xca, 0xc0, 0xf1, 0x0, 0x21, 0x5,
    0x1, 0x0, 0x94, 0x45, 0x68, 0xa2, 0xb6, 0xa0,
    0x73, 0x7d, 0x2a, 0x60,

    /* U+0062 "b" */
    0x0, 0x6a, 0x0, 0x78, 0x94, 0x3, 0x8c, 0x4,
    0x3, 0x94, 0xab, 0xfa, 0x0, 0x1c, 0x59, 0xd4,
    0xcc, 0x3, 0x76, 0x14, 0x6d, 0x5, 0xc0, 0xb,
    0xc0, 0x44, 0x1, 0xaf, 0x14, 0x3c, 0x45, 0x4,
    0xe6, 0xb9, 0xfc, 0x78, 0x0,

    /* U+0063 "c" */
    0x0, 0x4f, 0x7d, 0x90, 0x59, 0x6e, 0x86, 0x91,
    0x6c, 0xca, 0xa3, 0x10, 0x3, 0xc2, 0x1, 0xd6,
    0x8a, 0x2b, 0xa2, 0x75, 0x1d, 0x10, 0x10,

    /* U+0064 "d" */
    0x0, 0xfb, 0xc8, 0x3, 0xc6, 0x4, 0x1, 0xe6,
    0x30, 0xa, 0x7f, 0xd5, 0x8a, 0x0, 0xc2, 0xcd,
    0x6, 0xf0, 0x42, 0xb3, 0x2b, 0x2, 0xc, 0x40,
    0x8, 0x41, 0x40, 0x2, 0x1, 0x28, 0x88, 0x2d,
    0x14, 0x56, 0xd4, 0x0, 0x73, 0x7d, 0xc5, 0x30,
    0x0,

    /* U+0065 "e" */
    0x1, 0x9f, 0xf5, 0x0, 0x34, 0xfb, 0x83, 0x28,
    0x34, 0x22, 0x84, 0xc2, 0xee, 0xb4, 0x0, 0xbd,
    0xdb, 0x6d, 0x54, 0x29, 0x20, 0x75, 0x1d, 0x3e,
    0x0,

    /* U+0066 "f" */
    0x0, 0x16, 0xfb, 0x80, 0x25, 0x79, 0x80, 0x9,
    0x22, 0x24, 0xf0, 0xec, 0x4, 0x93, 0xfc, 0x0,
    0x72, 0x80, 0x63, 0xf0, 0xc, 0xaa, 0x0, 0x84,
    0x46, 0x1, 0x29, 0x0, 0x60,

    /* U+0067 "g" */
    0x0, 0x4f, 0x7d, 0x35, 0x85, 0x96, 0x71, 0xc9,
    0x99, 0x6c, 0x86, 0x43, 0x91, 0x40, 0x39, 0x40,
    0x39, 0x40, 0xd1, 0xc, 0x4b, 0x64, 0x7, 0x51,
    0xb2, 0x8e, 0x0, 0x5e, 0xfc, 0x6c, 0x9, 0x62,
    0x24, 0x93, 0x6, 0x56, 0xe8, 0xb0, 0x0,

    /* U+0068 "h" */
    0x0, 0x6a, 0x0, 0x78, 0x98, 0x3, 0x8c, 0x8,
    0x3, 0x94, 0xab, 0xfc, 0xe0, 0xe, 0x2c, 0xda,
    0x82, 0x3, 0x66, 0x12, 0x8b, 0x2, 0xe8, 0x4,
    0x2c, 0x22, 0x50, 0x1, 0x81, 0x28, 0x88, 0x0,
    0xc6, 0x6, 0xa0, 0x16, 0xa8, 0x0,

    /* U+0069 "i" */
    0x0, 0x72, 0x80, 0x19, 0xc0, 0x10, 0x40, 0xb8,
    0x0, 0xd5, 0x0, 0x1f, 0x80, 0x14, 0x80, 0x44,
    0xa0, 0xa2, 0x20, 0x35, 0x0, 0x0,

    /* U+006A "j" */
    0x0, 0xed, 0x60, 0xe, 0x55, 0x0, 0x74, 0x18,
    0x6, 0x4d, 0x0, 0xe3, 0x70, 0xe, 0xdd, 0x0,
    0x73, 0x98, 0x7, 0x13, 0x0, 0x62, 0x2, 0x0,
    0xce, 0x60, 0x1d, 0xaa, 0x1, 0x10, 0xae, 0x0,
    0x5f, 0xc8, 0xa0, 0x0,

    /* U+006B "k" */
    0x0, 0x6a, 0x0, 0x78, 0x98, 0x3, 0x8c, 0x8,
    0x3, 0x94, 0xc0, 0xd, 0xc8, 0x1c, 0xa1, 0x10,
    0xd4, 0x3, 0xea, 0x5f, 0x30, 0x2, 0xca, 0x8,
    0x80, 0x2, 0x26, 0xf3, 0x40, 0x2, 0x8c, 0xc,
    0x48, 0x0, 0xd4, 0x0, 0xe0, 0xc0,

    /* U+006C "l" */
    0x0, 0x6a, 0x0, 0x9, 0x80, 0xc0, 0x81, 0x4c,
    0x1, 0xca, 0x0, 0x3f, 0x0, 0x2a, 0x80, 0x44,
    0x40, 0xa2, 0x20, 0x35, 0x0, 0x0,

    /* U+006D "m" */
    0x5, 0xda, 0xfe, 0x55, 0x6f, 0xe9, 0x6, 0x96,
    0x6b, 0x54, 0x4e, 0xb4, 0x81, 0xbb, 0x14, 0x84,
    0xa1, 0x6b, 0x82, 0xe0, 0x0, 0x81, 0x0, 0x2,
    0xc2, 0x25, 0x0, 0x29, 0x80, 0x5b, 0xa5, 0x11,
    0x0, 0x3d, 0x40, 0x27, 0x33, 0x28, 0x4, 0xbe,
    0x1, 0x12, 0x80,

    /* U+006E "n" */
    0x5, 0xda, 0xff, 0x38, 0x3, 0x4b, 0x36, 0xa0,
    0x80, 0xd9, 0x84, 0xa2, 0xc0, 0xba, 0x1, 0xb,
    0x8, 0x94, 0x0, 0x60, 0x4a, 0x22, 0x0, 0x31,
    0x81, 0xa8, 0x5, 0xaa, 0x0,

    /* U+006F "o" */
    0x0, 0x4f, 0x7d, 0x90, 0x2, 0xcb, 0x74, 0x3e,
    0x8, 0xb6, 0x65, 0x64, 0x38, 0x80, 0x10, 0x80,
    0x42, 0x1, 0x28, 0x8a, 0xd1, 0x45, 0x6e, 0xc0,
    0x75, 0x1d, 0x16, 0xa0,

    /* U+0070 "p" */
    0x5, 0xda, 0xfe, 0x80, 0x6, 0x96, 0x75, 0x33,
    0x0, 0xdd, 0x85, 0x1b, 0x41, 0x70, 0x2, 0xf0,
    0x0, 0x80, 0x6b, 0xc3, 0x8, 0x32, 0x92, 0x75,
    0x3b, 0xdd, 0x16, 0x7, 0xab, 0xf7, 0xd9, 0x1,
    0x78, 0x7, 0x95, 0x40, 0x1e,

    /* U+0071 "q" */
    0x0, 0x4f, 0xfa, 0x9e, 0x83, 0xb, 0x34, 0x23,
    0x50, 0xac, 0xca, 0xc0, 0xf1, 0x0, 0x21, 0x5,
    0x1, 0x0, 0x94, 0x6, 0xd1, 0x45, 0x6c, 0xc0,
    0xe6, 0xfa, 0x55, 0x40, 0x6, 0xef, 0xc0, 0xf0,
    0xf, 0x2a, 0x80, 0x38, 0x44, 0x40,

    /* U+0072 "r" */
    0x5, 0xca, 0xf1, 0xd, 0x3d, 0xd0, 0x81, 0xb3,
    0x90, 0x1, 0x74, 0x2, 0x11, 0x28, 0x4, 0xa2,
    0x20, 0x8, 0xd4, 0x3, 0x0,

    /* U+0073 "s" */
    0x0, 0x2e, 0xff, 0x38, 0x15, 0x4f, 0x69, 0x80,
    0x83, 0x89, 0xa0, 0x1b, 0xef, 0x48, 0x5, 0x1d,
    0xae, 0xa1, 0x6, 0x20, 0x6, 0x1, 0xde, 0xd9,
    0x30,

    /* U+0074 "t" */
    0x0, 0x39, 0x0, 0x50, 0x0, 0x4f, 0xd, 0xc4,
    0x93, 0xfc, 0xf, 0x50, 0x9, 0x7c, 0x2, 0x35,
    0x0, 0xcc, 0x40, 0x7, 0xaf, 0x0,

    /* U+0075 "u" */
    0x6, 0xb0, 0xa, 0x64, 0x1e, 0x60, 0x12, 0xf8,
    0x2e, 0x80, 0x46, 0xa0, 0x6e, 0x0, 0x20, 0x31,
    0x3, 0x0, 0x29, 0x0, 0x84, 0x92, 0xc3, 0x80,
    0x29, 0xb7, 0x93, 0x40,

    /* U+0076 "v" */
    0x4d, 0x0, 0x8b, 0x85, 0x48, 0x40, 0x11, 0x22,
    0x22, 0x50, 0x44, 0x38, 0x1, 0xf0, 0x26, 0xc0,
    0x2c, 0x36, 0x15, 0x0, 0x95, 0x23, 0xc0, 0x31,
    0x83, 0x98, 0x4,

    /* U+0077 "w" */
    0x3c, 0x0, 0xae, 0x40, 0x2e, 0x22, 0x18, 0x0,
    0xd1, 0x40, 0xe, 0x84, 0x22, 0x20, 0xf8, 0x30,
    0x4, 0xc0, 0x1, 0x59, 0x1, 0xc4, 0x4e, 0x84,
    0x0, 0x33, 0x44, 0x1, 0x52, 0x60, 0x2, 0xd9,
    0x4, 0x3, 0xb7, 0x20, 0x9, 0x87, 0xc0, 0x1a,
    0x30, 0x1, 0x0,

    /* U+0078 "x" */
    0x0, 0x63, 0x0, 0x2e, 0x0, 0x11, 0x0, 0xa1,
    0x80, 0x2, 0x2e, 0x35, 0x0, 0x6c, 0x3d, 0x0,
    0xc9, 0x26, 0xc0, 0x11, 0xd6, 0xfc, 0x88, 0x16,
    0xd1, 0x99, 0x64, 0x0,

    /* U+0079 "y" */
    0x0, 0x26, 0x80, 0x43, 0xc2, 0x0, 0x52, 0x10,
    0x5, 0xb0, 0x80, 0x4, 0x94, 0x9, 0x20, 0x3,
    0x39, 0x84, 0xc0, 0x7, 0x6e, 0x23, 0x30, 0x3,
    0x91, 0x66, 0x40, 0x1e, 0x31, 0x64, 0x0, 0xfd,
    0x20, 0x1c, 0x83, 0x4c, 0x40, 0x18, 0x67, 0x82,
    0x40, 0x38,

    /* U+007A "z" */
    0x0, 0x77, 0xfe, 0x30, 0x7, 0x7f, 0x1b, 0x18,
    0x6, 0xa6, 0x90, 0xd, 0x2f, 0x40, 0x1a, 0x13,
    0x40, 0x33, 0x33, 0xc4, 0x2, 0x19, 0x1d, 0xff,
    0x20, 0x0,

    /* U+007B "{" */
    0x0, 0xaf, 0xc0, 0x26, 0x7e, 0x0, 0xb1, 0x4,
    0x2, 0x6d, 0x0, 0xc6, 0xe0, 0x11, 0x81, 0x0,
    0x13, 0x1c, 0x2, 0x45, 0x10, 0xe, 0xe0, 0xc,
    0xe4, 0x1, 0x89, 0xc0, 0x21, 0x1, 0x0, 0x85,
    0x30, 0x2,

    /* U+007C "|" */
    0x0, 0x53, 0x0, 0x1d, 0x40, 0x4, 0x60, 0x64,
    0x0, 0x56, 0x0, 0x71, 0x80, 0xf, 0x40, 0xa,
    0xe0, 0x22, 0x20, 0x22, 0x0, 0x15, 0xc0, 0x1f,
    0xa0, 0x5, 0x30, 0x0,

    /* U+007D "}" */
    0x0, 0x5e, 0x88, 0x2, 0x8d, 0xc0, 0x2, 0x64,
    0x1, 0x13, 0x0, 0xc, 0x8, 0x0, 0xc4, 0x1,
    0x31, 0x40, 0x2, 0x5e, 0x0, 0x9, 0x80, 0x1,
    0x12, 0x80, 0x8, 0x44, 0x0, 0xa5, 0x0, 0x62,
    0x40, 0x0,

    /* U+007E "~" */
    0x8, 0xfb, 0x15, 0x82, 0x3f, 0xdf, 0x89,

    /* U+00A0 " " */

    /* U+00A1 "¡" */
    0x0, 0x45, 0x80, 0x37, 0x40, 0x5, 0x60, 0x6,
    0x88, 0x9, 0x88, 0x29, 0x0, 0x31, 0x80, 0x6,
    0x40, 0x5, 0xd0, 0x6, 0x28, 0x0,

    /* U+00A2 "¢" */
    0x0, 0xcc, 0x1, 0xea, 0x0, 0xd3, 0xc7, 0x64,
    0x16, 0x52, 0xc3, 0x48, 0xb6, 0x19, 0x51, 0x88,
    0x1a, 0xe0, 0x10, 0x83, 0x10, 0x2, 0xd1, 0x81,
    0x74, 0x4e, 0xac, 0xe2, 0x2, 0xb, 0x13, 0xaa,
    0x1, 0xa, 0x0, 0x40,

    /* U+00A3 "£" */
    0x0, 0xc5, 0x7f, 0xec, 0x20, 0x8, 0xb4, 0xf3,
    0x16, 0x60, 0x14, 0x2c, 0x19, 0x9c, 0x40, 0x24,
    0xe0, 0xf, 0x37, 0xd, 0x77, 0xc, 0x2, 0x6a,
    0x1e, 0xe8, 0xc0, 0x31, 0xa8, 0x7, 0xed, 0x30,
    0xf, 0x17, 0xab, 0xff, 0xda, 0x0,

    /* U+00A4 "¤" */
    0x14, 0x0, 0xe5, 0x2, 0xa7, 0xce, 0xa9, 0x90,
    0x1c, 0xca, 0x30, 0x9b, 0x40, 0x17, 0x48, 0x50,
    0xce, 0x0, 0x24, 0x0, 0xb3, 0x80, 0x6, 0x60,
    0xb, 0x7c, 0x1, 0x5c, 0x40, 0xae, 0xc0, 0x32,
    0xfb, 0xf0, 0x70, 0x7, 0x35, 0xfd, 0xb8, 0x0,

    /* U+00A5 "¥" */
    0xb, 0x70, 0xc, 0x5c, 0x61, 0xf2, 0x1, 0xf,
    0xd9, 0x82, 0x13, 0x0, 0x29, 0x54, 0x1, 0x45,
    0x84, 0x84, 0x0, 0x64, 0xb, 0x4b, 0x0, 0xd5,
    0x86, 0x83, 0x88, 0x1, 0x56, 0x4a, 0x66, 0x10,
    0x0, 0x59, 0x88, 0x5c, 0xc0, 0x4, 0x59, 0x81,
    0xac, 0xc0, 0x4,

    /* U+00A6 "¦" */
    0x0, 0x5b, 0x0, 0x19, 0x40, 0x4, 0x60, 0x64,
    0x1, 0x58, 0x0, 0xd8, 0x3, 0xfd, 0x20, 0x3,
    0x40, 0x2, 0xb8, 0x3, 0xf4, 0x0, 0xa6, 0x0,

    /* U+00A7 "§" */
    0x0, 0xa3, 0xbf, 0x50, 0x0, 0xe7, 0xfe, 0x96,
    0x0, 0x6e, 0x8, 0x21, 0x0, 0x36, 0x29, 0x0,
    0x22, 0xab, 0xda, 0x60, 0x2, 0xa9, 0x1e, 0x30,
    0x0, 0x6c, 0xe5, 0xb8, 0x0, 0x4a, 0xdd, 0xb,
    0x0, 0x49, 0x56, 0xe0, 0x1, 0x60, 0x6, 0x38,
    0x0, 0xeb, 0xfc, 0x96, 0x0, 0x2c, 0xee, 0x60,
    0x80, 0x0,

    /* U+00A8 "¨" */
    0x0, 0xe1, 0xf0, 0xd3, 0x1d, 0xf, 0x30,

    /* U+00A9 "©" */
    0x0, 0x9e, 0x64, 0xe0, 0x18, 0x69, 0x26, 0x4b,
    0x42, 0x0, 0x9b, 0x7d, 0xd2, 0xdc, 0x0, 0x6a,
    0xfd, 0x1, 0x18, 0xf9, 0x1c, 0x81, 0xc3, 0x48,
    0x3, 0xfc, 0x7c, 0x8e, 0x40, 0xe1, 0xa6, 0x1,
    0x57, 0xe8, 0x8, 0x80, 0x11, 0x6d, 0xba, 0x5b,
    0x80, 0xa, 0x96, 0x64, 0xb4, 0x20,

    /* U+00AA "ª" */
    0x29, 0xa9, 0x6, 0x12, 0x70, 0x98, 0xb5, 0xb,
    0x8b, 0xd0,

    /* U+00AB "«" */
    0x0, 0xfe, 0xb6, 0x65, 0x80, 0x24, 0xca, 0xac,
    0x11, 0x11, 0x7c, 0x0, 0x43, 0x25, 0x40, 0xa,
    0x6e, 0x2c, 0x0,

    /* U+00AC "¬" */
    0xe, 0xee, 0x60, 0xff, 0xc4, 0xa0, 0x23, 0x8c,
    0x80, 0x39, 0x84,

    /* U+00AD "­" */
    0x2f, 0xf7, 0x0,

    /* U+00AE "®" */
    0x0, 0x9e, 0x64, 0xe0, 0x18, 0x69, 0x26, 0x4b,
    0x42, 0x0, 0x9b, 0xab, 0xb2, 0x5c, 0x0, 0x42,
    0x55, 0x7a, 0x2, 0x23, 0xe0, 0xf, 0x69, 0x0,
    0x6d, 0xd1, 0x88, 0x0, 0xf8, 0x1, 0xdc, 0x10,
    0xd3, 0x0, 0xe, 0x19, 0xb8, 0x84, 0x1, 0x16,
    0xa2, 0xb, 0x10, 0x0, 0xa9, 0x66, 0x4b, 0x42,
    0x0,

    /* U+00AF "¯" */
    0xc, 0xcc, 0x0,

    /* U+00B0 "°" */
    0x1a, 0xb4, 0x8, 0x9b, 0xf0, 0x23, 0x3, 0x22,
    0x18, 0x19, 0x44, 0xdf, 0x80,

    /* U+00B1 "±" */
    0x0, 0x92, 0xc0, 0x38, 0xcc, 0x1, 0x67, 0x43,
    0xf3, 0x86, 0xf8, 0xdf, 0xb8, 0x8, 0xc8, 0x20,
    0x10, 0xc0, 0x6, 0x10, 0x61, 0x0, 0x5f, 0x76,
    0xa0,

    /* U+00B2 "²" */
    0x4, 0xbb, 0x80, 0x9, 0x76, 0x2, 0x0, 0x9c,
    0xc8, 0x6, 0xca, 0x0, 0xbd, 0xba, 0x0,

    /* U+00B3 "³" */
    0x5, 0xbb, 0x7a, 0x2, 0xd9, 0x4a, 0x0, 0x15,
    0x4, 0x2, 0x5d, 0xa0, 0x2c, 0xbb, 0x80,

    /* U+00B4 "´" */
    0x0, 0x39, 0x8e, 0x9, 0x80,

    /* U+00B5 "µ" */
    0x5, 0xc0, 0xa, 0x28, 0x35, 0x40, 0x23, 0xd0,
    0x3f, 0x0, 0x94, 0xc1, 0x48, 0x0, 0x22, 0x50,
    0x16, 0x0, 0x20, 0x88, 0xc2, 0x85, 0x2d, 0x41,
    0x49, 0x7a, 0x14, 0xc3, 0xd3, 0x7f, 0x2e, 0x0,
    0xbc, 0x3, 0xca, 0xa0, 0xf, 0x0,

    /* U+00B6 "¶" */
    0x2, 0xbf, 0xfd, 0x21, 0xe8, 0xf, 0xed, 0xe2,
    0x40, 0xd, 0x5, 0x50, 0x88, 0x0, 0xe0, 0x46,
    0x18, 0xc0, 0x44, 0x30, 0x1, 0x59, 0x83, 0x38,
    0x4, 0xea, 0x7, 0xa0, 0x16, 0xf8, 0x69, 0x80,
    0x46, 0x40, 0xea, 0x1, 0x2a, 0x80, 0xc4, 0x0,
    0x26, 0x26, 0xa0, 0x0,

    /* U+00B7 "·" */
    0xb, 0x31, 0x57,

    /* U+00B8 "¸" */
    0x0, 0xd0, 0x81, 0x72, 0xf1, 0x60,

    /* U+00B9 "¹" */
    0x9, 0xe3, 0x9, 0x23, 0x0, 0x8, 0x0, 0xdc,
    0x1e, 0x19, 0x40,

    /* U+00BA "º" */
    0x2b, 0xab, 0x19, 0x95, 0x63, 0xb8, 0xc3, 0x57,
    0xea, 0xf0, 0xc0,

    /* U+00BB "»" */
    0x0, 0xfe, 0xd3, 0x88, 0x0, 0x57, 0x12, 0xc2,
    0x0, 0x74, 0x2, 0x40, 0x6, 0xd3, 0x31, 0x42,
    0xac, 0x32, 0x80,

    /* U+00BC "¼" */
    0xa, 0xd2, 0x0, 0xd4, 0x60, 0xa, 0x2, 0x0,
    0x9f, 0x4c, 0x3, 0xe4, 0xd7, 0x0, 0x89, 0xc0,
    0x5, 0x14, 0x1, 0x9c, 0x80, 0x1d, 0xc0, 0x2a,
    0x8, 0xe3, 0x5a, 0x92, 0x24, 0xd8, 0x45, 0xd8,
    0x88, 0xa3, 0x35, 0x40, 0x9, 0x32, 0x2, 0xdf,
    0x52, 0x40, 0xa2, 0x80, 0x15, 0x9e, 0xd2, 0x3,
    0xc2, 0x1, 0x8a, 0x80,

    /* U+00BD "½" */
    0xa, 0xd2, 0x0, 0xd4, 0x60, 0xa, 0x2, 0x0,
    0xa3, 0xc, 0x0, 0x22, 0x0, 0x98, 0x58, 0x2,
    0x54, 0x0, 0x26, 0x86, 0x60, 0xe3, 0xcd, 0x4a,
    0x2b, 0x72, 0x26, 0x2e, 0xc9, 0xdc, 0x14, 0xc,
    0xc0, 0x5, 0x5e, 0x40, 0x9, 0x6, 0x0, 0x4e,
    0x98, 0xd, 0xfc, 0x0, 0x14, 0x58, 0x1, 0x6d,
    0x58, 0x40,

    /* U+00BE "¾" */
    0x6, 0xcc, 0x69, 0x80, 0x54, 0x60, 0x6, 0xc5,
    0x83, 0x0, 0x3e, 0x98, 0x4, 0xc8, 0x1, 0x26,
    0xb8, 0x6, 0x6d, 0x80, 0x28, 0xa0, 0x10, 0x23,
    0x2, 0x10, 0xee, 0x2, 0xd8, 0x2, 0x32, 0x7a,
    0xa0, 0x8f, 0xa8, 0xa, 0xf2, 0xd4, 0x90, 0xa2,
    0xec, 0x1, 0x93, 0x20, 0x21, 0xf1, 0x24, 0x0,
    0x51, 0x40, 0xa, 0xcf, 0x69, 0x0, 0xf, 0x8,
    0x6, 0x2a, 0x0,

    /* U+00BF "¿" */
    0x0, 0xa2, 0xc0, 0x3b, 0x74, 0x1, 0xca, 0xc0,
    0x18, 0xfc, 0x40, 0x23, 0xd9, 0x10, 0x1, 0xed,
    0x30, 0x5, 0x2c, 0x80, 0x18, 0x48, 0x0, 0xd6,
    0x10, 0x9f, 0xeb, 0xf0, 0x3e, 0xde, 0xd4, 0x0,

    /* U+00C0 "À" */
    0x0, 0xe7, 0x20, 0xf, 0xc9, 0xe4, 0x1, 0xf1,
    0xe9, 0x0, 0x7c, 0xfe, 0x40, 0x1e, 0x19, 0x24,
    0x0, 0xf5, 0xb2, 0xf8, 0x7, 0x22, 0x23, 0x10,
    0x3, 0xa6, 0xc1, 0x48, 0x40, 0x28, 0x65, 0x1,
    0x24, 0x0, 0x13, 0xa7, 0x74, 0x58, 0x0, 0x96,
    0xef, 0xfa, 0x14, 0x15, 0x52, 0x23, 0x94, 0xc0,

    /* U+00C1 "Á" */
    0x0, 0xf9, 0x90, 0x3, 0xc3, 0x62, 0x80, 0x1e,
    0x1b, 0x70, 0xf, 0x9f, 0xc8, 0x3, 0xc3, 0x24,
    0x80, 0x1e, 0xb6, 0x5f, 0x0, 0xe4, 0x44, 0x62,
    0x0, 0x74, 0xd8, 0x29, 0x8, 0x5, 0xc, 0xa0,
    0x24, 0x80, 0x2, 0x74, 0xee, 0x8b, 0x0, 0x12,
    0xdd, 0xff, 0x42, 0x82, 0xaa, 0x44, 0x72, 0x98,
    0x0,

    /* U+00C2 "Â" */
    0x0, 0xf3, 0xa8, 0x7, 0x86, 0xcf, 0xd4, 0x3,
    0x86, 0xd2, 0x94, 0x3, 0xcf, 0xe4, 0x1, 0xe1,
    0x92, 0x40, 0xf, 0x5b, 0x2f, 0x80, 0x72, 0x22,
    0x31, 0x0, 0x3a, 0x6c, 0x14, 0x84, 0x2, 0x86,
    0x50, 0x12, 0x40, 0x1, 0x3a, 0x77, 0x45, 0x80,
    0x9, 0x6e, 0xff, 0xa1, 0x41, 0x55, 0x22, 0x39,
    0x4c, 0x0,

    /* U+00C3 "Ã" */
    0x0, 0xe7, 0x60, 0x60, 0xe, 0x30, 0x6, 0x18,
    0x7, 0x1b, 0xb6, 0x28, 0x7, 0x9f, 0xc8, 0x3,
    0xc3, 0x24, 0x80, 0x1e, 0xb6, 0x5f, 0x0, 0xe4,
    0x44, 0x62, 0x0, 0x74, 0xd8, 0x29, 0x8, 0x5,
    0xc, 0xa0, 0x24, 0x80, 0x2, 0x74, 0xee, 0x8b,
    0x0, 0x12, 0xdd, 0xff, 0x42, 0x82, 0xaa, 0x44,
    0x72, 0x98, 0x0,

    /* U+00C4 "Ä" */
    0x0, 0xff, 0xe1, 0xe9, 0xd3, 0x80, 0x7b, 0xce,
    0xdc, 0x3, 0xcb, 0xe6, 0x1, 0xe1, 0x92, 0x40,
    0xf, 0x5b, 0x2f, 0x80, 0x72, 0x22, 0x31, 0x0,
    0x3a, 0x6c, 0x14, 0x84, 0x2, 0x86, 0x50, 0x12,
    0x40, 0x1, 0x3a, 0x77, 0x45, 0x80, 0x9, 0x6e,
    0xff, 0xa1, 0x41, 0x55, 0x22, 0x39, 0x4c, 0x0,

    /* U+00C5 "Å" */
    0x0, 0xe1, 0x96, 0x0, 0xf9, 0xa3, 0x80, 0x3f,
    0xbc, 0x3, 0xe6, 0x91, 0x0, 0xf9, 0x9d, 0x0,
    0x3c, 0x32, 0x48, 0x1, 0xeb, 0x65, 0xf0, 0xe,
    0x44, 0x46, 0x20, 0x7, 0x4d, 0x82, 0x90, 0x80,
    0x50, 0xca, 0x2, 0x48, 0x0, 0x27, 0x4e, 0xe8,
    0xb0, 0x1, 0x2d, 0xdf, 0xf4, 0x28, 0x2a, 0xa4,
    0x47, 0x29, 0x80,

    /* U+00C6 "Æ" */
    0x0, 0xf3, 0x7f, 0xfa, 0x80, 0x38, 0xa5, 0x4f,
    0xbb, 0x50, 0x7, 0x7c, 0x1a, 0x88, 0xe0, 0xe,
    0x96, 0x75, 0xf0, 0xf, 0xca, 0xf4, 0x7, 0x3f,
    0xf3, 0x0, 0x45, 0x54, 0x12, 0xd, 0xdc, 0xc0,
    0x17, 0x5, 0x76, 0x91, 0x70, 0x5, 0x1, 0xbf,
    0xe6, 0x61, 0x16, 0x10, 0x46, 0xd2, 0x11, 0x12,
    0x6e, 0xe4, 0x0,

    /* U+00C7 "Ç" */
    0x0, 0x9f, 0x7f, 0xd6, 0x40, 0xc, 0xab, 0xcb,
    0x19, 0x8, 0x1c, 0x63, 0x4a, 0xb0, 0x79, 0x10,
    0xe, 0x30, 0x40, 0xf, 0x38, 0x7, 0xe5, 0x3,
    0x0, 0xf0, 0xb6, 0xb1, 0x9a, 0x70, 0x1, 0x32,
    0xbc, 0xd3, 0xe0, 0x9, 0xe5, 0x7a, 0x88, 0x3,
    0x20, 0x90, 0x7, 0x25, 0x81, 0x0, 0x40,

    /* U+00C8 "È" */
    0x0, 0x85, 0xc4, 0x3, 0xc2, 0x5a, 0x1, 0xf2,
    0xe0, 0x7, 0x67, 0xff, 0x10, 0x0, 0xeb, 0x77,
    0x10, 0x10, 0x29, 0x16, 0x0, 0x39, 0x0, 0x7d,
    0xa5, 0xff, 0x68, 0x4, 0x6f, 0xbb, 0x60, 0x4,
    0xb8, 0x45, 0x8, 0x0, 0x44, 0xe4, 0x58, 0x0,
    0xa1, 0x9b, 0xb7, 0x80, 0x0,

    /* U+00C9 "É" */
    0x0, 0xf3, 0x98, 0x7, 0xe, 0x9, 0x80, 0x70,
    0xe3, 0x0, 0x6c, 0xff, 0xe2, 0x0, 0x1d, 0x6e,
    0xe2, 0x2, 0x5, 0x22, 0xc0, 0x7, 0x20, 0xf,
    0xb4, 0xbf, 0xed, 0x0, 0x8d, 0xf7, 0x6c, 0x0,
    0x97, 0x8, 0xa1, 0x0, 0x8, 0x9c, 0x8b, 0x0,
    0x14, 0x33, 0x76, 0xf0, 0x0,

    /* U+00CA "Ê" */
    0x0, 0xc2, 0xe6, 0x1, 0xc5, 0x49, 0x6, 0x1,
    0x8a, 0xce, 0xcc, 0x2, 0xcf, 0xfe, 0x20, 0x1,
    0xd6, 0xee, 0x20, 0x20, 0x52, 0x2c, 0x0, 0x72,
    0x0, 0xfb, 0x4b, 0xfe, 0xd0, 0x8, 0xdf, 0x76,
    0xc0, 0x9, 0x70, 0x8a, 0x10, 0x0, 0x89, 0xc8,
    0xb0, 0x1, 0x43, 0x37, 0x6f, 0x0, 0x0,

    /* U+00CB "Ë" */
    0x0, 0xff, 0xe0, 0xf8, 0xe2, 0x0, 0x76, 0x8f,
    0x20, 0x5, 0x9f, 0xbf, 0xbe, 0x40, 0x3, 0xad,
    0xdc, 0x40, 0x40, 0xa4, 0x58, 0x0, 0xe4, 0x1,
    0xf6, 0x97, 0xfd, 0xa0, 0x11, 0xbe, 0xed, 0x80,
    0x12, 0xe1, 0x14, 0x20, 0x1, 0x13, 0x91, 0x60,
    0x2, 0x86, 0x6e, 0xde, 0x0,

    /* U+00CC "Ì" */
    0x5, 0x80, 0x2, 0xa3, 0x0, 0x31, 0x0, 0x18,
    0x80, 0x3, 0x50, 0x20, 0x30, 0x72, 0x0, 0x6b,
    0x80, 0xf, 0x40, 0xa, 0x60, 0x22, 0x50, 0x51,
    0x10, 0x0,

    /* U+00CD "Í" */
    0x0, 0x8d, 0xc0, 0x25, 0xf5, 0x0, 0x97, 0x8,
    0x2, 0xc6, 0x0, 0xc6, 0xa0, 0x11, 0x1, 0x80,
    0x4e, 0x40, 0x1b, 0x5c, 0x3, 0x1e, 0x80, 0x65,
    0x30, 0x8, 0x44, 0xa0, 0x12, 0x88, 0x80, 0x20,

    /* U+00CE "Î" */
    0x0, 0x23, 0x88, 0x1, 0xb4, 0xe8, 0x0, 0xd2,
    0x96, 0x1, 0x63, 0x0, 0x63, 0x50, 0x8, 0x80,
    0xc0, 0x27, 0x20, 0xd, 0xae, 0x1, 0x8f, 0x40,
    0x32, 0x98, 0x4, 0x22, 0x50, 0x9, 0x44, 0x40,
    0x10,

    /* U+00CF "Ï" */
    0x0, 0xf3, 0x59, 0x70, 0x35, 0x16, 0x0, 0x35,
    0x88, 0x0, 0x6a, 0x0, 0x20, 0x30, 0x3, 0x90,
    0x5, 0xae, 0x1, 0x1e, 0x80, 0x4a, 0x60, 0x1,
    0x12, 0x80, 0x14, 0x44, 0x0,

    /* U+00D0 "Ð" */
    0x0, 0x5f, 0xfd, 0xd4, 0x40, 0x12, 0xce, 0xec,
    0x1a, 0x20, 0x22, 0x42, 0x21, 0xd1, 0xc8, 0x28,
    0x10, 0x6, 0x43, 0x9b, 0xe, 0xe1, 0x0, 0x4,
    0x50, 0x8b, 0xfe, 0x20, 0x2, 0x68, 0xb6, 0x8,
    0x80, 0xc, 0x4c, 0x4, 0x64, 0x43, 0x99, 0x58,
    0x98, 0x56, 0xec, 0x7a, 0x80,

    /* U+00D1 "Ñ" */
    0x0, 0xcb, 0x86, 0xc6, 0x1, 0xd9, 0x89, 0xc3,
    0x0, 0xe9, 0xa, 0xa0, 0x6, 0xc8, 0x0, 0xd8,
    0xc0, 0x3, 0x71, 0x0, 0x8d, 0x40, 0x81, 0x2c,
    0x0, 0x40, 0x60, 0xe5, 0x2a, 0x40, 0xe4, 0x0,
    0xd7, 0x26, 0x90, 0xd7, 0x0, 0x1e, 0x84, 0x22,
    0xf, 0x40, 0xa, 0x60, 0x31, 0x5, 0x30, 0x11,
    0x28, 0x1, 0xc8, 0x54, 0x14, 0x44, 0x1, 0x40,
    0x88, 0x0,

    /* U+00D2 "Ò" */
    0x0, 0xc6, 0xe0, 0x1f, 0x8f, 0xe8, 0x3, 0xf4,
    0x50, 0x7, 0x9f, 0x7f, 0xd6, 0x60, 0x16, 0x55,
    0xe5, 0x8e, 0x10, 0x48, 0xeb, 0x1a, 0x51, 0xd8,
    0x34, 0x80, 0x75, 0xa9, 0x82, 0x0, 0x77, 0xbb,
    0x80, 0x3e, 0x43, 0x50, 0x30, 0xc, 0xc7, 0x22,
    0xba, 0xc6, 0x93, 0x2a, 0x10, 0xa9, 0xbc, 0xa3,
    0xc5, 0x0,

    /* U+00D3 "Ó" */
    0x0, 0xf0, 0xb9, 0x0, 0x78, 0xf4, 0xc8, 0x3,
    0xc7, 0x88, 0x1, 0xcf, 0xbf, 0xeb, 0x30, 0xb,
    0x2a, 0xf2, 0xc7, 0x8, 0x24, 0x75, 0x8d, 0x28,
    0xec, 0x1a, 0x40, 0x3a, 0xd4, 0xc1, 0x0, 0x3b,
    0xdd, 0xc0, 0x1f, 0x21, 0xa8, 0x18, 0x6, 0x63,
    0x91, 0x5d, 0x63, 0x49, 0x95, 0x8, 0x54, 0xde,
    0x51, 0xe2, 0x80,

    /* U+00D4 "Ô" */
    0x0, 0xe2, 0x82, 0x0, 0xf2, 0x4d, 0xf0, 0x80,
    0x72, 0x59, 0xe0, 0x80, 0x67, 0xdf, 0xf5, 0x98,
    0x5, 0x95, 0x79, 0x63, 0x84, 0x12, 0x3a, 0xc6,
    0x94, 0x76, 0xd, 0x20, 0x1d, 0x6a, 0x60, 0x80,
    0x1d, 0xee, 0xe0, 0xf, 0x90, 0xd4, 0xc, 0x3,
    0x31, 0xc8, 0xae, 0xb1, 0xa4, 0xca, 0x84, 0x2a,
    0x6f, 0x28, 0xf1, 0x40,

    /* U+00D5 "Õ" */
    0x0, 0xc7, 0x8a, 0x8a, 0x1, 0xd5, 0x9b, 0xea,
    0x1, 0xd2, 0x11, 0x60, 0x1c, 0xfb, 0xfe, 0xb3,
    0x0, 0xb2, 0xaf, 0x2c, 0x70, 0x82, 0x47, 0x58,
    0xd2, 0x8e, 0xc1, 0xa4, 0x3, 0xad, 0x4c, 0x10,
    0x3, 0xbd, 0xdc, 0x1, 0xf2, 0x1a, 0x81, 0x80,
    0x66, 0x39, 0x15, 0xd6, 0x34, 0x99, 0x50, 0x85,
    0x4d, 0xe5, 0x1e, 0x28, 0x0,

    /* U+00D6 "Ö" */
    0x0, 0xff, 0xe1, 0x1e, 0x87, 0x88, 0x7, 0x1f,
    0x86, 0x88, 0x7, 0x88, 0x8, 0x3, 0x9f, 0x7f,
    0xd6, 0x60, 0x16, 0x55, 0xe5, 0x8e, 0x10, 0x48,
    0xeb, 0x1a, 0x51, 0xd8, 0x34, 0x80, 0x75, 0xa9,
    0x82, 0x0, 0x77, 0xbb, 0x80, 0x3e, 0x43, 0x50,
    0x30, 0xc, 0xc7, 0x22, 0xba, 0xc6, 0x93, 0x2a,
    0x10, 0xa9, 0xbc, 0xa3, 0xc5, 0x0,

    /* U+00D7 "×" */
    0x0, 0xf0, 0xd8, 0x15, 0x80, 0x8a, 0xb3, 0x80,
    0x12, 0xae, 0xa0, 0x5b, 0xe, 0x60, 0xf4, 0xf4,
    0xc0,

    /* U+00D8 "Ø" */
    0x0, 0xfd, 0xa8, 0x1, 0x3e, 0xff, 0xb5, 0xd0,
    0x1, 0x95, 0x78, 0xe4, 0xa4, 0x12, 0x3a, 0xc6,
    0xb8, 0x76, 0xd, 0x20, 0xa, 0xa1, 0xda, 0x98,
    0x20, 0x2b, 0x38, 0x7b, 0xb8, 0x0, 0x37, 0xc0,
    0x4, 0x35, 0x3, 0xb8, 0x20, 0x63, 0x91, 0x5c,
    0x45, 0x49, 0x95, 0x8, 0x40, 0x1e, 0x51, 0xe2,
    0x80, 0x26, 0xb7, 0xfa, 0x8c, 0x0,

    /* U+00D9 "Ù" */
    0x0, 0xcc, 0x80, 0x1f, 0x92, 0x50, 0x3, 0xe2,
    0xd4, 0x0, 0xef, 0x30, 0x8, 0x7c, 0x40, 0x80,
    0xc0, 0x25, 0x11, 0x3, 0x90, 0x6, 0x35, 0x0,
    0x6b, 0x80, 0x6d, 0x30, 0x1, 0xe8, 0x6, 0x7d,
    0x0, 0x29, 0x80, 0x42, 0x4e, 0x1, 0x8, 0x4,
    0xc4, 0x40, 0x3, 0xc2, 0x1b, 0xc4, 0x80, 0x52,
    0x97, 0x97, 0x64, 0x0, 0x0,

    /* U+00DA "Ú" */
    0x0, 0xf2, 0xb0, 0x7, 0xd1, 0xee, 0x1, 0xf4,
    0x50, 0x80, 0x6f, 0x30, 0x8, 0x7c, 0x40, 0x80,
    0xc0, 0x25, 0x11, 0x3, 0x90, 0x6, 0x35, 0x0,
    0x6b, 0x80, 0x6d, 0x30, 0x1, 0xe8, 0x6, 0x7d,
    0x0, 0x29, 0x80, 0x42, 0x4e, 0x1, 0x8, 0x4,
    0xc4, 0x40, 0x3, 0xc2, 0x1b, 0xc4, 0x80, 0x52,
    0x97, 0x97, 0x64, 0x0, 0x0,

    /* U+00DB "Û" */
    0x0, 0xe6, 0x60, 0x7, 0xd2, 0x3, 0x20, 0x1e,
    0x96, 0x79, 0x0, 0xde, 0x60, 0x10, 0xf8, 0x81,
    0x1, 0x80, 0x4a, 0x22, 0x7, 0x20, 0xc, 0x6a,
    0x0, 0xd7, 0x0, 0xda, 0x60, 0x3, 0xd0, 0xc,
    0xfa, 0x0, 0x53, 0x0, 0x84, 0x9c, 0x2, 0x10,
    0x9, 0x88, 0x80, 0x7, 0x84, 0x37, 0x89, 0x0,
    0xa5, 0x2f, 0x2e, 0xc8, 0x0,

    /* U+00DC "Ü" */
    0x0, 0xff, 0xe1, 0x53, 0xb5, 0x0, 0x7a, 0xdd,
    0xd6, 0x1, 0xe1, 0x1, 0x10, 0x6, 0xf3, 0x0,
    0x87, 0xc4, 0x8, 0xc, 0x2, 0x51, 0x10, 0x39,
    0x0, 0x63, 0x50, 0x6, 0xb8, 0x6, 0xd3, 0x0,
    0x1e, 0x80, 0x67, 0xd0, 0x2, 0x98, 0x4, 0x24,
    0xe0, 0x10, 0x80, 0x4c, 0x44, 0x0, 0x3c, 0x21,
    0xbc, 0x48, 0x5, 0x29, 0x79, 0x76, 0x40, 0x0,

    /* U+00DD "Ý" */
    0x0, 0xc2, 0xe2, 0x1, 0x8f, 0x4c, 0x40, 0x31,
    0xe2, 0x0, 0x2a, 0x0, 0x35, 0x4f, 0x30, 0x4,
    0xcf, 0x28, 0x8, 0x7, 0x1e, 0x0, 0x6e, 0xe,
    0x82, 0x0, 0x52, 0xdb, 0xb0, 0x4, 0x46, 0xd4,
    0x1, 0xea, 0x0, 0xf1, 0x98, 0x3, 0x88, 0x14,
    0x3, 0x0,

    /* U+00DE "Þ" */
    0x0, 0x63, 0x0, 0x7c, 0x73, 0xfe, 0xc4, 0x0,
    0x10, 0x66, 0xe2, 0x58, 0x83, 0x91, 0x91, 0xc0,
    0xa8, 0x6b, 0x80, 0x61, 0x70, 0x3d, 0x0, 0x15,
    0x19, 0x81, 0x63, 0xfd, 0xa3, 0xa0, 0x22, 0xcd,
    0xd7, 0xd8, 0x82, 0x89, 0x91, 0x0, 0x30,

    /* U+00DF "ß" */
    0x0, 0xa7, 0xbe, 0x80, 0x2a, 0x2c, 0xd7, 0x70,
    0x12, 0xd1, 0x11, 0x3c, 0x10, 0xc4, 0x11, 0xe8,
    0x3d, 0x43, 0x6d, 0x48, 0xb, 0xc3, 0xe9, 0x10,
    0xa, 0xa0, 0x25, 0x43, 0x11, 0x18, 0x4, 0xc4,
    0xa2, 0x6, 0x50, 0x6a, 0x6a, 0x3b, 0xa3, 0xc0,

    /* U+00E0 "à" */
    0x0, 0xa6, 0xc0, 0x3d, 0x20, 0xc0, 0x1e, 0xb6,
    0x0, 0xd3, 0xfe, 0xa8, 0xa0, 0xc2, 0xcd, 0x7,
    0xd4, 0x2b, 0x32, 0xb0, 0x3c, 0x40, 0x8, 0x41,
    0x40, 0x40, 0x25, 0x11, 0x5a, 0x28, 0xad, 0xa8,
    0x1c, 0xdf, 0x4a, 0x98, 0x0,

    /* U+00E1 "á" */
    0x0, 0xeb, 0xa0, 0xe, 0x93, 0xa0, 0xe, 0x98,
    0x0, 0xd3, 0xfe, 0xa8, 0xa0, 0xc2, 0xcd, 0x7,
    0xd4, 0x2b, 0x32, 0xb0, 0x3c, 0x40, 0x8, 0x41,
    0x40, 0x40, 0x25, 0x11, 0x5a, 0x28, 0xad, 0xa8,
    0x1c, 0xdf, 0x4a, 0x98, 0x0,

    /* U+00E2 "â" */
    0x0, 0x87, 0x74, 0x1, 0xd4, 0xc3, 0x0, 0x1a,
    0x6f, 0x2c, 0x2, 0x9d, 0xfa, 0xba, 0xc, 0x2c,
    0xd0, 0x7d, 0x42, 0xb3, 0x2b, 0x3, 0xc4, 0x0,
    0x84, 0x14, 0x4, 0x2, 0x51, 0x15, 0xa2, 0x8a,
    0xda, 0x81, 0xcd, 0xf4, 0xa9, 0x80,

    /* U+00E3 "ã" */
    0x0, 0xa7, 0x6, 0x80, 0x30, 0xed, 0x68, 0x6,
    0x81, 0xb7, 0x0, 0xa7, 0xfd, 0x51, 0x41, 0x85,
    0x9a, 0xf, 0xa8, 0x56, 0x65, 0x60, 0x78, 0x80,
    0x10, 0x82, 0x80, 0x80, 0x4a, 0x22, 0xb4, 0x51,
    0x5b, 0x50, 0x39, 0xbe, 0x95, 0x30,

    /* U+00E4 "ä" */
    0x0, 0xa5, 0x99, 0x40, 0x1a, 0xdd, 0xd0, 0x1,
    0x88, 0x44, 0x40, 0x14, 0xff, 0xaa, 0x28, 0x30,
    0xb3, 0x41, 0xf5, 0xa, 0xcc, 0xac, 0xf, 0x10,
    0x2, 0x10, 0x50, 0x10, 0x9, 0x44, 0x56, 0x8a,
    0x2b, 0x6a, 0x7, 0x37, 0xd2, 0xa6, 0x0,

    /* U+00E5 "å" */
    0x0, 0xd1, 0x22, 0x1, 0x8f, 0x69, 0x0, 0x31,
    0xed, 0xa8, 0x7, 0x44, 0x0, 0x34, 0xff, 0xaa,
    0x28, 0x30, 0xb3, 0x41, 0xf5, 0xa, 0xcc, 0xac,
    0xf, 0x10, 0x2, 0x10, 0x50, 0x10, 0x9, 0x44,
    0x56, 0x8a, 0x2b, 0x6a, 0x7, 0x37, 0xd2, 0xa6,
    0x0,

    /* U+00E6 "æ" */
    0x5, 0xcf, 0xe7, 0x4c, 0xfd, 0x40, 0x1, 0xcf,
    0x54, 0x54, 0xf5, 0xd8, 0x41, 0x94, 0x50, 0x61,
    0x45, 0x91, 0xc2, 0xb7, 0xb8, 0x31, 0xdd, 0x29,
    0xc0, 0x6f, 0x50, 0x67, 0x76, 0x51, 0x0, 0xc,
    0xd, 0x80, 0x19, 0x2, 0xdb, 0xfc, 0x9e, 0x7f,
    0xec, 0x60,

    /* U+00E7 "ç" */
    0x0, 0x4f, 0x7d, 0x90, 0x59, 0x6e, 0x86, 0x91,
    0x6c, 0xca, 0xa3, 0x10, 0x3, 0xc2, 0x1, 0xd6,
    0x8a, 0x2b, 0xa2, 0x75, 0x1d, 0x10, 0x10, 0x59,
    0x5d, 0x50, 0x9, 0x4, 0xc0, 0x24, 0xb0, 0x30,
    0x0,

    /* U+00E8 "è" */
    0x0, 0xf, 0x28, 0x6, 0x1d, 0x81, 0x0, 0xc7,
    0xa2, 0x0, 0x19, 0xff, 0x50, 0x3, 0x4f, 0xb8,
    0x32, 0x83, 0x42, 0x28, 0x4c, 0x2e, 0xeb, 0x40,
    0xb, 0xdd, 0xb6, 0xd5, 0x42, 0x92, 0x7, 0x51,
    0xd3, 0xe0,

    /* U+00E9 "é" */
    0x0, 0xc7, 0xc8, 0x1, 0x17, 0x6a, 0x0, 0x45,
    0xa6, 0x0, 0x19, 0xff, 0x50, 0x3, 0x4f, 0xb8,
    0x32, 0x83, 0x42, 0x28, 0x4c, 0x2e, 0xeb, 0x40,
    0xb, 0xdd, 0xb6, 0xd5, 0x42, 0x92, 0x7, 0x51,
    0xd3, 0xe0,

    /* U+00EA "ê" */
    0x0, 0x97, 0xdc, 0x2, 0x2b, 0x69, 0x20, 0xb,
    0xe7, 0xc, 0x6, 0xfb, 0xe0, 0x43, 0x4f, 0xb8,
    0x32, 0x83, 0x42, 0x28, 0x4c, 0x2e, 0xeb, 0x40,
    0xb, 0xdd, 0xb6, 0xd5, 0x42, 0x92, 0x7, 0x51,
    0xd3, 0xe0,

    /* U+00EB "ë" */
    0x0, 0xf, 0x6, 0x18, 0x0, 0x68, 0x3c, 0xc0,
    0x24, 0x3, 0x0, 0xc, 0xff, 0xa8, 0x1, 0xa7,
    0xdc, 0x19, 0x41, 0xa1, 0x14, 0x26, 0x17, 0x75,
    0xa0, 0x5, 0xee, 0xdb, 0x6a, 0xa1, 0x49, 0x3,
    0xa8, 0xe9, 0xf0,

    /* U+00EC "ì" */
    0x1d, 0x60, 0x1f, 0xa1, 0x2, 0xc1, 0x5, 0xc0,
    0x6, 0xa8, 0x0, 0xfc, 0x0, 0xa4, 0x2, 0x25,
    0x5, 0x11, 0x1, 0xa8, 0x0,

    /* U+00ED "í" */
    0x0, 0x17, 0x28, 0xf, 0x6a, 0x80, 0xe1, 0x80,
    0x17, 0x0, 0x2d, 0x50, 0x8, 0xfc, 0x2, 0x52,
    0x0, 0x8, 0x94, 0x0, 0xa2, 0x20, 0x1, 0xa8,
    0x4,

    /* U+00EE "î" */
    0x3, 0xf7, 0x0, 0x72, 0xc8, 0x3, 0xeb, 0xc0,
    0xf, 0x82, 0x0, 0xd5, 0x0, 0x8f, 0xc0, 0x25,
    0x20, 0x0, 0x89, 0x40, 0xa, 0x22, 0x0, 0x1a,
    0x80, 0x40,

    /* U+00EF "ï" */
    0xb, 0x5e, 0x0, 0x42, 0xd0, 0x0, 0xc1, 0x0,
    0xb, 0x80, 0x16, 0xa8, 0x4, 0x7e, 0x1, 0x29,
    0x0, 0x4, 0x4a, 0x0, 0x51, 0x10, 0x0, 0xd4,
    0x2,

    /* U+00F0 "ð" */
    0x0, 0x35, 0x0, 0xa0, 0x1, 0x83, 0xa9, 0xc0,
    0x68, 0xd4, 0x8c, 0x6, 0xe6, 0x98, 0x41, 0x73,
    0xe9, 0x18, 0xea, 0x3f, 0xc9, 0xd6, 0xaa, 0x4,
    0x30, 0x12, 0x0, 0x8b, 0xf1, 0x8c, 0x60, 0x19,
    0x5b, 0x78, 0xf0, 0x0,

    /* U+00F1 "ñ" */
    0x0, 0xa3, 0xa, 0x44, 0x2, 0x1c, 0x81, 0x10,
    0x5, 0x21, 0x50, 0x0, 0x5d, 0xaf, 0xf3, 0x80,
    0x34, 0xb3, 0x6a, 0x8, 0xd, 0x98, 0x4a, 0x2c,
    0xb, 0xa0, 0x10, 0xb0, 0x89, 0x40, 0x6, 0x4,
    0xa2, 0x20, 0x3, 0x18, 0x1a, 0x80, 0x5a, 0xa0,

    /* U+00F2 "ò" */
    0x0, 0xb2, 0x0, 0x3d, 0xaa, 0x60, 0x1c, 0x3a,
    0x60, 0x1a, 0x7b, 0xec, 0x80, 0x16, 0x5b, 0xa1,
    0xf0, 0x45, 0xb3, 0x2b, 0x21, 0xc4, 0x0, 0x84,
    0x2, 0x10, 0x9, 0x44, 0x56, 0x8a, 0x2b, 0x76,
    0x3, 0xa8, 0xe8, 0xb5, 0x0,

    /* U+00F3 "ó" */
    0x0, 0xc3, 0xac, 0x1, 0xdb, 0xc, 0x1, 0xd8,
    0xa0, 0x1a, 0x7b, 0xec, 0x80, 0x16, 0x5b, 0xa1,
    0xf0, 0x45, 0xb3, 0x2b, 0x21, 0xc4, 0x0, 0x84,
    0x2, 0x10, 0x9, 0x44, 0x56, 0x8a, 0x2b, 0x76,
    0x3, 0xa8, 0xe8, 0xb5, 0x0,

    /* U+00F4 "ô" */
    0x0, 0x8f, 0xe8, 0x3, 0xe, 0xb2, 0x20, 0x3,
    0x64, 0xfb, 0x0, 0x51, 0x9f, 0x40, 0x15, 0x96,
    0xe8, 0x7c, 0x11, 0x6c, 0xca, 0xc8, 0x71, 0x0,
    0x21, 0x0, 0x84, 0x2, 0x51, 0x15, 0xa2, 0x8a,
    0xdd, 0x80, 0xea, 0x3a, 0x2d, 0x40,

    /* U+00F5 "õ" */
    0x0, 0xae, 0x82, 0x80, 0x23, 0xe9, 0xce, 0x0,
    0x8d, 0x4f, 0x10, 0x2, 0x9e, 0xfb, 0x20, 0x5,
    0x96, 0xe8, 0x7c, 0x11, 0x6c, 0xca, 0xc8, 0x71,
    0x0, 0x21, 0x0, 0x84, 0x2, 0x51, 0x15, 0xa2,
    0x8a, 0xdd, 0x80, 0xea, 0x3a, 0x2d, 0x40,

    /* U+00F6 "ö" */
    0x0, 0xb4, 0xa9, 0x80, 0x34, 0x94, 0xb8, 0x6,
    0x40, 0x31, 0x0, 0xa7, 0xbe, 0xc8, 0x1, 0x65,
    0xba, 0x1f, 0x4, 0x5b, 0x32, 0xb2, 0x1c, 0x40,
    0x8, 0x40, 0x21, 0x0, 0x94, 0x45, 0x68, 0xa2,
    0xb7, 0x60, 0x3a, 0x8e, 0x8b, 0x50,

    /* U+00F7 "÷" */
    0x0, 0x89, 0x80, 0x39, 0x34, 0x3, 0x9a, 0xc0,
    0x2e, 0xee, 0x50, 0xff, 0xe5, 0x1, 0x37, 0x11,
    0x0, 0x4f, 0x40, 0x10,

    /* U+00F8 "ø" */
    0x0, 0xe2, 0xb0, 0xa, 0x7b, 0xf3, 0xc0, 0x16,
    0x5a, 0xe7, 0x20, 0x8b, 0x62, 0x98, 0x43, 0x88,
    0x13, 0xe2, 0x1, 0xb, 0x19, 0x94, 0x45, 0x69,
    0x74, 0xb7, 0x60, 0x33, 0x6, 0xc5, 0xa8, 0x2a,
    0xb7, 0xf5, 0x40, 0x0,

    /* U+00F9 "ù" */
    0x0, 0xa7, 0x0, 0x3d, 0x2c, 0xc0, 0xf, 0x53,
    0x0, 0x4d, 0x60, 0x14, 0xc8, 0x3c, 0xc0, 0x25,
    0xf0, 0x5d, 0x0, 0x8d, 0x40, 0xdc, 0x0, 0x40,
    0x62, 0x6, 0x0, 0x52, 0x1, 0x9, 0x25, 0x87,
    0x0, 0x53, 0x6f, 0x26, 0x80,

    /* U+00FA "ú" */
    0x0, 0xeb, 0xa0, 0xe, 0x93, 0xa0, 0xe, 0x98,
    0x0, 0x9a, 0xc0, 0x29, 0x90, 0x79, 0x80, 0x4b,
    0xe0, 0xba, 0x1, 0x1a, 0x81, 0xb8, 0x0, 0x80,
    0xc4, 0xc, 0x0, 0xa4, 0x2, 0x12, 0x4b, 0xe,
    0x0, 0xa6, 0xde, 0x4d, 0x0,

    /* U+00FB "û" */
    0x0, 0x87, 0x78, 0x3, 0xa9, 0x8a, 0x40, 0x34,
    0xde, 0x58, 0x1, 0xac, 0x80, 0x17, 0x21, 0xe6,
    0x1, 0x2f, 0x82, 0xe8, 0x4, 0x6a, 0x6, 0xe0,
    0x2, 0x3, 0x10, 0x30, 0x2, 0x90, 0x8, 0x49,
    0x2c, 0x38, 0x2, 0x9b, 0x79, 0x34, 0x0,

    /* U+00FC "ü" */
    0x0, 0xa5, 0x99, 0x40, 0x1a, 0xdd, 0xd0, 0x1,
    0x88, 0x44, 0x40, 0x6, 0xb0, 0xa, 0x64, 0x1e,
    0x60, 0x12, 0xf8, 0x2e, 0x80, 0x46, 0xa0, 0x6e,
    0x0, 0x20, 0x31, 0x3, 0x0, 0x29, 0x0, 0x84,
    0x92, 0xc3, 0x80, 0x29, 0xb7, 0x93, 0x40,

    /* U+00FD "ý" */
    0x0, 0xf4, 0xe0, 0x80, 0x79, 0xcf, 0x4, 0x3,
    0xcf, 0x40, 0x1c, 0x9a, 0x1, 0xf, 0x8, 0x1,
    0x48, 0x40, 0x16, 0xc2, 0x0, 0x12, 0x50, 0x24,
    0x80, 0xc, 0xe6, 0x13, 0x0, 0x1d, 0xb8, 0x8c,
    0xc0, 0xe, 0x45, 0x99, 0x0, 0x78, 0xc5, 0x90,
    0x3, 0xf4, 0x80, 0x72, 0xd, 0x31, 0x0, 0x61,
    0x9e, 0x9, 0x0, 0xe0,

    /* U+00FE "þ" */
    0x0, 0x6a, 0x0, 0x78, 0x98, 0x3, 0x88, 0x8,
    0x3, 0x9c, 0xab, 0xfa, 0x0, 0x1a, 0x59, 0xd4,
    0xcc, 0x3, 0x76, 0x14, 0x6d, 0x5, 0xc0, 0xb,
    0xc0, 0x2, 0x1, 0xaf, 0xc, 0x20, 0xca, 0x49,
    0xd4, 0xef, 0x74, 0x58, 0x1e, 0xaf, 0xdf, 0x64,
    0x5, 0xe0, 0x1e, 0x55, 0x0, 0x78,

    /* U+00FF "ÿ" */
    0x0, 0xcd, 0x27, 0x80, 0x1e, 0x4b, 0x3f, 0x0,
    0xf1, 0x10, 0xc, 0x3, 0x26, 0x80, 0x43, 0xc2,
    0x0, 0x52, 0x10, 0x5, 0xb0, 0x80, 0x4, 0x94,
    0x9, 0x20, 0x3, 0x39, 0x84, 0xc0, 0x7, 0x6e,
    0x23, 0x30, 0x3, 0x91, 0x66, 0x40, 0x1e, 0x31,
    0x64, 0x0, 0xfd, 0x20, 0x1c, 0x83, 0x4c, 0x40,
    0x18, 0x67, 0x82, 0x40, 0x38,

    /* U+0100 "Ā" */
    0x0, 0xc5, 0x99, 0x40, 0x7, 0x16, 0x65, 0x0,
    0x1e, 0x7f, 0x20, 0xf, 0xc, 0x92, 0x0, 0x7a,
    0xd9, 0x7c, 0x3, 0x91, 0x11, 0x88, 0x1, 0xd3,
    0x60, 0xa4, 0x20, 0x14, 0x32, 0x80, 0x92, 0x0,
    0x9, 0xd3, 0xba, 0x2c, 0x0, 0x4b, 0x77, 0xfd,
    0xa, 0xa, 0xa9, 0x11, 0xca, 0x60,

    /* U+0101 "ā" */
    0x0, 0xb3, 0x30, 0x6, 0xcc, 0xc0, 0x14, 0xff,
    0xaa, 0x28, 0x30, 0xb3, 0x41, 0xf5, 0xa, 0xcc,
    0xac, 0xf, 0x10, 0x2, 0x10, 0x50, 0x10, 0x9,
    0x44, 0x56, 0x8a, 0x2b, 0x6a, 0x7, 0x37, 0xd2,
    0xa6, 0x0,

    /* U+0102 "Ă" */
    0x0, 0xe6, 0x0, 0x30, 0x7, 0x86, 0xec, 0xa0,
    0x1e, 0x7b, 0xb1, 0x80, 0x79, 0xfc, 0x80, 0x3c,
    0x32, 0x48, 0x1, 0xeb, 0x65, 0xf0, 0xe, 0x44,
    0x46, 0x20, 0x7, 0x4d, 0x82, 0x90, 0x80, 0x50,
    0xca, 0x2, 0x48, 0x0, 0x27, 0x4e, 0xe8, 0xb0,
    0x1, 0x2d, 0xdf, 0xf4, 0x28, 0x2a, 0xa4, 0x47,
    0x29, 0x80,

    /* U+0103 "ă" */
    0x0, 0xac, 0x43, 0x0, 0x34, 0x55, 0xf8, 0x6,
    0x3b, 0xb1, 0x80, 0x53, 0xfe, 0xa8, 0xa0, 0xc2,
    0xcd, 0x7, 0xd4, 0x2b, 0x32, 0xb0, 0x3c, 0x40,
    0x8, 0x41, 0x40, 0x40, 0x25, 0x11, 0x5a, 0x28,
    0xad, 0xa8, 0x1c, 0xdf, 0x4a, 0x98, 0x0,

    /* U+0104 "Ą" */
    0x0, 0xe7, 0xf2, 0x0, 0xf0, 0xc9, 0x20, 0x7,
    0xad, 0x97, 0xc0, 0x39, 0x11, 0x18, 0x80, 0x1d,
    0x36, 0xa, 0x42, 0x1, 0x43, 0x28, 0x9, 0x20,
    0x0, 0x9d, 0x3b, 0xa2, 0xc0, 0x4, 0xb7, 0x7f,
    0xd0, 0xa0, 0xaa, 0x91, 0x1c, 0xa6, 0xb, 0xc0,
    0x1d, 0x14, 0x1, 0xf2, 0x92, 0x80, 0x7c, 0xcb,
    0x40,

    /* U+0105 "ą" */
    0x0, 0x4f, 0xfa, 0xa2, 0x83, 0xb, 0x34, 0x1f,
    0x50, 0xac, 0xca, 0xc0, 0xf1, 0x0, 0x21, 0x5,
    0x1, 0x0, 0x94, 0x45, 0x68, 0xa2, 0xb6, 0xa0,
    0x73, 0x7d, 0x24, 0x60, 0x6, 0xef, 0x4b, 0x80,
    0xc, 0x28, 0xe0, 0x1c, 0x21, 0x84, 0x0,

    /* U+0106 "Ć" */
    0x0, 0xf1, 0x38, 0x80, 0x72, 0x72, 0x8, 0x7,
    0x26, 0x18, 0x6, 0x7d, 0xff, 0x59, 0x0, 0x32,
    0xaf, 0x2c, 0x64, 0x20, 0x71, 0x8d, 0x2a, 0xc1,
    0xe4, 0x40, 0x38, 0xc1, 0x0, 0x3c, 0xe0, 0x1f,
    0x94, 0xc, 0x3, 0xc2, 0xda, 0xc6, 0x69, 0xc0,
    0x4, 0xca, 0xf3, 0x4f, 0x80,

    /* U+0107 "ć" */
    0x0, 0xc7, 0xc8, 0x1, 0x17, 0xea, 0x0, 0x45,
    0x86, 0x1, 0x4f, 0x7d, 0x90, 0x59, 0x6e, 0x86,
    0x91, 0x6c, 0xca, 0xa3, 0x10, 0x3, 0xc2, 0x1,
    0xd6, 0x8a, 0x2b, 0xa2, 0x75, 0x1d, 0x10, 0x10,

    /* U+0108 "Ĉ" */
    0x0, 0xe3, 0x81, 0x0, 0xe5, 0x9b, 0xd1, 0x0,
    0xcb, 0x47, 0x82, 0x1, 0x3e, 0xff, 0xac, 0x80,
    0x19, 0x57, 0x96, 0x32, 0x10, 0x38, 0xc6, 0x95,
    0x60, 0xf2, 0x20, 0x1c, 0x60, 0x80, 0x1e, 0x70,
    0xf, 0xca, 0x6, 0x1, 0xe1, 0x6d, 0x63, 0x34,
    0xe0, 0x2, 0x65, 0x79, 0xa7, 0xc0,

    /* U+0109 "ĉ" */
    0x0, 0x97, 0xe0, 0x2, 0x2b, 0x66, 0x10, 0x5,
    0xf3, 0xe6, 0x0, 0xbf, 0xf5, 0x18, 0x59, 0x6e,
    0x86, 0x91, 0x6c, 0xca, 0xa3, 0x10, 0x3, 0xc2,
    0x1, 0xd6, 0x8a, 0x2b, 0xa2, 0x75, 0x1d, 0x10,
    0x10,

    /* U+010A "Ċ" */
    0x0, 0xe4, 0xd0, 0xf, 0x9a, 0xc0, 0x3e, 0x26,
    0x0, 0xe7, 0xdf, 0xf5, 0x90, 0x3, 0x2a, 0xf2,
    0xc6, 0x42, 0x7, 0x18, 0xd2, 0xac, 0x1e, 0x44,
    0x3, 0x8c, 0x10, 0x3, 0xce, 0x1, 0xf9, 0x40,
    0xc0, 0x3c, 0x2d, 0xac, 0x66, 0x9c, 0x0, 0x4c,
    0xaf, 0x34, 0xf8, 0x0,

    /* U+010B "ċ" */
    0x0, 0xdc, 0x60, 0x1d, 0x24, 0x1, 0xce, 0x20,
    0x14, 0xf7, 0xd9, 0x5, 0x96, 0xe8, 0x69, 0x16,
    0xcc, 0xaa, 0x31, 0x0, 0x3c, 0x20, 0x1d, 0x68,
    0xa2, 0xba, 0x27, 0x51, 0xd1, 0x1,

    /* U+010C "Č" */
    0x0, 0xca, 0x62, 0xe0, 0x1c, 0x9d, 0xe8, 0x1,
    0xc3, 0xbc, 0x60, 0x19, 0xf7, 0xfd, 0x64, 0x0,
    0xca, 0xbc, 0xb1, 0x90, 0x81, 0xc6, 0x34, 0xab,
    0x7, 0x91, 0x0, 0xe3, 0x4, 0x0, 0xf3, 0x80,
    0x7e, 0x50, 0x30, 0xf, 0xb, 0x6b, 0x19, 0xa7,
    0x0, 0x13, 0x2b, 0xcd, 0x3e, 0x0,

    /* U+010D "č" */
    0x0, 0x16, 0x95, 0xb0, 0x0, 0xa3, 0x30, 0xc0,
    0x12, 0xf3, 0x80, 0x53, 0xdf, 0x64, 0x16, 0x5b,
    0xa1, 0xa4, 0x5b, 0x32, 0xa8, 0xc4, 0x0, 0xf0,
    0x80, 0x75, 0xa2, 0x8a, 0xe8, 0x9d, 0x47, 0x44,
    0x4,

    /* U+010E "Ď" */
    0x0, 0xcc, 0x6, 0xa0, 0x1f, 0x5c, 0xa8, 0x7,
    0x9a, 0xe8, 0x3, 0xb3, 0xfe, 0xea, 0x10, 0x8,
    0xeb, 0x75, 0x43, 0xe2, 0x4, 0xa, 0x44, 0x4b,
    0x37, 0x7, 0x20, 0xe, 0x4f, 0xd, 0x70, 0xe,
    0x31, 0x3, 0xd0, 0xe, 0x4d, 0x5, 0x30, 0xd,
    0x0, 0xa2, 0x27, 0x22, 0x25, 0x3e, 0x82, 0x86,
    0x6e, 0xa8, 0xf4, 0xc0,

    /* U+010F "ď" */
    0x0, 0xfb, 0xca, 0xcc, 0x3, 0xc6, 0x4, 0xc6,
    0x1, 0xe6, 0x30, 0xb0, 0xa, 0x7f, 0xd5, 0x8a,
    0xc, 0x0, 0xc2, 0xcd, 0x6, 0xf0, 0x9, 0xa,
    0xcc, 0xac, 0x8, 0x2, 0xc4, 0x0, 0x84, 0x14,
    0x3, 0x8, 0x4, 0xa2, 0x20, 0xa, 0xd1, 0x45,
    0x6d, 0x40, 0x31, 0xcd, 0xf7, 0x14, 0xc0, 0x30,

    /* U+0110 "Đ" */
    0x0, 0x5f, 0xfd, 0xd4, 0x40, 0x12, 0xce, 0xec,
    0x1a, 0x20, 0x22, 0x42, 0x21, 0xd1, 0xc8, 0x28,
    0x10, 0x6, 0x43, 0x9b, 0xe, 0xe1, 0x0, 0x4,
    0x50, 0x8b, 0xfe, 0x20, 0x2, 0x68, 0xb6, 0x8,
    0x80, 0xc, 0x4c, 0x4, 0x64, 0x43, 0x99, 0x58,
    0x98, 0x56, 0xec, 0x7a, 0x80,

    /* U+0111 "đ" */
    0x0, 0xfb, 0xc8, 0x3, 0xa7, 0xb8, 0x18, 0x20,
    0x1a, 0x7a, 0xcf, 0x84, 0x1, 0x3f, 0xea, 0xc5,
    0x0, 0xb0, 0xb3, 0x41, 0xbc, 0x0, 0x85, 0x66,
    0x56, 0x4, 0x0, 0xc4, 0x0, 0x84, 0x14, 0x2,
    0x10, 0x9, 0x44, 0x40, 0xb, 0x45, 0x15, 0xb5,
    0x0, 0x8e, 0x6f, 0xb8, 0xa6, 0x1, 0x0,

    /* U+0112 "Ē" */
    0x0, 0x93, 0x32, 0x60, 0xc, 0x99, 0x93, 0x0,
    0x59, 0xff, 0xc4, 0x0, 0x3a, 0xdd, 0xc4, 0x4,
    0xa, 0x45, 0x80, 0xe, 0x40, 0x1f, 0x69, 0x7f,
    0xda, 0x1, 0x1b, 0xee, 0xd8, 0x1, 0x2e, 0x11,
    0x42, 0x0, 0x11, 0x39, 0x16, 0x0, 0x28, 0x66,
    0xed, 0xe0, 0x0,

    /* U+0113 "ē" */
    0x0, 0x26, 0x64, 0xc0, 0x4, 0xcc, 0x98, 0x6,
    0x7f, 0xd4, 0x0, 0xd3, 0xee, 0xc, 0xa0, 0xd0,
    0x8a, 0x13, 0xb, 0xba, 0xd0, 0x2, 0xf7, 0x6d,
    0xb5, 0x50, 0xa4, 0x81, 0xd4, 0x74, 0xf8, 0x0,

    /* U+0114 "Ĕ" */
    0x0, 0x85, 0x40, 0x90, 0x3, 0xe, 0x5c, 0x30,
    0x7, 0x4d, 0xd1, 0x0, 0x59, 0xff, 0xc4, 0x0,
    0x3a, 0xdd, 0xc4, 0x4, 0xa, 0x45, 0x80, 0xe,
    0x40, 0x1f, 0x69, 0x7f, 0xda, 0x1, 0x1b, 0xee,
    0xd8, 0x1, 0x2e, 0x11, 0x42, 0x0, 0x11, 0x39,
    0x16, 0x0, 0x28, 0x66, 0xed, 0xe0, 0x0,

    /* U+0115 "ĕ" */
    0x0, 0x15, 0x2, 0xc0, 0x0, 0xb6, 0xf2, 0x0,
    0x27, 0xb9, 0x0, 0xc, 0xff, 0xa8, 0x1, 0xa7,
    0xdc, 0x19, 0x41, 0xa1, 0x14, 0x26, 0x17, 0x75,
    0xa0, 0x5, 0xee, 0xdb, 0x6a, 0xa1, 0x49, 0x3,
    0xa8, 0xe9, 0xf0,

    /* U+0116 "Ė" */
    0x0, 0xe7, 0x10, 0xf, 0xa4, 0xc0, 0x3e, 0xe2,
    0x0, 0xd9, 0xff, 0xc4, 0x0, 0x3a, 0xdd, 0xc4,
    0x4, 0xa, 0x45, 0x80, 0xe, 0x40, 0x1f, 0x69,
    0x7f, 0xda, 0x1, 0x1b, 0xee, 0xd8, 0x1, 0x2e,
    0x11, 0x42, 0x0, 0x11, 0x39, 0x16, 0x0, 0x28,
    0x66, 0xed, 0xe0, 0x0,

    /* U+0117 "ė" */
    0x0, 0xdc, 0x60, 0x1d, 0x24, 0x1, 0xce, 0x20,
    0x1, 0x9f, 0xf5, 0x0, 0x34, 0xfb, 0x83, 0x28,
    0x34, 0x22, 0x84, 0xc2, 0xee, 0xb4, 0x0, 0xbd,
    0xdb, 0x6d, 0x54, 0x29, 0x20, 0x75, 0x1d, 0x3e,
    0x0,

    /* U+0118 "Ę" */
    0x0, 0x67, 0xff, 0x10, 0x0, 0xeb, 0x77, 0x10,
    0x10, 0x29, 0x16, 0x0, 0x39, 0x0, 0x7d, 0xa5,
    0xff, 0x68, 0x4, 0x6f, 0xbb, 0x60, 0x4, 0xb8,
    0x45, 0x8, 0x0, 0x44, 0xe4, 0x58, 0x0, 0xa1,
    0x9b, 0xb7, 0x80, 0x13, 0xfe, 0xb4, 0xc0, 0xf,
    0x45, 0x88, 0x7, 0x93, 0x14, 0x0,

    /* U+0119 "ę" */
    0x1, 0x9f, 0xf5, 0x0, 0x34, 0xfb, 0x83, 0x28,
    0x34, 0x22, 0x84, 0xc2, 0xee, 0xb4, 0x0, 0xbd,
    0xdb, 0x6d, 0x54, 0x27, 0x20, 0x75, 0x1d, 0x9c,
    0x0, 0x5d, 0x6b, 0x70, 0xc, 0xa8, 0x1, 0xeb,
    0x20,

    /* U+011A "Ě" */
    0x0, 0x8d, 0x1, 0x48, 0x3, 0x1f, 0x59, 0x10,
    0x3, 0xaa, 0xdc, 0x3, 0x67, 0xff, 0x10, 0x0,
    0xeb, 0x77, 0x10, 0x10, 0x29, 0x16, 0x0, 0x39,
    0x0, 0x7d, 0xa5, 0xff, 0x68, 0x4, 0x6f, 0xbb,
    0x60, 0x4, 0xb8, 0x45, 0x8, 0x0, 0x44, 0xe4,
    0x58, 0x0, 0xa1, 0x9b, 0xb7, 0x80, 0x0,

    /* U+011B "ě" */
    0x0, 0x16, 0x95, 0xb0, 0x0, 0xa3, 0x30, 0xc0,
    0x12, 0xf3, 0x80, 0x6, 0x7f, 0xd4, 0x0, 0xd3,
    0xee, 0xc, 0xa0, 0xd0, 0x8a, 0x13, 0xb, 0xba,
    0xd0, 0x2, 0xf7, 0x6d, 0xb5, 0x50, 0xa4, 0x81,
    0xd4, 0x74, 0xf8, 0x0,

    /* U+011C "Ĝ" */
    0x0, 0xe3, 0x81, 0x0, 0xf2, 0xcd, 0xe8, 0x80,
    0x72, 0xd1, 0xe0, 0x80, 0x67, 0xdf, 0xf5, 0x98,
    0x5, 0x93, 0x79, 0x83, 0xe0, 0x4, 0xf, 0xb1,
    0x9a, 0x34, 0x0, 0xf2, 0x20, 0x1e, 0x30, 0x40,
    0xc, 0xc6, 0xe, 0x1, 0xe8, 0x0, 0x28, 0x18,
    0x4, 0x22, 0x30, 0x16, 0xd6, 0x34, 0xb2, 0x0,
    0xa6, 0x57, 0x94, 0x1e, 0x0,

    /* U+011D "ĝ" */
    0x0, 0x87, 0xb4, 0x3, 0xb5, 0x5, 0xc0, 0x37,
    0x56, 0x28, 0x5, 0x39, 0xf4, 0x96, 0x16, 0x59,
    0xc7, 0x26, 0x65, 0xb2, 0x19, 0xe, 0x45, 0x0,
    0xe5, 0x0, 0xe5, 0x3, 0x44, 0x31, 0x2d, 0x90,
    0x1d, 0x46, 0xca, 0x38, 0x1, 0x7b, 0xf1, 0xb0,
    0x25, 0x88, 0x92, 0x4c, 0x19, 0x5b, 0xa2, 0xc0,
    0x0,

    /* U+011E "Ğ" */
    0x0, 0xce, 0xa1, 0x46, 0x1, 0xcd, 0xf7, 0xa6,
    0x1, 0xc3, 0x56, 0xe0, 0x1c, 0xfb, 0xfe, 0xb3,
    0x0, 0xb2, 0x6f, 0x30, 0x7c, 0x0, 0x81, 0xf6,
    0x33, 0x46, 0x80, 0x1e, 0x44, 0x3, 0xc6, 0x8,
    0x1, 0x98, 0xc1, 0xc0, 0x3d, 0x0, 0x5, 0x3,
    0x0, 0x84, 0x46, 0x2, 0xda, 0xc6, 0x96, 0x40,
    0x14, 0xca, 0xf2, 0x83, 0xc0, 0x0,

    /* U+011F "ğ" */
    0x0, 0xb0, 0x1, 0x80, 0x19, 0x88, 0xd8, 0x3,
    0x44, 0xca, 0xc0, 0x29, 0xc4, 0x7, 0xb0, 0xb2,
    0xce, 0x39, 0x33, 0x2d, 0x90, 0xc8, 0x72, 0x28,
    0x7, 0x28, 0x7, 0x28, 0x1a, 0x21, 0x89, 0x6c,
    0x80, 0xea, 0x36, 0x51, 0xc0, 0xb, 0xdf, 0x8d,
    0x81, 0x2c, 0x44, 0x92, 0x60, 0xca, 0xdd, 0x16,
    0x0, 0x0,

    /* U+0120 "Ġ" */
    0x0, 0xe4, 0xd0, 0xf, 0xcd, 0x60, 0x1f, 0x89,
    0x80, 0x3c, 0xfb, 0xfe, 0xb3, 0x0, 0xb2, 0x6f,
    0x30, 0x7c, 0x0, 0x81, 0xf6, 0x33, 0x46, 0x80,
    0x1e, 0x44, 0x3, 0xc6, 0x8, 0x1, 0x98, 0xc1,
    0xc0, 0x3d, 0x0, 0x5, 0x3, 0x0, 0x84, 0x46,
    0x2, 0xda, 0xc6, 0x96, 0x40, 0x14, 0xca, 0xf2,
    0x83, 0xc0, 0x0,

    /* U+0121 "ġ" */
    0x0, 0xd3, 0x0, 0x1e, 0xdb, 0x0, 0xf2, 0x18,
    0x6, 0x9e, 0xfa, 0x6b, 0xb, 0x2c, 0xe3, 0x93,
    0x32, 0xd9, 0xc, 0x87, 0x22, 0x80, 0x72, 0x80,
    0x72, 0x81, 0xa2, 0x18, 0x96, 0xc8, 0xe, 0xa3,
    0x65, 0x1c, 0x0, 0xbd, 0xf8, 0xd8, 0x12, 0xc4,
    0x49, 0x26, 0xc, 0xad, 0xd1, 0x60, 0x0,

    /* U+0122 "Ģ" */
    0x0, 0x9f, 0x7f, 0xd6, 0x60, 0x16, 0x4d, 0xe6,
    0xf, 0x80, 0x10, 0x3e, 0xc6, 0x68, 0xd0, 0x3,
    0xc8, 0x80, 0x78, 0xc1, 0x0, 0x33, 0x18, 0x38,
    0x7, 0xa0, 0x0, 0xa0, 0x60, 0x10, 0x88, 0xc0,
    0x5b, 0x58, 0xd2, 0xc8, 0x2, 0x99, 0x5e, 0x50,
    0x78, 0x6, 0x7d, 0xfe, 0xa2, 0x0, 0xe1, 0x0,
    0xfe, 0xb6, 0x0, 0xfc, 0x6e, 0x1, 0xfa, 0x44,
    0x3, 0x80,

    /* U+0123 "ģ" */
    0x0, 0xc5, 0x0, 0x1e, 0x9f, 0x0, 0xf5, 0x38,
    0x6, 0x9e, 0xe5, 0x35, 0x85, 0x96, 0x71, 0xc9,
    0x99, 0x6c, 0x86, 0x43, 0x91, 0x40, 0x39, 0x40,
    0x39, 0x40, 0xd1, 0xc, 0x4b, 0x64, 0x7, 0x51,
    0xb2, 0x8e, 0x0, 0x5e, 0xfc, 0x6c, 0x9, 0x62,
    0x24, 0x93, 0x6, 0x56, 0xe8, 0xb0, 0x0,

    /* U+0124 "Ĥ" */
    0x0, 0xe3, 0x71, 0x0, 0xf3, 0x51, 0xd0, 0x7,
    0x9a, 0x52, 0xc0, 0x36, 0x30, 0x6, 0xc6, 0x0,
    0x1a, 0x80, 0x63, 0x50, 0x20, 0x30, 0x8, 0x80,
    0xc1, 0xc8, 0x3, 0x39, 0x0, 0x34, 0xbf, 0xf5,
    0x38, 0x0, 0xdf, 0x77, 0x1e, 0x80, 0x17, 0x8,
    0xb8, 0xc0, 0x44, 0xa0, 0x10, 0x89, 0x41, 0x44,
    0x40, 0x12, 0x88, 0x80,

    /* U+0125 "ĥ" */
    0x0, 0x67, 0x90, 0x6, 0xa4, 0xae, 0x0, 0xd4,
    0xa3, 0x80, 0x1c, 0x4c, 0x1, 0xc6, 0x4, 0x1,
    0xca, 0x55, 0xfe, 0x70, 0x7, 0x16, 0x6d, 0x41,
    0x1, 0xb3, 0x9, 0x45, 0x81, 0x74, 0x2, 0x16,
    0x11, 0x28, 0x0, 0xc0, 0x94, 0x44, 0x0, 0x63,
    0x3, 0x50, 0xb, 0x54, 0x0,

    /* U+0126 "Ħ" */
    0x0, 0x5b, 0x80, 0x6a, 0x80, 0x3e, 0x48, 0xee,
    0xca, 0xee, 0x3c, 0xc, 0xff, 0xb0, 0x31, 0xc1,
    0x84, 0xc4, 0x70, 0x18, 0x0, 0xc7, 0xff, 0x61,
    0x80, 0x5a, 0xdb, 0xb9, 0x54, 0x1, 0x3e, 0x11,
    0x66, 0xf0, 0x8, 0x9c, 0x3, 0x1a, 0x80, 0xc,
    0x8, 0x2, 0x20, 0x30, 0x0,

    /* U+0127 "ħ" */
    0x0, 0x6a, 0x80, 0x62, 0xe2, 0xbe, 0x30, 0x1,
    0x68, 0x77, 0xc, 0x2, 0x62, 0xaf, 0xf4, 0x0,
    0x34, 0xb7, 0x54, 0xe6, 0x6, 0xce, 0x4a, 0x2e,
    0xb, 0xa0, 0x10, 0xb0, 0x89, 0x40, 0x4, 0x4,
    0xa2, 0x20, 0x3, 0x98, 0x12, 0x80, 0x5a, 0xa0,

    /* U+0128 "Ĩ" */
    0x1, 0xc5, 0x80, 0x3, 0xff, 0x84, 0x0, 0xc7,
    0x52, 0x1, 0x63, 0x0, 0x63, 0x50, 0x8, 0x80,
    0xc0, 0x27, 0x20, 0xd, 0xae, 0x1, 0x8f, 0x40,
    0x32, 0x98, 0x4, 0x22, 0x50, 0x9, 0x44, 0x40,
    0x10,

    /* U+0129 "ĩ" */
    0xa, 0xa2, 0x30, 0xef, 0xc3, 0x8b, 0xae, 0x8,
    0x2e, 0x0, 0x5a, 0xa0, 0x11, 0xf8, 0x4, 0xa4,
    0x0, 0x11, 0x28, 0x1, 0x44, 0x40, 0x3, 0x50,
    0x8,

    /* U+012A "Ī" */
    0x4, 0xcc, 0x48, 0x26, 0x62, 0x40, 0x18, 0xc0,
    0x11, 0xa8, 0x0, 0x80, 0xc0, 0xe, 0x40, 0x16,
    0xb8, 0x4, 0x7a, 0x1, 0x29, 0x80, 0x4, 0x4a,
    0x0, 0x51, 0x10, 0x0,

    /* U+012B "ī" */
    0xb, 0xcc, 0x18, 0x5e, 0x60, 0xc1, 0x70, 0x2,
    0xd5, 0x0, 0x8f, 0xc0, 0x25, 0x20, 0x0, 0x89,
    0x40, 0xa, 0x22, 0x0, 0x1a, 0x80, 0x40,

    /* U+012C "Ĭ" */
    0x4, 0x20, 0x51, 0x6, 0x9b, 0xd1, 0x2, 0xbb,
    0x40, 0x5, 0x8c, 0x1, 0x8d, 0x40, 0x22, 0x3,
    0x0, 0x9c, 0x80, 0x36, 0xb8, 0x6, 0x3d, 0x0,
    0xca, 0x60, 0x10, 0x89, 0x40, 0x25, 0x11, 0x0,
    0x40,

    /* U+012D "ĭ" */
    0xb, 0x7, 0x50, 0xeb, 0xe5, 0x5, 0xb9, 0x0,
    0x2e, 0x0, 0x5a, 0xa0, 0x11, 0xf8, 0x4, 0xa4,
    0x0, 0x11, 0x28, 0x1, 0x44, 0x40, 0x3, 0x50,
    0x8,

    /* U+012E "Į" */
    0x0, 0xb1, 0x80, 0x23, 0x50, 0x1, 0x1, 0x80,
    0x1c, 0x80, 0x2d, 0x70, 0x8, 0xf4, 0x2, 0x53,
    0x0, 0x8, 0x94, 0x0, 0xa2, 0x20, 0x6, 0x58,
    0x4, 0xaa, 0x0, 0x86, 0x0, 0x0,

    /* U+012F "į" */
    0x0, 0xb9, 0x40, 0x26, 0x70, 0xa, 0x8, 0x0,
    0xb8, 0x1, 0x6a, 0x80, 0x47, 0xe0, 0x12, 0x90,
    0x0, 0x44, 0xa0, 0x5, 0x11, 0x0, 0xd, 0x40,
    0x2d, 0x80, 0x1, 0x1, 0x80, 0xd, 0xd4, 0x0,

    /* U+0130 "İ" */
    0x0, 0x13, 0x0, 0x12, 0x80, 0xd, 0x80, 0xc,
    0x60, 0x1, 0xa8, 0x10, 0x18, 0x39, 0x0, 0x35,
    0xc0, 0x7, 0xa0, 0x5, 0x30, 0x11, 0x28, 0x28,
    0x88, 0x0,

    /* U+0131 "ı" */
    0x5, 0xc0, 0xd5, 0x3, 0xf0, 0x52, 0x11, 0x2a,
    0x84, 0x46, 0xa0,

    /* U+0132 "Ĳ" */
    0x0, 0x6a, 0x80, 0x58, 0xc0, 0x2, 0x70, 0x8,
    0xd4, 0xc, 0x8, 0x0, 0x40, 0x60, 0xa6, 0x1,
    0x39, 0x0, 0x3d, 0x40, 0x2d, 0x70, 0x4, 0x48,
    0x4, 0x9a, 0x0, 0x10, 0x8, 0x8d, 0x40, 0xad,
    0x4d, 0x7d, 0x88, 0xc, 0xaf, 0x2d, 0x64, 0x0,

    /* U+0133 "ĳ" */
    0x0, 0x72, 0x84, 0x58, 0x1, 0x9c, 0x37, 0x40,
    0x8, 0x20, 0x56, 0x5, 0xc0, 0x7, 0x98, 0x6a,
    0x81, 0x1, 0x81, 0xf8, 0x31, 0x0, 0x14, 0x80,
    0xdc, 0x4, 0x4a, 0x1b, 0xa0, 0x51, 0x10, 0x39,
    0x81, 0xa8, 0x0, 0x98, 0x1e, 0xc0, 0x80, 0x80,
    0x4, 0x36, 0xa0, 0x15, 0x72, 0xc0, 0x0,

    /* U+0134 "Ĵ" */
    0x0, 0xc8, 0xe2, 0x1, 0x9b, 0x8e, 0x80, 0x33,
    0x52, 0x58, 0x4, 0x9f, 0xf7, 0x0, 0x49, 0xba,
    0x75, 0x0, 0xc4, 0x51, 0x80, 0x79, 0xf4, 0x3,
    0xc4, 0xe0, 0x1c, 0x60, 0x40, 0x1c, 0xa6, 0x0,
    0x3c, 0x33, 0x45, 0x0, 0xd, 0xb3, 0xe, 0xc0,
    0x0,

    /* U+0135 "ĵ" */
    0x0, 0xc5, 0xf0, 0x1, 0xdc, 0xac, 0x20, 0x1b,
    0xab, 0xc4, 0x3, 0x36, 0x88, 0x7, 0x1b, 0x80,
    0x7b, 0x74, 0x1, 0xe7, 0x30, 0xf, 0x13, 0x0,
    0x71, 0x1, 0x0, 0x73, 0x98, 0x7, 0xb5, 0x40,
    0x31, 0xa, 0xe0, 0x6, 0xfe, 0x45, 0x0, 0x80,

    /* U+0136 "Ķ" */
    0x0, 0x63, 0x0, 0x53, 0xa4, 0x0, 0x35, 0x0,
    0x52, 0x61, 0x1, 0x1, 0x85, 0x36, 0x8, 0x1,
    0xc8, 0x2c, 0x70, 0x40, 0x2d, 0x6c, 0x48, 0x0,
    0xe3, 0x45, 0x6f, 0x0, 0xe5, 0x69, 0x91, 0x30,
    0x4, 0x22, 0x80, 0x5, 0x48, 0x80, 0x14, 0x44,
    0x0, 0x45, 0xb0, 0x2, 0x70, 0x6, 0xaa, 0x0,
    0x70, 0x80, 0x7f, 0x70, 0x80, 0x7e, 0x61, 0x0,
    0xfd, 0x20, 0x1e,

    /* U+0137 "ķ" */
    0x0, 0x6a, 0x0, 0x78, 0x98, 0x3, 0x8c, 0x8,
    0x3, 0x94, 0xc0, 0xd, 0xc8, 0x1c, 0xa1, 0x10,
    0xd4, 0x3, 0xea, 0x5f, 0x30, 0x2, 0xca, 0x8,
    0x80, 0x2, 0x26, 0xf3, 0x40, 0x2, 0x8c, 0xc,
    0x48, 0x0, 0xd4, 0x0, 0xe0, 0xc0, 0xf6, 0x1,
    0x6b, 0x0, 0x42, 0x1, 0xf5, 0x28, 0x7, 0x89,
    0x40, 0x3d, 0x20, 0x1c,

    /* U+0138 "ĸ" */
    0x5, 0xc0, 0x3, 0x72, 0x6, 0xa8, 0x44, 0x35,
    0x0, 0xfa, 0x97, 0xcc, 0x0, 0xb2, 0x82, 0x20,
    0x0, 0x89, 0xbc, 0xd0, 0x0, 0xa3, 0x3, 0x12,
    0x0, 0x35, 0x0, 0x38, 0x30, 0x0,

    /* U+0139 "Ĺ" */
    0x0, 0x8d, 0xc4, 0x2, 0x5f, 0x51, 0x0, 0x97,
    0x8, 0x3, 0x63, 0x0, 0x71, 0xa8, 0x6, 0x20,
    0x30, 0xc, 0xe4, 0x1, 0xda, 0xe0, 0x1c, 0x7a,
    0x1, 0xca, 0x60, 0x18, 0x44, 0xe4, 0x50, 0xa8,
    0x66, 0xec, 0xc0,

    /* U+013A "ĺ" */
    0x0, 0xaa, 0xc0, 0x29, 0xb, 0x0, 0x93, 0x80,
    0x31, 0x30, 0x4, 0x60, 0x40, 0x12, 0x98, 0x6,
    0xe5, 0x0, 0xc7, 0xe0, 0x19, 0x54, 0x1, 0x8,
    0x88, 0x2, 0x51, 0x10, 0x4, 0x6a, 0x1, 0x80,

    /* U+013B "Ļ" */
    0x0, 0x63, 0x0, 0x71, 0xa8, 0x6, 0x20, 0x30,
    0xc, 0xe4, 0x1, 0xda, 0xe0, 0x1c, 0x7a, 0x1,
    0xca, 0x60, 0x18, 0x44, 0xe4, 0x50, 0xa8, 0x66,
    0xec, 0xc9, 0xff, 0xce, 0x1, 0x8, 0x7, 0x1e,
    0x0, 0x7a, 0xc0, 0x38, 0xd8, 0x2,

    /* U+013C "ļ" */
    0x0, 0xb5, 0x0, 0x22, 0x60, 0x1, 0x81, 0x0,
    0x14, 0xc0, 0x2e, 0x50, 0x8, 0xfc, 0x2, 0x55,
    0x0, 0x4, 0x44, 0x0, 0x51, 0x10, 0x0, 0xd4,
    0x2, 0x7b, 0x0, 0x84, 0x3, 0x61, 0x80, 0x4e,
    0x60, 0x15, 0x0, 0x40,

    /* U+013D "Ľ" */
    0x0, 0xf5, 0x98, 0x3, 0x18, 0x0, 0xc6, 0x0,
    0x35, 0x0, 0x58, 0x0, 0x80, 0xc0, 0xc, 0x0,
    0x72, 0x0, 0xf6, 0xb8, 0x7, 0x8f, 0x40, 0x3c,
    0xa6, 0x1, 0xc2, 0x27, 0x22, 0x84, 0x14, 0x33,
    0x76, 0x60,

    /* U+013E "ľ" */
    0x0, 0x6a, 0x42, 0x80, 0x9, 0x8d, 0xc0, 0xc0,
    0xb4, 0x81, 0x4c, 0x18, 0x1, 0xca, 0x1, 0x8f,
    0xc0, 0x32, 0xa8, 0x2, 0x11, 0x10, 0x4, 0xa2,
    0x20, 0x8, 0xd4, 0x3, 0x0,

    /* U+013F "Ŀ" */
    0x0, 0x63, 0x0, 0x71, 0xa8, 0x6, 0x20, 0x30,
    0xc, 0xe4, 0x0, 0xe4, 0xd, 0x70, 0x3, 0x30,
    0xf, 0x40, 0x10, 0x40, 0xa6, 0x1, 0x84, 0x4e,
    0x45, 0xa, 0x86, 0x6e, 0xcc,

    /* U+0140 "ŀ" */
    0x0, 0x6a, 0x0, 0x44, 0xc0, 0x3, 0x2, 0x0,
    0x29, 0x80, 0x5c, 0xa6, 0x60, 0x3f, 0xab, 0x5,
    0x54, 0xc0, 0x88, 0x80, 0xa, 0x22, 0x0, 0x1a,
    0x80, 0x40,

    /* U+0141 "Ł" */
    0x0, 0x5c, 0x0, 0x72, 0xe8, 0x6, 0x11, 0x32,
    0x80, 0x4a, 0x1c, 0x20, 0x17, 0x96, 0x20, 0x2,
    0xd5, 0x4, 0x2, 0xb3, 0xf0, 0xe, 0x23, 0x22,
    0x84, 0xc2, 0xb7, 0x68,

    /* U+0142 "ł" */
    0x0, 0x54, 0x0, 0x4d, 0xa0, 0x11, 0xb8, 0x0,
    0x80, 0x40, 0xe, 0x1c, 0x5, 0x27, 0xa1, 0x5,
    0x60, 0xa, 0x33, 0x0, 0x44, 0xa0, 0x3, 0x11,
    0x0, 0x0,

    /* U+0143 "Ń" */
    0x0, 0xf1, 0xc8, 0x80, 0x78, 0xfa, 0x84, 0x3,
    0xc3, 0x86, 0x1, 0xb2, 0x0, 0x84, 0x31, 0x80,
    0x6, 0xe2, 0x1, 0x1a, 0x81, 0x2, 0x58, 0x0,
    0x80, 0xc1, 0xca, 0x54, 0x81, 0xc8, 0x1, 0xae,
    0x4d, 0x21, 0xae, 0x0, 0x3d, 0x8, 0x44, 0x1e,
    0x80, 0x14, 0xc0, 0x62, 0xa, 0x60, 0x22, 0x50,
    0x3, 0x90, 0xa8, 0x28, 0x88, 0x2, 0x81, 0x10,
    0x0,

    /* U+0144 "ń" */
    0x0, 0xea, 0xb0, 0xe, 0x83, 0xb0, 0xe, 0x89,
    0x0, 0x97, 0x6b, 0xfc, 0xe0, 0xd, 0x2c, 0xda,
    0x82, 0x3, 0x66, 0x12, 0x8b, 0x2, 0xe8, 0x4,
    0x2c, 0x22, 0x50, 0x1, 0x81, 0x28, 0x88, 0x0,
    0xc6, 0x6, 0xa0, 0x16, 0xa8, 0x0,

    /* U+0145 "Ņ" */
    0x0, 0x64, 0x0, 0x6c, 0x60, 0x1, 0xb8, 0x80,
    0x46, 0xa0, 0x40, 0x96, 0x0, 0x20, 0x30, 0x72,
    0x95, 0x20, 0x72, 0x0, 0x6b, 0x93, 0x48, 0x6b,
    0x80, 0xf, 0x42, 0x11, 0x7, 0xa0, 0x5, 0x30,
    0x18, 0x82, 0x98, 0x8, 0x94, 0x0, 0xe4, 0x2a,
    0xa, 0x22, 0x0, 0xa0, 0x44, 0x9, 0xc0, 0x19,
    0xb8, 0x3, 0x84, 0x3, 0xfa, 0xdc, 0x3, 0xf1,
    0xb0, 0x7, 0xe9, 0x10, 0xe,

    /* U+0146 "ņ" */
    0x5, 0xda, 0xff, 0x38, 0x3, 0x4b, 0x36, 0xa0,
    0x80, 0xd9, 0x84, 0xa2, 0xc0, 0xba, 0x1, 0xb,
    0x8, 0x94, 0x0, 0x60, 0x4a, 0x22, 0x0, 0x31,
    0x81, 0xa8, 0x5, 0xaa, 0xf, 0x60, 0x14, 0x48,
    0x6, 0x10, 0xf, 0x35, 0x80, 0x7d, 0x20, 0x1e,
    0x63, 0x0, 0xc0,

    /* U+0147 "Ň" */
    0x0, 0xce, 0x63, 0x0, 0x1e, 0x5e, 0xcc, 0x0,
    0x78, 0xbf, 0xc8, 0x1, 0xb2, 0x0, 0x88, 0x18,
    0xc0, 0x3, 0x71, 0x0, 0x8d, 0x40, 0x81, 0x2c,
    0x0, 0x40, 0x60, 0xe5, 0x2a, 0x40, 0xe4, 0x0,
    0xd7, 0x26, 0x90, 0xd7, 0x0, 0x1e, 0x84, 0x22,
    0xf, 0x40, 0xa, 0x60, 0x31, 0x5, 0x30, 0x11,
    0x28, 0x1, 0xc8, 0x54, 0x14, 0x44, 0x1, 0x40,
    0x88, 0x0,

    /* U+0148 "ň" */
    0x0, 0xa6, 0x13, 0x4, 0x2, 0x94, 0x9d, 0x10,
    0xd, 0x9a, 0x20, 0x5, 0xda, 0xff, 0x38, 0x3,
    0x4b, 0x36, 0xa0, 0x80, 0xd9, 0x84, 0xa2, 0xc0,
    0xba, 0x1, 0xb, 0x8, 0x94, 0x0, 0x60, 0x4a,
    0x22, 0x0, 0x31, 0x81, 0xa8, 0x5, 0xaa, 0x0,

    /* U+0149 "ŉ" */
    0x4e, 0x0, 0xfc, 0x20, 0x1f, 0xb, 0x80, 0x7d,
    0x93, 0x73, 0x9f, 0xa6, 0x12, 0x2a, 0x91, 0xaf,
    0xe0, 0x1, 0x17, 0x21, 0x71, 0x0, 0x14, 0x4c,
    0x0, 0x44, 0x0, 0x1a, 0x80, 0x5e, 0xa0, 0xd,
    0x30, 0x9, 0x7c, 0x0, 0xfa, 0x1, 0x1a, 0x80,

    /* U+014A "Ŋ" */
    0x0, 0x64, 0x0, 0x6c, 0x70, 0x1, 0xb8, 0x80,
    0x46, 0x60, 0x20, 0x4b, 0x0, 0x8, 0x28, 0x39,
    0x4a, 0x90, 0x28, 0x88, 0x35, 0xc9, 0xa4, 0xd,
    0x40, 0x7, 0xa1, 0x8, 0x8d, 0x30, 0x2, 0x98,
    0xc, 0x41, 0xf4, 0x4, 0x4a, 0x0, 0x72, 0x23,
    0x82, 0x88, 0x80, 0x28, 0x2, 0x4, 0xe0, 0xe,
    0x30, 0xe, 0xc4, 0x3b, 0xa0, 0xe, 0x4b, 0xc4,
    0x60, 0x0,

    /* U+014B "ŋ" */
    0x5, 0xda, 0xfe, 0x70, 0x6, 0x96, 0x75, 0xc1,
    0x1, 0xbb, 0xa, 0x8b, 0x2, 0xe0, 0x4, 0x2c,
    0x22, 0x50, 0x1, 0x1, 0x28, 0x88, 0x0, 0xe4,
    0x6, 0xa0, 0x16, 0xb8, 0x3d, 0x80, 0x47, 0xa0,
    0x18, 0xc9, 0x10, 0x1, 0xe, 0xea, 0xc, 0x0,

    /* U+014C "Ō" */
    0x0, 0xcf, 0x99, 0x20, 0x7, 0x3e, 0x64, 0x80,
    0x19, 0xf7, 0xfd, 0x66, 0x1, 0x65, 0x5e, 0x58,
    0xe1, 0x4, 0x8e, 0xb1, 0xa5, 0x1d, 0x83, 0x48,
    0x7, 0x5a, 0x98, 0x20, 0x7, 0x7b, 0xb8, 0x3,
    0xe4, 0x35, 0x3, 0x0, 0xcc, 0x72, 0x2b, 0xac,
    0x69, 0x32, 0xa1, 0xa, 0x9b, 0xca, 0x3c, 0x50,

    /* U+014D "ō" */
    0x0, 0x16, 0x65, 0x20, 0x11, 0x66, 0x52, 0x1,
    0x4f, 0x7d, 0x90, 0x2, 0xcb, 0x74, 0x3e, 0x8,
    0xb6, 0x65, 0x64, 0x38, 0x80, 0x10, 0x80, 0x42,
    0x1, 0x28, 0x8a, 0xd1, 0x45, 0x6e, 0xc0, 0x75,
    0x1d, 0x16, 0xa0,

    /* U+014E "Ŏ" */
    0x0, 0xca, 0xe1, 0xa, 0x1, 0xcb, 0xd6, 0xa,
    0x1, 0xe9, 0xb8, 0x0, 0xe7, 0xdf, 0xf5, 0x98,
    0x5, 0x95, 0x79, 0x63, 0x84, 0x12, 0x3a, 0xc6,
    0x94, 0x76, 0xd, 0x20, 0x1d, 0x6a, 0x60, 0x80,
    0x1d, 0xee, 0xe0, 0xf, 0x90, 0xd4, 0xc, 0x3,
    0x31, 0xc8, 0xae, 0xb1, 0xa4, 0xca, 0x84, 0x2a,
    0x6f, 0x28, 0xf1, 0x40,

    /* U+014F "ŏ" */
    0x0, 0xb0, 0xa, 0xc0, 0x34, 0xdc, 0x50, 0x6,
    0x5b, 0xa1, 0x0, 0xa7, 0xbe, 0xc8, 0x1, 0x65,
    0xba, 0x1f, 0x4, 0x5b, 0x32, 0xb2, 0x1c, 0x40,
    0x8, 0x40, 0x21, 0x0, 0x94, 0x45, 0x68, 0xa2,
    0xb7, 0x60, 0x3a, 0x8e, 0x8b, 0x50,

    /* U+0150 "Ő" */
    0x0, 0xe3, 0x93, 0xa0, 0xe, 0x1e, 0xaf, 0x90,
    0xe, 0x1d, 0x3c, 0x30, 0xc, 0xfb, 0xfe, 0xb3,
    0x0, 0xb2, 0xaf, 0x2c, 0x70, 0x82, 0x47, 0x58,
    0xd2, 0x8e, 0xc1, 0xa4, 0x3, 0xad, 0x4c, 0x10,
    0x3, 0xbd, 0xdc, 0x1, 0xf2, 0x1a, 0x81, 0x80,
    0x66, 0x39, 0x15, 0xd6, 0x34, 0x99, 0x50, 0x85,
    0x4d, 0xe5, 0x1e, 0x28, 0x0,

    /* U+0151 "ő" */
    0x0, 0x8b, 0x8f, 0x4c, 0x2, 0x5a, 0x58, 0x30,
    0x9, 0xd1, 0x94, 0x2, 0x9e, 0xfb, 0x20, 0x5,
    0x96, 0xe8, 0x7c, 0x11, 0x6c, 0xca, 0xc8, 0x71,
    0x0, 0x21, 0x0, 0x84, 0x2, 0x51, 0x15, 0xa2,
    0x8a, 0xdd, 0x80, 0xea, 0x3a, 0x2d, 0x40,

    /* U+0152 "Œ" */
    0x0, 0x9f, 0x7f, 0xff, 0x48, 0x3, 0x2a, 0x37,
    0x4c, 0x9b, 0xba, 0x2, 0x43, 0x54, 0x8a, 0x32,
    0x2c, 0x20, 0xd0, 0x1, 0x97, 0x40, 0x38, 0xc1,
    0x0, 0x21, 0x15, 0x7f, 0xca, 0xe, 0x1, 0xca,
    0x1b, 0xb9, 0x41, 0x40, 0xc0, 0x23, 0x31, 0x16,
    0x0, 0xa, 0xea, 0x91, 0x35, 0x88, 0xb0, 0x5,
    0x53, 0x1b, 0xa5, 0x56, 0xee, 0x40,

    /* U+0153 "œ" */
    0x1, 0x9f, 0xf5, 0xa, 0x6f, 0xea, 0x0, 0x34,
    0xb3, 0x43, 0x2a, 0x3a, 0xec, 0x28, 0x56, 0x65,
    0x65, 0x6a, 0x2c, 0x69, 0x88, 0x1, 0x8, 0x5f,
    0x74, 0x60, 0x1, 0x0, 0x94, 0x33, 0xba, 0xf5,
    0xb4, 0x51, 0x5b, 0x38, 0x22, 0x39, 0x81, 0xd5,
    0xf4, 0xd6, 0x86, 0xec, 0x40,

    /* U+0154 "Ŕ" */
    0x0, 0xf3, 0x28, 0x7, 0xab, 0x94, 0x3, 0xd5,
    0x0, 0x1b, 0x3f, 0xee, 0x70, 0x8, 0xeb, 0x75,
    0x10, 0x40, 0x20, 0x52, 0x23, 0x26, 0x3, 0x90,
    0x6, 0x7e, 0xd, 0x70, 0xa, 0x9, 0xc0, 0xd7,
    0xfe, 0x4d, 0x10, 0x59, 0xdd, 0x4, 0x18, 0x8,
    0x9c, 0x89, 0x10, 0x0, 0x28, 0x88, 0x0, 0xe4,
    0x80,

    /* U+0155 "ŕ" */
    0x0, 0x87, 0x5c, 0x3, 0x54, 0x38, 0x6, 0xb5,
    0x0, 0x97, 0x2b, 0xc4, 0x1, 0xa7, 0xba, 0x10,
    0x1, 0xb3, 0x90, 0x4, 0xba, 0x1, 0x84, 0x4a,
    0x1, 0x94, 0x44, 0x1, 0x8d, 0x40, 0x38,

    /* U+0156 "Ŗ" */
    0x0, 0x67, 0xfd, 0xaa, 0x1, 0x1d, 0x6e, 0xaa,
    0x86, 0x4, 0x8, 0x44, 0x73, 0x40, 0x70, 0x10,
    0x9, 0xfc, 0x34, 0xc0, 0x32, 0xe8, 0x1a, 0x80,
    0x6, 0x8d, 0x41, 0x5b, 0xfd, 0xc3, 0xe0, 0x22,
    0xad, 0xd1, 0xe1, 0x2, 0x82, 0x91, 0x3a, 0x4c,
    0x13, 0xc0, 0x22, 0xe3, 0x0, 0xc2, 0x1, 0xf0,
    0xf0, 0x7, 0xe7, 0x0, 0xf8, 0x60, 0x3, 0x80,

    /* U+0157 "ŗ" */
    0x0, 0x2e, 0x57, 0x88, 0x3, 0x4f, 0x74, 0x20,
    0x3, 0x67, 0x20, 0x9, 0x74, 0x3, 0x8, 0x94,
    0x3, 0x28, 0x88, 0x3, 0x1a, 0x80, 0x73, 0xd8,
    0x7, 0x8, 0x7, 0xb0, 0xc0, 0x39, 0xcc, 0x3,
    0xa8, 0x3, 0x80,

    /* U+0158 "Ř" */
    0x0, 0x85, 0x80, 0xd0, 0x3, 0x8, 0xae, 0x90,
    0x3, 0x9e, 0xe4, 0x3, 0x67, 0xfd, 0xce, 0x1,
    0x1d, 0x6e, 0xa2, 0x8, 0x4, 0xa, 0x44, 0x64,
    0xc0, 0x72, 0x0, 0xcf, 0xc1, 0xae, 0x1, 0x41,
    0x38, 0x1a, 0xff, 0xc9, 0xa2, 0xb, 0x3b, 0xa0,
    0x83, 0x1, 0x13, 0x91, 0x22, 0x0, 0x5, 0x11,
    0x0, 0x1c, 0x90, 0x0,

    /* U+0159 "ř" */
    0x0, 0x62, 0x44, 0x0, 0x2e, 0xa1, 0x80, 0x8,
    0xba, 0x40, 0x25, 0xca, 0xf1, 0x0, 0x69, 0xee,
    0x84, 0x0, 0x6c, 0xe4, 0x1, 0x2e, 0x80, 0x61,
    0x12, 0x80, 0x65, 0x11, 0x0, 0x63, 0x50, 0xe,

    /* U+015A "Ś" */
    0x0, 0xe3, 0x70, 0xe, 0x5f, 0x50, 0xe, 0x5c,
    0x20, 0x9, 0xb7, 0xfd, 0x64, 0xd, 0x10, 0xdc,
    0x30, 0x6, 0xb2, 0x91, 0xc1, 0x1, 0xa9, 0x80,
    0x74, 0x2e, 0xe9, 0xc0, 0x34, 0x74, 0xd4, 0x80,
    0x72, 0x51, 0x5, 0x41, 0x92, 0xce, 0x84, 0x9e,
    0x6c, 0x41, 0x80,

    /* U+015B "ś" */
    0x0, 0xeb, 0x90, 0xe, 0xac, 0x90, 0xe, 0xa7,
    0x0, 0xcb, 0xbf, 0xce, 0x0, 0x2a, 0x9e, 0xd3,
    0x0, 0x8, 0x38, 0x9a, 0x0, 0xd, 0xf7, 0xa4,
    0x3, 0x47, 0x6b, 0xa8, 0x2, 0xc, 0x40, 0xc,
    0x0, 0x1d, 0xed, 0x93, 0x0,

    /* U+015C "Ŝ" */
    0x0, 0xc8, 0xe2, 0x1, 0x9b, 0x4e, 0x80, 0x33,
    0x4a, 0x58, 0x4, 0xdb, 0xfe, 0xb2, 0x6, 0x88,
    0x6e, 0x18, 0x3, 0x59, 0x48, 0xe0, 0x80, 0xd4,
    0xc0, 0x3a, 0x17, 0x74, 0xe0, 0x1a, 0x3a, 0x6a,
    0x40, 0x39, 0x28, 0x82, 0xa0, 0xc9, 0x67, 0x42,
    0x4f, 0x36, 0x20, 0xc0,

    /* U+015D "ŝ" */
    0x0, 0x87, 0xb4, 0x3, 0x6a, 0xb, 0x80, 0x5d,
    0x58, 0xa0, 0x5, 0xff, 0x72, 0x81, 0x54, 0xf6,
    0x98, 0x8, 0x38, 0x9a, 0x1, 0xbe, 0xf4, 0x80,
    0x51, 0xda, 0xea, 0x10, 0x62, 0x0, 0x60, 0x1d,
    0xed, 0x93,

    /* U+015E "Ş" */
    0x0, 0x36, 0xff, 0xac, 0x81, 0xa2, 0x1b, 0x86,
    0x0, 0xd6, 0x52, 0x38, 0x20, 0x35, 0x30, 0xe,
    0x85, 0xdd, 0x38, 0x6, 0x8e, 0x9a, 0x90, 0xe,
    0x4a, 0x20, 0xa8, 0x32, 0x59, 0xd0, 0x93, 0xcd,
    0x88, 0x30, 0x1d, 0xcb, 0xeb, 0x0, 0x66, 0x41,
    0x0, 0xcb, 0x6c, 0x20, 0x10,

    /* U+015F "ş" */
    0x0, 0x2e, 0xff, 0x38, 0x15, 0x4f, 0x69, 0x80,
    0x83, 0x89, 0xa0, 0x1b, 0xef, 0x48, 0x5, 0x1d,
    0xae, 0xa1, 0x6, 0x20, 0x6, 0x1, 0xde, 0xd9,
    0x30, 0x9d, 0x5e, 0x70, 0x8, 0xc0, 0xc0, 0x23,
    0xb1, 0x30, 0x0,

    /* U+0160 "Š" */
    0x0, 0x98, 0x85, 0xc0, 0x32, 0x66, 0x10, 0x3,
    0x17, 0x69, 0x80, 0x4d, 0xbf, 0xeb, 0x20, 0x68,
    0x86, 0xe1, 0x80, 0x35, 0x94, 0x8e, 0x8, 0xd,
    0x4c, 0x3, 0xa1, 0x77, 0x4e, 0x1, 0xa3, 0xa6,
    0xa4, 0x3, 0x92, 0x88, 0x2a, 0xc, 0x96, 0x74,
    0x24, 0xf3, 0x62, 0xc, 0x0,

    /* U+0161 "š" */
    0x0, 0xad, 0x5a, 0xc0, 0x35, 0x45, 0x58, 0x6,
    0x1d, 0xc0, 0xc, 0xbb, 0xfc, 0xe0, 0x2, 0xa9,
    0xed, 0x30, 0x0, 0x83, 0x89, 0xa0, 0x0, 0xdf,
    0x7a, 0x40, 0x34, 0x76, 0xba, 0x80, 0x20, 0xc4,
    0x0, 0xc0, 0x1, 0xde, 0xd9, 0x30,

    /* U+0162 "Ţ" */
    0xf, 0xff, 0x80, 0x1b, 0xa9, 0x1d, 0xd7, 0x0,
    0x8, 0x9c, 0xa4, 0x41, 0x0, 0xc6, 0x60, 0xf,
    0x9b, 0x40, 0x3e, 0x27, 0x0, 0xf1, 0x81, 0x0,
    0x79, 0x4c, 0x3, 0xef, 0x50, 0xf, 0x8e, 0xc0,
    0x3e, 0xee, 0x0, 0x7a, 0x62, 0x80, 0x38,

    /* U+0163 "ţ" */
    0x0, 0x39, 0x0, 0x50, 0x0, 0x4f, 0xd, 0xc4,
    0x93, 0xfc, 0xf, 0x50, 0x9, 0x7c, 0x2, 0x35,
    0x0, 0xcc, 0x40, 0x7, 0xaf, 0x0, 0x5a, 0x68,
    0x0, 0xc5, 0x0, 0xec, 0x50, 0x0,

    /* U+0164 "Ť" */
    0x0, 0xb, 0x1, 0xa8, 0x6, 0x10, 0xb9, 0x50,
    0xe, 0x6b, 0xa0, 0xd, 0xff, 0xf0, 0x3, 0x75,
    0x23, 0xba, 0xe0, 0x1, 0x13, 0x94, 0x88, 0x20,
    0x18, 0xcc, 0x1, 0xf3, 0x68, 0x7, 0xc4, 0xe0,
    0x1e, 0x30, 0x20, 0xf, 0x29, 0x80, 0x7d, 0xea,
    0x1, 0xc0,

    /* U+0165 "ť" */
    0x0, 0xce, 0xe0, 0x2, 0xe, 0xa0, 0x2, 0xcf,
    0xd, 0x3c, 0x36, 0x81, 0x24, 0xff, 0x0, 0x1c,
    0xa0, 0x18, 0xfc, 0x3, 0x2a, 0x80, 0x30, 0xb1,
    0x0, 0x4f, 0x5e, 0x0,

    /* U+0166 "Ŧ" */
    0xf, 0xff, 0x80, 0x1b, 0xa9, 0x1d, 0xd7, 0x0,
    0x8, 0x9c, 0xa4, 0x41, 0x0, 0xc6, 0x60, 0xe,
    0xae, 0x47, 0xe3, 0x0, 0xaf, 0x3, 0x3c, 0xc0,
    0x21, 0x10, 0x18, 0x80, 0x72, 0x98, 0x7, 0xde,
    0xa0, 0x1c,

    /* U+0167 "ŧ" */
    0x0, 0x31, 0x0, 0x50, 0x20, 0x7e, 0x39, 0xa7,
    0x45, 0xfa, 0x4, 0xe0, 0xa, 0x85, 0xd0, 0xa2,
    0xbd, 0x0, 0x19, 0x10, 0x1, 0x32, 0xc1,

    /* U+0168 "Ũ" */
    0x0, 0xd1, 0x63, 0x20, 0x1c, 0x21, 0x3b, 0xc0,
    0x1c, 0x30, 0x58, 0xe0, 0x1b, 0xcc, 0x2, 0x1f,
    0x10, 0x20, 0x30, 0x9, 0x44, 0x40, 0xe4, 0x1,
    0x8d, 0x40, 0x1a, 0xe0, 0x1b, 0x4c, 0x0, 0x7a,
    0x1, 0x9f, 0x40, 0xa, 0x60, 0x10, 0x93, 0x80,
    0x42, 0x1, 0x31, 0x10, 0x0, 0xf0, 0x86, 0xf1,
    0x20, 0x14, 0xa5, 0xe5, 0xd9, 0x0, 0x0,

    /* U+0169 "ũ" */
    0x0, 0xa7, 0xa, 0x80, 0x30, 0xec, 0xe8, 0x6,
    0x81, 0xb7, 0x0, 0x35, 0x80, 0x53, 0x20, 0xf3,
    0x0, 0x97, 0xc1, 0x74, 0x2, 0x35, 0x3, 0x70,
    0x1, 0x1, 0x88, 0x18, 0x1, 0x48, 0x4, 0x24,
    0x96, 0x1c, 0x1, 0x4d, 0xbc, 0x9a, 0x0,

    /* U+016A "Ū" */
    0x0, 0xd9, 0x95, 0x80, 0x7b, 0x32, 0xb0, 0xd,
    0xe6, 0x1, 0xf, 0x88, 0x10, 0x18, 0x4, 0xa2,
    0x20, 0x72, 0x0, 0xc6, 0xa0, 0xd, 0x70, 0xd,
    0xa6, 0x0, 0x3d, 0x0, 0xcf, 0xa0, 0x5, 0x30,
    0x8, 0x49, 0xc0, 0x21, 0x0, 0x98, 0x88, 0x0,
    0x78, 0x43, 0x78, 0x90, 0xa, 0x52, 0xf2, 0xec,
    0x80, 0x0,

    /* U+016B "ū" */
    0x0, 0xb3, 0x30, 0x6, 0xcc, 0xc0, 0x6, 0xb0,
    0xa, 0x64, 0x1e, 0x60, 0x12, 0xf8, 0x2e, 0x80,
    0x46, 0xa0, 0x6e, 0x0, 0x20, 0x31, 0x3, 0x0,
    0x29, 0x0, 0x84, 0x92, 0xc3, 0x80, 0x29, 0xb7,
    0x93, 0x40,

    /* U+016C "Ŭ" */
    0x0, 0xd6, 0x21, 0x80, 0x1e, 0x8a, 0xbf, 0x0,
    0xf1, 0xdd, 0x8c, 0x3, 0x79, 0x80, 0x43, 0xe2,
    0x4, 0x6, 0x1, 0x28, 0x88, 0x1c, 0x80, 0x31,
    0xa8, 0x3, 0x5c, 0x3, 0x69, 0x80, 0xf, 0x40,
    0x33, 0xe8, 0x1, 0x4c, 0x2, 0x12, 0x70, 0x8,
    0x40, 0x26, 0x22, 0x0, 0x1e, 0x10, 0xde, 0x24,
    0x2, 0x94, 0xbc, 0xbb, 0x20, 0x0,

    /* U+016D "ŭ" */
    0x0, 0xac, 0x43, 0x0, 0x34, 0x55, 0xc0, 0x6,
    0x3b, 0xb2, 0x0, 0x1a, 0xc0, 0x29, 0x90, 0x79,
    0x80, 0x4b, 0xe0, 0xba, 0x1, 0x1a, 0x81, 0xb8,
    0x0, 0x80, 0xc4, 0xc, 0x0, 0xa4, 0x2, 0x12,
    0x4b, 0xe, 0x0, 0xa6, 0xde, 0x4d, 0x0,

    /* U+016E "Ů" */
    0x0, 0xe8, 0x90, 0xf, 0x93, 0x35, 0x0, 0x3c,
    0x99, 0x84, 0x0, 0xfa, 0x20, 0x1, 0xde, 0x60,
    0x10, 0xf8, 0x81, 0x1, 0x80, 0x4a, 0x22, 0x7,
    0x20, 0xc, 0x6a, 0x0, 0xd7, 0x0, 0xda, 0x60,
    0x3, 0xd0, 0xc, 0xfa, 0x0, 0x53, 0x0, 0x84,
    0x9c, 0x2, 0x10, 0x9, 0x88, 0x80, 0x7, 0x84,
    0x37, 0x89, 0x0, 0xa5, 0x2f, 0x2e, 0xc8, 0x0,

    /* U+016F "ů" */
    0x0, 0xd1, 0x22, 0x1, 0x8f, 0x69, 0x0, 0x31,
    0xed, 0xa0, 0x7, 0x44, 0x4, 0x0, 0xd6, 0x1,
    0x4c, 0x83, 0xcc, 0x2, 0x5f, 0x5, 0xd0, 0x8,
    0xd4, 0xd, 0xc0, 0x4, 0x6, 0x20, 0x60, 0x5,
    0x20, 0x10, 0x92, 0x58, 0x70, 0x5, 0x36, 0xf2,
    0x68, 0x0,

    /* U+0170 "Ű" */
    0x0, 0xe8, 0x47, 0x50, 0xe, 0x62, 0xc, 0x50,
    0xe, 0x6a, 0x4b, 0x0, 0xde, 0x60, 0x10, 0xf8,
    0x81, 0x1, 0x80, 0x4a, 0x22, 0x7, 0x20, 0xc,
    0x6a, 0x0, 0xd7, 0x0, 0xda, 0x60, 0x3, 0xd0,
    0xc, 0xfa, 0x0, 0x53, 0x0, 0x84, 0x9c, 0x2,
    0x10, 0x9, 0x88, 0x80, 0x7, 0x84, 0x37, 0x89,
    0x0, 0xa5, 0x2f, 0x2e, 0xc8, 0x0,

    /* U+0171 "ű" */
    0x0, 0xd8, 0xb6, 0xe0, 0x12, 0xdb, 0x63, 0x80,
    0x4a, 0xe6, 0xe0, 0x6, 0xb0, 0xa, 0x64, 0x1e,
    0x60, 0x12, 0xf8, 0x2e, 0x80, 0x46, 0xa0, 0x6e,
    0x0, 0x20, 0x31, 0x3, 0x0, 0x29, 0x0, 0x84,
    0x92, 0xc3, 0x80, 0x29, 0xb7, 0x93, 0x40,

    /* U+0172 "Ų" */
    0x0, 0x79, 0x80, 0x43, 0xe2, 0x4, 0x6, 0x1,
    0x28, 0x88, 0x1c, 0x80, 0x31, 0xa8, 0x3, 0x5c,
    0x3, 0x69, 0x80, 0xf, 0x40, 0x33, 0xe8, 0x1,
    0x4c, 0x2, 0x12, 0x70, 0x8, 0x40, 0x26, 0x22,
    0x0, 0x1e, 0x10, 0xde, 0x2c, 0x2, 0x94, 0xbc,
    0x88, 0x30, 0x6, 0x82, 0xaf, 0x70, 0xe, 0x6b,
    0x50, 0xf, 0x8e, 0xe4, 0x3, 0x80,

    /* U+0173 "ų" */
    0x6, 0xb0, 0xa, 0x64, 0x1e, 0x60, 0x12, 0xf8,
    0x2e, 0x80, 0x46, 0xa0, 0x6e, 0x0, 0x20, 0x31,
    0x3, 0x0, 0x29, 0x0, 0x84, 0x92, 0xc3, 0x80,
    0x29, 0xb7, 0x8f, 0x40, 0xb, 0xde, 0x54, 0xe0,
    0x18, 0x49, 0x80, 0x38, 0x5e, 0xc4, 0x0,

    /* U+0174 "Ŵ" */
    0x0, 0xf2, 0xb0, 0x7, 0xfc, 0xf9, 0xee, 0x1,
    0xfe, 0x49, 0x92, 0x0, 0x75, 0x40, 0x4, 0x3e,
    0x86, 0x0, 0x6c, 0x2, 0x20, 0x5, 0x0, 0x40,
    0x15, 0xc0, 0x73, 0x0, 0x9, 0x55, 0xc0, 0x6,
    0x14, 0x2, 0x20, 0x2, 0x1f, 0x8, 0x1, 0x10,
    0x0, 0x30, 0x81, 0x24, 0x93, 0x3, 0x12, 0x0,
    0x8, 0xa, 0x24, 0x58, 0x82, 0x24, 0x3, 0xa,
    0xa3, 0x81, 0xb, 0x92, 0x80, 0x62, 0x89, 0x0,
    0x86, 0x24, 0x3, 0x98, 0x5c, 0x2, 0x23, 0x50,
    0xc,

    /* U+0175 "ŵ" */
    0x0, 0xe8, 0xf4, 0x0, 0xfc, 0xac, 0xc9, 0x0,
    0xfc, 0xfd, 0x3e, 0x1, 0x8f, 0x0, 0x5, 0x72,
    0x40, 0xe, 0x22, 0x18, 0x0, 0xd1, 0x40, 0xe,
    0x84, 0x22, 0x20, 0xf8, 0x30, 0x4, 0xc0, 0x1,
    0x59, 0x1, 0xc4, 0x4e, 0x84, 0x0, 0x33, 0x44,
    0x1, 0x52, 0x60, 0x2, 0xd9, 0x4, 0x3, 0xb7,
    0x20, 0x9, 0x87, 0xc0, 0x1a, 0x30, 0x1, 0x0,

    /* U+0176 "Ŷ" */
    0x0, 0x8a, 0x8, 0x3, 0x24, 0xdf, 0x8, 0x4,
    0x96, 0x78, 0x21, 0x50, 0x1, 0xaa, 0x79, 0x80,
    0x26, 0x79, 0x40, 0x40, 0x38, 0xf0, 0x3, 0x70,
    0x74, 0x10, 0x2, 0x96, 0xdd, 0x80, 0x22, 0x36,
    0xa0, 0xf, 0x50, 0x7, 0x8c, 0xc0, 0x1c, 0x40,
    0xa0, 0x18,

    /* U+0177 "ŷ" */
    0x0, 0xeb, 0xf1, 0x0, 0xf4, 0xba, 0xd0, 0x7,
    0xaf, 0x2a, 0x40, 0x32, 0x69, 0x0, 0xf, 0x84,
    0x0, 0xa4, 0x20, 0xb, 0x61, 0x0, 0x9, 0x28,
    0x12, 0x40, 0x6, 0x73, 0x9, 0x80, 0xe, 0xdc,
    0x46, 0x60, 0x7, 0x22, 0xcc, 0x80, 0x3c, 0x62,
    0xc8, 0x1, 0xfa, 0x40, 0x39, 0x6, 0x98, 0x80,
    0x30, 0xcf, 0x4, 0x80, 0x70,

    /* U+0178 "Ÿ" */
    0x0, 0xff, 0x1e, 0x87, 0x88, 0x4, 0x7e, 0x1a,
    0x21, 0x50, 0x4, 0x5, 0x53, 0xcc, 0x1, 0x33,
    0xca, 0x2, 0x1, 0xc7, 0x80, 0x1b, 0x83, 0xa0,
    0x80, 0x14, 0xb6, 0xec, 0x1, 0x11, 0xb5, 0x0,
    0x7a, 0x80, 0x3c, 0x66, 0x0, 0xe2, 0x5, 0x0,
    0xc0,

    /* U+0179 "Ź" */
    0x0, 0xf0, 0xb8, 0x80, 0x78, 0xf4, 0xc4, 0x3,
    0xc7, 0x88, 0x1, 0x9b, 0xff, 0xca, 0x0, 0x7d,
    0xdc, 0x4a, 0xa0, 0x0, 0x91, 0x52, 0xd4, 0x1,
    0xea, 0x7b, 0x0, 0xf4, 0xbe, 0x80, 0x7a, 0x13,
    0x4, 0x3, 0x9d, 0xbc, 0x40, 0x39, 0xa2, 0xc0,
    0x8a, 0x0, 0xa4, 0x2b, 0x77, 0x0, 0x0,

    /* U+017A "ź" */
    0x0, 0xea, 0xb0, 0xe, 0x73, 0xb0, 0xe, 0x79,
    0x0, 0xdd, 0xff, 0x8c, 0x1, 0xdf, 0xc6, 0xc6,
    0x1, 0xa9, 0xa4, 0x3, 0x4b, 0xd0, 0x6, 0x84,
    0xd0, 0xc, 0xcc, 0xf1, 0x0, 0x86, 0x47, 0x7f,
    0xc8, 0x0,

    /* U+017B "Ż" */
    0x0, 0xf3, 0x80, 0x7e, 0x39, 0x0, 0xfc, 0x7c,
    0x1, 0xcd, 0xff, 0xe5, 0x0, 0x3e, 0xee, 0x25,
    0x50, 0x0, 0x48, 0xa9, 0x6a, 0x0, 0xf5, 0x3d,
    0x80, 0x7a, 0x5f, 0x40, 0x3d, 0x9, 0x82, 0x1,
    0xce, 0xde, 0x20, 0x1c, 0xd1, 0x60, 0x45, 0x0,
    0x52, 0x15, 0xbb, 0x80, 0x0,

    /* U+017C "ż" */
    0x0, 0xcd, 0x60, 0x1e, 0x5e, 0x0, 0xf1, 0xa8,
    0x6, 0xef, 0xfc, 0x60, 0xe, 0xfe, 0x36, 0x30,
    0xd, 0x4d, 0x20, 0x1a, 0x5e, 0x80, 0x34, 0x26,
    0x80, 0x66, 0x67, 0x88, 0x4, 0x32, 0x3b, 0xfe,
    0x40,

    /* U+017D "Ž" */
    0x0, 0xc8, 0x60, 0xc2, 0x1, 0xcb, 0xf6, 0x42,
    0x1, 0xc3, 0x96, 0x80, 0x19, 0xbf, 0xfc, 0xa0,
    0x7, 0xdd, 0xc4, 0xaa, 0x0, 0x9, 0x15, 0x2d,
    0x40, 0x1e, 0xa7, 0xb0, 0xf, 0x4b, 0xe8, 0x7,
    0xa1, 0x30, 0x40, 0x39, 0xdb, 0xc4, 0x3, 0x9a,
    0x2c, 0x8, 0xa0, 0xa, 0x42, 0xb7, 0x70, 0x0,

    /* U+017E "ž" */
    0x0, 0xa2, 0x9, 0x82, 0x1, 0x41, 0xc6, 0x88,
    0x6, 0xbc, 0x10, 0xb, 0xbf, 0xf1, 0x80, 0x3b,
    0xf8, 0xd8, 0xc0, 0x35, 0x34, 0x80, 0x69, 0x7a,
    0x0, 0xd0, 0x9a, 0x1, 0x99, 0x9e, 0x20, 0x10,
    0xc8, 0xef, 0xf9, 0x0,

    /* U+017F "ſ" */
    0x0, 0xe, 0x7c, 0x80, 0x2d, 0xba, 0xc0, 0x9,
    0xc2, 0x44, 0xf1, 0x50, 0x1, 0x58, 0x88, 0x2,
    0x35, 0x0, 0xda, 0x60, 0x19, 0xb4, 0x3, 0x1b,
    0x80, 0x44, 0x4, 0x1, 0x0,

    /* U+2007 " " */

    /* U+2008 " " */

    /* U+2009 " " */

    /* U+200A " " */

    /* U+200B "​" */

    /* U+2010 "‐" */
    0x4f, 0xf7, 0x2, 0x6e, 0xbc, 0x0,

    /* U+2012 "‒" */
    0x3e, 0xef, 0x68, 0x0,

    /* U+2013 "–" */
    0xd, 0xee, 0xda, 0x0,

    /* U+2014 "—" */
    0xd, 0xee, 0xff, 0x68, 0x0,

    /* U+2015 "―" */
    0xd, 0xee, 0xff, 0x68, 0x0,

    /* U+2018 "‘" */
    0xb, 0x14, 0x11, 0x78, 0x3, 0x34, 0x0,

    /* U+2019 "’" */
    0x4e, 0x10, 0x11, 0x13, 0x87, 0xc8, 0x0,

    /* U+201A "‚" */
    0x8, 0x60, 0x4f, 0x0, 0x59, 0x31, 0x0,

    /* U+201C "“" */
    0xb, 0x18, 0x44, 0x8, 0x2a, 0x78, 0x31, 0x86,
    0x69, 0xa0, 0x0,

    /* U+201D "”" */
    0x4e, 0x2e, 0x40, 0x13, 0x10, 0x27, 0x3, 0x4f,
    0x94, 0x80,

    /* U+201E "„" */
    0x8, 0x65, 0x90, 0x4f, 0xd4, 0x0, 0x58, 0x59,
    0x31, 0x23, 0x0,

    /* U+2020 "†" */
    0x0, 0x93, 0x40, 0x38, 0xdc, 0x3, 0xb7, 0x40,
    0x4, 0xff, 0x2c, 0x7d, 0xa6, 0xe8, 0x33, 0x68,
    0x8, 0x40, 0xc8, 0x40, 0xa, 0x60, 0x1d, 0xca,
    0x1, 0xc7, 0xe0, 0x1c, 0xa4, 0x1, 0x84, 0x4a,
    0x1, 0x88, 0x44, 0x1, 0x0,

    /* U+2021 "‡" */
    0x0, 0xc9, 0xa0, 0x1e, 0x37, 0x0, 0xf6, 0xe8,
    0x2, 0x4f, 0xf2, 0xc7, 0xd8, 0x26, 0xe8, 0x2f,
    0x68, 0x0, 0x40, 0x4, 0x21, 0x0, 0x98, 0x80,
    0x3c, 0x6c, 0x1, 0xbf, 0xd0, 0x9f, 0xc0, 0xd,
    0xd1, 0x4e, 0xf8, 0x0, 0x8a, 0x42, 0x10, 0x8,
    0xc4, 0x80, 0x20,

    /* U+2022 "•" */
    0x3, 0x30, 0xe6, 0x88, 0x90,

    /* U+2026 "…" */
    0x86, 0xb, 0x32, 0xb1, 0x4e, 0x15, 0x71, 0x53,

    /* U+2030 "‰" */
    0x2b, 0xb3, 0x80, 0x7, 0x4, 0x3, 0x44, 0xdd,
    0x80, 0x15, 0xe2, 0x1, 0x98, 0x80, 0x29, 0xd3,
    0x0, 0xf8, 0xd9, 0x80, 0xc0, 0x1e, 0x9b, 0x9f,
    0xdc, 0xba, 0x11, 0x55, 0xa2, 0xdd, 0xa6, 0x3a,
    0xf1, 0xaa, 0x6e, 0x0, 0x1b, 0xcb, 0xa0, 0x5e,
    0xe6, 0x1, 0x54, 0x10, 0x5, 0xb8, 0x0, 0x36,
    0x7d, 0x40, 0x7d, 0xa1, 0x44, 0x5c, 0x58,

    /* U+2032 "′" */
    0x4b, 0x33, 0x76, 0x7a, 0x80,

    /* U+2033 "″" */
    0x4b, 0x1e, 0x23, 0x54, 0xfc, 0x2d, 0xf5, 0x25,

    /* U+2039 "‹" */
    0x0, 0xf5, 0xb0, 0x49, 0xb2, 0x22, 0x1, 0xc,
    0x80, 0x13, 0x60,

    /* U+203A "›" */
    0x0, 0xfb, 0x4c, 0x2, 0xb8, 0x0, 0x9d, 0x4,
    0x1, 0xb4, 0x21, 0x56, 0xa0,

    /* U+2044 "⁄" */
    0x0, 0xf0, 0xe0, 0x80, 0x7a, 0xbc, 0x40, 0x3a,
    0x78, 0xc0, 0x39, 0x85, 0x40, 0x39, 0x36, 0x0,
    0x38, 0xa2, 0x80, 0x3d, 0xdc, 0x10, 0xe, 0xa8,
    0x20, 0xe, 0x8d, 0x40, 0xf, 0x0,

    /* U+2052 "⁒" */
    0x3, 0xe0, 0x2c, 0x0, 0x14, 0x4, 0x40, 0x0,
    0x2c, 0x42, 0x80, 0x1a, 0x20, 0x1, 0x8c, 0x4c,
    0x3, 0x44, 0x0, 0x31, 0x89, 0x80, 0x68, 0x81,
    0x28, 0x1, 0x8, 0x8b, 0xc0, 0x0,

    /* U+20A1 "₡" */
    0x0, 0xf5, 0x8c, 0x80, 0x72, 0xec, 0xd0, 0x4,
    0xfb, 0x52, 0xc2, 0x0, 0xca, 0x56, 0x73, 0x90,
    0x81, 0xc0, 0xb2, 0xdb, 0x7, 0x91, 0x20, 0x20,
    0x1, 0x82, 0x37, 0xdd, 0x0, 0x1c, 0x1, 0xa8,
    0x44, 0x0, 0x28, 0x39, 0xbf, 0x0, 0x42, 0xd0,
    0x14, 0x33, 0x80, 0x8, 0x26, 0x3a, 0x3e, 0x0,
    0x34, 0xbf, 0x72, 0x88, 0x0, 0x49, 0x82, 0x1,
    0x80,

    /* U+20A3 "₣" */
    0x0, 0x3f, 0xff, 0x38, 0x3, 0x5b, 0x77, 0x38,
    0x1, 0xf0, 0x8b, 0x0, 0x44, 0xe0, 0x1e, 0x30,
    0xdf, 0xf8, 0x80, 0xa, 0x5b, 0xb8, 0x80, 0x1e,
    0x84, 0x58, 0x1, 0x6c, 0xf9, 0x82, 0x0, 0xac,
    0x37, 0x30, 0x40, 0x10,

    /* U+20A4 "₤" */
    0x0, 0xc5, 0x7f, 0xec, 0x20, 0x8, 0xb4, 0xf3,
    0x16, 0x60, 0x14, 0x2c, 0x19, 0x9c, 0x40, 0xed,
    0x5e, 0xec, 0x80, 0x11, 0xd0, 0x65, 0xd9, 0x0,
    0x26, 0xc0, 0xab, 0xb0, 0x80, 0x4d, 0x49, 0x77,
    0x8, 0x4, 0x58, 0x45, 0xc0, 0x2, 0xd4, 0x6d,
    0xdb, 0xc0, 0x0,

    /* U+20A6 "₦" */
    0x0, 0x37, 0x0, 0x65, 0xd0, 0xb, 0xc6, 0x0,
    0x2d, 0x70, 0x9, 0x54, 0xe2, 0x0, 0x3d, 0x3,
    0xb3, 0x61, 0xfb, 0xb2, 0x53, 0x1c, 0x86, 0x60,
    0x66, 0x83, 0x19, 0x9e, 0x17, 0x23, 0x98, 0xa,
    0x26, 0x54, 0xbb, 0x78, 0xba, 0x59, 0x1, 0x98,
    0x0, 0x2e, 0xa6, 0x1, 0x2e, 0x80, 0x52, 0x3a,
    0x0,

    /* U+20A7 "₧" */
    0x0, 0x67, 0xfd, 0xcc, 0x1, 0x20, 0x7, 0xf8,
    0xeb, 0x75, 0x12, 0x80, 0x94, 0x1, 0xfc, 0x40,
    0xa4, 0x46, 0x43, 0x8b, 0x1f, 0x80, 0x8e, 0xfd,
    0x40, 0x72, 0x0, 0xcc, 0x30, 0xaf, 0xf0, 0xcb,
    0x9f, 0x2a, 0x1a, 0xe0, 0x1, 0x83, 0x70, 0x7d,
    0x0, 0x70, 0x80, 0x10, 0x40, 0xd7, 0xfd, 0xc9,
    0xa2, 0x4, 0xe0, 0x9, 0xd, 0xe6, 0x0, 0x2c,
    0xee, 0xbb, 0xc, 0xc, 0x8, 0x0, 0x39, 0xd1,
    0x22, 0x33, 0x91, 0x4, 0x2, 0x71, 0x1, 0x13,
    0x88, 0x8c, 0x5, 0x44, 0x40, 0x1e, 0x42, 0xfb,
    0x3c, 0xef, 0x9b, 0x0,

    /* U+20A9 "₩" */
    0x5, 0xd0, 0xd, 0x3a, 0x1, 0xaa, 0x1, 0x88,
    0x2, 0x26, 0x20, 0x8, 0x96, 0x40, 0x80, 0x80,
    0x10, 0xe0, 0x20, 0x8, 0x71, 0x3a, 0xe, 0xbc,
    0x54, 0xd, 0xbc, 0x54, 0x33, 0x59, 0xd5, 0xbc,
    0x62, 0x55, 0xbb, 0xb0, 0xda, 0xca, 0x31, 0x2e,
    0xcb, 0x18, 0x88, 0xb0, 0x6b, 0x64, 0x9, 0xcb,
    0x85, 0x78, 0xcb, 0x0, 0xb5, 0x49, 0x80, 0x4,
    0x8a, 0xe0, 0x1c, 0xc1, 0x60, 0x13, 0x4, 0x80,
    0x60,

    /* U+20AB "₫" */
    0x0, 0xfd, 0xe4, 0x1, 0xe8, 0xbc, 0x9, 0x0,
    0xf4, 0x5c, 0x9d, 0x80, 0x69, 0xff, 0x56, 0x28,
    0x6, 0xc2, 0xcd, 0x6, 0xf0, 0x9, 0xa, 0xcc,
    0xac, 0x8, 0x2, 0xc4, 0x0, 0x84, 0x14, 0x3,
    0x8, 0x4, 0xa2, 0x20, 0xa, 0xd1, 0x45, 0x6d,
    0x40, 0x31, 0xcd, 0xf4, 0xa9, 0x80, 0x73, 0x77,
    0xe5, 0xc0, 0x4, 0x37, 0x7e, 0x20, 0x8,

    /* U+20AC "€" */
    0x0, 0xcf, 0xbf, 0xeb, 0x30, 0xa, 0xea, 0xf2,
    0xc6, 0x0, 0x10, 0xd8, 0xc6, 0x95, 0x67, 0x6e,
    0x15, 0x76, 0x20, 0x1, 0xc0, 0x6d, 0xdc, 0x40,
    0x6, 0xf0, 0xbb, 0xa4, 0x2, 0x6d, 0xf, 0xbb,
    0x48, 0x6, 0x16, 0xa6, 0x33, 0x46, 0x0, 0x53,
    0x2b, 0xcc, 0x1f, 0x80,

    /* U+20AD "₭" */
    0x0, 0x3d, 0x80, 0xb, 0x9c, 0x1, 0xa6, 0x5,
    0x90, 0xe0, 0x7, 0xd2, 0xc8, 0x60, 0x8, 0x83,
    0x21, 0x80, 0xd, 0xc1, 0x43, 0x1c, 0x60, 0xd0,
    0x72, 0x3f, 0xc6, 0x0, 0xf5, 0x65, 0xb0, 0xc,
    0xbe, 0x12, 0xa8, 0x1, 0x1a, 0x81, 0x4d, 0x0,
    0x0,

    /* U+20AE "₮" */
    0x6f, 0xff, 0x43, 0xee, 0x8d, 0xf7, 0x50, 0x24,
    0x56, 0x30, 0x6, 0x11, 0x79, 0x10, 0x0, 0xba,
    0x33, 0xc0, 0x5, 0x34, 0x1a, 0x90, 0x3, 0xfb,
    0x3c, 0x8, 0x1, 0x20, 0xf4, 0x3, 0x30, 0x93,
    0x80, 0x60,

    /* U+20B1 "₱" */
    0x0, 0x37, 0xfe, 0xa1, 0x0, 0xdc, 0xbb, 0xac,
    0x6a, 0x0, 0xad, 0xdd, 0x32, 0x81, 0x4b, 0x43,
    0x0, 0x8, 0x7, 0x90, 0xe8, 0x36, 0xed, 0xe7,
    0x36, 0x0, 0x50, 0xef, 0xf5, 0x4b, 0x0, 0x46,
    0x9b, 0xb7, 0x38, 0x6, 0xd3, 0x22, 0x80, 0x3c,
    0xfa, 0x1, 0xf8,

    /* U+20B2 "₲" */
    0x0, 0xe4, 0x70, 0xf, 0xc6, 0x60, 0xf, 0x3e,
    0xc5, 0xd8, 0xc0, 0x2c, 0x9b, 0x2c, 0x3e, 0x0,
    0x40, 0xfb, 0x30, 0xe3, 0x40, 0xf, 0x22, 0x66,
    0x0, 0xc6, 0x8, 0xb, 0xc0, 0xc6, 0xe, 0x1,
    0x7a, 0x84, 0x0, 0x14, 0xc, 0x8, 0xc4, 0x46,
    0x2, 0xda, 0xce, 0x96, 0x40, 0x14, 0xca, 0xce,
    0x83, 0xc0, 0x33, 0xcc, 0x75, 0x10, 0x7, 0x3a,
    0x80, 0x70,

    /* U+20B4 "₴" */
    0x0, 0x3e, 0xff, 0x50, 0x7, 0x4e, 0xe9, 0xe0,
    0x2, 0x74, 0x23, 0x70, 0x3, 0x5d, 0xec, 0x74,
    0x16, 0xbb, 0xd9, 0xb8, 0x37, 0xb9, 0x77, 0xa4,
    0x34, 0x32, 0xef, 0x48, 0x0, 0xd0, 0x8e, 0x20,
    0x0, 0x66, 0x56, 0xe8, 0x68, 0x0,

    /* U+20B5 "₵" */
    0x0, 0xe4, 0x70, 0xf, 0x8c, 0xc0, 0x1c, 0xfb,
    0x17, 0x62, 0x0, 0x65, 0x59, 0x58, 0xc8, 0x40,
    0xe3, 0x31, 0x2a, 0xc1, 0xe4, 0x4c, 0xc0, 0x11,
    0x82, 0x2, 0xf0, 0x4, 0xe0, 0x17, 0xa8, 0x4,
    0xa0, 0x60, 0x46, 0x1, 0xb, 0x6b, 0x39, 0xce,
    0x0, 0x26, 0x56, 0x7a, 0x7c, 0x1, 0x3c, 0xc7,
    0x51, 0x0, 0x67, 0x50, 0xc,

    /* U+20B8 "₸" */
    0x1b, 0xbf, 0x40, 0xdd, 0xfa, 0x16, 0xed, 0x98,
    0xbb, 0x22, 0xdd, 0x86, 0xae, 0xc8, 0x1, 0x12,
    0x0, 0x71, 0x81, 0x0, 0x72, 0x98, 0x7, 0xb1,
    0x40, 0x3c, 0xfe, 0x1, 0x80,

    /* U+20B9 "₹" */
    0x4, 0x66, 0xf8, 0x0, 0xe4, 0x57, 0xc9, 0x90,
    0x2, 0x7f, 0xe2, 0x9, 0x30, 0x5, 0x5d, 0xe1,
    0x87, 0x0, 0xe1, 0x93, 0x40, 0xa, 0x7b, 0xa2,
    0xf0, 0xd, 0x1f, 0xa1, 0x24, 0x1, 0x84, 0x46,
    0xd0, 0x1, 0xfa, 0xd4, 0x80, 0x20,

    /* U+20BA "₺" */
    0x0, 0x36, 0x80, 0xc, 0x3, 0x7b, 0x9d, 0x20,
    0x6, 0x57, 0xb8, 0x30, 0x0, 0xc9, 0xc0, 0x43,
    0x0, 0xf, 0x43, 0xee, 0x8a, 0x5, 0xe4, 0x68,
    0xc1, 0x1c, 0x5d, 0x54, 0x1, 0x43, 0x81, 0x19,
    0x11, 0x74, 0x20, 0x0, 0xad, 0xb3, 0x58, 0x0,

    /* U+20BC "₼" */
    0x0, 0xf7, 0x80, 0x7e, 0x32, 0x0, 0xfc, 0xae,
    0x1, 0xc3, 0x3b, 0x2b, 0xaa, 0x1, 0x68, 0x61,
    0x5c, 0xd0, 0x1, 0xa, 0x44, 0x95, 0x4, 0xc3,
    0x1c, 0xc, 0x84, 0x4, 0x81, 0x30, 0xf, 0x40,
    0xc4, 0x40, 0x6e, 0x1, 0x95, 0x40,

    /* U+20BD "₽" */
    0x0, 0x3f, 0xfd, 0xd4, 0x1, 0x6b, 0x6e, 0xa9,
    0xe4, 0x0, 0xf8, 0x44, 0x4b, 0x40, 0x1, 0x38,
    0x5, 0xcc, 0x6, 0x4, 0x0, 0x57, 0xe0, 0x50,
    0xff, 0xae, 0x54, 0x3d, 0x77, 0x5d, 0xc6, 0xb,
    0x67, 0xee, 0x18, 0x5, 0x61, 0xd9, 0x82, 0x0,
    0x80,

    /* U+2190 "←" */
    0x7, 0x80, 0x8, 0xaa, 0x0, 0x28, 0x2e, 0xe9,
    0x64, 0xbb, 0xa5, 0x35, 0x80, 0xd, 0x10, 0x0,
    0x80,

    /* U+2191 "↑" */
    0x3, 0xc5, 0x0, 0x3f, 0x9f, 0x50, 0x16, 0xd,
    0x78, 0x28, 0x4, 0xa0, 0x1f, 0xd4, 0x20, 0x0,

    /* U+2192 "→" */
    0x0, 0x96, 0x40, 0x39, 0x56, 0x2, 0xee, 0x8e,
    0xc0, 0xbb, 0xa4, 0x80, 0xc, 0xa0, 0xc0, 0x19,
    0x6c, 0x0,

    /* U+2193 "↓" */
    0x0, 0x70, 0x7, 0xc2, 0x1, 0xe, 0xb0, 0x2e,
    0x6e, 0xf, 0x60, 0xd6, 0x58, 0x80,

    /* U+2194 "↔" */
    0x3, 0xb0, 0x3, 0x48, 0x3, 0xa0, 0x0, 0xca,
    0x8c, 0x5b, 0xdd, 0x1c, 0x39, 0x67, 0x74, 0x72,
    0x33, 0xc0, 0x6, 0x62, 0x82, 0x60, 0x1, 0xa8,
    0x0,

    /* U+2195 "↕" */
    0x2, 0xa3, 0x0, 0x37, 0xaf, 0x40, 0xe, 0xe,
    0x78, 0x38, 0x80, 0x1c, 0x3, 0xeb, 0x50, 0x5c,
    0xa, 0xe1, 0x9f, 0x1, 0xbb, 0x69, 0x80,

    /* U+2196 "↖" */
    0x5, 0x8b, 0x24, 0xa1, 0xa2, 0x36, 0x75, 0xe,
    0xbc, 0xa4, 0x82, 0x26, 0x60,

    /* U+2197 "↗" */
    0x8, 0x96, 0x10, 0x4, 0xe4, 0xc0, 0x0, 0x65,
    0x94, 0x1, 0x89, 0x20, 0x4, 0x44, 0x7, 0x0,

    /* U+2198 "↘" */
    0x24, 0x0, 0xc3, 0x48, 0x14, 0x7, 0xb4, 0x8c,
    0x0, 0x3d, 0xb6, 0x0, 0x57, 0x2f, 0x0, 0x2b,
    0x69, 0x0,

    /* U+2199 "↙" */
    0x0, 0x85, 0xa0, 0x87, 0x7, 0xd7, 0x29, 0xce,
    0x11, 0xc1, 0x5c, 0xb4, 0x80,

    /* U+2500 "─" */
    0x1d, 0xdf, 0x90, 0x7f, 0xfe, 0x40,

    /* U+2550 "═" */
    0x1d, 0xdf, 0x90, 0x7f, 0xfe, 0x41, 0xff, 0xf9,
    0x7, 0xff, 0xe4,

    /* U+2551 "║" */
    0x30, 0x3e, 0x1c, 0x0, 0xff, 0xed, 0x80,

    /* U+2554 "╔" */
    0xbd, 0xdc, 0x6d, 0xdf, 0xf1, 0x81, 0x7f, 0xc6,
    0x0, 0x2f, 0xf1, 0x80, 0x44, 0x40, 0xf, 0xfe,
    0x3b, 0x8a, 0x0, 0x40,

    /* U+2557 "╗" */
    0x2d, 0xde, 0x2f, 0xfc, 0x44, 0xff, 0x8c, 0xb,
    0xfc, 0x60, 0x11, 0x10, 0xc0, 0x3f, 0xf9, 0x6e,
    0x28,

    /* U+255A "╚" */
    0x30, 0x30, 0xb, 0x87, 0x0, 0x3f, 0xfa, 0x59,
    0x83, 0x0, 0x6f, 0x70, 0xc3, 0x3f, 0xe3, 0xff,
    0xe3,

    /* U+255D "╝" */
    0x0, 0x8c, 0xc, 0x2, 0xe1, 0xc0, 0xf, 0xfe,
    0x61, 0x66, 0x8, 0x0, 0x5d, 0xcd, 0x10, 0x2f,
    0xfb, 0x40, 0xbf, 0xf6, 0x80,

    /* U+2588 "█" */
    0x4, 0x4f, 0x84, 0xae, 0xfe, 0x40, 0xf, 0xff,
    0xf8, 0x7, 0xff, 0x78,

    /* U+2594 "▔" */
    0x0, 0xfe, 0x2f, 0xff, 0x94, 0xc8, 0xbe, 0x10,

    /* U+25A0 "■" */
    0xee, 0xf8, 0x84, 0x7f, 0x0, 0x7f, 0xf7, 0x33,
    0x3e, 0x30
};


/*---------------------
 *  GLYPH DESCRIPTION
 *--------------------*/

static const lv_font_fmt_txt_glyph_dsc_t glyph_dsc[] = {
    {.bitmap_index = 0, .adv_w = 0, .box_w = 0, .box_h = 0, .ofs_x = 0, .ofs_y = 0} /* id = 0 reserved */,
    {.bitmap_index = 0, .adv_w = 52, .box_w = 0, .box_h = 0, .ofs_x = 0, .ofs_y = 0},
    {.bitmap_index = 0, .adv_w = 51, .box_w = 4, .box_h = 9, .ofs_x = 0, .ofs_y = 0},
    {.bitmap_index = 19, .adv_w = 75, .box_w = 4, .box_h = 4, .ofs_x = 1, .ofs_y = 5},
    {.bitmap_index = 27, .adv_w = 135, .box_w = 9, .box_h = 9, .ofs_x = 0, .ofs_y = 0},
    {.bitmap_index = 67, .adv_w = 119, .box_w = 8, .box_h = 13, .ofs_x = 0, .ofs_y = -2},
    {.bitmap_index = 114, .adv_w = 162, .box_w = 9, .box_h = 9, .ofs_x = 1, .ofs_y = 0},
    {.bitmap_index = 155, .adv_w = 132, .box_w = 8, .box_h = 10, .ofs_x = 0, .ofs_y = -1},
    {.bitmap_index = 195, .adv_w = 40, .box_w = 2, .box_h = 4, .ofs_x = 1, .ofs_y = 5},
    {.bitmap_index = 199, .adv_w = 65, .box_w = 5, .box_h = 13, .ofs_x = 0, .ofs_y = -3},
    {.bitmap_index = 230, .adv_w = 65, .box_w = 5, .box_h = 13, .ofs_x = -1, .ofs_y = -3},
    {.bitmap_index = 261, .adv_w = 77, .box_w = 6, .box_h = 5, .ofs_x = 0, .ofs_y = 5},
    {.bitmap_index = 276, .adv_w = 112, .box_w = 7, .box_h = 7, .ofs_x = 0, .ofs_y = 1},
    {.bitmap_index = 298, .adv_w = 44, .box_w = 3, .box_h = 4, .ofs_x = -1, .ofs_y = -2},
    {.bitmap_index = 305, .adv_w = 74, .box_w = 5, .box_h = 2, .ofs_x = 0, .ofs_y = 2},
    {.bitmap_index = 311, .adv_w = 44, .box_w = 2, .box_h = 2, .ofs_x = 0, .ofs_y = 0},
    {.bitmap_index = 313, .adv_w = 68, .box_w = 9, .box_h = 13, .ofs_x = -2, .ofs_y = -1},
    {.bitmap_index = 354, .adv_w = 128, .box_w = 8, .box_h = 9, .ofs_x = 0, .ofs_y = 0},
    {.bitmap_index = 389, .adv_w = 71, .box_w = 5, .box_h = 9, .ofs_x = 0, .ofs_y = 0},
    {.bitmap_index = 411, .adv_w = 110, .box_w = 8, .box_h = 9, .ofs_x = -1, .ofs_y = 0},
    {.bitmap_index = 445, .adv_w = 110, .box_w = 9, .box_h = 9, .ofs_x = -1, .ofs_y = 0},
    {.bitmap_index = 482, .adv_w = 128, .box_w = 8, .box_h = 9, .ofs_x = 0, .ofs_y = 0},
    {.bitmap_index = 515, .adv_w = 110, .box_w = 9, .box_h = 9, .ofs_x = -1, .ofs_y = 0},
    {.bitmap_index = 552, .adv_w = 118, .box_w = 8, .box_h = 9, .ofs_x = 0, .ofs_y = 0},
    {.bitmap_index = 589, .adv_w = 115, .box_w = 8, .box_h = 9, .ofs_x = 0, .ofs_y = 0},
    {.bitmap_index = 620, .adv_w = 124, .box_w = 8, .box_h = 9, .ofs_x = 0, .ofs_y = 0},
    {.bitmap_index = 657, .adv_w = 118, .box_w = 8, .box_h = 9, .ofs_x = 0, .ofs_y = 0},
    {.bitmap_index = 694, .adv_w = 44, .box_w = 3, .box_h = 7, .ofs_x = 0, .ofs_y = 0},
    {.bitmap_index = 704, .adv_w = 44, .box_w = 4, .box_h = 9, .ofs_x = -1, .ofs_y = -2},
    {.bitmap_index = 720, .adv_w = 112, .box_w = 7, .box_h = 7, .ofs_x = 0, .ofs_y = 1},
    {.bitmap_index = 743, .adv_w = 112, .box_w = 7, .box_h = 5, .ofs_x = 0, .ofs_y = 2},
    {.bitmap_index = 756, .adv_w = 112, .box_w = 7, .box_h = 7, .ofs_x = 0, .ofs_y = 1},
    {.bitmap_index = 780, .adv_w = 110, .box_w = 7, .box_h = 9, .ofs_x = 0, .ofs_y = 0},
    {.bitmap_index = 809, .adv_w = 199, .box_w = 12, .box_h = 12, .ofs_x = 0, .ofs_y = -3},
    {.bitmap_index = 878, .adv_w = 141, .box_w = 10, .box_h = 9, .ofs_x = -1, .ofs_y = 0},
    {.bitmap_index = 917, .adv_w = 145, .box_w = 9, .box_h = 9, .ofs_x = 0, .ofs_y = 0},
    {.bitmap_index = 957, .adv_w = 139, .box_w = 9, .box_h = 9, .ofs_x = 0, .ofs_y = 0},
    {.bitmap_index = 992, .adv_w = 159, .box_w = 10, .box_h = 9, .ofs_x = 0, .ofs_y = 0},
    {.bitmap_index = 1034, .adv_w = 129, .box_w = 9, .box_h = 9, .ofs_x = 0, .ofs_y = 0},
    {.bitmap_index = 1070, .adv_w = 122, .box_w = 9, .box_h = 9, .ofs_x = 0, .ofs_y = 0},
    {.bitmap_index = 1103, .adv_w = 148, .box_w = 10, .box_h = 9, .ofs_x = 0, .ofs_y = 0},
    {.bitmap_index = 1145, .adv_w = 156, .box_w = 10, .box_h = 9, .ofs_x = 0, .ofs_y = 0},
    {.bitmap_index = 1187, .adv_w = 60, .box_w = 4, .box_h = 9, .ofs_x = 0, .ofs_y = 0},
    {.bitmap_index = 1206, .adv_w = 96, .box_w = 8, .box_h = 9, .ofs_x = -1, .ofs_y = 0},
    {.bitmap_index = 1237, .adv_w = 138, .box_w = 10, .box_h = 9, .ofs_x = 0, .ofs_y = 0},
    {.bitmap_index = 1281, .adv_w = 114, .box_w = 7, .box_h = 9, .ofs_x = 0, .ofs_y = 0},
    {.bitmap_index = 1307, .adv_w = 183, .box_w = 12, .box_h = 9, .ofs_x = 0, .ofs_y = 0},
    {.bitmap_index = 1362, .adv_w = 156, .box_w = 10, .box_h = 9, .ofs_x = 0, .ofs_y = 0},
    {.bitmap_index = 1408, .adv_w = 161, .box_w = 10, .box_h = 9, .ofs_x = 0, .ofs_y = 0},
    {.bitmap_index = 1449, .adv_w = 139, .box_w = 9, .box_h = 9, .ofs_x = 0, .ofs_y = 0},
    {.bitmap_index = 1488, .adv_w = 161, .box_w = 10, .box_h = 12, .ofs_x = 0, .ofs_y = -3},
    {.bitmap_index = 1541, .adv_w = 140, .box_w = 9, .box_h = 9, .ofs_x = 0, .ofs_y = 0},
    {.bitmap_index = 1582, .adv_w = 119, .box_w = 8, .box_h = 9, .ofs_x = 0, .ofs_y = 0},
    {.bitmap_index = 1617, .adv_w = 113, .box_w = 9, .box_h = 9, .ofs_x = 0, .ofs_y = 0},
    {.bitmap_index = 1647, .adv_w = 147, .box_w = 10, .box_h = 9, .ofs_x = 0, .ofs_y = 0},
    {.bitmap_index = 1690, .adv_w = 137, .box_w = 9, .box_h = 9, .ofs_x = 1, .ofs_y = 0},
    {.bitmap_index = 1726, .adv_w = 212, .box_w = 14, .box_h = 9, .ofs_x = 1, .ofs_y = 0},
    {.bitmap_index = 1786, .adv_w = 129, .box_w = 10, .box_h = 9, .ofs_x = -1, .ofs_y = 0},
    {.bitmap_index = 1827, .adv_w = 128, .box_w = 8, .box_h = 9, .ofs_x = 1, .ofs_y = 0},
    {.bitmap_index = 1858, .adv_w = 126, .box_w = 10, .box_h = 9, .ofs_x = -1, .ofs_y = 0},
    {.bitmap_index = 1895, .adv_w = 64, .box_w = 5, .box_h = 13, .ofs_x = 0, .ofs_y = -3},
    {.bitmap_index = 1928, .adv_w = 68, .box_w = 4, .box_h = 13, .ofs_x = 0, .ofs_y = -1},
    {.bitmap_index = 1956, .adv_w = 64, .box_w = 5, .box_h = 13, .ofs_x = -1, .ofs_y = -3},
    {.bitmap_index = 1989, .adv_w = 112, .box_w = 6, .box_h = 6, .ofs_x = 0, .ofs_y = 2},
    {.bitmap_index = 2007, .adv_w = 96, .box_w = 7, .box_h = 1, .ofs_x = -1, .ofs_y = -1},
    {.bitmap_index = 2010, .adv_w = 115, .box_w = 4, .box_h = 2, .ofs_x = 2, .ofs_y = 8},
    {.bitmap_index = 2014, .adv_w = 131, .box_w = 8, .box_h = 7, .ofs_x = 0, .ofs_y = 0},
    {.bitmap_index = 2042, .adv_w = 131, .box_w = 8, .box_h = 10, .ofs_x = 0, .ofs_y = 0},
    {.bitmap_index = 2079, .adv_w = 110, .box_w = 7, .box_h = 7, .ofs_x = 0, .ofs_y = 0},
    {.bitmap_index = 2102, .adv_w = 131, .box_w = 9, .box_h = 10, .ofs_x = 0, .ofs_y = 0},
    {.bitmap_index = 2143, .adv_w = 117, .box_w = 7, .box_h = 7, .ofs_x = 0, .ofs_y = 0},
    {.bitmap_index = 2168, .adv_w = 68, .box_w = 6, .box_h = 10, .ofs_x = 0, .ofs_y = 0},
    {.bitmap_index = 2197, .adv_w = 132, .box_w = 8, .box_h = 10, .ofs_x = 0, .ofs_y = -3},
    {.bitmap_index = 2236, .adv_w = 131, .box_w = 8, .box_h = 10, .ofs_x = 0, .ofs_y = 0},
    {.bitmap_index = 2274, .adv_w = 54, .box_w = 4, .box_h = 10, .ofs_x = 0, .ofs_y = 0},
    {.bitmap_index = 2296, .adv_w = 55, .box_w = 7, .box_h = 13, .ofs_x = -3, .ofs_y = -3},
    {.bitmap_index = 2332, .adv_w = 117, .box_w = 8, .box_h = 10, .ofs_x = 0, .ofs_y = 0},
    {.bitmap_index = 2370, .adv_w = 54, .box_w = 4, .box_h = 10, .ofs_x = 0, .ofs_y = 0},
    {.bitmap_index = 2392, .adv_w = 203, .box_w = 12, .box_h = 7, .ofs_x = 0, .ofs_y = 0},
    {.bitmap_index = 2435, .adv_w = 131, .box_w = 8, .box_h = 7, .ofs_x = 0, .ofs_y = 0},
    {.bitmap_index = 2464, .adv_w = 122, .box_w = 8, .box_h = 7, .ofs_x = 0, .ofs_y = 0},
    {.bitmap_index = 2492, .adv_w = 131, .box_w = 8, .box_h = 10, .ofs_x = 0, .ofs_y = -3},
    {.bitmap_index = 2529, .adv_w = 131, .box_w = 8, .box_h = 10, .ofs_x = 0, .ofs_y = -3},
    {.bitmap_index = 2567, .adv_w = 79, .box_w = 6, .box_h = 7, .ofs_x = 0, .ofs_y = 0},
    {.bitmap_index = 2588, .adv_w = 96, .box_w = 7, .box_h = 7, .ofs_x = -1, .ofs_y = 0},
    {.bitmap_index = 2613, .adv_w = 80, .box_w = 5, .box_h = 9, .ofs_x = 0, .ofs_y = 0},
    {.bitmap_index = 2635, .adv_w = 130, .box_w = 8, .box_h = 7, .ofs_x = 0, .ofs_y = 0},
    {.bitmap_index = 2663, .adv_w = 107, .box_w = 8, .box_h = 7, .ofs_x = 0, .ofs_y = 0},
    {.bitmap_index = 2690, .adv_w = 173, .box_w = 12, .box_h = 7, .ofs_x = 0, .ofs_y = 0},
    {.bitmap_index = 2733, .adv_w = 106, .box_w = 8, .box_h = 7, .ofs_x = -1, .ofs_y = 0},
    {.bitmap_index = 2761, .adv_w = 107, .box_w = 10, .box_h = 10, .ofs_x = -2, .ofs_y = -3},
    {.bitmap_index = 2803, .adv_w = 100, .box_w = 8, .box_h = 7, .ofs_x = -1, .ofs_y = 0},
    {.bitmap_index = 2829, .adv_w = 68, .box_w = 6, .box_h = 13, .ofs_x = 0, .ofs_y = -3},
    {.bitmap_index = 2863, .adv_w = 57, .box_w = 4, .box_h = 13, .ofs_x = 0, .ofs_y = -3},
    {.bitmap_index = 2891, .adv_w = 68, .box_w = 5, .box_h = 13, .ofs_x = -1, .ofs_y = -3},
    {.bitmap_index = 2925, .adv_w = 112, .box_w = 7, .box_h = 2, .ofs_x = 0, .ofs_y = 3},
    {.bitmap_index = 2932, .adv_w = 52, .box_w = 0, .box_h = 0, .ofs_x = 0, .ofs_y = 0},
    {.bitmap_index = 2932, .adv_w = 51, .box_w = 4, .box_h = 10, .ofs_x = -1, .ofs_y = -3},
    {.bitmap_index = 2954, .adv_w = 110, .box_w = 7, .box_h = 11, .ofs_x = 0, .ofs_y = -2},
    {.bitmap_index = 2990, .adv_w = 124, .box_w = 10, .box_h = 9, .ofs_x = -1, .ofs_y = 0},
    {.bitmap_index = 3028, .adv_w = 134, .box_w = 9, .box_h = 9, .ofs_x = 0, .ofs_y = 0},
    {.bitmap_index = 3068, .adv_w = 136, .box_w = 10, .box_h = 9, .ofs_x = 0, .ofs_y = 0},
    {.bitmap_index = 3111, .adv_w = 57, .box_w = 4, .box_h = 13, .ofs_x = 0, .ofs_y = -3},
    {.bitmap_index = 3135, .adv_w = 96, .box_w = 8, .box_h = 12, .ofs_x = -1, .ofs_y = -3},
    {.bitmap_index = 3185, .adv_w = 115, .box_w = 5, .box_h = 3, .ofs_x = 2, .ofs_y = 7},
    {.bitmap_index = 3192, .adv_w = 154, .box_w = 10, .box_h = 10, .ofs_x = 0, .ofs_y = 0},
    {.bitmap_index = 3238, .adv_w = 78, .box_w = 5, .box_h = 4, .ofs_x = 1, .ofs_y = 5},
    {.bitmap_index = 3248, .adv_w = 97, .box_w = 7, .box_h = 6, .ofs_x = 0, .ofs_y = 1},
    {.bitmap_index = 3267, .adv_w = 112, .box_w = 7, .box_h = 4, .ofs_x = 0, .ofs_y = 1},
    {.bitmap_index = 3278, .adv_w = 116, .box_w = 5, .box_h = 1, .ofs_x = 1, .ofs_y = 3},
    {.bitmap_index = 3281, .adv_w = 154, .box_w = 10, .box_h = 10, .ofs_x = 0, .ofs_y = 0},
    {.bitmap_index = 3330, .adv_w = 115, .box_w = 6, .box_h = 1, .ofs_x = 1, .ofs_y = 8},
    {.bitmap_index = 3333, .adv_w = 80, .box_w = 5, .box_h = 5, .ofs_x = 1, .ofs_y = 5},
    {.bitmap_index = 3346, .adv_w = 112, .box_w = 7, .box_h = 8, .ofs_x = 0, .ofs_y = 0},
    {.bitmap_index = 3371, .adv_w = 83, .box_w = 6, .box_h = 5, .ofs_x = 0, .ofs_y = 4},
    {.bitmap_index = 3386, .adv_w = 83, .box_w = 6, .box_h = 5, .ofs_x = 0, .ofs_y = 4},
    {.bitmap_index = 3401, .adv_w = 115, .box_w = 4, .box_h = 2, .ofs_x = 3, .ofs_y = 8},
    {.bitmap_index = 3406, .adv_w = 131, .box_w = 8, .box_h = 10, .ofs_x = 0, .ofs_y = -3},
    {.bitmap_index = 3444, .adv_w = 124, .box_w = 8, .box_h = 11, .ofs_x = 0, .ofs_y = -1},
    {.bitmap_index = 3488, .adv_w = 51, .box_w = 3, .box_h = 2, .ofs_x = 0, .ofs_y = 3},
    {.bitmap_index = 3491, .adv_w = 115, .box_w = 3, .box_h = 4, .ofs_x = 1, .ofs_y = -3},
    {.bitmap_index = 3497, .adv_w = 83, .box_w = 4, .box_h = 5, .ofs_x = 1, .ofs_y = 4},
    {.bitmap_index = 3508, .adv_w = 80, .box_w = 5, .box_h = 4, .ofs_x = 1, .ofs_y = 5},
    {.bitmap_index = 3519, .adv_w = 97, .box_w = 7, .box_h = 6, .ofs_x = -1, .ofs_y = 1},
    {.bitmap_index = 3538, .adv_w = 199, .box_w = 11, .box_h = 10, .ofs_x = 1, .ofs_y = -1},
    {.bitmap_index = 3590, .adv_w = 199, .box_w = 11, .box_h = 9, .ofs_x = 1, .ofs_y = 0},
    {.bitmap_index = 3640, .adv_w = 199, .box_w = 12, .box_h = 10, .ofs_x = 0, .ofs_y = -1},
    {.bitmap_index = 3699, .adv_w = 110, .box_w = 7, .box_h = 10, .ofs_x = 0, .ofs_y = -3},
    {.bitmap_index = 3731, .adv_w = 141, .box_w = 10, .box_h = 12, .ofs_x = -1, .ofs_y = 0},
    {.bitmap_index = 3779, .adv_w = 141, .box_w = 10, .box_h = 12, .ofs_x = -1, .ofs_y = 0},
    {.bitmap_index = 3828, .adv_w = 141, .box_w = 10, .box_h = 12, .ofs_x = -1, .ofs_y = 0},
    {.bitmap_index = 3878, .adv_w = 141, .box_w = 10, .box_h = 12, .ofs_x = -1, .ofs_y = 0},
    {.bitmap_index = 3929, .adv_w = 141, .box_w = 10, .box_h = 12, .ofs_x = -1, .ofs_y = 0},
    {.bitmap_index = 3977, .adv_w = 141, .box_w = 10, .box_h = 13, .ofs_x = -1, .ofs_y = 0},
    {.bitmap_index = 4028, .adv_w = 201, .box_w = 14, .box_h = 9, .ofs_x = -1, .ofs_y = 0},
    {.bitmap_index = 4079, .adv_w = 139, .box_w = 9, .box_h = 12, .ofs_x = 0, .ofs_y = -3},
    {.bitmap_index = 4126, .adv_w = 129, .box_w = 9, .box_h = 12, .ofs_x = 0, .ofs_y = 0},
    {.bitmap_index = 4171, .adv_w = 129, .box_w = 9, .box_h = 12, .ofs_x = 0, .ofs_y = 0},
    {.bitmap_index = 4216, .adv_w = 129, .box_w = 9, .box_h = 12, .ofs_x = 0, .ofs_y = 0},
    {.bitmap_index = 4263, .adv_w = 129, .box_w = 9, .box_h = 12, .ofs_x = 0, .ofs_y = 0},
    {.bitmap_index = 4308, .adv_w = 60, .box_w = 4, .box_h = 12, .ofs_x = 0, .ofs_y = 0},
    {.bitmap_index = 4334, .adv_w = 60, .box_w = 6, .box_h = 12, .ofs_x = 0, .ofs_y = 0},
    {.bitmap_index = 4366, .adv_w = 60, .box_w = 6, .box_h = 12, .ofs_x = 0, .ofs_y = 0},
    {.bitmap_index = 4399, .adv_w = 60, .box_w = 5, .box_h = 12, .ofs_x = 0, .ofs_y = 0},
    {.bitmap_index = 4428, .adv_w = 160, .box_w = 10, .box_h = 9, .ofs_x = 0, .ofs_y = 0},
    {.bitmap_index = 4473, .adv_w = 156, .box_w = 10, .box_h = 12, .ofs_x = 0, .ofs_y = 0},
    {.bitmap_index = 4531, .adv_w = 161, .box_w = 10, .box_h = 12, .ofs_x = 0, .ofs_y = 0},
    {.bitmap_index = 4581, .adv_w = 161, .box_w = 10, .box_h = 12, .ofs_x = 0, .ofs_y = 0},
    {.bitmap_index = 4632, .adv_w = 161, .box_w = 10, .box_h = 12, .ofs_x = 0, .ofs_y = 0},
    {.bitmap_index = 4684, .adv_w = 161, .box_w = 10, .box_h = 12, .ofs_x = 0, .ofs_y = 0},
    {.bitmap_index = 4737, .adv_w = 161, .box_w = 10, .box_h = 13, .ofs_x = 0, .ofs_y = 0},
    {.bitmap_index = 4791, .adv_w = 112, .box_w = 6, .box_h = 6, .ofs_x = 1, .ofs_y = 2},
    {.bitmap_index = 4808, .adv_w = 161, .box_w = 10, .box_h = 11, .ofs_x = 0, .ofs_y = -1},
    {.bitmap_index = 4862, .adv_w = 147, .box_w = 10, .box_h = 12, .ofs_x = 0, .ofs_y = 0},
    {.bitmap_index = 4915, .adv_w = 147, .box_w = 10, .box_h = 12, .ofs_x = 0, .ofs_y = 0},
    {.bitmap_index = 4968, .adv_w = 147, .box_w = 10, .box_h = 12, .ofs_x = 0, .ofs_y = 0},
    {.bitmap_index = 5021, .adv_w = 147, .box_w = 10, .box_h = 13, .ofs_x = 0, .ofs_y = 0},
    {.bitmap_index = 5077, .adv_w = 128, .box_w = 8, .box_h = 12, .ofs_x = 1, .ofs_y = 0},
    {.bitmap_index = 5119, .adv_w = 139, .box_w = 9, .box_h = 9, .ofs_x = 0, .ofs_y = 0},
    {.bitmap_index = 5158, .adv_w = 130, .box_w = 8, .box_h = 10, .ofs_x = 0, .ofs_y = 0},
    {.bitmap_index = 5198, .adv_w = 131, .box_w = 8, .box_h = 10, .ofs_x = 0, .ofs_y = 0},
    {.bitmap_index = 5235, .adv_w = 131, .box_w = 8, .box_h = 10, .ofs_x = 0, .ofs_y = 0},
    {.bitmap_index = 5272, .adv_w = 131, .box_w = 8, .box_h = 10, .ofs_x = 0, .ofs_y = 0},
    {.bitmap_index = 5310, .adv_w = 131, .box_w = 8, .box_h = 10, .ofs_x = 0, .ofs_y = 0},
    {.bitmap_index = 5348, .adv_w = 131, .box_w = 8, .box_h = 10, .ofs_x = 0, .ofs_y = 0},
    {.bitmap_index = 5387, .adv_w = 131, .box_w = 8, .box_h = 11, .ofs_x = 0, .ofs_y = 0},
    {.bitmap_index = 5428, .adv_w = 190, .box_w = 12, .box_h = 7, .ofs_x = 0, .ofs_y = 0},
    {.bitmap_index = 5470, .adv_w = 110, .box_w = 7, .box_h = 10, .ofs_x = 0, .ofs_y = -3},
    {.bitmap_index = 5503, .adv_w = 117, .box_w = 7, .box_h = 10, .ofs_x = 0, .ofs_y = 0},
    {.bitmap_index = 5537, .adv_w = 117, .box_w = 7, .box_h = 10, .ofs_x = 0, .ofs_y = 0},
    {.bitmap_index = 5571, .adv_w = 117, .box_w = 7, .box_h = 10, .ofs_x = 0, .ofs_y = 0},
    {.bitmap_index = 5605, .adv_w = 117, .box_w = 7, .box_h = 10, .ofs_x = 0, .ofs_y = 0},
    {.bitmap_index = 5640, .adv_w = 54, .box_w = 4, .box_h = 10, .ofs_x = 0, .ofs_y = 0},
    {.bitmap_index = 5661, .adv_w = 54, .box_w = 5, .box_h = 10, .ofs_x = 0, .ofs_y = 0},
    {.bitmap_index = 5686, .adv_w = 54, .box_w = 5, .box_h = 10, .ofs_x = 0, .ofs_y = 0},
    {.bitmap_index = 5712, .adv_w = 54, .box_w = 5, .box_h = 10, .ofs_x = 0, .ofs_y = 0},
    {.bitmap_index = 5737, .adv_w = 113, .box_w = 7, .box_h = 10, .ofs_x = 0, .ofs_y = 0},
    {.bitmap_index = 5773, .adv_w = 131, .box_w = 8, .box_h = 10, .ofs_x = 0, .ofs_y = 0},
    {.bitmap_index = 5813, .adv_w = 122, .box_w = 8, .box_h = 10, .ofs_x = 0, .ofs_y = 0},
    {.bitmap_index = 5850, .adv_w = 122, .box_w = 8, .box_h = 10, .ofs_x = 0, .ofs_y = 0},
    {.bitmap_index = 5887, .adv_w = 122, .box_w = 8, .box_h = 10, .ofs_x = 0, .ofs_y = 0},
    {.bitmap_index = 5925, .adv_w = 122, .box_w = 8, .box_h = 10, .ofs_x = 0, .ofs_y = 0},
    {.bitmap_index = 5964, .adv_w = 122, .box_w = 8, .box_h = 10, .ofs_x = 0, .ofs_y = 0},
    {.bitmap_index = 6002, .adv_w = 112, .box_w = 7, .box_h = 7, .ofs_x = 0, .ofs_y = 1},
    {.bitmap_index = 6022, .adv_w = 122, .box_w = 8, .box_h = 9, .ofs_x = 0, .ofs_y = -1},
    {.bitmap_index = 6058, .adv_w = 130, .box_w = 8, .box_h = 10, .ofs_x = 0, .ofs_y = 0},
    {.bitmap_index = 6095, .adv_w = 130, .box_w = 8, .box_h = 10, .ofs_x = 0, .ofs_y = 0},
    {.bitmap_index = 6132, .adv_w = 130, .box_w = 8, .box_h = 10, .ofs_x = 0, .ofs_y = 0},
    {.bitmap_index = 6171, .adv_w = 130, .box_w = 8, .box_h = 10, .ofs_x = 0, .ofs_y = 0},
    {.bitmap_index = 6210, .adv_w = 107, .box_w = 10, .box_h = 13, .ofs_x = -2, .ofs_y = -3},
    {.bitmap_index = 6262, .adv_w = 131, .box_w = 8, .box_h = 13, .ofs_x = 0, .ofs_y = -3},
    {.bitmap_index = 6308, .adv_w = 107, .box_w = 10, .box_h = 13, .ofs_x = -2, .ofs_y = -3},
    {.bitmap_index = 6361, .adv_w = 141, .box_w = 10, .box_h = 11, .ofs_x = -1, .ofs_y = 0},
    {.bitmap_index = 6407, .adv_w = 131, .box_w = 8, .box_h = 9, .ofs_x = 0, .ofs_y = 0},
    {.bitmap_index = 6441, .adv_w = 141, .box_w = 10, .box_h = 12, .ofs_x = -1, .ofs_y = 0},
    {.bitmap_index = 6491, .adv_w = 131, .box_w = 8, .box_h = 10, .ofs_x = 0, .ofs_y = 0},
    {.bitmap_index = 6530, .adv_w = 141, .box_w = 10, .box_h = 12, .ofs_x = -1, .ofs_y = -3},
    {.bitmap_index = 6579, .adv_w = 131, .box_w = 8, .box_h = 10, .ofs_x = 0, .ofs_y = -3},
    {.bitmap_index = 6618, .adv_w = 139, .box_w = 9, .box_h = 12, .ofs_x = 0, .ofs_y = 0},
    {.bitmap_index = 6663, .adv_w = 110, .box_w = 7, .box_h = 10, .ofs_x = 0, .ofs_y = 0},
    {.bitmap_index = 6695, .adv_w = 139, .box_w = 9, .box_h = 12, .ofs_x = 0, .ofs_y = 0},
    {.bitmap_index = 6741, .adv_w = 110, .box_w = 7, .box_h = 10, .ofs_x = 0, .ofs_y = 0},
    {.bitmap_index = 6774, .adv_w = 139, .box_w = 9, .box_h = 12, .ofs_x = 0, .ofs_y = 0},
    {.bitmap_index = 6818, .adv_w = 110, .box_w = 7, .box_h = 10, .ofs_x = 0, .ofs_y = 0},
    {.bitmap_index = 6848, .adv_w = 139, .box_w = 9, .box_h = 12, .ofs_x = 0, .ofs_y = 0},
    {.bitmap_index = 6894, .adv_w = 110, .box_w = 7, .box_h = 10, .ofs_x = 0, .ofs_y = 0},
    {.bitmap_index = 6927, .adv_w = 159, .box_w = 10, .box_h = 12, .ofs_x = 0, .ofs_y = 0},
    {.bitmap_index = 6979, .adv_w = 131, .box_w = 11, .box_h = 10, .ofs_x = 0, .ofs_y = 0},
    {.bitmap_index = 7027, .adv_w = 160, .box_w = 10, .box_h = 9, .ofs_x = 0, .ofs_y = 0},
    {.bitmap_index = 7072, .adv_w = 131, .box_w = 10, .box_h = 10, .ofs_x = 0, .ofs_y = 0},
    {.bitmap_index = 7119, .adv_w = 129, .box_w = 9, .box_h = 11, .ofs_x = 0, .ofs_y = 0},
    {.bitmap_index = 7162, .adv_w = 117, .box_w = 7, .box_h = 9, .ofs_x = 0, .ofs_y = 0},
    {.bitmap_index = 7194, .adv_w = 129, .box_w = 9, .box_h = 12, .ofs_x = 0, .ofs_y = 0},
    {.bitmap_index = 7241, .adv_w = 117, .box_w = 7, .box_h = 10, .ofs_x = 0, .ofs_y = 0},
    {.bitmap_index = 7276, .adv_w = 129, .box_w = 9, .box_h = 12, .ofs_x = 0, .ofs_y = 0},
    {.bitmap_index = 7320, .adv_w = 117, .box_w = 7, .box_h = 10, .ofs_x = 0, .ofs_y = 0},
    {.bitmap_index = 7353, .adv_w = 129, .box_w = 9, .box_h = 12, .ofs_x = 0, .ofs_y = -3},
    {.bitmap_index = 7399, .adv_w = 117, .box_w = 7, .box_h = 10, .ofs_x = 0, .ofs_y = -3},
    {.bitmap_index = 7432, .adv_w = 129, .box_w = 9, .box_h = 12, .ofs_x = 0, .ofs_y = 0},
    {.bitmap_index = 7479, .adv_w = 117, .box_w = 7, .box_h = 10, .ofs_x = 0, .ofs_y = 0},
    {.bitmap_index = 7515, .adv_w = 148, .box_w = 10, .box_h = 12, .ofs_x = 0, .ofs_y = 0},
    {.bitmap_index = 7568, .adv_w = 132, .box_w = 8, .box_h = 13, .ofs_x = 0, .ofs_y = -3},
    {.bitmap_index = 7617, .adv_w = 148, .box_w = 10, .box_h = 12, .ofs_x = 0, .ofs_y = 0},
    {.bitmap_index = 7671, .adv_w = 132, .box_w = 8, .box_h = 13, .ofs_x = 0, .ofs_y = -3},
    {.bitmap_index = 7721, .adv_w = 148, .box_w = 10, .box_h = 12, .ofs_x = 0, .ofs_y = 0},
    {.bitmap_index = 7772, .adv_w = 132, .box_w = 8, .box_h = 13, .ofs_x = 0, .ofs_y = -3},
    {.bitmap_index = 7819, .adv_w = 148, .box_w = 10, .box_h = 14, .ofs_x = 0, .ofs_y = -5},
    {.bitmap_index = 7877, .adv_w = 132, .box_w = 8, .box_h = 13, .ofs_x = 0, .ofs_y = -3},
    {.bitmap_index = 7924, .adv_w = 156, .box_w = 10, .box_h = 12, .ofs_x = 0, .ofs_y = 0},
    {.bitmap_index = 7976, .adv_w = 131, .box_w = 8, .box_h = 12, .ofs_x = 0, .ofs_y = 0},
    {.bitmap_index = 8021, .adv_w = 159, .box_w = 11, .box_h = 9, .ofs_x = 0, .ofs_y = 0},
    {.bitmap_index = 8066, .adv_w = 131, .box_w = 8, .box_h = 10, .ofs_x = 0, .ofs_y = 0},
    {.bitmap_index = 8106, .adv_w = 60, .box_w = 6, .box_h = 12, .ofs_x = 0, .ofs_y = 0},
    {.bitmap_index = 8139, .adv_w = 54, .box_w = 5, .box_h = 10, .ofs_x = 0, .ofs_y = 0},
    {.bitmap_index = 8164, .adv_w = 60, .box_w = 5, .box_h = 11, .ofs_x = 0, .ofs_y = 0},
    {.bitmap_index = 8192, .adv_w = 54, .box_w = 5, .box_h = 9, .ofs_x = 0, .ofs_y = 0},
    {.bitmap_index = 8215, .adv_w = 60, .box_w = 6, .box_h = 12, .ofs_x = 0, .ofs_y = 0},
    {.bitmap_index = 8248, .adv_w = 54, .box_w = 5, .box_h = 10, .ofs_x = 0, .ofs_y = 0},
    {.bitmap_index = 8273, .adv_w = 60, .box_w = 5, .box_h = 12, .ofs_x = -1, .ofs_y = -3},
    {.bitmap_index = 8303, .adv_w = 54, .box_w = 5, .box_h = 13, .ofs_x = -1, .ofs_y = -3},
    {.bitmap_index = 8335, .adv_w = 60, .box_w = 4, .box_h = 12, .ofs_x = 0, .ofs_y = 0},
    {.bitmap_index = 8361, .adv_w = 54, .box_w = 3, .box_h = 7, .ofs_x = 0, .ofs_y = 0},
    {.bitmap_index = 8372, .adv_w = 136, .box_w = 9, .box_h = 9, .ofs_x = 0, .ofs_y = 0},
    {.bitmap_index = 8412, .adv_w = 108, .box_w = 7, .box_h = 13, .ofs_x = 0, .ofs_y = -3},
    {.bitmap_index = 8459, .adv_w = 96, .box_w = 8, .box_h = 12, .ofs_x = -1, .ofs_y = 0},
    {.bitmap_index = 8500, .adv_w = 55, .box_w = 8, .box_h = 13, .ofs_x = -3, .ofs_y = -3},
    {.bitmap_index = 8540, .adv_w = 138, .box_w = 10, .box_h = 14, .ofs_x = 0, .ofs_y = -5},
    {.bitmap_index = 8599, .adv_w = 117, .box_w = 8, .box_h = 15, .ofs_x = 0, .ofs_y = -5},
    {.bitmap_index = 8651, .adv_w = 117, .box_w = 8, .box_h = 7, .ofs_x = 0, .ofs_y = 0},
    {.bitmap_index = 8681, .adv_w = 114, .box_w = 7, .box_h = 12, .ofs_x = 0, .ofs_y = 0},
    {.bitmap_index = 8716, .adv_w = 54, .box_w = 6, .box_h = 12, .ofs_x = 0, .ofs_y = 0},
    {.bitmap_index = 8748, .adv_w = 114, .box_w = 7, .box_h = 14, .ofs_x = 0, .ofs_y = -5},
    {.bitmap_index = 8786, .adv_w = 54, .box_w = 5, .box_h = 15, .ofs_x = -1, .ofs_y = -5},
    {.bitmap_index = 8822, .adv_w = 114, .box_w = 8, .box_h = 10, .ofs_x = 0, .ofs_y = 0},
    {.bitmap_index = 8856, .adv_w = 54, .box_w = 6, .box_h = 10, .ofs_x = 0, .ofs_y = 0},
    {.bitmap_index = 8885, .adv_w = 114, .box_w = 7, .box_h = 9, .ofs_x = 0, .ofs_y = 0},
    {.bitmap_index = 8914, .adv_w = 66, .box_w = 5, .box_h = 10, .ofs_x = 0, .ofs_y = 0},
    {.bitmap_index = 8940, .adv_w = 115, .box_w = 7, .box_h = 9, .ofs_x = 0, .ofs_y = 0},
    {.bitmap_index = 8968, .adv_w = 61, .box_w = 5, .box_h = 10, .ofs_x = 0, .ofs_y = 0},
    {.bitmap_index = 8994, .adv_w = 156, .box_w = 10, .box_h = 12, .ofs_x = 0, .ofs_y = 0},
    {.bitmap_index = 9051, .adv_w = 131, .box_w = 8, .box_h = 10, .ofs_x = 0, .ofs_y = 0},
    {.bitmap_index = 9089, .adv_w = 156, .box_w = 10, .box_h = 14, .ofs_x = 0, .ofs_y = -5},
    {.bitmap_index = 9150, .adv_w = 131, .box_w = 8, .box_h = 12, .ofs_x = 0, .ofs_y = -5},
    {.bitmap_index = 9193, .adv_w = 156, .box_w = 10, .box_h = 12, .ofs_x = 0, .ofs_y = 0},
    {.bitmap_index = 9251, .adv_w = 131, .box_w = 8, .box_h = 10, .ofs_x = 0, .ofs_y = 0},
    {.bitmap_index = 9291, .adv_w = 141, .box_w = 9, .box_h = 10, .ofs_x = 0, .ofs_y = 0},
    {.bitmap_index = 9331, .adv_w = 156, .box_w = 10, .box_h = 12, .ofs_x = 0, .ofs_y = -3},
    {.bitmap_index = 9389, .adv_w = 131, .box_w = 8, .box_h = 10, .ofs_x = 0, .ofs_y = -3},
    {.bitmap_index = 9429, .adv_w = 161, .box_w = 10, .box_h = 11, .ofs_x = 0, .ofs_y = 0},
    {.bitmap_index = 9477, .adv_w = 122, .box_w = 8, .box_h = 9, .ofs_x = 0, .ofs_y = 0},
    {.bitmap_index = 9512, .adv_w = 161, .box_w = 10, .box_h = 12, .ofs_x = 0, .ofs_y = 0},
    {.bitmap_index = 9564, .adv_w = 122, .box_w = 8, .box_h = 10, .ofs_x = 0, .ofs_y = 0},
    {.bitmap_index = 9602, .adv_w = 161, .box_w = 10, .box_h = 12, .ofs_x = 0, .ofs_y = 0},
    {.bitmap_index = 9655, .adv_w = 122, .box_w = 8, .box_h = 10, .ofs_x = 0, .ofs_y = 0},
    {.bitmap_index = 9694, .adv_w = 216, .box_w = 14, .box_h = 9, .ofs_x = 0, .ofs_y = 0},
    {.bitmap_index = 9748, .adv_w = 205, .box_w = 13, .box_h = 7, .ofs_x = 0, .ofs_y = 0},
    {.bitmap_index = 9793, .adv_w = 140, .box_w = 9, .box_h = 12, .ofs_x = 0, .ofs_y = 0},
    {.bitmap_index = 9842, .adv_w = 79, .box_w = 7, .box_h = 10, .ofs_x = 0, .ofs_y = 0},
    {.bitmap_index = 9873, .adv_w = 140, .box_w = 9, .box_h = 14, .ofs_x = 0, .ofs_y = -5},
    {.bitmap_index = 9929, .adv_w = 79, .box_w = 7, .box_h = 12, .ofs_x = -1, .ofs_y = -5},
    {.bitmap_index = 9964, .adv_w = 140, .box_w = 9, .box_h = 12, .ofs_x = 0, .ofs_y = 0},
    {.bitmap_index = 10016, .adv_w = 79, .box_w = 7, .box_h = 10, .ofs_x = 0, .ofs_y = 0},
    {.bitmap_index = 10048, .adv_w = 119, .box_w = 8, .box_h = 12, .ofs_x = 0, .ofs_y = 0},
    {.bitmap_index = 10091, .adv_w = 96, .box_w = 8, .box_h = 10, .ofs_x = -1, .ofs_y = 0},
    {.bitmap_index = 10128, .adv_w = 119, .box_w = 8, .box_h = 12, .ofs_x = 0, .ofs_y = 0},
    {.bitmap_index = 10172, .adv_w = 96, .box_w = 7, .box_h = 10, .ofs_x = -1, .ofs_y = 0},
    {.bitmap_index = 10206, .adv_w = 119, .box_w = 8, .box_h = 12, .ofs_x = 0, .ofs_y = -3},
    {.bitmap_index = 10251, .adv_w = 96, .box_w = 7, .box_h = 10, .ofs_x = -1, .ofs_y = -3},
    {.bitmap_index = 10286, .adv_w = 119, .box_w = 8, .box_h = 12, .ofs_x = 0, .ofs_y = 0},
    {.bitmap_index = 10331, .adv_w = 96, .box_w = 8, .box_h = 10, .ofs_x = -1, .ofs_y = 0},
    {.bitmap_index = 10369, .adv_w = 113, .box_w = 9, .box_h = 12, .ofs_x = 0, .ofs_y = -3},
    {.bitmap_index = 10408, .adv_w = 80, .box_w = 5, .box_h = 12, .ofs_x = 0, .ofs_y = -3},
    {.bitmap_index = 10438, .adv_w = 113, .box_w = 9, .box_h = 12, .ofs_x = 0, .ofs_y = 0},
    {.bitmap_index = 10480, .adv_w = 80, .box_w = 6, .box_h = 10, .ofs_x = 0, .ofs_y = 0},
    {.bitmap_index = 10508, .adv_w = 113, .box_w = 9, .box_h = 9, .ofs_x = 0, .ofs_y = 0},
    {.bitmap_index = 10542, .adv_w = 82, .box_w = 5, .box_h = 9, .ofs_x = 0, .ofs_y = 0},
    {.bitmap_index = 10565, .adv_w = 147, .box_w = 10, .box_h = 12, .ofs_x = 0, .ofs_y = 0},
    {.bitmap_index = 10620, .adv_w = 130, .box_w = 8, .box_h = 10, .ofs_x = 0, .ofs_y = 0},
    {.bitmap_index = 10659, .adv_w = 147, .box_w = 10, .box_h = 11, .ofs_x = 0, .ofs_y = 0},
    {.bitmap_index = 10709, .adv_w = 130, .box_w = 8, .box_h = 9, .ofs_x = 0, .ofs_y = 0},
    {.bitmap_index = 10743, .adv_w = 147, .box_w = 10, .box_h = 12, .ofs_x = 0, .ofs_y = 0},
    {.bitmap_index = 10797, .adv_w = 130, .box_w = 8, .box_h = 10, .ofs_x = 0, .ofs_y = 0},
    {.bitmap_index = 10836, .adv_w = 147, .box_w = 10, .box_h = 13, .ofs_x = 0, .ofs_y = 0},
    {.bitmap_index = 10892, .adv_w = 130, .box_w = 8, .box_h = 11, .ofs_x = 0, .ofs_y = 0},
    {.bitmap_index = 10934, .adv_w = 147, .box_w = 10, .box_h = 12, .ofs_x = 0, .ofs_y = 0},
    {.bitmap_index = 10988, .adv_w = 130, .box_w = 8, .box_h = 10, .ofs_x = 0, .ofs_y = 0},
    {.bitmap_index = 11027, .adv_w = 147, .box_w = 10, .box_h = 12, .ofs_x = 0, .ofs_y = -3},
    {.bitmap_index = 11081, .adv_w = 130, .box_w = 8, .box_h = 10, .ofs_x = 0, .ofs_y = -3},
    {.bitmap_index = 11120, .adv_w = 212, .box_w = 14, .box_h = 12, .ofs_x = 1, .ofs_y = 0},
    {.bitmap_index = 11193, .adv_w = 173, .box_w = 12, .box_h = 10, .ofs_x = 0, .ofs_y = 0},
    {.bitmap_index = 11249, .adv_w = 128, .box_w = 8, .box_h = 12, .ofs_x = 1, .ofs_y = 0},
    {.bitmap_index = 11291, .adv_w = 107, .box_w = 10, .box_h = 13, .ofs_x = -2, .ofs_y = -3},
    {.bitmap_index = 11344, .adv_w = 128, .box_w = 8, .box_h = 12, .ofs_x = 1, .ofs_y = 0},
    {.bitmap_index = 11385, .adv_w = 126, .box_w = 10, .box_h = 12, .ofs_x = -1, .ofs_y = 0},
    {.bitmap_index = 11432, .adv_w = 100, .box_w = 8, .box_h = 10, .ofs_x = -1, .ofs_y = 0},
    {.bitmap_index = 11466, .adv_w = 126, .box_w = 10, .box_h = 12, .ofs_x = -1, .ofs_y = 0},
    {.bitmap_index = 11511, .adv_w = 100, .box_w = 8, .box_h = 10, .ofs_x = -1, .ofs_y = 0},
    {.bitmap_index = 11544, .adv_w = 126, .box_w = 10, .box_h = 12, .ofs_x = -1, .ofs_y = 0},
    {.bitmap_index = 11592, .adv_w = 100, .box_w = 8, .box_h = 10, .ofs_x = -1, .ofs_y = 0},
    {.bitmap_index = 11628, .adv_w = 59, .box_w = 6, .box_h = 10, .ofs_x = 0, .ofs_y = 0},
    {.bitmap_index = 11657, .adv_w = 134, .box_w = 0, .box_h = 0, .ofs_x = 0, .ofs_y = 0},
    {.bitmap_index = 11657, .adv_w = 44, .box_w = 0, .box_h = 0, .ofs_x = 0, .ofs_y = 0},
    {.bitmap_index = 11657, .adv_w = 26, .box_w = 0, .box_h = 0, .ofs_x = 0, .ofs_y = 0},
    {.bitmap_index = 11657, .adv_w = 19, .box_w = 0, .box_h = 0, .ofs_x = 0, .ofs_y = 0},
    {.bitmap_index = 11657, .adv_w = 0, .box_w = 0, .box_h = 0, .ofs_x = 0, .ofs_y = 0},
    {.bitmap_index = 11657, .adv_w = 74, .box_w = 5, .box_h = 2, .ofs_x = 0, .ofs_y = 2},
    {.bitmap_index = 11663, .adv_w = 134, .box_w = 9, .box_h = 1, .ofs_x = 0, .ofs_y = 4},
    {.bitmap_index = 11667, .adv_w = 96, .box_w = 8, .box_h = 1, .ofs_x = -1, .ofs_y = 3},
    {.bitmap_index = 11671, .adv_w = 192, .box_w = 14, .box_h = 1, .ofs_x = -1, .ofs_y = 3},
    {.bitmap_index = 11676, .adv_w = 192, .box_w = 14, .box_h = 1, .ofs_x = -1, .ofs_y = 3},
    {.bitmap_index = 11681, .adv_w = 44, .box_w = 3, .box_h = 4, .ofs_x = 1, .ofs_y = 6},
    {.bitmap_index = 11688, .adv_w = 44, .box_w = 3, .box_h = 4, .ofs_x = 1, .ofs_y = 6},
    {.bitmap_index = 11695, .adv_w = 44, .box_w = 3, .box_h = 4, .ofs_x = -1, .ofs_y = -2},
    {.bitmap_index = 11702, .adv_w = 80, .box_w = 5, .box_h = 4, .ofs_x = 1, .ofs_y = 6},
    {.bitmap_index = 11713, .adv_w = 80, .box_w = 5, .box_h = 4, .ofs_x = 1, .ofs_y = 6},
    {.bitmap_index = 11723, .adv_w = 80, .box_w = 5, .box_h = 4, .ofs_x = -1, .ofs_y = -2},
    {.bitmap_index = 11734, .adv_w = 108, .box_w = 7, .box_h = 12, .ofs_x = 0, .ofs_y = -3},
    {.bitmap_index = 11771, .adv_w = 108, .box_w = 8, .box_h = 12, .ofs_x = -1, .ofs_y = -3},
    {.bitmap_index = 11814, .adv_w = 60, .box_w = 3, .box_h = 3, .ofs_x = 0, .ofs_y = 2},
    {.bitmap_index = 11819, .adv_w = 133, .box_w = 8, .box_h = 2, .ofs_x = 0, .ofs_y = 0},
    {.bitmap_index = 11827, .adv_w = 233, .box_w = 13, .box_h = 9, .ofs_x = 1, .ofs_y = 0},
    {.bitmap_index = 11882, .adv_w = 40, .box_w = 2, .box_h = 4, .ofs_x = 1, .ofs_y = 5},
    {.bitmap_index = 11887, .adv_w = 75, .box_w = 4, .box_h = 4, .ofs_x = 1, .ofs_y = 5},
    {.bitmap_index = 11895, .adv_w = 60, .box_w = 4, .box_h = 6, .ofs_x = 0, .ofs_y = 1},
    {.bitmap_index = 11906, .adv_w = 60, .box_w = 5, .box_h = 6, .ofs_x = -1, .ofs_y = 1},
    {.bitmap_index = 11919, .adv_w = 33, .box_w = 9, .box_h = 9, .ofs_x = -3, .ofs_y = 0},
    {.bitmap_index = 11949, .adv_w = 98, .box_w = 7, .box_h = 9, .ofs_x = 0, .ofs_y = 0},
    {.bitmap_index = 11979, .adv_w = 139, .box_w = 9, .box_h = 13, .ofs_x = 0, .ofs_y = -2},
    {.bitmap_index = 12036, .adv_w = 127, .box_w = 9, .box_h = 9, .ofs_x = 0, .ofs_y = 0},
    {.bitmap_index = 12072, .adv_w = 124, .box_w = 10, .box_h = 9, .ofs_x = -1, .ofs_y = 0},
    {.bitmap_index = 12115, .adv_w = 169, .box_w = 11, .box_h = 9, .ofs_x = 0, .ofs_y = 0},
    {.bitmap_index = 12164, .adv_w = 316, .box_w = 20, .box_h = 9, .ofs_x = 0, .ofs_y = 0},
    {.bitmap_index = 12248, .adv_w = 229, .box_w = 15, .box_h = 9, .ofs_x = 0, .ofs_y = 0},
    {.bitmap_index = 12313, .adv_w = 131, .box_w = 11, .box_h = 12, .ofs_x = -1, .ofs_y = -2},
    {.bitmap_index = 12368, .adv_w = 155, .box_w = 10, .box_h = 9, .ofs_x = 0, .ofs_y = 0},
    {.bitmap_index = 12412, .adv_w = 127, .box_w = 9, .box_h = 9, .ofs_x = 0, .ofs_y = 0},
    {.bitmap_index = 12453, .adv_w = 131, .box_w = 8, .box_h = 9, .ofs_x = 1, .ofs_y = 0},
    {.bitmap_index = 12487, .adv_w = 162, .box_w = 11, .box_h = 9, .ofs_x = 0, .ofs_y = 0},
    {.bitmap_index = 12530, .adv_w = 148, .box_w = 10, .box_h = 13, .ofs_x = 0, .ofs_y = -2},
    {.bitmap_index = 12588, .adv_w = 158, .box_w = 9, .box_h = 9, .ofs_x = 1, .ofs_y = 0},
    {.bitmap_index = 12626, .adv_w = 139, .box_w = 9, .box_h = 13, .ofs_x = 0, .ofs_y = -2},
    {.bitmap_index = 12679, .adv_w = 138, .box_w = 8, .box_h = 9, .ofs_x = 1, .ofs_y = 0},
    {.bitmap_index = 12708, .adv_w = 138, .box_w = 10, .box_h = 9, .ofs_x = 0, .ofs_y = 0},
    {.bitmap_index = 12746, .adv_w = 137, .box_w = 9, .box_h = 9, .ofs_x = 0, .ofs_y = 0},
    {.bitmap_index = 12786, .adv_w = 142, .box_w = 10, .box_h = 9, .ofs_x = -1, .ofs_y = 0},
    {.bitmap_index = 12824, .adv_w = 144, .box_w = 9, .box_h = 9, .ofs_x = 0, .ofs_y = 0},
    {.bitmap_index = 12865, .adv_w = 115, .box_w = 6, .box_h = 6, .ofs_x = 1, .ofs_y = 0},
    {.bitmap_index = 12882, .adv_w = 115, .box_w = 6, .box_h = 6, .ofs_x = 1, .ofs_y = 0},
    {.bitmap_index = 12898, .adv_w = 115, .box_w = 7, .box_h = 6, .ofs_x = 0, .ofs_y = 0},
    {.bitmap_index = 12916, .adv_w = 115, .box_w = 5, .box_h = 6, .ofs_x = 1, .ofs_y = 0},
    {.bitmap_index = 12930, .adv_w = 140, .box_w = 8, .box_h = 6, .ofs_x = 0, .ofs_y = 0},
    {.bitmap_index = 12955, .adv_w = 115, .box_w = 6, .box_h = 8, .ofs_x = 1, .ofs_y = 0},
    {.bitmap_index = 12978, .adv_w = 115, .box_w = 5, .box_h = 5, .ofs_x = 1, .ofs_y = 1},
    {.bitmap_index = 12991, .adv_w = 115, .box_w = 6, .box_h = 5, .ofs_x = 1, .ofs_y = 1},
    {.bitmap_index = 13007, .adv_w = 115, .box_w = 6, .box_h = 6, .ofs_x = 1, .ofs_y = 0},
    {.bitmap_index = 13025, .adv_w = 115, .box_w = 5, .box_h = 5, .ofs_x = 1, .ofs_y = 1},
    {.bitmap_index = 13038, .adv_w = 116, .box_w = 9, .box_h = 2, .ofs_x = -1, .ofs_y = 3},
    {.bitmap_index = 13044, .adv_w = 116, .box_w = 9, .box_h = 4, .ofs_x = -1, .ofs_y = 2},
    {.bitmap_index = 13055, .adv_w = 116, .box_w = 3, .box_h = 15, .ofs_x = 2, .ofs_y = -3},
    {.bitmap_index = 13062, .adv_w = 116, .box_w = 6, .box_h = 9, .ofs_x = 2, .ofs_y = -3},
    {.bitmap_index = 13082, .adv_w = 116, .box_w = 6, .box_h = 9, .ofs_x = -1, .ofs_y = -3},
    {.bitmap_index = 13099, .adv_w = 116, .box_w = 6, .box_h = 10, .ofs_x = 2, .ofs_y = 2},
    {.bitmap_index = 13116, .adv_w = 116, .box_w = 6, .box_h = 10, .ofs_x = -1, .ofs_y = 2},
    {.bitmap_index = 13137, .adv_w = 116, .box_w = 9, .box_h = 15, .ofs_x = -1, .ofs_y = -3},
    {.bitmap_index = 13149, .adv_w = 116, .box_w = 9, .box_h = 3, .ofs_x = -1, .ofs_y = 9},
    {.bitmap_index = 13157, .adv_w = 116, .box_w = 8, .box_h = 8, .ofs_x = 0, .ofs_y = -1}
};

/*---------------------
 *  CHARACTER MAPPING
 *--------------------*/

static const uint16_t unicode_list_2[] = {
    0x0, 0x1, 0x2, 0x3, 0x4, 0x9, 0xb, 0xc,
    0xd, 0xe, 0x11, 0x12, 0x13, 0x15, 0x16, 0x17,
    0x19, 0x1a, 0x1b, 0x1f, 0x29, 0x2b, 0x2c, 0x32,
    0x33, 0x3d, 0x4b, 0x9a, 0x9c, 0x9d, 0x9f, 0xa0,
    0xa2, 0xa4, 0xa5, 0xa6, 0xa7, 0xaa, 0xab, 0xad,
    0xae, 0xb1, 0xb2, 0xb3, 0xb5, 0xb6, 0x189, 0x18a,
    0x18b, 0x18c, 0x18d, 0x18e, 0x18f, 0x190, 0x191, 0x192,
    0x4f9, 0x549, 0x54a, 0x54d, 0x550, 0x553, 0x556, 0x581,
    0x58d, 0x599
};

/*Collect the unicode lists and glyph_id offsets*/
static const lv_font_fmt_txt_cmap_t cmaps[] =
{
    {
        .range_start = 32, .range_length = 95, .glyph_id_start = 1,
        .unicode_list = NULL, .glyph_id_ofs_list = NULL, .list_length = 0, .type = LV_FONT_FMT_TXT_CMAP_FORMAT0_TINY
    },
    {
        .range_start = 160, .range_length = 224, .glyph_id_start = 96,
        .unicode_list = NULL, .glyph_id_ofs_list = NULL, .list_length = 0, .type = LV_FONT_FMT_TXT_CMAP_FORMAT0_TINY
    },
    {
        .range_start = 8199, .range_length = 1434, .glyph_id_start = 320,
        .unicode_list = unicode_list_2, .glyph_id_ofs_list = NULL, .list_length = 66, .type = LV_FONT_FMT_TXT_CMAP_SPARSE_TINY
    }
};



/*--------------------
 *  ALL CUSTOM DATA
 *--------------------*/

#if LVGL_VERSION_MAJOR == 8
/*Store all the custom data of the font*/
static  lv_font_fmt_txt_glyph_cache_t cache;
#endif

#if LVGL_VERSION_MAJOR >= 8
static const lv_font_fmt_txt_dsc_t font_dsc = {
#else
static lv_font_fmt_txt_dsc_t font_dsc = {
#endif
    .glyph_bitmap = glyph_bitmap,
    .glyph_dsc = glyph_dsc,
    .cmaps = cmaps,
    .kern_dsc = NULL,
    .kern_scale = 0,
    .cmap_num = 3,
    .bpp = 4,
    .kern_classes = 0,
    .bitmap_format = 1,
#if LVGL_VERSION_MAJOR == 8
    .cache = &cache
#endif
};



/*-----------------
 *  PUBLIC FONT
 *----------------*/

/* Preserve original UTF-8 while mapping unsupported codepoints to ASCII
 * question mark instead of LVGL's missing-glyph rectangle. */
static bool nomadnet_font_12_italic_get_glyph_dsc(const lv_font_t * font,
        lv_font_glyph_dsc_t * dsc, uint32_t letter, uint32_t letter_next)
{
    if(nomadnet_font_has_codepoint(letter) &&
       lv_font_get_glyph_dsc_fmt_txt(font, dsc, letter, letter_next)) return true;
    return lv_font_get_glyph_dsc_fmt_txt(font, dsc, '?', 0);
}

static const uint8_t * nomadnet_font_12_italic_get_glyph_bitmap(
        const lv_font_t * font, uint32_t letter)
{
    lv_font_glyph_dsc_t dsc;
    if(!nomadnet_font_has_codepoint(letter) ||
       !lv_font_get_glyph_dsc_fmt_txt(font, &dsc, letter, 0)) letter = '?';
    return lv_font_get_bitmap_fmt_txt(font, letter);
}

/*Initialize a public general font descriptor*/
#if LVGL_VERSION_MAJOR >= 8
const lv_font_t nomadnet_font_12_italic = {
#else
lv_font_t nomadnet_font_12_italic = {
#endif
    .get_glyph_dsc = nomadnet_font_12_italic_get_glyph_dsc,
    .get_glyph_bitmap = nomadnet_font_12_italic_get_glyph_bitmap,
    .line_height = 18,          /*The maximum line height required by the font*/
    .base_line = 5,             /*Baseline measured from the bottom of the line*/
#if !(LVGL_VERSION_MAJOR == 6 && LVGL_VERSION_MINOR == 0)
    .subpx = LV_FONT_SUBPX_NONE,
#endif
#if LV_VERSION_CHECK(7, 4, 0) || LVGL_VERSION_MAJOR >= 8
    .underline_position = -1,
    .underline_thickness = 1,
#endif
    .dsc = &font_dsc,          /*The custom font data. Will be accessed by `get_glyph_bitmap/dsc` */
#if LV_VERSION_CHECK(8, 2, 0) || LVGL_VERSION_MAJOR >= 9
    .fallback = NULL,
#endif
    .user_data = NULL,
};



#endif /*#if NOMADNET_FONT_12_ITALIC*/
