/*******************************************************************************
 * Bounded NomadNet font, 16 px, 4 bpp.
 * Primary source: JetBrains Mono NL Bold Italic, Version 2.304.
 * Missing-codepoint donor: Noto Sans Bold Italic, Version 2.015
 * (23 glyphs only). Both use SIL OFL 1.1; see
 * LICENSE-JetBrains-Mono-OFL-1.1.txt and LICENSE-Noto-Sans-OFL-1.1.txt.
 * Generated with lv_font_conv 1.5.3; kerning omitted, RLE compressed.
 * Exact coverage is defined by NomadNetFontCoverage.h.
 ******************************************************************************/

#ifdef LV_LVGL_H_INCLUDE_SIMPLE
#include "lvgl.h"
#else
#include "lvgl.h"
#endif
#include "NomadNetFontCoverage.h"

#if !LV_USE_FONT_COMPRESSED
#error "NomadNet fonts require LV_USE_FONT_COMPRESSED=1"
#endif

#ifndef NOMADNET_FONT_16_BOLD_ITALIC
#define NOMADNET_FONT_16_BOLD_ITALIC 1
#endif

#if NOMADNET_FONT_16_BOLD_ITALIC

/*-----------------
 *    BITMAPS
 *----------------*/

/*Store the image of the glyphs*/
static LV_ATTRIBUTE_LARGE_CONST const uint8_t glyph_bitmap[] = {
    /* U+0020 " " */

    /* U+0021 "!" */
    0x0, 0x1f, 0xf8, 0x2, 0x60, 0x30, 0x8, 0x81,
    0x40, 0x2e, 0xf, 0x0, 0x88, 0x14, 0x2, 0x60,
    0x30, 0x8, 0x88, 0x1, 0x10, 0x38, 0x4, 0x5d,
    0x40, 0x1f, 0xdb, 0xce, 0x1, 0x18, 0x18, 0x0,

    /* U+0022 "\"" */
    0x1f, 0xf0, 0x27, 0xe1, 0x1, 0x1, 0x3, 0x30,
    0x1c, 0x38, 0x34, 0x83, 0x40, 0xc0, 0xc0, 0x8c,
    0x4, 0x94,

    /* U+0023 "#" */
    0x0, 0xd7, 0x60, 0x1f, 0x60, 0x8, 0x53, 0x41,
    0xc1, 0xc0, 0x27, 0x7, 0xd, 0x41, 0x7, 0xf9,
    0xe, 0xf4, 0x46, 0x2, 0x40, 0x34, 0xa8, 0x4c,
    0x1, 0x90, 0x43, 0x9, 0xb2, 0x0, 0x3c, 0x84,
    0x12, 0xc0, 0x21, 0x44, 0xa, 0x81, 0x80, 0x2f,
    0x85, 0xba, 0x82, 0xe0, 0x20, 0xca, 0xec, 0xb,
    0x74, 0x6, 0x4a, 0x80, 0x8, 0x42, 0x5, 0x1a,
    0xe, 0x32, 0x0, 0x80,

    /* U+0024 "$" */
    0x0, 0xe1, 0x60, 0xf, 0xc9, 0x80, 0x1f, 0xf,
    0x80, 0x80, 0x74, 0xf2, 0xab, 0x94, 0x2, 0x96,
    0x31, 0x40, 0xa0, 0x0, 0xb0, 0xe0, 0xd9, 0x1,
    0x1, 0x1, 0x90, 0x86, 0xf9, 0x1, 0x1, 0x71,
    0x0, 0x70, 0xb8, 0x19, 0xb9, 0x40, 0x34, 0x59,
    0x0, 0xd1, 0x80, 0x64, 0x1b, 0x30, 0x40, 0x28,
    0x50, 0x25, 0x40, 0x9, 0x9e, 0xcc, 0x9, 0x81,
    0x41, 0x8, 0x70, 0x70, 0x5c, 0x80, 0x18, 0xc4,
    0x29, 0x70, 0x1, 0xc, 0xac, 0xda, 0x0, 0x78,
    0x88, 0x1, 0xc0,

    /* U+0025 "%" */
    0x0, 0x1e, 0x7e, 0x10, 0x0, 0xbd, 0x40, 0x1a,
    0xf6, 0x54, 0x3, 0xf0, 0xa0, 0x43, 0xe8, 0x1e,
    0x1a, 0xee, 0x0, 0x8, 0x1, 0x4, 0xe4, 0x28,
    0x2, 0x32, 0xbb, 0x29, 0xbe, 0x80, 0x76, 0xeb,
    0xb9, 0x1a, 0x20, 0x1e, 0x23, 0xba, 0x30, 0xf,
    0x87, 0xe0, 0xfb, 0xec, 0x3, 0xb5, 0xd2, 0x5a,
    0x51, 0x0, 0x14, 0x85, 0x20, 0x42, 0x83, 0x80,
    0x1d, 0xda, 0x1e, 0x7, 0x22, 0x60, 0x91, 0xa2,
    0x14, 0x78, 0xfa, 0x0,

    /* U+0026 "&" */
    0x0, 0xc9, 0x9f, 0xaa, 0x1, 0xe3, 0xb2, 0x52,
    0xa1, 0x0, 0xea, 0xa, 0xa3, 0x2, 0x0, 0x70,
    0x80, 0x84, 0x6a, 0x80, 0x75, 0x4, 0x0, 0x90,
    0x7, 0x36, 0x1, 0x38, 0x7, 0x92, 0x4e, 0x6,
    0x5, 0xfe, 0x80, 0x1c, 0x1c, 0xf6, 0x19, 0x9,
    0x40, 0x4, 0x3, 0x5, 0x32, 0x3b, 0x0, 0x84,
    0x2, 0x43, 0x1, 0x0, 0xc6, 0x1b, 0x96, 0x2a,
    0x4c, 0x1, 0x72, 0x11, 0x1b, 0xec, 0x20, 0x0,

    /* U+0027 "'" */
    0x3f, 0xe0, 0x60, 0x50, 0x20, 0x30, 0xe0, 0xd0,
    0x1, 0x38, 0x0,

    /* U+0028 "(" */
    0x0, 0xf2, 0x88, 0x6, 0x6e, 0xa1, 0x0, 0xaa,
    0x41, 0xc0, 0x28, 0x53, 0xf8, 0x0, 0x13, 0x8e,
    0x88, 0x5, 0x41, 0x22, 0x1, 0x94, 0x10, 0x3,
    0x88, 0xc, 0x3, 0x10, 0x10, 0x7, 0x38, 0x30,
    0x7, 0x18, 0x8, 0x7, 0xc2, 0x1, 0xca, 0x8,
    0x40, 0x18, 0xcc, 0x1e, 0x80, 0x1b, 0x48, 0x96,
    0x1, 0x87, 0x5d, 0x0, 0x3d, 0x16, 0x1, 0x0,

    /* U+0029 ")" */
    0x0, 0x94, 0x40, 0x3d, 0x7c, 0xe0, 0x1c, 0x81,
    0xe, 0x1, 0xaa, 0x81, 0x0, 0x1c, 0xa4, 0x8,
    0x1, 0xc8, 0x4, 0x1, 0xc6, 0x1, 0xf3, 0x2,
    0x80, 0x71, 0x1, 0x0, 0x61, 0x1c, 0x1, 0x90,
    0x14, 0x3, 0xb8, 0x34, 0x3, 0x3a, 0x13, 0x0,
    0xa, 0x60, 0x7c, 0x2, 0xd6, 0x3f, 0x20, 0x0,
    0xa5, 0x60, 0x80, 0x43, 0x6a, 0x1, 0xc0,

    /* U+002A "*" */
    0x0, 0xd9, 0xa0, 0x1f, 0xfc, 0x3a, 0x61, 0x71,
    0x6, 0xa0, 0x14, 0x9f, 0x61, 0xe9, 0x42, 0x1e,
    0xb7, 0x22, 0x3d, 0x71, 0x0, 0x10, 0x84, 0x4a,
    0xa0, 0xd, 0x9, 0x30, 0x72, 0x1, 0x94, 0xdd,
    0x91, 0xc0, 0x36, 0xe8, 0x1, 0x5e, 0x0,

    /* U+002B "+" */
    0x0, 0xd1, 0xee, 0x1, 0xe3, 0x3, 0x0, 0xf3,
    0x3, 0x0, 0x5b, 0xfe, 0x20, 0xdf, 0xd0, 0x1,
    0x8, 0x0, 0x88, 0x81, 0xba, 0xb0, 0x5d, 0xd4,
    0x80, 0x44, 0x1a, 0x1, 0xe2, 0x75, 0x0, 0x80,

    /* U+002C "," */
    0x0, 0x4f, 0x48, 0x1, 0xc7, 0x41, 0x4, 0x48,
    0x1a, 0x12, 0x0, 0x70, 0x60,

    /* U+002D "-" */
    0x9d, 0xdd, 0x28, 0x45, 0x80,

    /* U+002E "." */
    0x9, 0xf8, 0x26, 0x4, 0x22, 0xc, 0x0,

    /* U+002F "/" */
    0x0, 0xfc, 0xdf, 0x80, 0x1f, 0xd6, 0x1e, 0x1,
    0xf9, 0x89, 0xc, 0x3, 0xf4, 0x4, 0x0, 0x7e,
    0x71, 0x53, 0x0, 0xf8, 0x60, 0x20, 0x3, 0xf4,
    0x83, 0x10, 0x7, 0xc2, 0xe1, 0x0, 0x1f, 0xa0,
    0x1c, 0x40, 0x3e, 0x26, 0x9, 0x0, 0xfd, 0x1,
    0x2, 0x1, 0xf1, 0x28, 0xb8, 0x7, 0xe9, 0x9,
    0x0, 0xfc, 0x68, 0x2e, 0x1, 0xfb, 0xc2, 0x0,
    0x3f, 0x0,

    /* U+0030 "0" */
    0x0, 0x93, 0x3b, 0x94, 0x20, 0x13, 0x59, 0x90,
    0x2e, 0x0, 0x50, 0x1b, 0x9c, 0x24, 0x40, 0x41,
    0x62, 0x0, 0x10, 0x18, 0x18, 0x78, 0x4, 0x40,
    0x21, 0xc0, 0x55, 0xa2, 0x23, 0x0, 0x28, 0x32,
    0x31, 0x3, 0x0, 0x8, 0xb, 0xad, 0x43, 0x40,
    0x44, 0x40, 0x17, 0x81, 0x80, 0x46, 0x20, 0x4e,
    0x8, 0x2, 0x43, 0xf9, 0xa3, 0x20, 0x16, 0x28,
    0x19, 0xa9, 0x80, 0x0,

    /* U+0031 "1" */
    0x0, 0xd1, 0xfe, 0x70, 0x8, 0xf5, 0xc0, 0x6,
    0x1, 0x69, 0x38, 0x83, 0x0, 0x47, 0x90, 0x20,
    0x40, 0x16, 0x99, 0x1, 0x0, 0x79, 0xc1, 0xc0,
    0x3c, 0x40, 0x40, 0x1e, 0xe0, 0xe0, 0xf, 0x28,
    0x28, 0x7, 0x88, 0x8, 0x0, 0x3b, 0xb0, 0x86,
    0x6a, 0x29, 0x14, 0x0, 0x22, 0x38,

    /* U+0032 "2" */
    0x0, 0x93, 0x3b, 0xe8, 0x40, 0x25, 0xb3, 0x30,
    0x2e, 0x80, 0x54, 0x19, 0xba, 0x3, 0x10, 0x35,
    0x83, 0x2, 0x0, 0xc7, 0x4e, 0x0, 0x40, 0x31,
    0x0, 0xe2, 0xa0, 0x80, 0xe, 0x3c, 0x18, 0x40,
    0xc, 0x98, 0x32, 0xe0, 0x19, 0xac, 0x29, 0x80,
    0x33, 0xc8, 0xe2, 0x80, 0x64, 0x80, 0x7, 0x6e,
    0xc2, 0x6, 0x0, 0x12, 0x2c, 0x20,

    /* U+0033 "3" */
    0x0, 0x4f, 0xff, 0x88, 0x0, 0x26, 0x71, 0x0,
    0x8, 0x1, 0x19, 0x8f, 0x31, 0xd0, 0xe, 0x4c,
    0x2f, 0x20, 0xc, 0x76, 0x8, 0x1, 0xe4, 0x0,
    0x3e, 0x0, 0x73, 0xfe, 0x91, 0x14, 0x3, 0xc4,
    0x80, 0x60, 0x2c, 0x80, 0x12, 0x81, 0x2, 0xcd,
    0x0, 0xc, 0xc2, 0x80, 0xa0, 0x3d, 0x98, 0x8,
    0x0, 0xe, 0x20, 0x11, 0xdb, 0x0, 0x0,

    /* U+0034 "4" */
    0x0, 0xe1, 0xef, 0x50, 0xe, 0xd1, 0x75, 0x0,
    0xd2, 0x69, 0x0, 0x19, 0x58, 0x68, 0x3, 0x1d,
    0x6, 0x88, 0x4, 0x3c, 0x12, 0x6f, 0x8a, 0x14,
    0x4c, 0xc0, 0xc3, 0x10, 0x41, 0x90, 0x3, 0x3,
    0x18, 0xf, 0xfc, 0x40, 0x4e, 0x67, 0x88, 0x8,
    0x13, 0x33, 0x40, 0x38, 0x7, 0xb4, 0x8, 0x0,

    /* U+0035 "5" */
    0x0, 0x47, 0xff, 0x84, 0x0, 0x60, 0x45, 0x8c,
    0x40, 0xc, 0x1b, 0xbb, 0x0, 0x22, 0x10, 0xf,
    0x88, 0x7, 0x2e, 0x48, 0x2, 0x70, 0x1, 0xa3,
    0x68, 0x80, 0x17, 0xfe, 0xe2, 0x7, 0x0, 0xf0,
    0xa0, 0x4, 0x2e, 0xa0, 0x11, 0x1, 0x1, 0x45,
    0x80, 0xd, 0x1, 0x0, 0xc4, 0x5d, 0x98, 0xa,
    0x0, 0xb1, 0x0, 0x8e, 0xd4, 0x0,

    /* U+0036 "6" */
    0x0, 0xeb, 0xf9, 0x0, 0xe6, 0x42, 0x90, 0xc,
    0x52, 0x1e, 0x1, 0xdc, 0x12, 0x40, 0x19, 0xcd,
    0x1, 0x84, 0x0, 0x50, 0x9, 0x32, 0xf2, 0x9,
    0x6, 0xee, 0x18, 0xd0, 0xa0, 0xc8, 0x8a, 0x40,
    0x94, 0x14, 0x2, 0x20, 0xd7, 0x5, 0x0, 0xc,
    0x82, 0x99, 0xf, 0x67, 0xb, 0x90, 0x7a, 0x9,
    0x9a, 0x60, 0x0,

    /* U+0037 "7" */
    0xd, 0xff, 0xf8, 0x0, 0x40, 0x67, 0x8, 0x10,
    0x10, 0x16, 0x64, 0x61, 0x60, 0x28, 0xa0, 0x6,
    0x22, 0x30, 0x1d, 0xc0, 0x2, 0x2, 0x40, 0x3d,
    0x2, 0x88, 0x0, 0xe2, 0x70, 0x90, 0xf, 0x40,
    0x31, 0x0, 0x71, 0xa8, 0xc0, 0x7, 0xbc, 0x24,
    0x40, 0x39, 0x8c, 0x9c, 0x3, 0xd0, 0x12, 0x1,
    0xe0,

    /* U+0038 "8" */
    0x0, 0x93, 0x3b, 0xec, 0x80, 0x26, 0xb3, 0x51,
    0x4f, 0x0, 0xa0, 0x32, 0xf8, 0x8, 0x40, 0x84,
    0xcc, 0x0, 0x10, 0x10, 0x20, 0x33, 0x4, 0xb,
    0x80, 0x56, 0x19, 0xef, 0x10, 0x0, 0x1d, 0x2,
    0x20, 0x24, 0x40, 0x1a, 0x3b, 0x76, 0x71, 0x90,
    0x41, 0x52, 0x0, 0x70, 0x4, 0x20, 0xc0, 0x1,
    0xb0, 0xc0, 0x41, 0x3e, 0xbe, 0x25, 0x40, 0x1c,
    0x41, 0x43, 0x9a, 0x0, 0x0,

    /* U+0039 "9" */
    0x0, 0x26, 0x7f, 0xac, 0xc0, 0xd, 0x66, 0x62,
    0x4d, 0x11, 0x48, 0x6e, 0x69, 0x8a, 0x38, 0x31,
    0x0, 0x14, 0xf, 0x83, 0x80, 0x25, 0x5, 0xe0,
    0xa2, 0x18, 0x32, 0x37, 0x22, 0x6f, 0x38, 0x48,
    0xe, 0x4c, 0x28, 0x2a, 0x0, 0x5, 0x8d, 0x46,
    0xc0, 0x30, 0xd0, 0x50, 0x80, 0x6a, 0x17, 0x40,
    0xc, 0xe8, 0x70, 0x1, 0x80,

    /* U+003A ":" */
    0x0, 0x57, 0xc0, 0x12, 0x81, 0x81, 0x3b, 0x48,
    0x2, 0x24, 0x80, 0x3f, 0xe5, 0xa4, 0x2, 0xa5,
    0xf0, 0x32, 0x1f, 0x0,

    /* U+003B ";" */
    0x0, 0xab, 0xe0, 0x0, 0x4a, 0x6, 0x0, 0x27,
    0x59, 0x0, 0xa2, 0x88, 0x3, 0xff, 0x84, 0x46,
    0x60, 0xb, 0xf2, 0x80, 0x6, 0x41, 0x0, 0x9,
    0x7, 0x10, 0x15, 0x18, 0x0, 0x38, 0x40, 0x4,

    /* U+003C "<" */
    0x0, 0xf9, 0x84, 0x3, 0xc, 0x74, 0x88, 0x0,
    0xeb, 0x9c, 0xe4, 0xf, 0x30, 0xa9, 0x7a, 0xc1,
    0x26, 0xdb, 0x68, 0x1, 0x8, 0x35, 0x8, 0x6,
    0xb9, 0x27, 0xe8, 0x10, 0x9, 0xb6, 0x45, 0xf8,
    0x3, 0x9b, 0xa4, 0x80, 0x3e, 0x6d, 0x0, 0x0,

    /* U+003D "=" */
    0x2, 0xdd, 0xf5, 0x3, 0x11, 0x78, 0x0, 0x9f,
    0xfe, 0xa0, 0xf, 0xf5, 0x6e, 0xf8, 0x81, 0x8,
    0xbe,

    /* U+003E ">" */
    0x0, 0x38, 0x7, 0xc5, 0x1c, 0xe0, 0x1c, 0x4e,
    0x31, 0xcc, 0x1, 0xa3, 0x9c, 0x67, 0x94, 0x2,
    0x18, 0xe5, 0x1d, 0x0, 0xcb, 0xaa, 0x1a, 0x2,
    0xfd, 0x44, 0xfc, 0xa3, 0xd0, 0x73, 0xd0, 0x20,
    0xa9, 0x7a, 0xc0, 0x19, 0x2d, 0x0, 0x3c,

    /* U+003F "?" */
    0x1, 0xff, 0xb1, 0x40, 0x4, 0x22, 0x3, 0xa4,
    0x3, 0xee, 0x7a, 0x86, 0x80, 0x76, 0x0, 0x78,
    0x6c, 0x30, 0x1, 0x19, 0xc4, 0x6a, 0x0, 0x53,
    0x16, 0xc0, 0x8, 0x8f, 0xa4, 0x3, 0x5f, 0x80,
    0x79, 0x4c, 0x3, 0xb3, 0xa4, 0x3, 0x84, 0x30,
    0x3, 0x0,

    /* U+0040 "@" */
    0x0, 0xc9, 0x7f, 0xec, 0x50, 0xd, 0x16, 0xce,
    0xe2, 0xa4, 0x0, 0x23, 0xae, 0xc4, 0x30, 0x38,
    0x1, 0xe1, 0x40, 0x11, 0x0, 0x80, 0x11, 0x0,
    0x59, 0xf2, 0x4, 0x4, 0x6, 0x1c, 0x56, 0x61,
    0xc0, 0xe1, 0xa2, 0x72, 0x98, 0x6, 0x4, 0xc,
    0xa0, 0x61, 0xc0, 0xc1, 0xc0, 0x66, 0x6, 0x2,
    0x2, 0x5, 0x10, 0x10, 0x43, 0x55, 0x0, 0x8,
    0x80, 0xe5, 0x38, 0x76, 0x1, 0xc3, 0xbb, 0x60,
    0x80, 0x8, 0xcc, 0x0, 0x22, 0x0, 0x68, 0xc,
    0xa8, 0x80, 0x7, 0x25, 0x9a, 0xbb, 0x0, 0x60,

    /* U+0041 "A" */
    0x0, 0xe8, 0xff, 0x20, 0x7, 0x98, 0x0, 0x20,
    0x1c, 0xa2, 0x80, 0x40, 0x1d, 0xc1, 0xc1, 0xe0,
    0x18, 0x90, 0xdc, 0x8, 0x3, 0x50, 0x49, 0x80,
    0x80, 0x66, 0x5, 0x10, 0x60, 0x9, 0x44, 0x55,
    0x40, 0x30, 0xb, 0x80, 0x55, 0x40, 0x20, 0x2,
    0x42, 0xff, 0x88, 0x4, 0x28, 0x14, 0x2, 0x60,
    0x20, 0x60, 0xa0, 0x8, 0x41, 0xc0,

    /* U+0042 "B" */
    0x0, 0x5f, 0xfe, 0xb2, 0x0, 0x98, 0x15, 0x42,
    0x98, 0x1, 0x10, 0xd5, 0x38, 0x4, 0x80, 0x80,
    0x80, 0x21, 0x3, 0x6, 0x5, 0x0, 0x40, 0xb8,
    0x81, 0x83, 0x7f, 0x9e, 0x20, 0x0, 0xe0, 0x45,
    0x40, 0x92, 0x0, 0x28, 0x4d, 0x5b, 0x8d, 0x0,
    0x8, 0x8, 0x1, 0xc0, 0x20, 0x22, 0x20, 0xa,
    0x83, 0x40, 0x80, 0xea, 0xf8, 0xd1, 0x0, 0xa0,
    0x2a, 0x87, 0x16, 0x0,

    /* U+0043 "C" */
    0x0, 0x8e, 0xfb, 0xec, 0x80, 0x24, 0xc4, 0x31,
    0x4c, 0x0, 0xa4, 0x2b, 0x78, 0x84, 0xc0, 0x8a,
    0x50, 0x4, 0x40, 0x81, 0xc1, 0xc0, 0x25, 0x71,
    0x2, 0x2, 0x0, 0xfb, 0x43, 0x40, 0x3e, 0x60,
    0x60, 0xf, 0x8c, 0xc, 0x0, 0x8e, 0x40, 0x18,
    0x80, 0x6a, 0x0, 0x24, 0xd, 0xce, 0x16, 0x20,
    0x5, 0x30, 0x99, 0xa6, 0x40, 0x0,

    /* U+0044 "D" */
    0x0, 0x5f, 0xfd, 0xd4, 0x20, 0x12, 0x81, 0x10,
    0x57, 0x40, 0x21, 0xd, 0xd8, 0xc, 0x40, 0x80,
    0xc0, 0x4, 0x40, 0x30, 0x70, 0x60, 0x8, 0x80,
    0x80, 0x83, 0x40, 0x4, 0x4, 0x0, 0xd0, 0x20,
    0x3, 0x3, 0x0, 0x18, 0x1c, 0x0, 0x60, 0x40,
    0x3, 0x2, 0x0, 0x68, 0x78, 0x8, 0x8, 0x1,
    0x14, 0x1c, 0x14, 0x7, 0x7a, 0xc2, 0x44, 0x8,
    0x0, 0x42, 0x96, 0xc0, 0x0,

    /* U+0045 "E" */
    0x0, 0x47, 0xff, 0x9c, 0x0, 0x40, 0x67, 0xe0,
    0x3, 0x87, 0x66, 0x64, 0x0, 0x10, 0x10, 0x7,
    0x88, 0x8, 0x3, 0xe6, 0x2, 0xff, 0xc4, 0x0,
    0x30, 0x23, 0x39, 0x8, 0x1, 0xc1, 0x19, 0x95,
    0x80, 0x4a, 0xc, 0x1, 0xf1, 0x1, 0x80, 0x78,
    0x44, 0x19, 0x9a, 0xc0, 0x4, 0x0, 0x33, 0xce,
    0x0,

    /* U+0046 "F" */
    0x0, 0x57, 0xff, 0xa4, 0x0, 0xc0, 0x45, 0xde,
    0x0, 0x30, 0xdd, 0xe6, 0x1, 0x2, 0x0, 0xf9,
    0x41, 0x80, 0x3e, 0x20, 0x4d, 0xdc, 0xa0, 0xf,
    0x0, 0x11, 0x61, 0x0, 0x10, 0x5f, 0xfe, 0x40,
    0x2, 0x82, 0x80, 0x7c, 0x20, 0x20, 0x1e, 0x30,
    0x30, 0xf, 0x98, 0x18, 0x3, 0xe0,

    /* U+0047 "G" */
    0x0, 0x92, 0xfb, 0xec, 0x80, 0x25, 0xb4, 0x31,
    0x4f, 0x0, 0xac, 0x33, 0x78, 0x48, 0xc0, 0xc4,
    0xcc, 0x0, 0xaa, 0x10, 0x28, 0x28, 0x4, 0x8a,
    0x21, 0xc1, 0xc5, 0x99, 0x48, 0x0, 0xc0, 0xdc,
    0xcf, 0x0, 0x14, 0x15, 0x5f, 0x0, 0x40, 0x1,
    0x1, 0x0, 0x68, 0x68, 0x8, 0x0, 0x40, 0x94,
    0x10, 0x4, 0xc3, 0xb3, 0x42, 0x4, 0x1, 0xaa,
    0x26, 0x6a, 0x70, 0x0,

    /* U+0048 "H" */
    0x0, 0x5f, 0xa0, 0x2, 0x7d, 0x80, 0xc, 0xc,
    0x0, 0x20, 0x20, 0x1, 0x1, 0x0, 0x18, 0x18,
    0x8, 0x8, 0x2, 0x20, 0x20, 0x60, 0x60, 0x1,
    0x1, 0x0, 0xc, 0x13, 0xfd, 0xa0, 0xe0, 0xe,
    0x1, 0x22, 0x8, 0x10, 0x1, 0x43, 0x76, 0x40,
    0xd0, 0x1, 0x1, 0x0, 0x18, 0x18, 0x4, 0x70,
    0x0, 0xc0, 0xc0, 0x80, 0x80, 0x2, 0x2, 0x0,
    0x50, 0x50, 0x2, 0x82, 0x80, 0x0,

    /* U+0049 "I" */
    0x0, 0x3f, 0xff, 0x8c, 0x2, 0x32, 0x1, 0x33,
    0x10, 0x1, 0xf2, 0x81, 0xb3, 0x2, 0x1, 0xb8,
    0x38, 0x3, 0xe5, 0x2, 0x0, 0xf8, 0x81, 0x40,
    0x3e, 0x10, 0x10, 0xf, 0x18, 0x18, 0x7, 0xcc,
    0xc, 0x1, 0xf6, 0x81, 0x0, 0x76, 0x61, 0x81,
    0x72, 0x0, 0x4, 0x66, 0x10, 0x23, 0x0, 0x80,

    /* U+004A "J" */
    0x0, 0xfb, 0x3c, 0xc0, 0x3e, 0x20, 0x20, 0xf,
    0x8, 0xe0, 0xf, 0x10, 0x10, 0x7, 0xca, 0xa,
    0x1, 0xf7, 0x7, 0x0, 0x7c, 0x60, 0x60, 0x1f,
    0x30, 0x30, 0x3d, 0x18, 0x0, 0x48, 0x48, 0x35,
    0x6c, 0x1, 0x0, 0x80, 0xc, 0x7, 0xde, 0x61,
    0xb0, 0x3, 0x49, 0x10, 0xdb, 0xc4, 0x0,

    /* U+004B "K" */
    0x0, 0x5f, 0xa0, 0x1, 0x7f, 0x40, 0x26, 0x6,
    0x0, 0x58, 0x70, 0x4, 0x40, 0x41, 0x2, 0xa6,
    0x0, 0x20, 0x20, 0x27, 0xb, 0x0, 0x9c, 0x1c,
    0x24, 0x20, 0x40, 0x22, 0x5, 0xf4, 0x27, 0x0,
    0xda, 0x2, 0x20, 0x60, 0xe, 0x60, 0xdf, 0x4,
    0x0, 0xe3, 0x2, 0x13, 0x5, 0x0, 0x84, 0x4,
    0x41, 0x61, 0xe0, 0x12, 0x81, 0x0, 0x10, 0x10,
    0x2, 0x20, 0x50, 0x1, 0x88, 0x90, 0x0,

    /* U+004C "L" */
    0x0, 0x7f, 0x80, 0x38, 0x80, 0x80, 0x39, 0x81,
    0x80, 0x38, 0xc0, 0xc0, 0x3b, 0x83, 0x80, 0x39,
    0x41, 0x40, 0x38, 0x80, 0x80, 0x30, 0x8e, 0x0,
    0xc4, 0x4, 0x1, 0xca, 0xa, 0x1, 0xdc, 0xf,
    0xbb, 0x94, 0xc0, 0x48, 0xb0, 0x80,

    /* U+004D "M" */
    0x1, 0xff, 0x50, 0x3, 0xfd, 0x80, 0x40, 0x22,
    0x6, 0x10, 0x60, 0x50, 0x56, 0xb, 0x40, 0x20,
    0xe0, 0x33, 0x21, 0x68, 0x68, 0x10, 0x60, 0xfb,
    0x70, 0x30, 0x38, 0x28, 0x25, 0xa8, 0x18, 0x11,
    0x5, 0x5c, 0x8c, 0x40, 0x81, 0x82, 0xa0, 0x81,
    0x41, 0x80, 0xc0, 0x26, 0x2, 0x3, 0xe, 0x0,
    0x8c, 0x3c, 0x38, 0x8, 0x2, 0xe0, 0x20, 0x50,
    0x50, 0x9, 0x41, 0x40,

    /* U+004E "N" */
    0x0, 0x67, 0xe0, 0x1, 0x3e, 0x0, 0x4, 0x6,
    0x0, 0x30, 0xd0, 0x11, 0x80, 0x83, 0x81, 0x80,
    0x81, 0x1, 0xc1, 0x40, 0xc1, 0x43, 0x3, 0x40,
    0x84, 0x1, 0xc0, 0x44, 0x31, 0x12, 0x80, 0xc,
    0x19, 0xd4, 0x80, 0x80, 0xc, 0x5, 0xa2, 0xa1,
    0xc0, 0x2, 0x20, 0x18, 0x60, 0x18, 0x10, 0x38,
    0x30, 0x20, 0x30, 0x38, 0x10, 0x10, 0x8, 0x10,
    0x10, 0x68, 0x0, 0xc0, 0x80, 0x0,

    /* U+004F "O" */
    0x0, 0x93, 0x3b, 0xe8, 0x40, 0x25, 0xb3, 0x30,
    0xae, 0x80, 0x56, 0x19, 0xbe, 0x6, 0x20, 0x62,
    0x66, 0x1, 0x0, 0x8, 0x28, 0x28, 0x0, 0x40,
    0x40, 0x1c, 0x1c, 0x0, 0x20, 0x50, 0x1, 0x81,
    0x80, 0x14, 0x8, 0x0, 0xa0, 0xa0, 0xf, 0xf,
    0x0, 0x8, 0x8, 0x0, 0x80, 0x80, 0x30, 0x81,
    0xa0, 0xa0, 0x0, 0xc3, 0xf3, 0x1, 0x0, 0x16,
    0xa8, 0x99, 0xa9, 0x80, 0x0,

    /* U+0050 "P" */
    0x0, 0x5f, 0xfe, 0xc4, 0x0, 0x98, 0x8, 0x82,
    0x76, 0x60, 0x2, 0xd, 0xd7, 0x20, 0x58, 0x10,
    0x10, 0x5, 0x80, 0x20, 0xc0, 0xc0, 0x16, 0x87,
    0x81, 0x81, 0x0, 0x15, 0x40, 0xe1, 0xc0, 0xdf,
    0xea, 0xa, 0x10, 0x50, 0x22, 0x1b, 0x6a, 0x80,
    0x8, 0x33, 0x72, 0x48, 0x0, 0x22, 0x1, 0x0,
    0xf1, 0x1, 0x80, 0x7c, 0xa0, 0xa0, 0x1f, 0x0,

    /* U+0051 "Q" */
    0x0, 0x93, 0x3f, 0xd6, 0x40, 0x13, 0x59, 0x98,
    0x53, 0xc0, 0x29, 0xc, 0xc7, 0x81, 0x10, 0x10,
    0x10, 0xc0, 0x44, 0x6, 0x6, 0x6, 0x1, 0x8,
    0x8, 0x70, 0x70, 0x0, 0xc0, 0xc0, 0xa, 0xa,
    0x0, 0x60, 0x60, 0x1, 0x1, 0x0, 0x34, 0x34,
    0x4, 0x70, 0x0, 0xc0, 0xc0, 0x21, 0x10, 0x12,
    0x2, 0x0, 0x90, 0x7e, 0x68, 0x48, 0x5, 0x88,
    0x26, 0x14, 0xc0, 0x10, 0xdf, 0xb0, 0x10, 0x7,
    0xd6, 0x14, 0x1, 0xf1, 0x19, 0x20, 0x0,

    /* U+0052 "R" */
    0x0, 0x5f, 0xfe, 0xb3, 0x0, 0x98, 0xc, 0xc2,
    0x9a, 0x20, 0x2, 0xc, 0xc7, 0x10, 0xa0, 0x10,
    0x18, 0x4, 0xc0, 0x20, 0xc0, 0xa0, 0x3, 0x40,
    0x50, 0x30, 0x7c, 0xc8, 0x24, 0x43, 0x80, 0x4c,
    0xc3, 0x6c, 0x0, 0x50, 0xde, 0x0, 0x20, 0x4,
    0x40, 0x42, 0x42, 0x60, 0x1, 0x11, 0x0, 0x10,
    0x10, 0x0, 0x40, 0xc0, 0xc, 0xb, 0x0, 0x28,
    0x10, 0x1, 0x0, 0xc4, 0x0,

    /* U+0053 "S" */
    0x0, 0x97, 0x3f, 0xa8, 0x40, 0x26, 0xa3, 0x30,
    0x2e, 0x80, 0x50, 0x1b, 0x9e, 0x6, 0x0, 0x21,
    0x32, 0x1, 0xcc, 0x0, 0xc, 0xe, 0x8, 0xc,
    0xc0, 0x1, 0x60, 0x7d, 0xd2, 0x0, 0x69, 0xa5,
    0x12, 0xb2, 0x0, 0xcb, 0x5c, 0x80, 0xa0, 0x2e,
    0xa0, 0x16, 0x0, 0x4b, 0x10, 0x0, 0xd, 0x2,
    0x2, 0x9, 0x76, 0x71, 0x31, 0x80, 0x31, 0x4,
    0xcd, 0x32, 0x0, 0x0,

    /* U+0054 "T" */
    0x3f, 0xff, 0xb8, 0x1c, 0x88, 0x20, 0x2, 0x22,
    0x2, 0x6e, 0xa4, 0x1f, 0x75, 0x40, 0x1b, 0x83,
    0x80, 0x3e, 0x50, 0x20, 0xf, 0x88, 0x14, 0x3,
    0xe1, 0x1, 0x0, 0xf1, 0x81, 0x80, 0x7c, 0xc0,
    0xc0, 0x1f, 0x68, 0x68, 0x7, 0xc4, 0x4, 0x1,
    0xf3, 0x83, 0x80, 0x70,

    /* U+0055 "U" */
    0x0, 0x67, 0x98, 0x2, 0x3e, 0x0, 0x4, 0x4,
    0x0, 0x20, 0xd0, 0x11, 0xc0, 0x7, 0x6, 0x2,
    0x2, 0x0, 0x88, 0xc, 0x14, 0x14, 0x0, 0x20,
    0x20, 0xe, 0xe, 0x0, 0x28, 0x28, 0x0, 0xc0,
    0xc0, 0x4, 0x4, 0x0, 0x60, 0x60, 0x7, 0x87,
    0x80, 0x8, 0x8, 0x0, 0xa0, 0xa0, 0x18, 0x40,
    0xcc, 0x26, 0x0, 0x30, 0xfc, 0xc0, 0x58, 0x5,
    0xaa, 0x4, 0x76, 0xa0, 0x0,

    /* U+0056 "V" */
    0x3f, 0xc0, 0x8, 0x7f, 0xc0, 0x20, 0x20, 0x13,
    0x3, 0x1, 0x1, 0x80, 0x54, 0x14, 0x1, 0x8,
    0x0, 0xc8, 0xcc, 0x0, 0x10, 0x10, 0xa0, 0xa0,
    0x8, 0x80, 0xc1, 0xc1, 0x80, 0x27, 0x1, 0x51,
    0x60, 0xc, 0x40, 0xfc, 0x14, 0x1, 0x84, 0x9,
    0xc, 0xc0, 0x1b, 0x82, 0x82, 0x80, 0x38, 0xc0,
    0xc1, 0x80, 0x38, 0x40, 0xc, 0x1, 0xc0,

    /* U+0057 "W" */
    0xa, 0xf0, 0x1f, 0xc0, 0x4f, 0x60, 0x11, 0x2,
    0x3, 0x86, 0x2, 0x3, 0x98, 0x61, 0x8, 0x20,
    0x90, 0xb, 0x3, 0xb8, 0x0, 0x6e, 0x1, 0x9,
    0xe, 0x9a, 0x6, 0x0, 0xc, 0xca, 0x9e, 0x6,
    0x8, 0x0, 0x11, 0x66, 0x0, 0x70, 0x84, 0x3,
    0x22, 0x88, 0x22, 0x0, 0x2, 0x6, 0x24, 0x64,
    0x1a, 0x0, 0x30, 0x64, 0x1, 0x70, 0x40, 0x0,
    0x81, 0x78, 0x0, 0x8c, 0x3, 0xc8, 0xe, 0x8,
    0x1, 0x0,

    /* U+0058 "X" */
    0x0, 0xbf, 0xc4, 0x0, 0x7f, 0xc0, 0xc, 0xa0,
    0xa0, 0x50, 0x1c, 0x1, 0xb8, 0x2c, 0x38, 0x24,
    0x80, 0x32, 0x9, 0xb9, 0x99, 0x80, 0x3c, 0xc1,
    0x1, 0xc0, 0x1f, 0x58, 0x2, 0x48, 0x3, 0xeb,
    0x0, 0xff, 0x1b, 0x88, 0x50, 0x7, 0xdc, 0x14,
    0x26, 0x40, 0x1d, 0x24, 0xa8, 0xe1, 0x40, 0x18,
    0xd8, 0x6c, 0x28, 0x18, 0x3, 0x70, 0x58, 0x81,
    0x88, 0x90, 0x0,

    /* U+0059 "Y" */
    0x5f, 0xa0, 0x8, 0x7f, 0xc4, 0xa0, 0xa0, 0x15,
    0x84, 0x10, 0x18, 0x20, 0x1a, 0x93, 0x80, 0x2c,
    0x30, 0x3c, 0x24, 0x2, 0x50, 0x45, 0x35, 0x40,
    0x8, 0x88, 0x70, 0x16, 0x1, 0xc8, 0x5, 0x2,
    0x1, 0xda, 0x4, 0xe0, 0x1e, 0x10, 0x70, 0xf,
    0xb4, 0x34, 0x3, 0xe2, 0x2, 0x0, 0xf9, 0xc1,
    0xc0, 0x38,

    /* U+005A "Z" */
    0x0, 0x47, 0xff, 0x8c, 0x0, 0x24, 0x50, 0x80,
    0x8, 0x1, 0x3b, 0xb2, 0x83, 0x8, 0x7, 0x32,
    0x14, 0x80, 0x71, 0x48, 0x70, 0x7, 0xbc, 0x20,
    0xc0, 0x3a, 0x49, 0x1c, 0x3, 0x91, 0x86, 0x80,
    0x38, 0x68, 0x28, 0x40, 0x3a, 0x85, 0x90, 0x3,
    0x8d, 0x1, 0xf7, 0x6b, 0x0, 0x30, 0x0, 0x48,
    0xa0, 0x8,

    /* U+005B "[" */
    0x0, 0xaf, 0xfe, 0xb0, 0x9, 0x40, 0x88, 0x60,
    0x10, 0x86, 0xea, 0x0, 0x6, 0x6, 0x1, 0xcc,
    0xc, 0x1, 0xda, 0x1a, 0x1, 0xc4, 0x4, 0x1,
    0xce, 0xe, 0x1, 0xc4, 0x4, 0x1, 0x88, 0x8,
    0x3, 0x98, 0x1c, 0x3, 0x8c, 0x8, 0x3, 0xb8,
    0x34, 0x3, 0x94, 0x2f, 0x64, 0x2, 0x20, 0x12,
    0x10, 0x0,

    /* U+005C "\\" */
    0x8f, 0x70, 0xb, 0x43, 0x40, 0x24, 0x4, 0x0,
    0x84, 0x70, 0x4, 0x80, 0x80, 0x16, 0x86, 0x80,
    0x48, 0x8, 0x1, 0x18, 0x18, 0x6, 0x30, 0x30,
    0x9, 0x41, 0x40, 0x2c, 0xc, 0x0, 0x9c, 0x1c,
    0x2, 0x21, 0x21, 0x0, 0x94, 0x14, 0x2, 0xc0,
    0xc0,

    /* U+005D "]" */
    0x0, 0x47, 0xfe, 0x0, 0xc4, 0x20, 0x60, 0x14,
    0x6d, 0x83, 0x0, 0x76, 0x86, 0x80, 0x71, 0x1,
    0x0, 0x73, 0x83, 0x80, 0x71, 0x1, 0x0, 0x62,
    0x2, 0x0, 0xe6, 0x7, 0x0, 0xe3, 0x2, 0x0,
    0xee, 0xd, 0x0, 0xe5, 0x6, 0x0, 0xe3, 0x3,
    0x0, 0x46, 0xe8, 0x4, 0x2, 0x32, 0x20, 0x28,
    0x4,

    /* U+005E "^" */
    0x0, 0xc8, 0x80, 0xe, 0x7b, 0xb1, 0x0, 0x43,
    0x4, 0x8, 0x1, 0x58, 0x78, 0x68, 0x1, 0x15,
    0x88, 0xd0, 0x1, 0x23, 0x0, 0x80, 0x8e, 0x52,
    0x21, 0x81, 0x80,

    /* U+005F "_" */
    0xb, 0xdd, 0xf5, 0x2, 0x11, 0x78, 0x0,

    /* U+0060 "`" */
    0x4, 0x30, 0xa, 0x31, 0x0, 0x1c, 0x12, 0x0,

    /* U+0061 "a" */
    0x0, 0x1e, 0x7d, 0x47, 0xb8, 0x16, 0x19, 0x22,
    0x81, 0x85, 0x3, 0x6f, 0x90, 0x30, 0x20, 0x58,
    0x8, 0x0, 0x80, 0xc0, 0x80, 0x80, 0x80, 0x80,
    0x80, 0xe, 0xe, 0x2, 0x4, 0x22, 0x90, 0x30,
    0x20, 0x7, 0x71, 0x81, 0xac, 0x64, 0x44, 0xd4,
    0xe0, 0x40,

    /* U+0062 "b" */
    0x0, 0x5f, 0xa0, 0x7, 0x98, 0x18, 0x3, 0xc4,
    0x4, 0x1, 0xc4, 0x4, 0xbb, 0xf4, 0x0, 0x60,
    0x3b, 0x10, 0x57, 0x3, 0x2, 0xec, 0x80, 0xd0,
    0xe0, 0xa0, 0x0, 0x81, 0x82, 0x82, 0x80, 0x38,
    0x38, 0x8, 0x8, 0x0, 0x60, 0x62, 0x20, 0x30,
    0x24, 0x4, 0x20, 0x1c, 0xc6, 0x83, 0x82, 0x83,
    0x30, 0xc5, 0xe0, 0x0,

    /* U+0063 "c" */
    0x0, 0x9f, 0x7f, 0x60, 0x3, 0x5c, 0x19, 0x89,
    0xe4, 0x0, 0xa8, 0x7d, 0x96, 0x8, 0x0, 0xf0,
    0x90, 0x2, 0x6f, 0x80, 0x18, 0x18, 0x2, 0x22,
    0x0, 0xc, 0xc, 0x0, 0x24, 0x1, 0xc4, 0x3,
    0x9a, 0x40, 0x4, 0xd, 0xce, 0x26, 0x20, 0x5,
    0x28, 0x99, 0x4c, 0x80, 0x0,

    /* U+0064 "d" */
    0x0, 0xfa, 0x7d, 0x80, 0x3e, 0x20, 0x20, 0xf,
    0x98, 0x18, 0x0, 0x57, 0xfa, 0x64, 0x4, 0x3,
    0x88, 0x43, 0xa0, 0x40, 0x7, 0x15, 0xdc, 0x70,
    0x70, 0x6, 0x87, 0x0, 0x38, 0x8, 0x0, 0xc0,
    0xa0, 0xd, 0xd, 0x0, 0x10, 0x8, 0x1, 0xc1,
    0x80, 0x40, 0x2, 0x6, 0x40, 0x60, 0x22, 0xf,
    0xce, 0x1, 0x0, 0xa8, 0x85, 0xe0, 0x14, 0x0,

    /* U+0065 "e" */
    0x0, 0xc, 0x6f, 0xf4, 0x0, 0x5a, 0xec, 0xc0,
    0x77, 0x3, 0x1b, 0x5c, 0xd8, 0x60, 0x68, 0x60,
    0x88, 0x80, 0x81, 0x42, 0xbb, 0x90, 0x50, 0x2,
    0x2b, 0xbb, 0x34, 0x44, 0x0, 0x44, 0x95, 0x40,
    0x26, 0x3b, 0x7d, 0x3a, 0x0, 0xd5, 0x24, 0x29,
    0x80,

    /* U+0066 "f" */
    0x0, 0xe5, 0xdf, 0xf4, 0x0, 0x64, 0xa2, 0x33,
    0x60, 0x6, 0xf0, 0xbc, 0xc2, 0x0, 0x64, 0x4,
    0x0, 0xf0, 0x80, 0x80, 0x75, 0x6e, 0x0, 0xee,
    0xb0, 0x0, 0xa4, 0x40, 0x1, 0x10, 0x40, 0x1f,
    0xe6, 0x9, 0xff, 0x68, 0x6, 0x20, 0x20, 0xf,
    0x94, 0x14, 0x3, 0xe1, 0x1, 0x0, 0xf1, 0x81,
    0x80, 0x7c, 0x80, 0x80, 0x1d, 0x17, 0x1, 0x40,
    0x1c, 0xca, 0x98, 0x40, 0x1c,

    /* U+0067 "g" */
    0x0, 0xd, 0x76, 0xa7, 0xf8, 0x2, 0xc5, 0x1,
    0xa0, 0x20, 0x3, 0x12, 0x76, 0x38, 0x38, 0x3,
    0x3, 0x80, 0x1c, 0x4, 0x0, 0x70, 0x70, 0x7,
    0x6, 0x80, 0x8, 0xc, 0x0, 0xa0, 0xc0, 0x19,
    0xc1, 0x8c, 0xc, 0x0, 0xa1, 0x3f, 0x60, 0x20,
    0x15, 0x3a, 0xbc, 0x81, 0x0, 0x68, 0xa8, 0xc0,
    0xb0, 0x9, 0x6a, 0x98, 0xe2, 0xc0, 0x17, 0xaa,
    0x89, 0x70, 0x40, 0x0,

    /* U+0068 "h" */
    0x0, 0x5f, 0xa0, 0x7, 0x98, 0x18, 0x3, 0xc4,
    0x4, 0x1, 0xc4, 0x4, 0xbb, 0xf4, 0x0, 0x60,
    0x3b, 0x10, 0x57, 0x3, 0x2, 0xec, 0x70, 0xe0,
    0xe0, 0xa0, 0x7, 0x80, 0x82, 0x82, 0x80, 0x38,
    0x38, 0x8, 0x8, 0x0, 0x40, 0xa2, 0x38, 0x0,
    0xa0, 0x44, 0x2, 0x0, 0x84, 0x65, 0x5, 0x0,
    0x18, 0x10, 0x0,

    /* U+0069 "i" */
    0x0, 0xe1, 0x40, 0xf, 0xbe, 0xdc, 0x3, 0xc6,
    0x28, 0x1, 0xed, 0xe3, 0x0, 0xb7, 0xfe, 0xc0,
    0xc, 0x24, 0x20, 0xa0, 0x1b, 0x36, 0x3, 0x80,
    0x3d, 0xe0, 0x40, 0x1e, 0x20, 0x70, 0xf, 0x28,
    0x10, 0x7, 0x84, 0x80, 0x23, 0xdd, 0x80, 0xb7,
    0x4a, 0x84, 0x50, 0x0, 0x88, 0x20,

    /* U+006A "j" */
    0x0, 0xf0, 0xa0, 0x7, 0xd9, 0x70, 0x1, 0xf0,
    0xe0, 0x7, 0xb7, 0x90, 0xb, 0xff, 0xb8, 0x0,
    0xc4, 0x58, 0x14, 0x0, 0x9b, 0xb5, 0x81, 0x0,
    0x7b, 0x83, 0xc0, 0x3c, 0x60, 0x40, 0x1e, 0x60,
    0x50, 0xf, 0x10, 0x8, 0x7, 0x10, 0x10, 0x7,
    0x9c, 0x1c, 0x3, 0xd2, 0x1e, 0x0, 0x8d, 0xd7,
    0x99, 0x94, 0x0, 0x84, 0x53, 0xe0, 0x4,

    /* U+006B "k" */
    0x0, 0x4f, 0xb0, 0x7, 0xca, 0xa, 0x1, 0xf1,
    0x1, 0x0, 0x78, 0x47, 0x0, 0xf7, 0xa8, 0x10,
    0x28, 0x2, 0x85, 0xd4, 0x14, 0x8, 0x25, 0x11,
    0x0, 0xe, 0x4, 0xb6, 0x2a, 0x0, 0x8c, 0x9,
    0x1, 0x4, 0x2, 0x60, 0xed, 0x6, 0x0, 0xc4,
    0x2, 0x46, 0xc, 0x0, 0x20, 0x20, 0x4, 0x85,
    0x80, 0x1c, 0x1c, 0x0, 0xa0, 0x46, 0x0,

    /* U+006C "l" */
    0x8f, 0xfc, 0xc0, 0x11, 0x10, 0x0, 0x40, 0x8,
    0xdd, 0x8, 0x28, 0x6, 0x11, 0x0, 0x80, 0x62,
    0x3, 0x0, 0xe6, 0x6, 0x0, 0xed, 0xd, 0x0,
    0xe2, 0x2, 0x0, 0xe7, 0x7, 0x0, 0xe3, 0x0,
    0xf8, 0x83, 0x37, 0x4a, 0x0, 0xe3, 0x12, 0x20,
    0x80,

    /* U+006D "m" */
    0xa, 0xf8, 0xf9, 0x7f, 0xb0, 0x3, 0x7, 0x93,
    0x1, 0xa1, 0x81, 0x93, 0xb0, 0xbb, 0x0, 0x88,
    0x1c, 0x19, 0x41, 0x80, 0x94, 0x8, 0x8, 0x80,
    0x44, 0x2, 0xd, 0x20, 0xf1, 0x13, 0x7, 0x83,
    0x38, 0x11, 0x0, 0xc0, 0x80, 0xc8, 0x15, 0x41,
    0xc0, 0xa2, 0x1a, 0x3, 0xc0, 0xa0,

    /* U+006E "n" */
    0x2, 0xfc, 0x6e, 0xfa, 0x0, 0x38, 0x15, 0x20,
    0x2b, 0x81, 0x2, 0xe5, 0x40, 0x70, 0x70, 0x70,
    0x6, 0x10, 0x50, 0x60, 0x7, 0x7, 0x1, 0x1,
    0x0, 0x14, 0x14, 0x47, 0x0, 0x8, 0x8, 0x80,
    0x40, 0x1, 0x1c, 0xa0, 0xa0, 0x2, 0x2, 0x0,

    /* U+006F "o" */
    0x0, 0xc, 0x6f, 0xeb, 0x80, 0x5a, 0xe6, 0x62,
    0x85, 0x6, 0x34, 0xec, 0x80, 0xf0, 0xd0, 0xf0,
    0x0, 0x81, 0x83, 0x3, 0x0, 0x38, 0x38, 0x8,
    0x8, 0x0, 0x60, 0x60, 0x10, 0x81, 0x20, 0x20,
    0x18, 0x7e, 0x68, 0x48, 0x3, 0x54, 0x4c, 0xd4,
    0xc0,

    /* U+0070 "p" */
    0x2, 0xfc, 0x6e, 0xfa, 0x0, 0x38, 0x15, 0x20,
    0x2b, 0x81, 0x2, 0xe5, 0x48, 0x68, 0x70, 0x68,
    0x6, 0x30, 0x50, 0x50, 0x7, 0x87, 0x1, 0x1,
    0x0, 0x8, 0xc, 0x44, 0x6, 0x4, 0x80, 0x84,
    0x5, 0xb9, 0xa0, 0xe0, 0xa0, 0x8e, 0x62, 0xf0,
    0x1c, 0x1d, 0x1f, 0xd0, 0x0, 0x30, 0x30, 0xf,
    0x30, 0x30, 0x7, 0x80,

    /* U+0071 "q" */
    0x0, 0x15, 0xfe, 0x9f, 0xf8, 0x0, 0x38, 0x82,
    0x2e, 0x2, 0x0, 0x38, 0xa7, 0x62, 0x3, 0x80,
    0x34, 0x3c, 0x1, 0xc0, 0x40, 0x6, 0x6, 0x0,
    0x68, 0x68, 0x0, 0x80, 0x80, 0xe, 0xc, 0x2,
    0x0, 0x10, 0x32, 0x3, 0x1, 0x10, 0x7e, 0x70,
    0x8, 0x5, 0xa4, 0x2f, 0x0, 0xa0, 0x11, 0xef,
    0xd9, 0x81, 0x0, 0x7d, 0xe1, 0xe0, 0x1f, 0x10,
    0x10, 0x0,

    /* U+0072 "r" */
    0x0, 0x6f, 0xa6, 0x7e, 0x98, 0x4, 0x41, 0xa,
    0x44, 0xe0, 0x1, 0x0, 0x36, 0x70, 0x8, 0x0,
    0xc0, 0x82, 0x1, 0x8, 0x0, 0xc0, 0xc0, 0x3,
    0xfc, 0x0, 0xe0, 0xe0, 0xf, 0x94, 0x14, 0x3,
    0xe2, 0x2, 0x0, 0xf0, 0x8e, 0x0, 0xf0,

    /* U+0073 "s" */
    0x0, 0x1d, 0xf7, 0xf4, 0x80, 0xb, 0x11, 0xdc,
    0x6d, 0x21, 0x41, 0x32, 0x8f, 0x8c, 0x0, 0xa2,
    0x5d, 0x9d, 0x42, 0x48, 0x5a, 0x2f, 0x40, 0x3,
    0xbd, 0x92, 0x24, 0x65, 0x4e, 0x26, 0xc4, 0x2,
    0xb, 0x15, 0x38, 0x66, 0x22, 0x51, 0x2b, 0x13,
    0x68, 0x0,

    /* U+0074 "t" */
    0x0, 0xcf, 0x0, 0x1f, 0xc, 0x30, 0x7, 0xc4,
    0x4, 0x1, 0xdb, 0xf8, 0x7, 0xff, 0x8, 0x9,
    0x8, 0x9, 0x10, 0xc4, 0x33, 0x54, 0x2b, 0x75,
    0x80, 0x19, 0x81, 0x80, 0x3e, 0x20, 0x20, 0xf,
    0x10, 0x10, 0x7, 0xcc, 0x2, 0x1, 0xf3, 0x1,
    0xee, 0xb0, 0x3, 0x13, 0x89, 0x10, 0x2,

    /* U+0075 "u" */
    0x3, 0xfc, 0x0, 0xbf, 0xc0, 0x6, 0x6, 0x0,
    0x10, 0x10, 0x3, 0x43, 0x40, 0xc, 0xc, 0x0,
    0x20, 0x20, 0x1, 0x81, 0x80, 0x1c, 0x1c, 0x1,
    0xa1, 0xc0, 0x2, 0x2, 0x0, 0x30, 0x28, 0x6,
    0x20, 0x33, 0x9, 0x80, 0x10, 0x33, 0x20, 0xb0,
    0xa, 0x94, 0xc, 0xd6, 0xa0, 0x0,

    /* U+0076 "v" */
    0xaf, 0x50, 0xa, 0xfd, 0xf4, 0x34, 0x0, 0x48,
    0x2e, 0x60, 0x60, 0xb, 0x6, 0x6, 0x6, 0x1,
    0x60, 0x90, 0x20, 0x20, 0x90, 0x71, 0x0, 0x18,
    0x1b, 0x4, 0x80, 0x4a, 0x12, 0x2c, 0x20, 0x17,
    0x82, 0x84, 0x0, 0x62, 0x0, 0x30, 0x80, 0x40,

    /* U+0077 "w" */
    0x1f, 0x70, 0x8f, 0x40, 0xbd, 0x0, 0xe5, 0x0,
    0x91, 0x0, 0x18, 0xc8, 0x82, 0x81, 0xa0, 0x1a,
    0xd0, 0x1, 0xa2, 0x80, 0x10, 0xae, 0x80, 0x1d,
    0x0, 0x37, 0x93, 0x86, 0xf, 0x80, 0x65, 0x31,
    0x5, 0x5, 0x0, 0xc7, 0x60, 0x3, 0x40, 0xf,
    0x28, 0x5, 0xa0, 0x10,

    /* U+0078 "x" */
    0x0, 0x27, 0xf0, 0x0, 0xff, 0xc4, 0x0, 0x43,
    0x16, 0x1d, 0xb, 0x20, 0xb, 0xc2, 0xac, 0x61,
    0x0, 0x31, 0xa1, 0xaa, 0x38, 0x7, 0x88, 0x1,
    0x20, 0x1e, 0x46, 0x0, 0x50, 0x7, 0x15, 0x86,
    0x3, 0x88, 0x6, 0xf0, 0xa3, 0x60, 0x90, 0xa,
    0xc9, 0x94, 0x2c, 0x1c, 0x40,

    /* U+0079 "y" */
    0x3, 0xfc, 0x0, 0xbf, 0x80, 0xa, 0xa, 0x0,
    0x30, 0x20, 0x7, 0x7, 0x0, 0x18, 0x18, 0x0,
    0x40, 0x40, 0xd, 0xd, 0x0, 0x38, 0x38, 0x0,
    0x80, 0x80, 0x4, 0x6, 0x0, 0x70, 0x70, 0xc,
    0xe0, 0xe4, 0x4, 0x0, 0x50, 0x9f, 0xc0, 0x20,
    0xa, 0x9d, 0x1f, 0xc1, 0x80, 0x34, 0x5c, 0x18,
    0x60, 0x4, 0xd5, 0x4b, 0x81, 0x60, 0xb, 0x55,
    0x76, 0x8, 0x0,

    /* U+007A "z" */
    0x0, 0x7f, 0xfb, 0x0, 0x4c, 0xf0, 0x1, 0x40,
    0x73, 0x24, 0x2, 0x80, 0xd, 0xe, 0x58, 0x20,
    0x14, 0x39, 0x60, 0x80, 0x50, 0xe5, 0x82, 0x1,
    0x43, 0x96, 0x8, 0x4, 0x6e, 0x0, 0xdc, 0xc5,
    0x2, 0x80, 0x8, 0xce, 0x10,

    /* U+007B "{" */
    0x0, 0xe8, 0xef, 0x70, 0xd, 0xe, 0x24, 0x60,
    0x19, 0x42, 0xf5, 0x0, 0x31, 0x2, 0x0, 0x7f,
    0xf0, 0x90, 0x8, 0x2, 0x8d, 0xd5, 0x9f, 0x0,
    0x48, 0x44, 0x6, 0x30, 0xb, 0x3f, 0xc4, 0xa8,
    0x1, 0xe1, 0x7, 0x0, 0xf1, 0x81, 0x80, 0x72,
    0x2, 0x0, 0x78, 0xc0, 0x3f, 0x10, 0x27, 0x28,
    0x6, 0x57, 0x11, 0x80, 0x0,

    /* U+007C "|" */
    0x0, 0xbb, 0xc4, 0x2, 0x10, 0x10, 0x1, 0x81,
    0x80, 0x4c, 0xc, 0x1, 0x68, 0x68, 0x4, 0x40,
    0x40, 0x13, 0x83, 0x80, 0x44, 0x4, 0x0, 0x20,
    0x20, 0x9, 0xc1, 0x80, 0x22, 0x3, 0x0, 0xb4,
    0x38, 0x2, 0x60, 0x50, 0x8, 0xc0, 0x80, 0x2,
    0x2, 0x20, 0x0,

    /* U+007D "}" */
    0x0, 0x27, 0xf4, 0x80, 0x70, 0x8c, 0xcc, 0x0,
    0xcb, 0xca, 0x1, 0xf9, 0xc1, 0xc0, 0x38, 0x8a,
    0x10, 0xe, 0x70, 0x60, 0xf, 0x39, 0x27, 0x6d,
    0x0, 0x61, 0x1, 0x20, 0xd, 0xc7, 0x5f, 0xea,
    0x0, 0x8c, 0x14, 0x3, 0xe1, 0x0, 0xf0, 0x80,
    0x7e, 0x50, 0x20, 0xc, 0x9b, 0x61, 0x40, 0x18,
    0xc8, 0x90, 0xc0, 0x18,

    /* U+007E "~" */
    0x0, 0x2c, 0x30, 0x0, 0x90, 0x1, 0x34, 0xf3,
    0x20, 0x8b, 0x10, 0x63, 0xe2, 0x6b, 0x53, 0x11,
    0x24, 0x8f, 0x9a, 0x23, 0x80,

    /* U+00A0 " " */

    /* U+00A1 "¡" */
    0x0, 0x57, 0xc0, 0x1, 0x3, 0xc0, 0x1d, 0xc7,
    0x0, 0x8, 0x80, 0x3, 0xd6, 0x0, 0x20, 0x20,
    0x2, 0x87, 0x0, 0x3c, 0x8, 0x0, 0xa0, 0xe0,
    0x3, 0x2, 0x2, 0x1, 0x0, 0x38, 0x10, 0x0,

    /* U+00A2 "¢" */
    0x0, 0xe4, 0x30, 0xf, 0xde, 0xe0, 0x1f, 0x1a,
    0x88, 0x7, 0x1e, 0xe0, 0xd6, 0x90, 0x0, 0x74,
    0x8c, 0x48, 0x90, 0x0, 0x61, 0x59, 0x4e, 0x7,
    0x0, 0x68, 0x79, 0x10, 0xff, 0x40, 0xe, 0xf,
    0xba, 0x0, 0xe2, 0x2, 0x66, 0x2c, 0x10, 0x6,
    0x53, 0x6a, 0x73, 0x0, 0x38, 0x50, 0x50, 0x48,
    0x80, 0x22, 0x4c, 0x57, 0x18, 0x3, 0x35, 0x3d,
    0x18, 0x7, 0xbf, 0xc0, 0x1c,

    /* U+00A3 "£" */
    0x0, 0x97, 0x3f, 0xa8, 0x80, 0x28, 0xa3, 0x30,
    0x2f, 0x80, 0x5, 0xc3, 0x73, 0xc0, 0x88, 0x4,
    0x6, 0x40, 0x3b, 0xa2, 0x3, 0x3, 0x20, 0x1,
    0x10, 0x0, 0xc2, 0x1f, 0x54, 0x20, 0xa, 0x84,
    0x9, 0x54, 0x60, 0x16, 0x68, 0x27, 0xf8, 0x40,
    0x34, 0x7, 0x80, 0x70, 0xda, 0xd2, 0x0, 0x72,
    0xa0, 0xc6, 0xee, 0x10, 0x20, 0x12, 0x2c, 0x62,
    0x0,

    /* U+00A4 "¤" */
    0x2, 0xb1, 0x0, 0xd2, 0x40, 0xc9, 0x98, 0xfd,
    0xc6, 0x70, 0x45, 0x25, 0x91, 0x3a, 0x50, 0x2,
    0xc4, 0xb7, 0x0, 0x63, 0x4, 0x0, 0x30, 0x30,
    0x0, 0x42, 0x49, 0x24, 0xcc, 0x3, 0xc0, 0xbb,
    0x64, 0x66, 0x2, 0x26, 0x76, 0x76, 0x8b, 0x1,
    0xf1, 0x89, 0x89, 0x72, 0x80,

    /* U+00A5 "¥" */
    0x5, 0xfb, 0x0, 0x87, 0xfc, 0x20, 0xa0, 0x80,
    0x15, 0x4, 0x8, 0x1, 0x1, 0x1, 0x10, 0x6e,
    0x1, 0x68, 0x68, 0x48, 0x70, 0x6, 0x70, 0x47,
    0x27, 0x20, 0x8, 0x4c, 0x89, 0x23, 0x42, 0x1,
    0x7e, 0x90, 0x8, 0xb6, 0x80, 0x2b, 0xa7, 0x2,
    0xaa, 0x40, 0x4, 0xaa, 0xd0, 0x75, 0x51, 0x80,
    0x17, 0xfd, 0x40, 0xbf, 0xe5, 0x0, 0x33, 0xb8,
    0x81, 0x5d, 0xc8, 0x0, 0x38, 0x80, 0x2, 0x62,
    0x2, 0x0,

    /* U+00A6 "¦" */
    0x0, 0x84, 0x40, 0x1b, 0xf8, 0x40, 0x2, 0x20,
    0x10, 0x1, 0x1, 0x80, 0x4a, 0xc, 0x1, 0x70,
    0x68, 0x4, 0x60, 0x40, 0x15, 0xfa, 0x80, 0x7f,
    0x8, 0x80, 0x25, 0xea, 0x0, 0x88, 0xc, 0x2,
    0xd0, 0xe0, 0x9, 0x81, 0x40, 0x23, 0x2, 0x0,
    0x8, 0x8, 0x80, 0x0,

    /* U+00A7 "§" */
    0x0, 0x9f, 0x7f, 0xda, 0xa0, 0x14, 0xc0, 0x32,
    0x95, 0x10, 0xb, 0xe, 0xcd, 0x5c, 0x98, 0x18,
    0x9, 0x80, 0x11, 0x84, 0x9, 0x83, 0x3e, 0xd0,
    0x3, 0x79, 0x29, 0xa5, 0xa8, 0x2, 0x26, 0x2b,
    0x20, 0x38, 0x0, 0xa0, 0x80, 0x2, 0x2, 0x0,
    0x8, 0x5a, 0x22, 0xe, 0x0, 0x1e, 0x4b, 0x76,
    0x1d, 0x10, 0x1, 0xee, 0x41, 0x9b, 0x0, 0x38,
    0xdf, 0x0, 0x80, 0x15, 0xce, 0x0, 0x70, 0x30,
    0x7, 0x8c, 0x7f, 0xa0, 0x78, 0x0, 0xb9, 0xc,
    0xf5, 0xc4, 0x0,

    /* U+00A8 "¨" */
    0x1, 0x30, 0x1, 0x90, 0x3, 0xb0, 0x8f, 0x30,
    0x0, 0x13, 0x20, 0x3, 0x80,

    /* U+00A9 "©" */
    0x0, 0x92, 0xb3, 0x68, 0x80, 0x28, 0xe8, 0xcd,
    0xfc, 0x10, 0x33, 0x55, 0xf6, 0x23, 0xb8, 0x2b,
    0xdd, 0x34, 0x5b, 0x84, 0x11, 0x19, 0x47, 0xaf,
    0xe4, 0x1, 0x29, 0x0, 0x46, 0xe2, 0x20, 0x10,
    0x4d, 0x6, 0x20, 0x20, 0x6a, 0xbb, 0x32, 0x0,
    0xa5, 0x47, 0x70, 0x2a, 0x40, 0x15, 0xba, 0xcd,
    0x1c, 0x0, 0x0,

    /* U+00AA "ª" */
    0x5, 0xcd, 0x50, 0x2d, 0xbe, 0x1d, 0xab, 0x18,
    0x3b, 0x6d, 0xd2, 0x48, 0x98,

    /* U+00AB "«" */
    0x0, 0x96, 0xe0, 0x1a, 0xdc, 0x0, 0x94, 0xd2,
    0xd2, 0xee, 0x3, 0xb1, 0xf5, 0x92, 0xd0, 0x2d,
    0x1c, 0x1b, 0x1c, 0x10, 0x41, 0x42, 0xb0, 0x61,
    0x0, 0x31, 0x29, 0xc8, 0xb9, 0x0, 0x52, 0x1e,
    0x30, 0x12, 0x1, 0x22, 0xd, 0x98, 0x68, 0x80,

    /* U+00AC "¬" */
    0x1d, 0xdf, 0x1a, 0x91, 0x7c, 0x9f, 0xf8, 0x0,
    0x20, 0x18, 0x80, 0xc0,

    /* U+00AD "­" */
    0x9d, 0xdd, 0x28, 0x45, 0x80,

    /* U+00AE "®" */
    0x0, 0x92, 0xb3, 0x68, 0x80, 0x28, 0xe8, 0xcd,
    0xfc, 0x10, 0x33, 0x76, 0xf6, 0x23, 0xb8, 0x2b,
    0xcd, 0x78, 0x97, 0x84, 0x11, 0x1a, 0xbe, 0xe9,
    0xe4, 0x1, 0x35, 0x9e, 0x1, 0xb8, 0x88, 0xd,
    0x93, 0x1, 0x88, 0x8, 0x60, 0xab, 0x19, 0x0,
    0x52, 0xd8, 0x8, 0xea, 0x40, 0x15, 0xbb, 0x60,
    0xe0, 0x0,

    /* U+00AF "¯" */
    0x68, 0x8c, 0xd0, 0xef, 0xbc,

    /* U+00B0 "°" */
    0x0, 0x4f, 0x71, 0x80, 0x12, 0x94, 0xf2, 0x20,
    0xd6, 0x94, 0x6, 0x0, 0xe0, 0x92, 0x20, 0x43,
    0xfb, 0xf8, 0x1, 0xfb, 0x74, 0x40,

    /* U+00B1 "±" */
    0x0, 0xcf, 0xee, 0x1, 0xed, 0x2, 0x0, 0xf3,
    0x3, 0x80, 0x5b, 0xfe, 0x30, 0xdf, 0xe0, 0x12,
    0x20, 0x0, 0x88, 0x81, 0x9b, 0x20, 0x9b, 0xaa,
    0x0, 0x8c, 0xc, 0x2, 0x38, 0x85, 0x81, 0xc4,
    0x2, 0xdd, 0xc6, 0x8, 0xec, 0x0,

    /* U+00B2 "²" */
    0x0, 0x3f, 0x7d, 0x0, 0x16, 0x21, 0x2a, 0xa0,
    0x7c, 0x67, 0x0, 0x88, 0xcb, 0x11, 0x40, 0xf,
    0xb5, 0x60, 0xc, 0x99, 0x21, 0x81, 0x98, 0x67,
    0x20, 0x0,

    /* U+00B3 "³" */
    0x3, 0xff, 0xd2, 0x5, 0x98, 0x52, 0xa0, 0x13,
    0x84, 0xf3, 0x0, 0xb5, 0x70, 0x5, 0x81, 0xbc,
    0x48, 0xe6, 0x12, 0x8, 0xa8, 0x6b, 0x7c, 0x0,

    /* U+00B4 "´" */
    0x0, 0x1a, 0x8, 0x2e, 0x40, 0xa5, 0x1e, 0x80,

    /* U+00B5 "µ" */
    0x2, 0xfd, 0x0, 0xbf, 0xc0, 0x6, 0x6, 0x0,
    0x8, 0x8, 0x0, 0xc0, 0xc0, 0xa, 0xa, 0x0,
    0xe0, 0xe0, 0x1, 0x1, 0x0, 0x14, 0x8, 0x1,
    0xe1, 0xe0, 0x2, 0x5, 0x0, 0x10, 0x10, 0x8,
    0x80, 0xc0, 0x50, 0x14, 0x8, 0x1, 0xf3, 0x80,
    0x1, 0x5, 0x5, 0x7, 0xa0, 0x30, 0x7, 0x6,
    0xeb, 0x9f, 0xf0, 0x0, 0x60, 0x40, 0x1f, 0x30,
    0x38, 0x7, 0xc0,

    /* U+00B6 "¶" */
    0x1, 0xae, 0xf9, 0x2f, 0x60, 0xc5, 0x10, 0xf7,
    0x5, 0x42, 0x0, 0x88, 0x80, 0x58, 0x1, 0x97,
    0x44, 0x60, 0xc, 0x2c, 0x41, 0xe0, 0x11, 0x81,
    0xa8, 0x33, 0x90, 0x30, 0x87, 0x0, 0x23, 0x3,
    0x54, 0xc, 0x2, 0x20, 0x22, 0x3, 0x0, 0x4a,
    0xd, 0xe0, 0x40, 0x17, 0x1, 0x91, 0x0, 0x31,
    0x88, 0x2b, 0x0, 0x66, 0x50, 0x13, 0x0, 0xc4,
    0x43, 0xe, 0x0, 0x88, 0x3d, 0x81, 0x40, 0x0,

    /* U+00B7 "·" */
    0x0, 0xe9, 0xf8, 0x26, 0x4, 0x22, 0xc, 0x0,

    /* U+00B8 "¸" */
    0x0, 0x61, 0x0, 0xc, 0x38, 0xc0, 0xf0, 0xbc,
    0x3b, 0xc2, 0x3, 0xfb, 0x88,

    /* U+00B9 "¹" */
    0x0, 0x37, 0x7a, 0x0, 0x1e, 0xdc, 0x18, 0x0,
    0x9b, 0xe0, 0x40, 0x3, 0xf, 0x30, 0xe, 0x26,
    0x0, 0x91, 0xa, 0x8, 0xb, 0x76, 0x15, 0xb1,

    /* U+00BA "º" */
    0x6, 0xed, 0x33, 0x47, 0xd4, 0x22, 0x4, 0x8,
    0x2, 0xbc, 0x66, 0x72, 0xa8,

    /* U+00BB "»" */
    0x0, 0x45, 0x98, 0x55, 0x90, 0x6, 0xc4, 0xe0,
    0xc4, 0x90, 0xc, 0x8a, 0x4c, 0xc3, 0x44, 0x0,
    0x6b, 0x8, 0x1f, 0x9, 0x0, 0xc4, 0x0, 0x37,
    0x0, 0x8, 0x0, 0xb4, 0x34, 0x6c, 0x7c, 0x40,
    0x70, 0x6c, 0x74, 0x34, 0x80, 0x70, 0x69, 0x70,
    0x6c, 0xc0, 0x0,

    /* U+00BC "¼" */
    0x0, 0x13, 0xa8, 0x4, 0xe4, 0x7, 0xf5, 0x80,
    0x8, 0xb2, 0x2, 0xd0, 0xf0, 0x47, 0xe0, 0x0,
    0x81, 0x29, 0x54, 0x10, 0x3, 0xb8, 0x1b, 0xa2,
    0x70, 0xb, 0xfd, 0xcc, 0x1c, 0x1, 0x84, 0x40,
    0xf0, 0xe, 0x1, 0xd6, 0x6d, 0xe0, 0x1c, 0x8b,
    0xfa, 0xe4, 0x60, 0x14, 0xc2, 0xd, 0x42, 0x80,
    0x20, 0x5f, 0xb, 0xc9, 0x40, 0x9f, 0x82, 0xff,
    0x40, 0x80, 0xbc, 0x80, 0x22, 0xf1, 0x0,

    /* U+00BD "½" */
    0x0, 0xb, 0x20, 0x4, 0xa4, 0x5, 0x97, 0xa0,
    0x7, 0x82, 0x0, 0x60, 0x78, 0x24, 0x70, 0x0,
    0x84, 0x94, 0xa9, 0x8c, 0x1, 0xdc, 0xd, 0xd1,
    0xc8, 0x5, 0xfe, 0xe6, 0xe, 0x0, 0xc2, 0x20,
    0x77, 0x18, 0x7, 0xac, 0xb7, 0x5f, 0x20, 0x12,
    0x2c, 0xcd, 0x4c, 0x1, 0x4b, 0xa6, 0x34, 0xb8,
    0x1, 0xc2, 0x6, 0x7a, 0x20, 0x3, 0x1c, 0x10,
    0xc5, 0x52, 0x3, 0xc6, 0x11, 0xdf, 0xe9, 0x0,

    /* U+00BE "¾" */
    0x3, 0xff, 0x98, 0x7, 0x8c, 0xf, 0xe1, 0x1c,
    0x29, 0x8c, 0x0, 0x50, 0x62, 0xad, 0x0, 0x11,
    0xc3, 0x9d, 0xc8, 0x5, 0x64, 0x61, 0x28, 0x80,
    0x8, 0xb2, 0x59, 0x2c, 0x3, 0x4f, 0xea, 0x58,
    0x80, 0x7a, 0x19, 0x5e, 0xc0, 0x31, 0xbd, 0x3d,
    0x40, 0x80, 0x5d, 0x29, 0x59, 0xce, 0x0, 0x71,
    0x6f, 0x2e, 0x22, 0x1, 0x47, 0x5, 0x7e, 0x82,
    0x81, 0x79, 0x0, 0x45, 0xe2, 0x0,

    /* U+00BF "¿" */
    0x0, 0xec, 0xf6, 0x0, 0xc2, 0x60, 0x60, 0x18,
    0x7f, 0x94, 0x3, 0x88, 0x3, 0xc5, 0xb0, 0x1,
    0xc, 0x70, 0x70, 0x0, 0x7d, 0xcc, 0x8, 0x1,
    0x62, 0xbd, 0xea, 0x0, 0x50, 0xa1, 0x0, 0xf1,
    0x80, 0x72, 0x6, 0x77, 0x2c, 0x1, 0x4c, 0x23,
    0x80,

    /* U+00C0 "À" */
    0x0, 0xe3, 0x30, 0x7, 0xe9, 0xc6, 0x0, 0xfa,
    0xc6, 0x44, 0x3, 0xc3, 0xde, 0x20, 0x1e, 0x8f,
    0xf2, 0x0, 0x79, 0x80, 0x2, 0x1, 0xca, 0x28,
    0x4, 0x1, 0xdc, 0x1c, 0x1e, 0x1, 0x89, 0xd,
    0xc0, 0x80, 0x35, 0x4, 0x98, 0x8, 0x6, 0x60,
    0x51, 0x6, 0x0, 0x94, 0x45, 0x54, 0x3, 0x0,
    0xb8, 0x5, 0x54, 0x2, 0x0, 0x24, 0x2f, 0xf8,
    0x80, 0x42, 0x81, 0x40, 0x26, 0x2, 0x6, 0xa,
    0x0, 0x84, 0x1c,

    /* U+00C1 "Á" */
    0x0, 0xfc, 0x86, 0x1, 0xfa, 0xec, 0x80, 0x1f,
    0x52, 0x43, 0x80, 0x7d, 0x5e, 0xe0, 0x1f, 0x47,
    0xf9, 0x0, 0x3e, 0x60, 0x0, 0x80, 0x79, 0x45,
    0x0, 0x80, 0x3d, 0xc1, 0xc1, 0xe0, 0x1c, 0x48,
    0x6e, 0x4, 0x1, 0xd4, 0x12, 0x60, 0x20, 0x1c,
    0xc0, 0xa2, 0xc, 0x1, 0x94, 0x45, 0x54, 0x3,
    0x0, 0xdc, 0x2, 0xaa, 0x1, 0x0, 0x89, 0xb,
    0xfe, 0x20, 0x10, 0x5, 0x2, 0x80, 0x4c, 0x4,
    0x0, 0x60, 0xa0, 0x8, 0x41, 0xc0,

    /* U+00C2 "Â" */
    0x0, 0xf2, 0xc2, 0x0, 0x7c, 0xf4, 0xd6, 0x60,
    0x1c, 0xf0, 0xfe, 0x3c, 0x1, 0xcf, 0xf0, 0x3d,
    0xa0, 0x1e, 0x8f, 0xf2, 0x0, 0x7c, 0xc0, 0x1,
    0x0, 0xf2, 0x8a, 0x1, 0x0, 0x7b, 0x83, 0x83,
    0xc0, 0x38, 0x90, 0xdc, 0x8, 0x3, 0xa8, 0x24,
    0xc0, 0x40, 0x39, 0x81, 0x44, 0x18, 0x3, 0x28,
    0x8a, 0xa8, 0x6, 0x1, 0xb8, 0x5, 0x54, 0x2,
    0x1, 0x12, 0x17, 0xfc, 0x40, 0x20, 0xa, 0x5,
    0x0, 0x98, 0x8, 0x0, 0xc1, 0x40, 0x10, 0x83,
    0x80,

    /* U+00C3 "Ã" */
    0x0, 0xfe, 0x10, 0xf, 0x67, 0xd1, 0xf1, 0x0,
    0x67, 0x19, 0x5c, 0x42, 0x0, 0xcb, 0xed, 0xd9,
    0x60, 0x1c, 0x55, 0xfc, 0xe0, 0x1f, 0x30, 0x0,
    0x40, 0x3c, 0xa2, 0x80, 0x40, 0x1e, 0xe0, 0xe0,
    0xf0, 0xe, 0x24, 0x37, 0x2, 0x0, 0xea, 0x9,
    0x30, 0x10, 0xe, 0x60, 0x51, 0x6, 0x0, 0xca,
    0x22, 0xaa, 0x1, 0x80, 0x6e, 0x1, 0x55, 0x0,
    0x80, 0x44, 0x85, 0xff, 0x10, 0x8, 0x2, 0x81,
    0x40, 0x26, 0x2, 0x0, 0x30, 0x50, 0x4, 0x20,
    0xe0,

    /* U+00C4 "Ä" */
    0x0, 0xe4, 0x10, 0x14, 0x0, 0xe9, 0xb8, 0xc,
    0xb5, 0x0, 0xc2, 0x1a, 0x2, 0x48, 0x1, 0xa3,
    0xd0, 0x33, 0x44, 0x3, 0xa3, 0xfc, 0x80, 0x1f,
    0x30, 0x0, 0x40, 0x3c, 0xa2, 0x80, 0x40, 0x1e,
    0xe0, 0xe0, 0xf0, 0xe, 0x24, 0x37, 0x2, 0x0,
    0xea, 0x9, 0x30, 0x10, 0xe, 0x60, 0x51, 0x6,
    0x0, 0xca, 0x22, 0xaa, 0x1, 0x80, 0x6e, 0x1,
    0x55, 0x0, 0x80, 0x44, 0x85, 0xff, 0x10, 0x8,
    0x2, 0x81, 0x40, 0x26, 0x2, 0x0, 0x30, 0x50,
    0x4, 0x20, 0xe0,

    /* U+00C5 "Å" */
    0x0, 0xe1, 0xbf, 0xc1, 0x0, 0xe8, 0x1f, 0x17,
    0x0, 0xe5, 0xd0, 0x32, 0x0, 0xe8, 0x9e, 0x94,
    0x0, 0xec, 0x11, 0x18, 0x7, 0x98, 0x0, 0x20,
    0x1c, 0xa2, 0x80, 0x40, 0x1d, 0xc1, 0xc1, 0xe0,
    0x18, 0x90, 0xdc, 0x8, 0x3, 0x50, 0x49, 0x80,
    0x80, 0x66, 0x5, 0x10, 0x60, 0x9, 0x44, 0x55,
    0x40, 0x30, 0xb, 0x80, 0x55, 0x40, 0x20, 0x2,
    0x42, 0xff, 0x88, 0x4, 0x28, 0x14, 0x2, 0x60,
    0x20, 0x60, 0xa0, 0x8, 0x41, 0xc0,

    /* U+00C6 "Æ" */
    0x0, 0xd3, 0xff, 0xe4, 0x0, 0xce, 0x24, 0x6,
    0x88, 0x50, 0x9, 0x5, 0x94, 0x3e, 0xec, 0x20,
    0x16, 0x85, 0x90, 0x10, 0x7, 0x9c, 0x4d, 0x84,
    0x40, 0x1c, 0x82, 0xe0, 0x63, 0xfe, 0x10, 0xb,
    0x83, 0x44, 0x4, 0xcc, 0x20, 0x12, 0x83, 0x20,
    0x4e, 0x60, 0x2, 0x50, 0x6, 0xd0, 0x18, 0x7,
    0x78, 0x3d, 0x20, 0x30, 0x7, 0x28, 0x42, 0x80,
    0x26, 0xe0, 0x0, 0xa0, 0xc0, 0x5, 0x4, 0x40,
    0x80, 0x0,

    /* U+00C7 "Ç" */
    0x0, 0x8e, 0xfb, 0xec, 0x80, 0x24, 0xc4, 0x31,
    0x4c, 0x0, 0xa4, 0x2b, 0x78, 0x84, 0xc0, 0x8a,
    0x50, 0x4, 0x40, 0x81, 0xc1, 0xc0, 0x25, 0x71,
    0x2, 0x2, 0x0, 0xfb, 0x43, 0x40, 0x3e, 0x60,
    0x60, 0xf, 0x8c, 0xc, 0x0, 0x8e, 0x40, 0x18,
    0x80, 0x6a, 0x0, 0x25, 0xd, 0xce, 0x16, 0x20,
    0x5, 0x30, 0x19, 0x4c, 0x80, 0x34, 0xb, 0xe3,
    0x0, 0x70, 0xf2, 0xe0, 0x7, 0xb7, 0xca, 0xc0,
    0x3d, 0x9d, 0xec, 0x1, 0x80,

    /* U+00C8 "È" */
    0x0, 0xc6, 0x80, 0x1f, 0xae, 0xd0, 0x1, 0xf4,
    0x13, 0x90, 0x7, 0xdb, 0xe4, 0x1, 0xa3, 0xff,
    0xce, 0x0, 0x20, 0x33, 0xf0, 0x1, 0xc3, 0xb3,
    0x32, 0x0, 0x8, 0x8, 0x3, 0xc4, 0x4, 0x1,
    0xf3, 0x1, 0x7f, 0xe2, 0x0, 0x18, 0x11, 0x9c,
    0x84, 0x0, 0xe0, 0x8c, 0xca, 0xc0, 0x25, 0x6,
    0x0, 0xf8, 0x80, 0xc0, 0x3c, 0x22, 0xc, 0xcd,
    0x60, 0x2, 0x0, 0x19, 0xe7, 0x0, 0x0,

    /* U+00C9 "É" */
    0x0, 0xf8, 0xd0, 0x3, 0xea, 0xcc, 0x0, 0x7a,
    0x15, 0xa0, 0x3, 0xd1, 0xf2, 0x1, 0xa3, 0xff,
    0xce, 0x0, 0x20, 0x33, 0xf0, 0x1, 0xc3, 0xb3,
    0x32, 0x0, 0x8, 0x8, 0x3, 0xc4, 0x4, 0x1,
    0xf3, 0x1, 0x7f, 0xe2, 0x0, 0x18, 0x11, 0x9c,
    0x84, 0x0, 0xe0, 0x8c, 0xca, 0xc0, 0x25, 0x6,
    0x0, 0xf8, 0x80, 0xc0, 0x3c, 0x22, 0xc, 0xcd,
    0x60, 0x2, 0x0, 0x19, 0xe7, 0x0, 0x0,

    /* U+00CA "Ê" */
    0x0, 0xe4, 0x85, 0x0, 0xf2, 0xdb, 0x52, 0x0,
    0x65, 0xa5, 0xf2, 0xa1, 0x0, 0x97, 0xe8, 0x77,
    0x84, 0x1, 0x1f, 0xfe, 0x70, 0x1, 0x1, 0x9f,
    0x80, 0xe, 0x1d, 0x99, 0x90, 0x0, 0x40, 0x40,
    0x1e, 0x20, 0x20, 0xf, 0x98, 0xb, 0xff, 0x10,
    0x0, 0xc0, 0x8c, 0xe4, 0x20, 0x7, 0x4, 0x66,
    0x56, 0x1, 0x28, 0x30, 0x7, 0xc4, 0x6, 0x1,
    0xe1, 0x10, 0x66, 0x6b, 0x0, 0x10, 0x0, 0xcf,
    0x38, 0x0,

    /* U+00CB "Ë" */
    0x0, 0xc8, 0x20, 0x4, 0x0, 0xcf, 0x74, 0x17,
    0x67, 0x0, 0xee, 0x1, 0x12, 0x0, 0x4f, 0xea,
    0x15, 0xc6, 0x0, 0x8f, 0xff, 0x38, 0x0, 0x80,
    0xcf, 0xc0, 0x7, 0xe, 0xcc, 0xc8, 0x0, 0x20,
    0x20, 0xf, 0x10, 0x10, 0x7, 0xcc, 0x5, 0xff,
    0x88, 0x0, 0x60, 0x46, 0x72, 0x10, 0x3, 0x82,
    0x33, 0x2b, 0x0, 0x94, 0x18, 0x3, 0xe2, 0x3,
    0x0, 0xf0, 0x88, 0x33, 0x35, 0x80, 0x8, 0x0,
    0x67, 0x9c, 0x0,

    /* U+00CC "Ì" */
    0x0, 0xc6, 0x80, 0x1f, 0xaa, 0xdc, 0x3, 0xe9,
    0x18, 0x10, 0xf, 0xbb, 0xc4, 0x3, 0x3f, 0xff,
    0x8c, 0x2, 0x32, 0x1, 0x33, 0x10, 0x1, 0xf2,
    0x81, 0xb3, 0x2, 0x1, 0xb8, 0x38, 0x3, 0xe5,
    0x2, 0x0, 0xf8, 0x81, 0x40, 0x3e, 0x10, 0x10,
    0xf, 0x18, 0x18, 0x7, 0xcc, 0xc, 0x1, 0xf6,
    0x81, 0x0, 0x76, 0x61, 0x81, 0x72, 0x0, 0x4,
    0x66, 0x10, 0x23, 0x0, 0x80,

    /* U+00CD "Í" */
    0x0, 0xf9, 0xc, 0x3, 0xeb, 0xb2, 0x0, 0x7a,
    0x92, 0x1c, 0x3, 0xd5, 0xee, 0x1, 0x9f, 0xff,
    0xc6, 0x1, 0x19, 0x0, 0x99, 0x88, 0x0, 0xf9,
    0x40, 0xd9, 0x81, 0x0, 0xdc, 0x1c, 0x1, 0xf2,
    0x81, 0x0, 0x7c, 0x40, 0xa0, 0x1f, 0x8, 0x8,
    0x7, 0x8c, 0xc, 0x3, 0xe6, 0x6, 0x0, 0xfb,
    0x40, 0x80, 0x3b, 0x30, 0xc0, 0xb9, 0x0, 0x2,
    0x33, 0x8, 0x11, 0x80, 0x40,

    /* U+00CE "Î" */
    0x0, 0xe5, 0x84, 0x0, 0xf3, 0x53, 0x59, 0x80,
    0x67, 0x97, 0xf1, 0xe0, 0xc, 0xff, 0x3, 0xda,
    0x1, 0x3f, 0xff, 0x8c, 0x2, 0x32, 0x1, 0x33,
    0x10, 0x1, 0xf2, 0x81, 0xb3, 0x2, 0x1, 0xb8,
    0x38, 0x3, 0xe5, 0x2, 0x0, 0xf8, 0x81, 0x40,
    0x3e, 0x10, 0x10, 0xf, 0x18, 0x18, 0x7, 0xcc,
    0xc, 0x1, 0xf6, 0x81, 0x0, 0x76, 0x61, 0x81,
    0x72, 0x0, 0x4, 0x66, 0x10, 0x23, 0x0, 0x80,

    /* U+00CF "Ï" */
    0x0, 0xc8, 0x20, 0x28, 0x1, 0xa6, 0xe0, 0x36,
    0xd4, 0x2, 0x10, 0xd0, 0x0, 0xb8, 0x5, 0x1e,
    0x81, 0x9c, 0x40, 0x7, 0xff, 0xf1, 0x80, 0x46,
    0x40, 0x26, 0x62, 0x0, 0x3e, 0x50, 0x36, 0x60,
    0x40, 0x37, 0x7, 0x0, 0x7c, 0xa0, 0x40, 0x1f,
    0x10, 0x28, 0x7, 0xc2, 0x2, 0x1, 0xe3, 0x3,
    0x0, 0xf9, 0x81, 0x80, 0x3e, 0xd0, 0x20, 0xe,
    0xcc, 0x30, 0x2e, 0x40, 0x0, 0x8c, 0xc2, 0x4,
    0x60, 0x10,

    /* U+00D0 "Ð" */
    0x0, 0x5f, 0xfd, 0xd4, 0x20, 0x12, 0x81, 0x10,
    0x57, 0x40, 0x21, 0x16, 0xec, 0x6, 0x20, 0x60,
    0x40, 0x2, 0x20, 0x18, 0xa8, 0x30, 0x80, 0x8,
    0xb, 0x64, 0x16, 0x80, 0x80, 0x82, 0xc, 0x22,
    0x41, 0x81, 0x81, 0x4, 0x14, 0x80, 0xc0, 0x80,
    0x4, 0x4, 0x0, 0xd0, 0xf0, 0x20, 0x20, 0x2,
    0x28, 0x38, 0x30, 0x16, 0xf5, 0x84, 0x88, 0x10,
    0x0, 0x85, 0x2d, 0x80, 0x0,

    /* U+00D1 "Ñ" */
    0x0, 0xfc, 0x20, 0x1d, 0x9f, 0x47, 0xc4, 0x1,
    0x38, 0xca, 0xe2, 0x10, 0x4, 0xbe, 0xdd, 0x96,
    0x1, 0x66, 0xf0, 0xb, 0xfc, 0x0, 0x8, 0xc,
    0x0, 0x61, 0xa0, 0x23, 0x1, 0x7, 0x3, 0x1,
    0x2, 0x3, 0x82, 0x81, 0x82, 0x86, 0x6, 0x81,
    0x8, 0x3, 0x80, 0x88, 0x62, 0x25, 0x0, 0x18,
    0x33, 0xa9, 0x1, 0x0, 0x18, 0xb, 0x45, 0x43,
    0x80, 0x4, 0x40, 0x30, 0xc0, 0x30, 0x20, 0x70,
    0x60, 0x40, 0x60, 0x70, 0x20, 0x20, 0x10, 0x20,
    0x20, 0xd0, 0x1, 0x81, 0x0, 0x0,

    /* U+00D2 "Ò" */
    0x0, 0xc6, 0x60, 0xf, 0xd3, 0x8c, 0x1, 0xf5,
    0x8c, 0x88, 0x7, 0x87, 0xbc, 0x40, 0x39, 0x33,
    0xbe, 0x84, 0x2, 0x5b, 0x33, 0xa, 0xe8, 0x5,
    0x61, 0x9b, 0xe0, 0x62, 0x6, 0x26, 0x60, 0x10,
    0x0, 0x82, 0x82, 0x80, 0x4, 0x4, 0x1, 0xc1,
    0xc0, 0x2, 0x5, 0x0, 0x18, 0x18, 0x1, 0x40,
    0x80, 0xa, 0xa, 0x0, 0xf0, 0xf0, 0x0, 0x80,
    0x80, 0x8, 0x8, 0x3, 0x8, 0x1a, 0xa, 0x0,
    0xc, 0x3f, 0x30, 0x10, 0x1, 0x6a, 0x89, 0x9a,
    0x98, 0x0,

    /* U+00D3 "Ó" */
    0x0, 0xf9, 0xc, 0x3, 0xeb, 0xb2, 0x0, 0x7a,
    0x92, 0x1c, 0x3, 0xd5, 0xee, 0x1, 0xc9, 0x9d,
    0xf4, 0x20, 0x12, 0xd9, 0x98, 0x57, 0x40, 0x2b,
    0xc, 0xdf, 0x3, 0x10, 0x31, 0x33, 0x0, 0x80,
    0x4, 0x14, 0x14, 0x0, 0x20, 0x20, 0xe, 0xe,
    0x0, 0x10, 0x28, 0x0, 0xc0, 0xc0, 0xa, 0x4,
    0x0, 0x50, 0x50, 0x7, 0x87, 0x80, 0x4, 0x4,
    0x0, 0x40, 0x40, 0x18, 0x40, 0xd0, 0x50, 0x0,
    0x61, 0xf9, 0x80, 0x80, 0xb, 0x54, 0x4c, 0xd4,
    0xc0, 0x0,

    /* U+00D4 "Ô" */
    0x0, 0xe5, 0x84, 0x0, 0xf3, 0xd3, 0x59, 0x80,
    0x67, 0x87, 0xf1, 0xe0, 0xc, 0xff, 0x3, 0xda,
    0x1, 0x93, 0x3b, 0xe8, 0x40, 0x25, 0xb3, 0x30,
    0xae, 0x80, 0x56, 0x19, 0xbe, 0x6, 0x20, 0x62,
    0x66, 0x1, 0x0, 0x8, 0x28, 0x28, 0x0, 0x40,
    0x40, 0x1c, 0x1c, 0x0, 0x20, 0x50, 0x1, 0x81,
    0x80, 0x14, 0x8, 0x0, 0xa0, 0xa0, 0xf, 0xf,
    0x0, 0x8, 0x8, 0x0, 0x80, 0x80, 0x30, 0x81,
    0xa0, 0xa0, 0x0, 0xc3, 0xf3, 0x1, 0x0, 0x16,
    0xa8, 0x99, 0xa9, 0x80, 0x0,

    /* U+00D5 "Õ" */
    0x0, 0xfc, 0x20, 0x1d, 0x9f, 0x47, 0xc4, 0x1,
    0x38, 0xca, 0xe2, 0x10, 0x4, 0xbe, 0xdd, 0x96,
    0x1, 0x9b, 0xba, 0x91, 0x0, 0x96, 0xcc, 0xc2,
    0xba, 0x1, 0x58, 0x66, 0xf8, 0x18, 0x81, 0x89,
    0x98, 0x4, 0x0, 0x20, 0xa0, 0xa0, 0x1, 0x1,
    0x0, 0x70, 0x70, 0x0, 0x81, 0x40, 0x6, 0x6,
    0x0, 0x50, 0x20, 0x2, 0x82, 0x80, 0x3c, 0x3c,
    0x0, 0x20, 0x20, 0x2, 0x2, 0x0, 0xc2, 0x6,
    0x82, 0x80, 0x3, 0xf, 0xcc, 0x4, 0x0, 0x5a,
    0xa2, 0x66, 0xa6, 0x0, 0x0,

    /* U+00D6 "Ö" */
    0x0, 0xc8, 0x20, 0x28, 0x1, 0xa6, 0xe0, 0x32,
    0xd4, 0x2, 0x10, 0xd0, 0x12, 0x40, 0xa, 0x3d,
    0x3, 0x34, 0x40, 0x24, 0xce, 0xfa, 0x10, 0x9,
    0x6c, 0xcc, 0x2b, 0xa0, 0x15, 0x86, 0x6f, 0x81,
    0x88, 0x18, 0x99, 0x80, 0x40, 0x2, 0xa, 0xa,
    0x0, 0x10, 0x10, 0x7, 0x7, 0x0, 0x8, 0x14,
    0x0, 0x60, 0x60, 0x5, 0x2, 0x0, 0x28, 0x28,
    0x3, 0xc3, 0xc0, 0x2, 0x2, 0x0, 0x20, 0x20,
    0xc, 0x20, 0x68, 0x28, 0x0, 0x30, 0xfc, 0xc0,
    0x40, 0x5, 0xaa, 0x26, 0x6a, 0x60, 0x0,

    /* U+00D7 "×" */
    0x0, 0x28, 0x4, 0xc0, 0xc, 0xa4, 0x1c, 0x95,
    0xb, 0xb, 0xc3, 0x55, 0x3, 0xa0, 0x13, 0x50,
    0x1, 0x50, 0x0, 0xa0, 0x6, 0xa0, 0xa2, 0x39,
    0x5, 0x2c, 0x5f, 0x1d, 0x3, 0xd3, 0x2, 0xe4,
    0x0,

    /* U+00D8 "Ø" */
    0x0, 0xc9, 0x9f, 0xd5, 0x7e, 0x40, 0x12, 0xd9,
    0x90, 0xaa, 0x51, 0x0, 0x56, 0x19, 0xb6, 0x0,
    0x40, 0x8, 0xc5, 0xc, 0x24, 0x3, 0xca, 0x4,
    0x14, 0x40, 0x22, 0x0, 0xb8, 0x3d, 0x54, 0xe0,
    0x40, 0x18, 0xc0, 0x14, 0xda, 0xa, 0x1, 0x94,
    0x2c, 0xa7, 0x43, 0x80, 0x30, 0x81, 0x78, 0x18,
    0x18, 0x7, 0xa0, 0x88, 0x80, 0x80, 0x10, 0x80,
    0x27, 0x34, 0x24, 0x3, 0x50, 0xa8, 0x19, 0xa9,
    0x80, 0x22, 0x3d, 0xae, 0xfc, 0x50, 0xc,

    /* U+00D9 "Ù" */
    0x0, 0xc6, 0x60, 0xf, 0xd3, 0x8c, 0x1, 0xf5,
    0x8c, 0x88, 0x7, 0x87, 0xbc, 0x40, 0x36, 0x79,
    0x80, 0x23, 0xe0, 0x0, 0x40, 0x40, 0x2, 0xd,
    0x1, 0x1c, 0x0, 0x70, 0x60, 0x20, 0x20, 0x8,
    0x80, 0xc1, 0x41, 0x40, 0x2, 0x2, 0x0, 0xe0,
    0xe0, 0x2, 0x82, 0x80, 0xc, 0xc, 0x0, 0x40,
    0x40, 0x6, 0x6, 0x0, 0x78, 0x78, 0x0, 0x80,
    0x80, 0xa, 0xa, 0x1, 0x84, 0xc, 0xc2, 0x60,
    0x3, 0xf, 0xcc, 0x5, 0x80, 0x5a, 0xa0, 0x47,
    0x6a, 0x0,

    /* U+00DA "Ú" */
    0x0, 0xf9, 0xc, 0x3, 0xeb, 0xb2, 0x0, 0x7a,
    0x92, 0x1c, 0x3, 0xd5, 0xee, 0x1, 0xb3, 0xcc,
    0x1, 0x1f, 0x0, 0x2, 0x2, 0x0, 0x10, 0x68,
    0x8, 0xe0, 0x3, 0x83, 0x1, 0x1, 0x0, 0x44,
    0x6, 0xa, 0xa, 0x0, 0x10, 0x10, 0x7, 0x7,
    0x0, 0x14, 0x14, 0x0, 0x60, 0x60, 0x2, 0x2,
    0x0, 0x30, 0x30, 0x3, 0xc3, 0xc0, 0x4, 0x4,
    0x0, 0x50, 0x50, 0xc, 0x20, 0x66, 0x13, 0x0,
    0x18, 0x7e, 0x60, 0x2c, 0x2, 0xd5, 0x2, 0x3b,
    0x50, 0x0,

    /* U+00DB "Û" */
    0x0, 0xe5, 0x84, 0x0, 0xf3, 0xd3, 0x59, 0x80,
    0x67, 0x87, 0xf1, 0xe0, 0xc, 0xff, 0x3, 0xda,
    0x1, 0x67, 0x98, 0x2, 0x3e, 0x0, 0x4, 0x4,
    0x0, 0x20, 0xd0, 0x11, 0xc0, 0x7, 0x6, 0x2,
    0x2, 0x0, 0x88, 0xc, 0x14, 0x14, 0x0, 0x20,
    0x20, 0xe, 0xe, 0x0, 0x28, 0x28, 0x0, 0xc0,
    0xc0, 0x4, 0x4, 0x0, 0x60, 0x60, 0x7, 0x87,
    0x80, 0x8, 0x8, 0x0, 0xa0, 0xa0, 0x18, 0x40,
    0xcc, 0x26, 0x0, 0x30, 0xfc, 0xc0, 0x58, 0x5,
    0xaa, 0x4, 0x76, 0xa0, 0x0,

    /* U+00DC "Ü" */
    0x0, 0xc8, 0x20, 0x28, 0x1, 0xa6, 0xe0, 0x32,
    0xd4, 0x2, 0x10, 0xd0, 0x12, 0x40, 0xa, 0x3d,
    0x3, 0x34, 0x40, 0x19, 0xe6, 0x0, 0x8f, 0x80,
    0x1, 0x1, 0x0, 0x8, 0x34, 0x4, 0x70, 0x1,
    0xc1, 0x80, 0x80, 0x80, 0x22, 0x3, 0x5, 0x5,
    0x0, 0x8, 0x8, 0x3, 0x83, 0x80, 0xa, 0xa,
    0x0, 0x30, 0x30, 0x1, 0x1, 0x0, 0x18, 0x18,
    0x1, 0xe1, 0xe0, 0x2, 0x2, 0x0, 0x28, 0x28,
    0x6, 0x10, 0x33, 0x9, 0x80, 0xc, 0x3f, 0x30,
    0x16, 0x1, 0x6a, 0x81, 0x1d, 0xa8, 0x0,

    /* U+00DD "Ý" */
    0x0, 0xf2, 0x18, 0x7, 0xd7, 0x64, 0x0, 0xf5,
    0x24, 0x38, 0x7, 0xab, 0xdc, 0x2, 0x5f, 0xa0,
    0x8, 0x7f, 0xc4, 0xa0, 0xa0, 0x15, 0x84, 0x10,
    0x18, 0x20, 0x1a, 0x93, 0x80, 0x2c, 0x30, 0x3c,
    0x24, 0x2, 0x50, 0x45, 0x35, 0x40, 0x8, 0x88,
    0x70, 0x16, 0x1, 0xc8, 0x5, 0x2, 0x1, 0xda,
    0x4, 0xe0, 0x1e, 0x10, 0x70, 0xf, 0xb4, 0x34,
    0x3, 0xe2, 0x2, 0x0, 0xf9, 0xc1, 0xc0, 0x38,

    /* U+00DE "Þ" */
    0x0, 0x57, 0xa8, 0x7, 0xce, 0xe, 0x1, 0xf1,
    0x4, 0xdd, 0x38, 0x4, 0x40, 0x4, 0x42, 0xc6,
    0x80, 0x18, 0x17, 0xfd, 0x80, 0x46, 0x6, 0x4,
    0x0, 0x33, 0x0, 0x5c, 0x1a, 0x0, 0x33, 0x1,
    0x82, 0x84, 0xde, 0x60, 0x24, 0x0, 0x40, 0x68,
    0x66, 0xa6, 0x1, 0x1b, 0xfe, 0xc5, 0x0, 0x10,
    0x10, 0x7, 0xca, 0xa, 0x1, 0xf0,

    /* U+00DF "ß" */
    0x0, 0xe3, 0xbe, 0xfb, 0x20, 0xe, 0x4c, 0x42,
    0x14, 0xc0, 0xe, 0x90, 0xbc, 0xe1, 0x11, 0x0,
    0x44, 0x52, 0x0, 0x63, 0x0, 0x9c, 0x1c, 0x1,
    0x2, 0xc2, 0x1, 0x68, 0x6b, 0xfb, 0xba, 0x40,
    0x31, 0x1, 0x11, 0x41, 0xc8, 0x3, 0x38, 0x3a,
    0xd4, 0x5, 0x80, 0x62, 0x2, 0x0, 0x8, 0x18,
    0x4, 0x20, 0x40, 0x1, 0xb0, 0xf0, 0x9, 0x41,
    0x8b, 0x38, 0x91, 0x40, 0x22, 0x3, 0x43, 0x28,
    0xb0, 0xd, 0xa1, 0xad, 0xfa, 0xe0, 0x14, 0x62,
    0x12, 0x80, 0x7c, 0xc4, 0xd8, 0x1, 0xf8,

    /* U+00E0 "à" */
    0x0, 0x8b, 0xf8, 0x3, 0xc5, 0x3, 0x0, 0x1e,
    0x7c, 0xb0, 0xf, 0x8c, 0xc0, 0x18, 0xf3, 0xea,
    0x3d, 0xc0, 0xb0, 0xc9, 0x14, 0xc, 0x28, 0x1b,
    0x7c, 0x81, 0x81, 0x2, 0xc0, 0x40, 0x4, 0x6,
    0x4, 0x4, 0x4, 0x4, 0x4, 0x0, 0x70, 0x70,
    0x10, 0x21, 0x14, 0x81, 0x81, 0x0, 0x3b, 0x8c,
    0xd, 0x63, 0x22, 0x26, 0xa7, 0x2,

    /* U+00E1 "á" */
    0x0, 0xf6, 0x7a, 0x80, 0x75, 0x9c, 0xa8, 0x6,
    0x1f, 0xc6, 0x0, 0xe1, 0x43, 0x0, 0xc7, 0x9f,
    0x51, 0xee, 0x5, 0x86, 0x48, 0xa0, 0x61, 0x40,
    0xdb, 0xe4, 0xc, 0x8, 0x16, 0x2, 0x0, 0x20,
    0x30, 0x20, 0x20, 0x20, 0x20, 0x20, 0x3, 0x83,
    0x80, 0x81, 0x8, 0xa4, 0xc, 0x8, 0x1, 0xdc,
    0x60, 0x6b, 0x19, 0x11, 0x35, 0x38, 0x10,

    /* U+00E2 "â" */
    0x0, 0xc9, 0xfe, 0x70, 0xc, 0xb6, 0xa9, 0x6,
    0x1, 0x14, 0x55, 0x21, 0x80, 0x27, 0x70, 0xb,
    0xa8, 0x0, 0xf3, 0xea, 0x3d, 0xc0, 0xb0, 0xc9,
    0x14, 0xc, 0x28, 0x1b, 0x7c, 0x81, 0x81, 0x2,
    0xc0, 0x40, 0x4, 0x6, 0x4, 0x4, 0x4, 0x4,
    0x4, 0x0, 0x70, 0x70, 0x10, 0x21, 0x14, 0x81,
    0x81, 0x0, 0x3b, 0x8c, 0xd, 0x63, 0x22, 0x26,
    0xa7, 0x2,

    /* U+00E3 "ã" */
    0x0, 0xfc, 0x20, 0x11, 0xf7, 0xab, 0xe8, 0x5,
    0xe8, 0xb5, 0x14, 0x1, 0x45, 0xd5, 0xe3, 0x0,
    0x48, 0x20, 0x86, 0x1, 0x1e, 0x7d, 0x47, 0xb8,
    0x16, 0x19, 0x22, 0x81, 0x85, 0x3, 0x6f, 0x90,
    0x30, 0x20, 0x58, 0x8, 0x0, 0x80, 0xc0, 0x80,
    0x80, 0x80, 0x80, 0x80, 0xe, 0xe, 0x2, 0x4,
    0x22, 0x90, 0x30, 0x20, 0x7, 0x71, 0x81, 0xac,
    0x64, 0x44, 0xd4, 0xe0, 0x40,

    /* U+00E4 "ä" */
    0x0, 0xaf, 0x88, 0x77, 0x40, 0x19, 0x4, 0x14,
    0x80, 0x3b, 0x34, 0x92, 0xf0, 0x3, 0x19, 0x0,
    0x10, 0x40, 0x23, 0xcf, 0xa8, 0xf7, 0x0, 0x16,
    0x19, 0x22, 0x81, 0x80, 0x28, 0x1b, 0x7c, 0x81,
    0x80, 0x8, 0x16, 0x2, 0x0, 0x20, 0x1, 0x81,
    0x1, 0x1, 0x0, 0x8, 0x8, 0x0, 0xe0, 0xe0,
    0x1, 0x2, 0x11, 0x48, 0x18, 0x0, 0x80, 0x1d,
    0xc6, 0x6, 0xb0, 0x19, 0x11, 0x35, 0x38, 0x10,
    0x0,

    /* U+00E5 "å" */
    0x0, 0xc5, 0x7a, 0xe0, 0x1d, 0xf9, 0x30, 0x20,
    0x10, 0x92, 0x80, 0x4, 0x2, 0x15, 0xda, 0xa0,
    0x7, 0x57, 0xf2, 0x80, 0x47, 0x9f, 0x51, 0xee,
    0x5, 0x86, 0x48, 0xa0, 0x61, 0x40, 0xdb, 0xe4,
    0xc, 0x8, 0x16, 0x2, 0x0, 0x20, 0x30, 0x20,
    0x20, 0x20, 0x20, 0x20, 0x3, 0x83, 0x80, 0x81,
    0x8, 0xa4, 0xc, 0x8, 0x1, 0xdc, 0x60, 0x6b,
    0x19, 0x11, 0x35, 0x38, 0x10,

    /* U+00E6 "æ" */
    0x0, 0xd, 0x7e, 0x1e, 0x7d, 0x0, 0x56, 0xb0,
    0x5a, 0xc8, 0xa8, 0x0, 0x39, 0x74, 0x1b, 0xf0,
    0x20, 0x4, 0xb0, 0x31, 0x9, 0x1, 0x0, 0x1f,
    0xbc, 0xcb, 0xe4, 0x18, 0x1e, 0x26, 0xc1, 0xb3,
    0x22, 0xb, 0x17, 0x0, 0x61, 0xb0, 0x6, 0x17,
    0x91, 0xea, 0xa2, 0x80, 0x20, 0x61, 0x69, 0x51,
    0xd8, 0x0,

    /* U+00E7 "ç" */
    0x0, 0x9f, 0x7f, 0x60, 0x3, 0x5c, 0x19, 0x89,
    0xe4, 0x0, 0xa8, 0x7d, 0x96, 0x8, 0x0, 0xf0,
    0x90, 0x2, 0x6f, 0x80, 0x18, 0x18, 0x2, 0x22,
    0x0, 0xc, 0xc, 0x0, 0x24, 0x1, 0xc4, 0x3,
    0x9a, 0x40, 0x4, 0xd, 0xce, 0x26, 0x20, 0x5,
    0xb0, 0x19, 0x4c, 0x80, 0x35, 0x84, 0x63, 0x0,
    0x71, 0x7c, 0xe8, 0x7, 0xbb, 0xc2, 0x40, 0x3d,
    0xfd, 0xc5, 0x0, 0xc0,

    /* U+00E8 "è" */
    0x0, 0x8f, 0xf4, 0x3, 0xc6, 0xe4, 0xe0, 0x1e,
    0x8b, 0x40, 0xf, 0x90, 0xc0, 0x30, 0xc6, 0xff,
    0x40, 0x5, 0xae, 0xcc, 0x7, 0x70, 0x31, 0xb5,
    0xcd, 0x86, 0x6, 0x86, 0x8, 0x88, 0x8, 0x14,
    0x2b, 0xb9, 0x5, 0x0, 0x22, 0xbb, 0xb3, 0x44,
    0x40, 0x4, 0x49, 0x54, 0x2, 0x63, 0xb7, 0xd3,
    0xa0, 0xd, 0x52, 0x42, 0x98, 0x0,

    /* U+00E9 "é" */
    0x0, 0xe1, 0xdf, 0x40, 0xe, 0xd2, 0xa4, 0x0,
    0xc3, 0x1a, 0xa0, 0x1c, 0x28, 0x40, 0x18, 0x63,
    0x7f, 0xa0, 0x2, 0xd7, 0x66, 0x3, 0xb8, 0x18,
    0xda, 0xe6, 0xc3, 0x3, 0x43, 0x4, 0x44, 0x4,
    0xa, 0x15, 0xdc, 0x82, 0x80, 0x11, 0x5d, 0xd9,
    0xa2, 0x20, 0x2, 0x24, 0xaa, 0x1, 0x31, 0xdb,
    0xe9, 0xd0, 0x6, 0xa9, 0x21, 0x4c, 0x0,

    /* U+00EA "ê" */
    0x0, 0xcb, 0xfe, 0x60, 0xc, 0xd4, 0xc7, 0x24,
    0x0, 0x11, 0x4c, 0xb5, 0xdc, 0x0, 0x17, 0x60,
    0x18, 0x50, 0x0, 0xc6, 0xff, 0x40, 0x5, 0xae,
    0xcc, 0x7, 0x70, 0x31, 0xb5, 0xcd, 0x86, 0x6,
    0x86, 0x8, 0x88, 0x8, 0x14, 0x2b, 0xb9, 0x5,
    0x0, 0x22, 0xbb, 0xb3, 0x44, 0x40, 0x4, 0x49,
    0x54, 0x2, 0x63, 0xb7, 0xd3, 0xa0, 0xd, 0x52,
    0x42, 0x98, 0x0,

    /* U+00EB "ë" */
    0x0, 0xb3, 0x84, 0xbb, 0x0, 0x21, 0x31, 0x7,
    0x10, 0xc, 0x39, 0xa2, 0xb7, 0xa0, 0x18, 0xc8,
    0x0, 0x82, 0x1, 0xc, 0x6f, 0xf4, 0x0, 0x6d,
    0x76, 0x60, 0x3b, 0x80, 0xc, 0x6d, 0x73, 0x61,
    0x80, 0xd, 0xc, 0x11, 0x10, 0x10, 0x1, 0x42,
    0xbb, 0x90, 0x50, 0x0, 0x11, 0x5d, 0xd9, 0xa2,
    0x2, 0x0, 0x44, 0x95, 0x40, 0x1, 0x31, 0xdb,
    0xe9, 0xd0, 0xb, 0x54, 0x90, 0xa6, 0x0, 0x0,

    /* U+00EC "ì" */
    0x0, 0xdb, 0xe4, 0x1, 0xe9, 0xe, 0x0, 0xf2,
    0x64, 0x0, 0x7c, 0x68, 0x1, 0xb7, 0xfe, 0xc0,
    0xc, 0x24, 0x20, 0xa0, 0x1b, 0x36, 0x3, 0x80,
    0x3d, 0xe0, 0x40, 0x1e, 0x20, 0x70, 0xf, 0x28,
    0x10, 0x7, 0x84, 0x80, 0x23, 0xdd, 0x80, 0xb7,
    0x4a, 0x84, 0x50, 0x0, 0x88, 0x20,

    /* U+00ED "í" */
    0x0, 0xf5, 0x7c, 0x0, 0x7a, 0x15, 0xa0, 0x3,
    0xd9, 0x89, 0x0, 0xf9, 0xc, 0x3, 0xb7, 0xfe,
    0xc0, 0xe, 0x12, 0x10, 0x50, 0xe, 0xcd, 0x80,
    0xe0, 0xf, 0xbc, 0x8, 0x3, 0xe2, 0x7, 0x0,
    0xf9, 0x40, 0x80, 0x3e, 0x12, 0x0, 0xc7, 0xbb,
    0x1, 0x6e, 0x94, 0x10, 0x8a, 0x0, 0x11, 0x4,
    0x0,

    /* U+00EE "î" */
    0x0, 0xe6, 0x84, 0x0, 0xe1, 0xb8, 0x4b, 0x30,
    0xc, 0xf9, 0xf9, 0x8, 0x1, 0x99, 0xc4, 0x1d,
    0xc0, 0x16, 0xff, 0xd8, 0x1, 0xc2, 0x42, 0xa,
    0x1, 0xd9, 0xb0, 0x1c, 0x1, 0xf7, 0x81, 0x0,
    0x7c, 0x40, 0xe0, 0x1f, 0x28, 0x10, 0x7, 0xc2,
    0x40, 0x18, 0xf7, 0x60, 0x2d, 0xd2, 0x82, 0x11,
    0x40, 0x2, 0x20, 0x80,

    /* U+00EF "ï" */
    0x0, 0xc8, 0x0, 0x13, 0x0, 0xd7, 0x67, 0xf,
    0xc3, 0x0, 0xc2, 0x80, 0x3, 0x30, 0x5, 0x7c,
    0x61, 0xd8, 0x1, 0x6f, 0xfd, 0x80, 0x1c, 0x24,
    0x20, 0xa0, 0x1d, 0x9b, 0x1, 0xc0, 0x1f, 0x78,
    0x10, 0x7, 0xc4, 0xe, 0x1, 0xf2, 0x81, 0x0,
    0x7c, 0x24, 0x1, 0x8f, 0x76, 0x2, 0xdd, 0x28,
    0x21, 0x14, 0x0, 0x22, 0x8, 0x0,

    /* U+00F0 "ð" */
    0x0, 0xff, 0xe0, 0x1f, 0xea, 0x55, 0x80, 0x46,
    0x44, 0xb4, 0xd0, 0x2, 0xf9, 0x0, 0x3d, 0x80,
    0x1a, 0xb8, 0xc1, 0x20, 0x14, 0x51, 0xc0, 0x38,
    0x80, 0x1b, 0x7f, 0x50, 0x1c, 0x1e, 0x49, 0x59,
    0x3, 0x2, 0x3, 0x6a, 0x8e, 0x2, 0x80, 0x84,
    0x0, 0xe0, 0x30, 0x3, 0x0, 0x6, 0xc2, 0xd0,
    0x4b, 0xaf, 0x89, 0xcc, 0x31, 0x5, 0xe, 0xa0,
    0x0,

    /* U+00F1 "ñ" */
    0x0, 0xfc, 0x20, 0x11, 0xf7, 0xab, 0xe8, 0x5,
    0xe8, 0xb5, 0x14, 0x1, 0x45, 0xd5, 0xe3, 0x0,
    0x48, 0x20, 0x86, 0x0, 0x2f, 0xc6, 0xef, 0xa0,
    0x3, 0x81, 0x52, 0x2, 0xb8, 0x10, 0x2e, 0x54,
    0x7, 0x7, 0x7, 0x0, 0x61, 0x5, 0x6, 0x0,
    0x70, 0x70, 0x10, 0x10, 0x1, 0x41, 0x44, 0x70,
    0x0, 0x80, 0x88, 0x4, 0x0, 0x11, 0xca, 0xa,
    0x0, 0x20, 0x20,

    /* U+00F2 "ò" */
    0x0, 0x8f, 0xf4, 0x3, 0xc6, 0xe4, 0xe0, 0x1e,
    0x8b, 0x40, 0xf, 0x90, 0xc0, 0x30, 0xc6, 0xfe,
    0xb8, 0x5, 0xae, 0x66, 0x28, 0x50, 0x63, 0x4e,
    0xc8, 0xf, 0xd, 0xf, 0x0, 0x8, 0x18, 0x30,
    0x30, 0x3, 0x83, 0x80, 0x80, 0x80, 0x6, 0x6,
    0x1, 0x8, 0x12, 0x2, 0x1, 0x87, 0xe6, 0x84,
    0x80, 0x35, 0x44, 0xcd, 0x4c, 0x0,

    /* U+00F3 "ó" */
    0x0, 0xe1, 0xdf, 0x40, 0xe, 0xd2, 0xa4, 0x0,
    0xc3, 0x1a, 0xa0, 0x1c, 0x28, 0x40, 0x18, 0x63,
    0x7f, 0x5c, 0x2, 0xd7, 0x33, 0x14, 0x28, 0x31,
    0xa7, 0x64, 0x7, 0x86, 0x87, 0x80, 0x4, 0xc,
    0x18, 0x18, 0x1, 0xc1, 0xc0, 0x40, 0x40, 0x3,
    0x3, 0x0, 0x84, 0x9, 0x1, 0x0, 0xc3, 0xf3,
    0x42, 0x40, 0x1a, 0xa2, 0x66, 0xa6, 0x0,

    /* U+00F4 "ô" */
    0x0, 0xcb, 0xfe, 0x60, 0xc, 0xd4, 0xc7, 0x24,
    0x0, 0x11, 0x4c, 0xb5, 0xdc, 0x0, 0x17, 0x60,
    0x18, 0x50, 0x0, 0xc6, 0xfe, 0xb8, 0x5, 0xae,
    0x66, 0x28, 0x50, 0x63, 0x4e, 0xc8, 0xf, 0xd,
    0xf, 0x0, 0x8, 0x18, 0x30, 0x30, 0x3, 0x83,
    0x80, 0x80, 0x80, 0x6, 0x6, 0x1, 0x8, 0x12,
    0x2, 0x1, 0x87, 0xe6, 0x84, 0x80, 0x35, 0x44,
    0xcd, 0x4c, 0x0,

    /* U+00F5 "õ" */
    0x0, 0xfc, 0x20, 0x12, 0x7f, 0x24, 0x50, 0x5,
    0x2c, 0xb6, 0xfc, 0x1, 0x44, 0x2e, 0xda, 0xa0,
    0x12, 0x88, 0x21, 0x0, 0x43, 0x1b, 0xfa, 0xe0,
    0x16, 0xb9, 0x98, 0xa1, 0x41, 0x8d, 0x3b, 0x20,
    0x3c, 0x34, 0x3c, 0x0, 0x20, 0x60, 0xc0, 0xc0,
    0xe, 0xe, 0x2, 0x2, 0x0, 0x18, 0x18, 0x4,
    0x20, 0x48, 0x8, 0x6, 0x1f, 0x9a, 0x12, 0x0,
    0xd5, 0x13, 0x35, 0x30, 0x0,

    /* U+00F6 "ö" */
    0x0, 0xb3, 0x84, 0xbb, 0x0, 0x21, 0x31, 0x7,
    0x10, 0xc, 0x39, 0xa2, 0xb7, 0xa0, 0x18, 0xc8,
    0x0, 0x82, 0x1, 0xc, 0x6f, 0xeb, 0x80, 0x6d,
    0x73, 0x31, 0x42, 0x80, 0x18, 0xd3, 0xb2, 0x3,
    0xc0, 0x1a, 0x1e, 0x0, 0x10, 0x30, 0x3, 0x3,
    0x0, 0x38, 0x38, 0x0, 0x40, 0x40, 0x3, 0x3,
    0x0, 0xc2, 0x4, 0x80, 0x80, 0x3, 0xf, 0xcd,
    0x9, 0x0, 0xb5, 0x44, 0xcd, 0x4c, 0x0,

    /* U+00F7 "÷" */
    0x0, 0x8e, 0x98, 0x3, 0xb5, 0x64, 0x3, 0x94,
    0x20, 0x3, 0xaf, 0xdc, 0x0, 0x5b, 0xbe, 0x27,
    0x22, 0xf1, 0xaf, 0xff, 0x84, 0x0, 0x94, 0xa0,
    0x1d, 0x6b, 0x0, 0x1c, 0x61, 0x60, 0x10,

    /* U+00F8 "ø" */
    0x0, 0xfe, 0x75, 0x0, 0xd1, 0xbf, 0xb9, 0x2e,
    0x1, 0x63, 0x99, 0x10, 0xe4, 0x80, 0xc, 0x6b,
    0xd0, 0x0, 0xd0, 0xb, 0x42, 0x4e, 0x90, 0xc,
    0x2, 0x60, 0x1d, 0x6d, 0xe, 0x0, 0x88, 0x7d,
    0x27, 0xc0, 0xc0, 0x30, 0x8a, 0x89, 0xc1, 0x0,
    0x21, 0x3, 0xcd, 0x19, 0x0, 0xa0, 0x54, 0xc,
    0xd4, 0xc0, 0x17, 0xdd, 0x7f, 0xb1, 0x40, 0x20,

    /* U+00F9 "ù" */
    0x0, 0x8f, 0xf4, 0x3, 0xe3, 0x72, 0x70, 0xf,
    0xa2, 0xd0, 0x3, 0xf2, 0x18, 0x6, 0x3f, 0xc0,
    0xb, 0xfc, 0x0, 0x60, 0x60, 0x1, 0x1, 0x0,
    0x34, 0x34, 0x0, 0xc0, 0xc0, 0x2, 0x2, 0x0,
    0x18, 0x18, 0x1, 0xc1, 0xc0, 0x1a, 0x1c, 0x0,
    0x20, 0x20, 0x3, 0x2, 0x80, 0x62, 0x3, 0x30,
    0x98, 0x1, 0x3, 0x32, 0xb, 0x0, 0xa9, 0x40,
    0xcd, 0x6a, 0x0,

    /* U+00FA "ú" */
    0x0, 0xe1, 0xdf, 0x40, 0xf, 0x69, 0x52, 0x0,
    0x70, 0xc6, 0xa8, 0x7, 0x85, 0x8, 0x3, 0x1f,
    0xe0, 0x5, 0xfe, 0x0, 0x30, 0x30, 0x0, 0x80,
    0x80, 0x1a, 0x1a, 0x0, 0x60, 0x60, 0x1, 0x1,
    0x0, 0xc, 0xc, 0x0, 0xe0, 0xe0, 0xd, 0xe,
    0x0, 0x10, 0x10, 0x1, 0x81, 0x40, 0x31, 0x1,
    0x98, 0x4c, 0x0, 0x81, 0x99, 0x5, 0x80, 0x54,
    0xa0, 0x66, 0xb5, 0x0, 0x0,

    /* U+00FB "û" */
    0x0, 0xcb, 0xfe, 0x60, 0xe, 0x6a, 0x63, 0x92,
    0x0, 0x84, 0x53, 0x2d, 0x77, 0x0, 0x42, 0xec,
    0x3, 0xa, 0x0, 0x3f, 0xc0, 0xb, 0xfc, 0x0,
    0x60, 0x60, 0x1, 0x1, 0x0, 0x34, 0x34, 0x0,
    0xc0, 0xc0, 0x2, 0x2, 0x0, 0x18, 0x18, 0x1,
    0xc1, 0xc0, 0x1a, 0x1c, 0x0, 0x20, 0x20, 0x3,
    0x2, 0x80, 0x62, 0x3, 0x30, 0x98, 0x1, 0x3,
    0x32, 0xb, 0x0, 0xa9, 0x40, 0xcd, 0x6a, 0x0,

    /* U+00FC "ü" */
    0x0, 0xb3, 0x84, 0xbb, 0x0, 0x21, 0x31, 0x7,
    0x10, 0xc, 0x39, 0xa2, 0xb7, 0xa0, 0x18, 0xc8,
    0x0, 0x82, 0x0, 0x3f, 0xc0, 0xb, 0xfc, 0x0,
    0x60, 0x60, 0x1, 0x1, 0x0, 0x34, 0x34, 0x0,
    0xc0, 0xc0, 0x2, 0x2, 0x0, 0x18, 0x18, 0x1,
    0xc1, 0xc0, 0x1a, 0x1c, 0x0, 0x20, 0x20, 0x3,
    0x2, 0x80, 0x62, 0x3, 0x30, 0x98, 0x1, 0x3,
    0x32, 0xb, 0x0, 0xa9, 0x40, 0xcd, 0x6a, 0x0,

    /* U+00FD "ý" */
    0x0, 0xf1, 0x21, 0x0, 0x78, 0xf6, 0x80, 0x3c,
    0x5a, 0x38, 0x40, 0x1c, 0x5d, 0xc2, 0x0, 0x8f,
    0xf0, 0x2, 0xfe, 0x0, 0x28, 0x28, 0x0, 0xc0,
    0x80, 0x1c, 0x1c, 0x0, 0x60, 0x60, 0x1, 0x1,
    0x0, 0x34, 0x34, 0x0, 0xe0, 0xe0, 0x2, 0x2,
    0x0, 0x10, 0x18, 0x1, 0xc1, 0xc0, 0x33, 0x83,
    0x90, 0x10, 0x1, 0x42, 0x7f, 0x0, 0x80, 0x2a,
    0x74, 0x7f, 0x6, 0x0, 0xd1, 0x70, 0x61, 0x80,
    0x13, 0x55, 0x2e, 0x5, 0x80, 0x2d, 0x55, 0xd8,
    0x20, 0x0,

    /* U+00FE "þ" */
    0x0, 0x5f, 0xa0, 0x7, 0x94, 0x18, 0x3, 0xc2,
    0x4, 0x1, 0xc6, 0x6, 0xdd, 0xf4, 0x0, 0x60,
    0x28, 0x20, 0x57, 0xd, 0x2, 0xec, 0x70, 0xe0,
    0x20, 0x90, 0x7, 0x0, 0x4c, 0xc, 0x0, 0xf0,
    0xf0, 0x30, 0x30, 0x2, 0x82, 0x88, 0x0, 0x80,
    0x8c, 0xd, 0x40, 0x73, 0x1a, 0xe, 0x4, 0xc,
    0xe6, 0x31, 0x0, 0xf0, 0xd9, 0xfe, 0x70, 0x1,
    0x3, 0x0, 0x79, 0x40, 0xc0, 0x3c,

    /* U+00FF "ÿ" */
    0x0, 0x88, 0xc0, 0x6, 0x40, 0x10, 0xee, 0x11,
    0xe6, 0x0, 0x30, 0x99, 0x0, 0x1c, 0x2, 0x1e,
    0xc0, 0x3f, 0x90, 0x1, 0xfe, 0x0, 0x5f, 0xc0,
    0x5, 0x5, 0x0, 0x18, 0x10, 0x3, 0x83, 0x80,
    0xc, 0xc, 0x0, 0x20, 0x20, 0x6, 0x86, 0x80,
    0x1c, 0x1c, 0x0, 0x40, 0x40, 0x2, 0x3, 0x0,
    0x38, 0x38, 0x6, 0x70, 0x72, 0x2, 0x0, 0x28,
    0x4f, 0xe0, 0x10, 0x5, 0x4e, 0x8f, 0xe0, 0xc0,
    0x1a, 0x2e, 0xc, 0x30, 0x2, 0x6a, 0xa5, 0xc0,
    0xb0, 0x5, 0xaa, 0xbb, 0x4, 0x0,

    /* U+0100 "Ā" */
    0x0, 0xcd, 0xff, 0xc2, 0x1, 0x89, 0xdf, 0x84,
    0x3, 0x24, 0x47, 0x0, 0x7a, 0x3f, 0xc8, 0x1,
    0xf3, 0x0, 0x4, 0x3, 0xca, 0x28, 0x4, 0x1,
    0xee, 0xe, 0xf, 0x0, 0xe2, 0x43, 0x70, 0x20,
    0xe, 0xa0, 0x93, 0x1, 0x0, 0xe6, 0x5, 0x10,
    0x60, 0xc, 0xa2, 0x2a, 0xa0, 0x18, 0x6, 0xe0,
    0x15, 0x50, 0x8, 0x4, 0x48, 0x5f, 0xf1, 0x0,
    0x80, 0x28, 0x14, 0x2, 0x60, 0x20, 0x3, 0x5,
    0x0, 0x42, 0xe, 0x0,

    /* U+0101 "ā" */
    0x0, 0x9a, 0x23, 0x30, 0x5, 0x6e, 0xfb, 0x0,
    0x2d, 0xff, 0xd4, 0x1, 0xff, 0x1e, 0x7d, 0x47,
    0xb8, 0x16, 0x19, 0x22, 0x81, 0x85, 0x3, 0x6f,
    0x90, 0x30, 0x20, 0x58, 0x8, 0x0, 0x80, 0xc0,
    0x80, 0x80, 0x80, 0x80, 0x80, 0xe, 0xe, 0x2,
    0x4, 0x22, 0x90, 0x30, 0x20, 0x7, 0x71, 0x81,
    0xac, 0x64, 0x44, 0xd4, 0xe0, 0x40,

    /* U+0102 "Ă" */
    0x0, 0xe2, 0x0, 0x88, 0x3, 0x8f, 0x58, 0x2b,
    0x44, 0x3, 0x1a, 0x4f, 0xa5, 0x88, 0x7, 0x5f,
    0x6f, 0x20, 0x7, 0xa3, 0xb5, 0x0, 0x3e, 0x60,
    0x0, 0x80, 0x79, 0x45, 0x0, 0x80, 0x3d, 0xc1,
    0xc1, 0xe0, 0x1c, 0x48, 0x6e, 0x4, 0x1, 0xd4,
    0x12, 0x60, 0x20, 0x1c, 0xc0, 0xa2, 0xc, 0x1,
    0x94, 0x45, 0x54, 0x3, 0x0, 0xdc, 0x2, 0xaa,
    0x1, 0x0, 0x89, 0xb, 0xfe, 0x20, 0x10, 0x5,
    0x2, 0x80, 0x4c, 0x4, 0x0, 0x60, 0xa0, 0x8,
    0x41, 0xc0,

    /* U+0103 "ă" */
    0x0, 0x84, 0x80, 0x2, 0x40, 0x14, 0x69, 0x13,
    0xe4, 0x2, 0xb1, 0xdd, 0x15, 0x0, 0x45, 0xdb,
    0xd8, 0x20, 0x1c, 0x42, 0x1, 0x8f, 0x3e, 0xa3,
    0xdc, 0xb, 0xc, 0x91, 0x40, 0xc2, 0x81, 0xb7,
    0xc8, 0x18, 0x10, 0x2c, 0x4, 0x0, 0x40, 0x60,
    0x40, 0x40, 0x40, 0x40, 0x40, 0x7, 0x7, 0x1,
    0x2, 0x11, 0x48, 0x18, 0x10, 0x3, 0xb8, 0xc0,
    0xd6, 0x32, 0x22, 0x6a, 0x70, 0x20,

    /* U+0104 "Ą" */
    0x0, 0xe8, 0xff, 0x20, 0x7, 0x98, 0x0, 0x20,
    0x1c, 0xa2, 0x80, 0x40, 0x1d, 0xc1, 0xc1, 0xe0,
    0x18, 0x90, 0xdc, 0x8, 0x3, 0x50, 0x49, 0x80,
    0x80, 0x66, 0x5, 0x10, 0x60, 0x9, 0x44, 0x55,
    0x40, 0x30, 0xb, 0x80, 0x55, 0x40, 0x20, 0x2,
    0x42, 0xff, 0x88, 0x4, 0x28, 0x14, 0x2, 0x60,
    0x20, 0x60, 0xa0, 0x8, 0x41, 0xc3, 0xbc, 0x80,
    0xe, 0x9a, 0x80, 0x1c, 0x70, 0x86, 0x1, 0xe1,
    0x5, 0xe1, 0x0, 0xe2, 0xeb, 0xb0, 0x80,

    /* U+0105 "ą" */
    0x0, 0x1e, 0x7d, 0x47, 0xb8, 0x16, 0x19, 0x22,
    0x81, 0x85, 0x3, 0x6f, 0x90, 0x30, 0x20, 0x58,
    0x8, 0x0, 0x80, 0xc0, 0x80, 0x80, 0x80, 0x80,
    0x80, 0xe, 0xe, 0x2, 0x4, 0x22, 0x90, 0x30,
    0x20, 0x7, 0x71, 0x81, 0xac, 0x64, 0x44, 0xd4,
    0xc0, 0x40, 0xdd, 0xc9, 0x87, 0xa9, 0x0, 0xc6,
    0xe8, 0x80, 0xe, 0x10, 0x5e, 0x10, 0xc, 0x5d,
    0x76, 0x10,

    /* U+0106 "Ć" */
    0x0, 0xf8, 0xd0, 0x3, 0xea, 0xcc, 0x0, 0x7a,
    0x55, 0xe0, 0x3, 0xd3, 0xf0, 0x1, 0xc7, 0x7d,
    0xf6, 0x40, 0x12, 0x62, 0x18, 0xa6, 0x0, 0x52,
    0x15, 0xbc, 0x42, 0x60, 0x45, 0x28, 0x2, 0x20,
    0x40, 0xe0, 0xe0, 0x12, 0xb8, 0x81, 0x1, 0x0,
    0x7d, 0xa1, 0xa0, 0x1f, 0x30, 0x30, 0x7, 0xc6,
    0x6, 0x0, 0x47, 0x20, 0xc, 0x40, 0x35, 0x0,
    0x12, 0x6, 0xe7, 0xb, 0x10, 0x2, 0x98, 0x4c,
    0xd3, 0x20, 0x0,

    /* U+0107 "ć" */
    0x0, 0xf6, 0x7b, 0x0, 0x7a, 0xce, 0x58, 0x3,
    0x87, 0xf1, 0x80, 0x3c, 0x28, 0x60, 0x1e, 0x7d,
    0xfd, 0x80, 0xd, 0x70, 0x66, 0x27, 0x90, 0x2,
    0xa1, 0xf6, 0x58, 0x20, 0x3, 0xc2, 0x40, 0x9,
    0xbe, 0x0, 0x60, 0x60, 0x8, 0x88, 0x0, 0x30,
    0x30, 0x0, 0x90, 0x7, 0x10, 0xe, 0x69, 0x0,
    0x10, 0x37, 0x38, 0x98, 0x80, 0x14, 0xa2, 0x65,
    0x32, 0x0, 0x0,

    /* U+0108 "Ĉ" */
    0x0, 0xe4, 0x85, 0x0, 0xf3, 0x5b, 0x51, 0x80,
    0x66, 0x96, 0xf2, 0xd1, 0x0, 0x9b, 0xe4, 0x77,
    0x84, 0x2, 0x3b, 0xef, 0xb2, 0x0, 0x93, 0x10,
    0xc5, 0x30, 0x2, 0x90, 0xad, 0xe2, 0x13, 0x2,
    0x29, 0x40, 0x11, 0x2, 0x7, 0x7, 0x0, 0x95,
    0xc4, 0x8, 0x8, 0x3, 0xed, 0xd, 0x0, 0xf9,
    0x81, 0x80, 0x3e, 0x30, 0x30, 0x2, 0x39, 0x0,
    0x62, 0x1, 0xa8, 0x0, 0x90, 0x37, 0x38, 0x58,
    0x80, 0x14, 0xc2, 0x66, 0x99, 0x0, 0x0,

    /* U+0109 "ĉ" */
    0x0, 0xc9, 0xfe, 0x80, 0xe, 0x4b, 0x45, 0x74,
    0x0, 0xc7, 0x17, 0x50, 0x40, 0x19, 0xdc, 0x0,
    0x76, 0x0, 0xcf, 0xbf, 0xb0, 0x1, 0xae, 0xc,
    0xc4, 0xf2, 0x0, 0x54, 0x3e, 0xcb, 0x4, 0x0,
    0x78, 0x48, 0x1, 0x37, 0xc0, 0xc, 0xc, 0x1,
    0x11, 0x0, 0x6, 0x6, 0x0, 0x12, 0x0, 0xe2,
    0x1, 0xcd, 0x20, 0x2, 0x6, 0xe7, 0x13, 0x10,
    0x2, 0x94, 0x4c, 0xa6, 0x40, 0x0,

    /* U+010A "Ċ" */
    0x0, 0xf2, 0x8, 0x7, 0xd7, 0x70, 0x7, 0xf7,
    0x80, 0x7d, 0x7e, 0xa0, 0x1c, 0x77, 0xdf, 0x64,
    0x1, 0x26, 0x21, 0x8a, 0x60, 0x5, 0x21, 0x5b,
    0xc4, 0x26, 0x4, 0x52, 0x80, 0x22, 0x4, 0xe,
    0xe, 0x1, 0x2b, 0x88, 0x10, 0x10, 0x7, 0xda,
    0x1a, 0x1, 0xf3, 0x3, 0x0, 0x7c, 0x60, 0x60,
    0x4, 0x72, 0x0, 0xc4, 0x3, 0x50, 0x1, 0x20,
    0x6e, 0x70, 0xb1, 0x0, 0x29, 0x84, 0xcd, 0x32,
    0x0, 0x0,

    /* U+010B "ċ" */
    0x0, 0xec, 0xf3, 0x0, 0xf1, 0x98, 0x3, 0xf1,
    0xe6, 0x98, 0x7, 0xc6, 0x40, 0x1e, 0x7d, 0xfd,
    0x80, 0xd, 0x70, 0x66, 0x27, 0x90, 0x2, 0xa1,
    0xf6, 0x58, 0x20, 0x3, 0xc2, 0x40, 0x9, 0xbe,
    0x0, 0x60, 0x60, 0x8, 0x88, 0x0, 0x30, 0x30,
    0x0, 0x90, 0x7, 0x10, 0xe, 0x69, 0x0, 0x10,
    0x37, 0x38, 0x98, 0x80, 0x14, 0xa2, 0x65, 0x32,
    0x0, 0x0,

    /* U+010C "Č" */
    0x0, 0x8f, 0x64, 0x27, 0x50, 0x2, 0x34, 0x6c,
    0x68, 0x40, 0xd, 0x2a, 0xf4, 0xa0, 0x1e, 0xab,
    0x50, 0xe, 0x3b, 0xef, 0xc3, 0x0, 0x93, 0x10,
    0xc4, 0xf0, 0x40, 0x12, 0x15, 0xbc, 0x40, 0xa0,
    0x45, 0x28, 0x3, 0x7d, 0x1, 0xc1, 0xc0, 0x3e,
    0x20, 0x20, 0xf, 0xb4, 0x34, 0x3, 0xe6, 0x6,
    0x0, 0xf8, 0xc0, 0xc0, 0xb, 0x26, 0x1, 0x88,
    0xa, 0xd8, 0x80, 0x8, 0x1b, 0x9a, 0x2e, 0x20,
    0xa, 0x61, 0x33, 0x4c, 0x0, 0x0,

    /* U+010D "č" */
    0x0, 0xa3, 0xd8, 0xfb, 0x4, 0x2, 0x83, 0x9c,
    0x2c, 0x10, 0xd, 0xaf, 0x18, 0x1, 0xe1, 0x87,
    0x0, 0xf3, 0xef, 0xec, 0x0, 0x6b, 0x83, 0x31,
    0x3c, 0x80, 0x15, 0xf, 0xb2, 0xc1, 0x0, 0x1e,
    0x12, 0x0, 0x4d, 0xf0, 0x3, 0x3, 0x0, 0x44,
    0x40, 0x1, 0x81, 0x80, 0x4, 0x80, 0x38, 0x80,
    0x73, 0x48, 0x0, 0x81, 0xb9, 0xc4, 0xc4, 0x0,
    0xa5, 0x13, 0x29, 0x90, 0x0,

    /* U+010E "Ď" */
    0x0, 0x8e, 0xc, 0x16, 0x8, 0x2, 0x35, 0xd8,
    0xa1, 0x20, 0xd, 0xe2, 0xed, 0x20, 0x1c, 0x5f,
    0xe9, 0x0, 0xd7, 0xff, 0x75, 0x8, 0x4, 0xa0,
    0x44, 0x15, 0xd0, 0x8, 0x43, 0x76, 0x3, 0x10,
    0x20, 0x30, 0x1, 0x10, 0xc, 0x1c, 0x18, 0x2,
    0x20, 0x20, 0x20, 0xd0, 0x1, 0x1, 0x0, 0x34,
    0x8, 0x0, 0xc0, 0xc0, 0x6, 0x7, 0x0, 0x18,
    0x10, 0x0, 0xc0, 0x80, 0x1a, 0x1e, 0x2, 0x2,
    0x0, 0x45, 0x7, 0x5, 0x1, 0xde, 0xb0, 0x91,
    0x2, 0x0, 0x10, 0xa5, 0xb0, 0x0,

    /* U+010F "ď" */
    0x0, 0xf3, 0xfb, 0x6e, 0x80, 0x3d, 0xa0, 0x64,
    0x80, 0x1e, 0x60, 0x31, 0xd0, 0x3, 0xf7, 0x14,
    0x81, 0xb9, 0x1, 0xa0, 0x56, 0x4, 0xc0, 0x35,
    0x6, 0x5d, 0x81, 0x80, 0x31, 0x91, 0x80, 0x5a,
    0x1, 0x18, 0x38, 0x3, 0xc0, 0x80, 0x26, 0x2,
    0x0, 0x10, 0x38, 0x4, 0x60, 0x10, 0xa0, 0x10,
    0x4, 0x40, 0xf7, 0xa0, 0x40, 0x19, 0x18, 0x1a,
    0x81, 0x80, 0x30,

    /* U+0110 "Đ" */
    0x0, 0x5f, 0xfd, 0xd4, 0x20, 0x12, 0x81, 0x10,
    0x57, 0x40, 0x21, 0x16, 0xec, 0x6, 0x20, 0x60,
    0x40, 0x2, 0x20, 0x18, 0x28, 0x30, 0x80, 0x8,
    0xa, 0xe4, 0x17, 0x40, 0x80, 0x82, 0xc, 0x23,
    0x81, 0x81, 0x80, 0xc4, 0x14, 0x80, 0xc0, 0x80,
    0x4, 0x4, 0x0, 0xd0, 0xf0, 0x20, 0x20, 0x2,
    0x28, 0x38, 0x30, 0x16, 0xf5, 0x84, 0x88, 0x10,
    0x0, 0x85, 0x2d, 0x80, 0x0,

    /* U+0111 "đ" */
    0x0, 0xfa, 0x3d, 0xc0, 0x3c, 0x22, 0x30, 0x10,
    0xe, 0x4e, 0xe2, 0x4, 0xb0, 0x6, 0x5b, 0xb0,
    0x2, 0xdc, 0x0, 0x79, 0xd2, 0x0, 0x24, 0x10,
    0x2c, 0x32, 0x9, 0x6, 0x0, 0xac, 0x1b, 0x74,
    0xc0, 0x60, 0x12, 0x5, 0x80, 0x4, 0x38, 0x2,
    0x20, 0x20, 0x3, 0x2, 0x80, 0x7c, 0x46, 0x6,
    0x1, 0x8, 0x65, 0x78, 0x8, 0x6, 0xa2, 0x36,
    0x80, 0x50, 0x8,

    /* U+0112 "Ē" */
    0x0, 0x93, 0xff, 0x8c, 0x2, 0x77, 0xf1, 0x80,
    0x47, 0x11, 0xc0, 0x14, 0x7f, 0xf9, 0xc0, 0x4,
    0x6, 0x7e, 0x0, 0x38, 0x76, 0x66, 0x40, 0x1,
    0x1, 0x0, 0x78, 0x80, 0x80, 0x3e, 0x60, 0x2f,
    0xfc, 0x40, 0x3, 0x2, 0x33, 0x90, 0x80, 0x1c,
    0x11, 0x99, 0x58, 0x4, 0xa0, 0xc0, 0x1f, 0x10,
    0x18, 0x7, 0x84, 0x41, 0x99, 0xac, 0x0, 0x40,
    0x3, 0x3c, 0xe0, 0x0,

    /* U+0113 "ē" */
    0x0, 0x9a, 0x23, 0x30, 0x5, 0xe, 0xfb, 0xc0,
    0x2e, 0xff, 0xd2, 0x1, 0xff, 0xc, 0x6f, 0xf4,
    0x0, 0x5a, 0xec, 0xc0, 0x77, 0x3, 0x1b, 0x5c,
    0xd8, 0x60, 0x68, 0x60, 0x88, 0x80, 0x81, 0x42,
    0xbb, 0x90, 0x50, 0x2, 0x2b, 0xbb, 0x34, 0x44,
    0x0, 0x44, 0x95, 0x40, 0x26, 0x3b, 0x7d, 0x3a,
    0x0, 0xd5, 0x24, 0x29, 0x80,

    /* U+0114 "Ĕ" */
    0x0, 0xc4, 0x1, 0x10, 0x80, 0x45, 0xb0, 0x11,
    0xa6, 0x1, 0x13, 0x3f, 0xb4, 0x90, 0x6, 0x9e,
    0xde, 0x60, 0xa, 0x3f, 0xdd, 0xbf, 0xe7, 0x0,
    0x10, 0x19, 0xf8, 0x0, 0xe1, 0xd9, 0x99, 0x0,
    0x4, 0x4, 0x1, 0xe2, 0x2, 0x0, 0xf9, 0x80,
    0xbf, 0xf1, 0x0, 0xc, 0x8, 0xce, 0x42, 0x0,
    0x70, 0x46, 0x65, 0x60, 0x12, 0x83, 0x0, 0x7c,
    0x40, 0x60, 0x1e, 0x11, 0x6, 0x66, 0xb0, 0x1,
    0x0, 0xc, 0xf3, 0x80, 0x0,

    /* U+0115 "ĕ" */
    0x0, 0x84, 0x80, 0x4, 0x40, 0xa, 0xf0, 0x4b,
    0x2c, 0x2, 0x90, 0xed, 0x58, 0x0, 0x8f, 0xb7,
    0xac, 0x40, 0x38, 0x84, 0x3, 0xc, 0x6f, 0xf4,
    0x0, 0x5a, 0xec, 0xc0, 0x77, 0x3, 0x1b, 0x5c,
    0xd8, 0x60, 0x68, 0x60, 0x88, 0x80, 0x81, 0x42,
    0xbb, 0x90, 0x50, 0x2, 0x2b, 0xbb, 0x34, 0x44,
    0x0, 0x44, 0x95, 0x40, 0x26, 0x3b, 0x7d, 0x3a,
    0x0, 0xd5, 0x24, 0x29, 0x80,

    /* U+0116 "Ė" */
    0x0, 0xf2, 0x8, 0x7, 0xd7, 0x6a, 0x0, 0xf8,
    0x43, 0x80, 0x3e, 0xaf, 0x50, 0xd, 0x1f, 0xfe,
    0x70, 0x1, 0x1, 0x9f, 0x80, 0xe, 0x1d, 0x99,
    0x90, 0x0, 0x40, 0x40, 0x1e, 0x20, 0x20, 0xf,
    0x98, 0xb, 0xff, 0x10, 0x0, 0xc0, 0x8c, 0xe4,
    0x20, 0x7, 0x4, 0x66, 0x56, 0x1, 0x28, 0x30,
    0x7, 0xc4, 0x6, 0x1, 0xe1, 0x10, 0x66, 0x6b,
    0x0, 0x10, 0x0, 0xcf, 0x38, 0x0,

    /* U+0117 "ė" */
    0x0, 0xc5, 0xbc, 0x20, 0x1c, 0xe4, 0x20, 0x1e,
    0x5b, 0xd1, 0x0, 0xf2, 0x10, 0x6, 0x18, 0xdf,
    0xe8, 0x0, 0xb5, 0xd9, 0x80, 0xee, 0x6, 0x36,
    0xb9, 0xb0, 0xc0, 0xd0, 0xc1, 0x11, 0x1, 0x2,
    0x85, 0x77, 0x20, 0xa0, 0x4, 0x57, 0x76, 0x68,
    0x88, 0x0, 0x89, 0x2a, 0x80, 0x4c, 0x76, 0xfa,
    0x74, 0x1, 0xaa, 0x48, 0x53, 0x0,

    /* U+0118 "Ę" */
    0x0, 0x47, 0xff, 0x9c, 0x0, 0x40, 0x67, 0xe0,
    0x3, 0x87, 0x66, 0x64, 0x0, 0x10, 0x10, 0x7,
    0x88, 0x8, 0x3, 0xe6, 0x2, 0xff, 0xc4, 0x0,
    0x30, 0x23, 0x39, 0x8, 0x1, 0xc1, 0x19, 0x95,
    0x80, 0x4a, 0xc, 0x1, 0xf1, 0x1, 0x80, 0x78,
    0x44, 0x19, 0x9a, 0xc0, 0x4, 0x0, 0x33, 0xce,
    0x0, 0x3f, 0xfa, 0xc6, 0xb0, 0x3, 0xd6, 0x68,
    0x1, 0xf1, 0x13, 0x94, 0x3, 0xdb, 0x96, 0x80,
    0x0,

    /* U+0119 "ę" */
    0x0, 0xa3, 0x7f, 0x58, 0x2, 0xc7, 0x66, 0x1c,
    0xa8, 0x31, 0xad, 0xcc, 0x7, 0x86, 0x87, 0x0,
    0xc, 0xc, 0x18, 0x2f, 0xfd, 0x41, 0xc0, 0x43,
    0x99, 0xcc, 0x20, 0x3, 0x39, 0x58, 0x44, 0x63,
    0x95, 0xb3, 0xa0, 0xd, 0x52, 0x52, 0xa8, 0x0,
    0xd, 0x40, 0xe2, 0x80, 0x61, 0x92, 0x20, 0x7,
    0x84, 0xf8, 0xc0, 0x30, 0xfd, 0xd8, 0xc0, 0x0,

    /* U+011A "Ě" */
    0x0, 0x8a, 0x10, 0x12, 0xc, 0x2, 0x24, 0xb7,
    0xb3, 0x30, 0x6, 0xd1, 0x85, 0xb0, 0xe, 0x1e,
    0xfa, 0x0, 0xd1, 0xff, 0xe7, 0x0, 0x10, 0x19,
    0xf8, 0x0, 0xe1, 0xd9, 0x99, 0x0, 0x4, 0x4,
    0x1, 0xe2, 0x2, 0x0, 0xf9, 0x80, 0xbf, 0xf1,
    0x0, 0xc, 0x8, 0xce, 0x42, 0x0, 0x70, 0x46,
    0x65, 0x60, 0x12, 0x83, 0x0, 0x7c, 0x40, 0x60,
    0x1e, 0x11, 0x6, 0x66, 0xb0, 0x1, 0x0, 0xc,
    0xf3, 0x80, 0x0,

    /* U+011B "ě" */
    0x0, 0xab, 0xd1, 0x1f, 0x40, 0x1a, 0x8a, 0xad,
    0x68, 0x3, 0xbd, 0xa2, 0x80, 0x3c, 0x50, 0xe0,
    0x1c, 0x31, 0xbf, 0xd0, 0x1, 0xb5, 0xd9, 0x80,
    0xee, 0x0, 0x31, 0xb5, 0xcd, 0x86, 0x0, 0x34,
    0x30, 0x44, 0x40, 0x40, 0x5, 0xa, 0xee, 0x41,
    0x40, 0x0, 0x45, 0x77, 0x66, 0x88, 0x8, 0x1,
    0x12, 0x55, 0x0, 0x4, 0xc7, 0x6f, 0xa7, 0x40,
    0x2d, 0x52, 0x42, 0x98, 0x0, 0x0,

    /* U+011C "Ĝ" */
    0x0, 0xe5, 0x84, 0x0, 0xf3, 0xd3, 0x59, 0x80,
    0x67, 0x87, 0xf1, 0xe0, 0xc, 0xff, 0x3, 0xda,
    0x1, 0x92, 0xfb, 0xec, 0x80, 0x25, 0xb4, 0x31,
    0x4f, 0x0, 0xac, 0x33, 0x78, 0x48, 0xc0, 0xc4,
    0xcc, 0x0, 0xaa, 0x10, 0x28, 0x28, 0x4, 0x8a,
    0x21, 0xc1, 0xc5, 0x99, 0x48, 0x0, 0xc0, 0xdc,
    0xcf, 0x0, 0x14, 0x15, 0x5f, 0x0, 0x40, 0x1,
    0x1, 0x0, 0x68, 0x68, 0x8, 0x0, 0x40, 0x94,
    0x10, 0x4, 0xc3, 0xb3, 0x42, 0x4, 0x1, 0xaa,
    0x26, 0x6a, 0x70, 0x0,

    /* U+011D "ĝ" */
    0x0, 0xc2, 0xee, 0x10, 0xe, 0x4f, 0xb9, 0xd0,
    0xc, 0x27, 0x19, 0x84, 0x40, 0x4, 0x2e, 0xc0,
    0x50, 0x80, 0x10, 0xd7, 0x6a, 0x7f, 0x80, 0x2c,
    0x50, 0x1a, 0x2, 0x0, 0x31, 0x27, 0x63, 0x83,
    0x80, 0x30, 0x38, 0x1, 0xc0, 0x40, 0x7, 0x7,
    0x0, 0x70, 0x68, 0x0, 0x80, 0xc0, 0xa, 0xc,
    0x1, 0x9c, 0x18, 0xc0, 0xc0, 0xa, 0x13, 0xf6,
    0x2, 0x1, 0x53, 0xab, 0xc8, 0x10, 0x6, 0x8a,
    0x8c, 0xb, 0x0, 0x96, 0xa9, 0x8e, 0x2c, 0x1,
    0x7a, 0xa8, 0x97, 0x4, 0x0,

    /* U+011E "Ğ" */
    0x0, 0x8f, 0x4c, 0x17, 0x48, 0x2, 0x12, 0xb1,
    0x90, 0x20, 0x8, 0x9d, 0xdc, 0x3e, 0x1, 0xd1,
    0xdc, 0xd2, 0x0, 0xc9, 0x7f, 0xd6, 0x60, 0x12,
    0xda, 0x18, 0xa6, 0x80, 0x56, 0x19, 0xbc, 0x22,
    0x30, 0x31, 0x33, 0x0, 0x3b, 0xcc, 0x14, 0x14,
    0x3, 0xee, 0xe, 0x2c, 0xca, 0x40, 0x6, 0x6,
    0xe6, 0x78, 0x0, 0xa0, 0xaa, 0xf8, 0x2, 0x0,
    0x8, 0x8, 0x3, 0x43, 0x40, 0x40, 0x2, 0x4,
    0xa0, 0x80, 0x26, 0x1d, 0x9a, 0x10, 0x20, 0xd,
    0x51, 0x33, 0x53, 0x80, 0x0,

    /* U+011F "ğ" */
    0x0, 0x88, 0x80, 0x2, 0x20, 0x6, 0x9c, 0x13,
    0xdb, 0x0, 0xde, 0x1d, 0x89, 0x20, 0x19, 0x3b,
    0x7a, 0xc0, 0x3e, 0x21, 0x0, 0xe1, 0xae, 0xd4,
    0xff, 0x0, 0x58, 0xa0, 0x34, 0x4, 0x0, 0x62,
    0x4e, 0xc7, 0x7, 0x0, 0x60, 0x70, 0x3, 0x80,
    0x80, 0xe, 0xe, 0x0, 0xe0, 0xd0, 0x1, 0x1,
    0x80, 0x14, 0x18, 0x3, 0x38, 0x31, 0x81, 0x80,
    0x14, 0x27, 0xec, 0x4, 0x2, 0xa7, 0x57, 0x90,
    0x20, 0xd, 0x15, 0x18, 0x16, 0x1, 0x2d, 0x53,
    0x1c, 0x58, 0x2, 0xf5, 0x51, 0x2e, 0x8, 0x0,

    /* U+0120 "Ġ" */
    0x0, 0xe1, 0x40, 0xf, 0xd9, 0x72, 0x1, 0xf0,
    0x8b, 0x40, 0x3e, 0xce, 0x40, 0xe, 0x4b, 0xef,
    0xb2, 0x0, 0x96, 0xd0, 0xc5, 0x3c, 0x2, 0xb0,
    0xcd, 0xe1, 0x23, 0x3, 0x13, 0x30, 0x2, 0xa8,
    0x40, 0xa0, 0xa0, 0x12, 0x28, 0x87, 0x7, 0x16,
    0x65, 0x20, 0x3, 0x3, 0x73, 0x3c, 0x0, 0x50,
    0x55, 0x7c, 0x1, 0x0, 0x4, 0x4, 0x1, 0xa1,
    0xa0, 0x20, 0x1, 0x2, 0x50, 0x40, 0x13, 0xe,
    0xcd, 0x8, 0x10, 0x6, 0xa8, 0x99, 0xa9, 0xc0,
    0x0,

    /* U+0121 "ġ" */
    0x0, 0xe3, 0x30, 0x7, 0xc9, 0x98, 0x10, 0xf,
    0xc8, 0x20, 0x1e, 0x4f, 0xb0, 0xe, 0x1a, 0xed,
    0x4f, 0xf0, 0x5, 0x8a, 0x3, 0x40, 0x40, 0x6,
    0x24, 0xec, 0x70, 0x70, 0x6, 0x7, 0x0, 0x38,
    0x8, 0x0, 0xe0, 0xe0, 0xe, 0xd, 0x0, 0x10,
    0x18, 0x1, 0x41, 0x80, 0x33, 0x83, 0x18, 0x18,
    0x1, 0x42, 0x7e, 0xc0, 0x40, 0x2a, 0x75, 0x79,
    0x2, 0x0, 0xd1, 0x51, 0x81, 0x60, 0x12, 0xd5,
    0x31, 0xc5, 0x80, 0x2f, 0x55, 0x12, 0xe0, 0x80,
    0x0,

    /* U+0122 "Ģ" */
    0x0, 0x92, 0xfb, 0xec, 0x80, 0x25, 0xb4, 0x31,
    0x4f, 0x0, 0xac, 0x33, 0x78, 0x48, 0xc0, 0xc4,
    0xcc, 0x0, 0xaa, 0x10, 0x28, 0x28, 0x4, 0x8a,
    0x21, 0xc1, 0xc5, 0x99, 0x48, 0x0, 0xc0, 0xdc,
    0xcf, 0x0, 0x14, 0x15, 0x5f, 0x0, 0x40, 0x1,
    0x1, 0x0, 0x68, 0x68, 0x8, 0x0, 0x40, 0x94,
    0x10, 0x4, 0xc3, 0xb3, 0x42, 0x4, 0x1, 0xaa,
    0x26, 0x6a, 0x70, 0x8, 0x6b, 0xbf, 0x14, 0x3,
    0xd1, 0x66, 0x1, 0xe8, 0x7c, 0x30, 0xe, 0x1f,
    0x97, 0x0, 0xe0,

    /* U+0123 "ģ" */
    0x0, 0xf5, 0x78, 0x80, 0x79, 0x95, 0xc4, 0x3,
    0x8e, 0x42, 0x40, 0x3c, 0xaf, 0x62, 0x1, 0xe6,
    0x84, 0x0, 0xe1, 0xae, 0xd4, 0xff, 0x0, 0x58,
    0xa0, 0x34, 0x4, 0x0, 0x62, 0x4e, 0xc7, 0x7,
    0x0, 0x60, 0x70, 0x3, 0x80, 0x80, 0xe, 0xe,
    0x0, 0xe0, 0xd0, 0x1, 0x1, 0x80, 0x14, 0x18,
    0x3, 0x38, 0x31, 0x81, 0x80, 0x14, 0x27, 0xec,
    0x4, 0x2, 0xa7, 0x57, 0x90, 0x20, 0xd, 0x15,
    0x18, 0x16, 0x1, 0x2d, 0x53, 0x1c, 0x58, 0x2,
    0xf5, 0x51, 0x2e, 0x8, 0x0,

    /* U+0124 "Ĥ" */
    0x0, 0xe5, 0x84, 0x0, 0xf3, 0xd3, 0x59, 0x80,
    0x67, 0x87, 0xf1, 0xe0, 0xc, 0xff, 0x3, 0xda,
    0x1, 0x5f, 0xa0, 0x2, 0x7d, 0x80, 0xc, 0xc,
    0x0, 0x20, 0x20, 0x1, 0x1, 0x0, 0x18, 0x18,
    0x8, 0x8, 0x2, 0x20, 0x20, 0x60, 0x60, 0x1,
    0x1, 0x0, 0xc, 0x13, 0xfd, 0xa0, 0xe0, 0xe,
    0x1, 0x22, 0x8, 0x10, 0x1, 0x43, 0x76, 0x40,
    0xd0, 0x1, 0x1, 0x0, 0x18, 0x18, 0x4, 0x70,
    0x0, 0xc0, 0xc0, 0x80, 0x80, 0x2, 0x2, 0x0,
    0x50, 0x50, 0x2, 0x82, 0x80, 0x0,

    /* U+0125 "ĥ" */
    0x0, 0x1c, 0x38, 0x7, 0x1e, 0xb4, 0x38, 0x4,
    0x7a, 0x5e, 0x90, 0x60, 0x3, 0xec, 0x1b, 0xf3,
    0x0, 0xd7, 0xe8, 0x1, 0xe6, 0x6, 0x0, 0xf1,
    0x1, 0x0, 0x71, 0x1, 0x2e, 0xfd, 0x0, 0x18,
    0xe, 0xc4, 0x15, 0xc0, 0xc0, 0xbb, 0x1c, 0x38,
    0x38, 0x28, 0x1, 0xe0, 0x20, 0xa0, 0xa0, 0xe,
    0xe, 0x2, 0x2, 0x0, 0x10, 0x28, 0x8e, 0x0,
    0x28, 0x11, 0x0, 0x80, 0x21, 0x19, 0x41, 0x40,
    0x6, 0x4, 0x0,

    /* U+0126 "Ħ" */
    0x0, 0x5f, 0xa0, 0x2, 0x7d, 0x80, 0x2, 0xc0,
    0xe2, 0x22, 0x3, 0x1, 0xe2, 0xc, 0xee, 0x20,
    0x51, 0x8c, 0x80, 0xdd, 0xa8, 0x1, 0x66, 0x6,
    0xa, 0x88, 0x70, 0x34, 0x0, 0x10, 0x27, 0xfb,
    0x41, 0x80, 0x2e, 0x1, 0x22, 0x8, 0x68, 0x4,
    0xa1, 0xbb, 0x20, 0x10, 0x4, 0x40, 0x40, 0x6,
    0x6, 0x0, 0x8, 0xe0, 0x1, 0x81, 0x80, 0x8,
    0x8, 0x0, 0x20, 0x20, 0x12, 0x82, 0x80, 0x14,
    0x14, 0x2,

    /* U+0127 "ħ" */
    0x0, 0x57, 0xa8, 0x7, 0xb, 0x0, 0x88, 0x2,
    0x2e, 0x30, 0xbe, 0x80, 0x1, 0xd0, 0xd, 0xda,
    0x40, 0x2, 0x20, 0x53, 0xaf, 0x80, 0x1, 0x3,
    0x51, 0x8b, 0xa0, 0x78, 0x3e, 0xe9, 0x40, 0xc0,
    0x83, 0x80, 0x6, 0x2, 0xa, 0xa, 0x0, 0x20,
    0x21, 0x1c, 0x0, 0x50, 0x52, 0x2, 0x0, 0x84,
    0x5, 0x41, 0x40, 0x6, 0x6, 0x0,

    /* U+0128 "Ĩ" */
    0x0, 0xfc, 0x20, 0x1d, 0x9f, 0x47, 0xc4, 0x1,
    0x30, 0xca, 0xe2, 0x10, 0x4, 0x9e, 0xdd, 0x96,
    0x1, 0x3e, 0xeb, 0xfb, 0x3c, 0xc0, 0x23, 0x20,
    0x13, 0x31, 0x0, 0x1f, 0x28, 0x1b, 0x30, 0x20,
    0x1b, 0x83, 0x80, 0x3e, 0x50, 0x20, 0xf, 0x88,
    0x14, 0x3, 0xe1, 0x1, 0x0, 0xf1, 0x81, 0x80,
    0x7c, 0xc0, 0xc0, 0x1f, 0x68, 0x10, 0x7, 0x66,
    0x18, 0x17, 0x20, 0x0, 0x46, 0x61, 0x2, 0x30,
    0x8,

    /* U+0129 "ĩ" */
    0x0, 0xfc, 0x20, 0x18, 0x77, 0xe1, 0x38, 0x3,
    0x48, 0xc3, 0xdb, 0x0, 0x6b, 0xe7, 0xdb, 0x90,
    0xc, 0x64, 0x4, 0x80, 0x1b, 0x7f, 0xec, 0x0,
    0xe1, 0x21, 0x5, 0x0, 0xec, 0xd8, 0xe, 0x0,
    0xfb, 0xc0, 0x80, 0x3e, 0x20, 0x70, 0xf, 0x94,
    0x8, 0x3, 0xe1, 0x20, 0xc, 0x7b, 0xb0, 0x16,
    0xe9, 0x41, 0x8, 0xa0, 0x1, 0x10, 0x40,

    /* U+012A "Ī" */
    0x0, 0x9b, 0xff, 0x84, 0x2, 0x27, 0x7e, 0x10,
    0x9, 0x22, 0x38, 0x2, 0x7f, 0xff, 0x18, 0x4,
    0x64, 0x2, 0x66, 0x20, 0x3, 0xe5, 0x3, 0x66,
    0x4, 0x3, 0x70, 0x70, 0x7, 0xca, 0x4, 0x1,
    0xf1, 0x2, 0x80, 0x7c, 0x20, 0x20, 0x1e, 0x30,
    0x30, 0xf, 0x98, 0x18, 0x3, 0xed, 0x2, 0x0,
    0xec, 0xc3, 0x2, 0xe4, 0x0, 0x8, 0xcc, 0x20,
    0x46, 0x1, 0x0,

    /* U+012B "ī" */
    0x0, 0xa3, 0xff, 0x80, 0x36, 0xbb, 0xe8, 0x0,
    0xcb, 0x11, 0x9c, 0x2, 0xdf, 0xfb, 0x0, 0x38,
    0x48, 0x41, 0x40, 0x3b, 0x36, 0x3, 0x80, 0x3e,
    0xf0, 0x20, 0xf, 0x88, 0x1c, 0x3, 0xe5, 0x2,
    0x0, 0xf8, 0x48, 0x3, 0x1e, 0xec, 0x5, 0xba,
    0x50, 0x42, 0x28, 0x0, 0x44, 0x10,

    /* U+012C "Ĭ" */
    0x0, 0xc4, 0x1, 0x10, 0x6, 0x3d, 0x60, 0xad,
    0x10, 0x8, 0xd2, 0x7d, 0x2c, 0x40, 0x35, 0xf6,
    0xf2, 0x0, 0x4f, 0xfe, 0xed, 0xff, 0x18, 0x4,
    0x64, 0x2, 0x66, 0x20, 0x3, 0xe5, 0x3, 0x66,
    0x4, 0x3, 0x70, 0x70, 0x7, 0xca, 0x4, 0x1,
    0xf1, 0x2, 0x80, 0x7c, 0x20, 0x20, 0x1e, 0x30,
    0x30, 0xf, 0x98, 0x18, 0x3, 0xed, 0x2, 0x0,
    0xec, 0xc3, 0x2, 0xe4, 0x0, 0x8, 0xcc, 0x20,
    0x46, 0x1, 0x0,

    /* U+012D "ĭ" */
    0x0, 0x84, 0x80, 0x2, 0x40, 0x19, 0xf5, 0x7,
    0x70, 0x3, 0x31, 0xdf, 0xe, 0x80, 0x76, 0x6e,
    0xc6, 0x1, 0xe2, 0x20, 0x7, 0x6f, 0xfd, 0x80,
    0x1c, 0x24, 0x20, 0xa0, 0x1d, 0x9b, 0x1, 0xc0,
    0x1f, 0x78, 0x10, 0x7, 0xc4, 0xe, 0x1, 0xf2,
    0x81, 0x0, 0x7c, 0x24, 0x1, 0x8f, 0x76, 0x2,
    0xdd, 0x28, 0x21, 0x14, 0x0, 0x22, 0x8, 0x0,

    /* U+012E "Į" */
    0x0, 0x3f, 0xff, 0x8c, 0x2, 0x32, 0x1, 0x33,
    0x10, 0x1, 0xf2, 0x81, 0xb3, 0x2, 0x1, 0xb8,
    0x38, 0x3, 0xe5, 0x2, 0x0, 0xf8, 0x81, 0x40,
    0x3e, 0x10, 0x10, 0xf, 0x18, 0x18, 0x7, 0xcc,
    0xc, 0x1, 0xf6, 0x81, 0x0, 0x76, 0x61, 0x81,
    0x72, 0x0, 0x4, 0x66, 0x10, 0x23, 0x0, 0x8b,
    0xe4, 0x73, 0xfd, 0x0, 0x10, 0xca, 0x90, 0x7,
    0xe4, 0xe3, 0x0, 0xe1, 0xeb, 0xb1, 0x80, 0x60,

    /* U+012F "į" */
    0x0, 0xe1, 0x40, 0xf, 0xbe, 0xdc, 0x3, 0xc6,
    0x28, 0x1, 0xed, 0xe3, 0x0, 0xb7, 0xfe, 0xc0,
    0xc, 0x24, 0x20, 0xa0, 0x1b, 0x36, 0x3, 0x80,
    0x3d, 0xe0, 0x40, 0x1e, 0x20, 0x70, 0xf, 0x28,
    0x10, 0x7, 0x84, 0x80, 0x23, 0xdd, 0x80, 0xb7,
    0x4a, 0x84, 0x50, 0x0, 0x88, 0x2f, 0xfa, 0x51,
    0xff, 0x20, 0x3, 0xc9, 0x40, 0x3c, 0xc1, 0xae,
    0x1, 0xd7, 0x96, 0xc0, 0x10,

    /* U+0130 "İ" */
    0x0, 0xf2, 0x0, 0x7e, 0xcb, 0x90, 0xf, 0xc3,
    0xa0, 0x1f, 0x67, 0x20, 0x6, 0x7f, 0xff, 0x18,
    0x4, 0x64, 0x2, 0x66, 0x20, 0x3, 0xe5, 0x3,
    0x66, 0x4, 0x3, 0x70, 0x70, 0x7, 0xca, 0x4,
    0x1, 0xf1, 0x2, 0x80, 0x7c, 0x20, 0x20, 0x1e,
    0x30, 0x30, 0xf, 0x98, 0x18, 0x3, 0xed, 0x2,
    0x0, 0xec, 0xc3, 0x2, 0xe4, 0x0, 0x8, 0xcc,
    0x20, 0x46, 0x1, 0x0,

    /* U+0131 "ı" */
    0x0, 0x6f, 0xfd, 0x80, 0x18, 0x48, 0x41, 0x40,
    0x36, 0x6c, 0x7, 0x0, 0x7b, 0xc0, 0x80, 0x3c,
    0x40, 0xe0, 0x1e, 0x50, 0x20, 0xf, 0x9, 0x0,
    0x47, 0xbb, 0x1, 0x6e, 0x95, 0x8, 0xa0, 0x1,
    0x10, 0x40,

    /* U+0132 "Ĳ" */
    0x0, 0x17, 0xfe, 0xe0, 0x7, 0xf9, 0xc0, 0x21,
    0x0, 0xa4, 0x8, 0x0, 0x60, 0x2, 0xa0, 0x6,
    0xb8, 0x20, 0x1, 0x0, 0x22, 0x0, 0x10, 0x3,
    0xc0, 0x80, 0x36, 0x1, 0x80, 0x4a, 0xe, 0x1,
    0x9c, 0x10, 0x2, 0x30, 0xc0, 0xc, 0x41, 0xa0,
    0x3, 0x0, 0x28, 0x4, 0x60, 0x7, 0x0, 0x28,
    0x0, 0xc0, 0x24, 0x1, 0x20, 0x6, 0x1, 0x80,
    0x6d, 0x2, 0x0, 0x9c, 0x14, 0x0, 0x38, 0xa0,
    0x72, 0x2, 0x41, 0x80, 0x4, 0x30, 0x8, 0x81,
    0x40, 0xe, 0x0, 0x5f, 0xfd, 0x63, 0x0, 0x44,
    0x0, 0xf3, 0x7f, 0x18, 0x40, 0x7, 0xc6, 0x0,
    0x19, 0x50, 0xf, 0x97, 0xfd, 0xcc, 0x1, 0x80,

    /* U+0133 "ĳ" */
    0x0, 0x1f, 0x68, 0x1, 0x7e, 0xc0, 0x8, 0x24,
    0x0, 0xf0, 0x60, 0x3, 0xd6, 0x0, 0x2e, 0x70,
    0x1, 0xf4, 0x80, 0x5d, 0x24, 0x4, 0x0, 0x40,
    0x70, 0x1, 0x82, 0x0, 0xc, 0x30, 0x8, 0x1,
    0xe0, 0x40, 0x5, 0x7, 0x0, 0x28, 0x20, 0x0,
    0xc3, 0x0, 0x6, 0x1e, 0x4, 0x0, 0x50, 0x30,
    0x2, 0x82, 0x0, 0xc, 0x14, 0x0, 0x61, 0xe0,
    0x60, 0xf, 0x3, 0x0, 0x28, 0x28, 0x2, 0x7f,
    0x0, 0x6, 0x1e, 0x1, 0xe6, 0x0, 0x20, 0x6,
    0x4f, 0x90, 0x42, 0x0, 0xce, 0x0, 0x4a, 0x0,
    0x80,

    /* U+0134 "Ĵ" */
    0x0, 0xf8, 0xa1, 0xc0, 0x3f, 0x16, 0x34, 0x40,
    0x3, 0xc5, 0x87, 0xec, 0xe8, 0x1, 0xc5, 0xda,
    0x33, 0xe8, 0x1, 0xf6, 0x79, 0x80, 0x7f, 0x10,
    0x10, 0x7, 0xe1, 0x1c, 0x1, 0xf8, 0x80, 0x80,
    0x3f, 0x94, 0x14, 0x3, 0xfb, 0x83, 0x80, 0x3f,
    0x8c, 0xc, 0x3, 0xf9, 0x81, 0x80, 0x27, 0xa3,
    0x0, 0x9, 0x9, 0x0, 0x5a, 0xb6, 0x0, 0x80,
    0x40, 0xd, 0x80, 0xfb, 0xcc, 0x36, 0x1, 0x9a,
    0x48, 0x86, 0xde, 0x20, 0x18,

    /* U+0135 "ĵ" */
    0x0, 0xf3, 0x42, 0x0, 0x7d, 0x52, 0x76, 0xa0,
    0x1c, 0xbb, 0xab, 0x92, 0x0, 0xe5, 0x72, 0x6,
    0x70, 0x1, 0x7f, 0xf7, 0x0, 0x66, 0x22, 0xc0,
    0xa0, 0x19, 0x37, 0x6b, 0x2, 0x0, 0xfd, 0xc1,
    0xe0, 0x1f, 0x8c, 0x8, 0x3, 0xf3, 0x2, 0x80,
    0x7e, 0x20, 0x10, 0xf, 0x88, 0x8, 0x3, 0xf3,
    0x83, 0x80, 0x7e, 0x90, 0xf0, 0xd, 0x1b, 0xaf,
    0x33, 0x28, 0x6, 0x42, 0x29, 0xf0, 0x3, 0x80,

    /* U+0136 "Ķ" */
    0x0, 0x5f, 0xa0, 0x1, 0x7f, 0x40, 0x26, 0x6,
    0x0, 0x58, 0x70, 0x4, 0x40, 0x41, 0x2, 0xa6,
    0x0, 0x20, 0x20, 0x27, 0xb, 0x0, 0x9c, 0x1c,
    0x24, 0x20, 0x40, 0x22, 0x5, 0xf4, 0x27, 0x0,
    0xda, 0x2, 0x20, 0x60, 0xe, 0x60, 0xdf, 0x4,
    0x0, 0xe3, 0x2, 0x13, 0x5, 0x0, 0x84, 0x4,
    0x41, 0x61, 0xe0, 0x12, 0x81, 0x0, 0x10, 0x10,
    0x2, 0x20, 0x50, 0x1, 0x88, 0x90, 0x0, 0xdf,
    0x20, 0x17, 0x7a, 0x0, 0x72, 0x31, 0x0, 0x7c,
    0x97, 0x44, 0x1, 0xe1, 0xa2, 0xd0, 0xf, 0x0,

    /* U+0137 "ķ" */
    0x0, 0x4f, 0xb0, 0x7, 0xca, 0xa, 0x1, 0xf1,
    0x1, 0x0, 0x78, 0x47, 0x0, 0xf7, 0xa8, 0x10,
    0x28, 0x2, 0x85, 0xd4, 0x14, 0x8, 0x25, 0x11,
    0x0, 0xe, 0x4, 0xb6, 0x2a, 0x0, 0x8c, 0x9,
    0x1, 0x4, 0x2, 0x60, 0xed, 0x6, 0x0, 0xc4,
    0x2, 0x46, 0xc, 0x0, 0x20, 0x20, 0x4, 0x85,
    0x80, 0x1c, 0x1c, 0x0, 0xa0, 0x46, 0xb, 0xf4,
    0x1, 0x7f, 0x8c, 0x3, 0x23, 0x10, 0x7, 0x92,
    0xf4, 0x80, 0x38, 0x68, 0xac, 0x3, 0x80,

    /* U+0138 "ĸ" */
    0x1, 0xfe, 0x0, 0x17, 0x7a, 0x2, 0x82, 0x80,
    0x3c, 0x61, 0x0, 0x80, 0xc2, 0xc9, 0x5c, 0x1,
    0xc0, 0xb8, 0x85, 0x40, 0x11, 0x81, 0x18, 0x50,
    0x6, 0x60, 0xec, 0x9, 0x0, 0xc4, 0x2, 0x64,
    0x28, 0x0, 0x20, 0x30, 0x5, 0x87, 0x80, 0x1c,
    0x18, 0x0, 0xe0, 0x84, 0x0,

    /* U+0139 "Ĺ" */
    0x0, 0xc6, 0x80, 0x1d, 0x39, 0xa0, 0x1a, 0x19,
    0x92, 0x1, 0xa3, 0xe4, 0x3, 0xbf, 0xc0, 0x1c,
    0x40, 0x40, 0x1c, 0xc0, 0xc0, 0x1c, 0x60, 0x60,
    0x1d, 0xc1, 0xc0, 0x1c, 0xa0, 0xa0, 0x1c, 0x40,
    0x40, 0x18, 0x47, 0x0, 0x62, 0x2, 0x0, 0xe5,
    0x5, 0x0, 0xee, 0x7, 0xdd, 0xca, 0x60, 0x24,
    0x58, 0x40,

    /* U+013A "ĺ" */
    0x0, 0xe3, 0x41, 0x0, 0xcf, 0x9e, 0x20, 0x12,
    0xc2, 0x58, 0x6, 0x5f, 0xb0, 0x4, 0x7f, 0xe6,
    0x0, 0x88, 0x80, 0x2, 0x0, 0x46, 0xe8, 0x41,
    0x40, 0x30, 0x88, 0x4, 0x3, 0x10, 0x18, 0x7,
    0x30, 0x30, 0x7, 0x68, 0x68, 0x7, 0x10, 0x10,
    0x7, 0x38, 0x38, 0x7, 0x18, 0x7, 0xc4, 0x19,
    0xba, 0x50, 0x7, 0x18, 0x91, 0x4,

    /* U+013B "Ļ" */
    0x0, 0x7f, 0x80, 0x38, 0x80, 0x80, 0x39, 0x81,
    0x80, 0x38, 0xc0, 0xc0, 0x3b, 0x83, 0x80, 0x39,
    0x41, 0x40, 0x38, 0x80, 0x80, 0x30, 0x8e, 0x0,
    0xc4, 0x4, 0x1, 0xca, 0xa, 0x1, 0xdc, 0xf,
    0xbb, 0x94, 0xc0, 0x48, 0xb0, 0xdf, 0xff, 0x90,
    0x2, 0x66, 0x0, 0x74, 0xc8, 0x3, 0x99, 0x8e,
    0xc0, 0x10,

    /* U+013C "ļ" */
    0x8f, 0xfc, 0xc0, 0x11, 0x10, 0x0, 0x40, 0x8,
    0xdd, 0x8, 0x28, 0x6, 0x11, 0x0, 0x80, 0x62,
    0x3, 0x0, 0xe6, 0x6, 0x0, 0xed, 0xd, 0x0,
    0xe2, 0x2, 0x0, 0xe7, 0x7, 0x0, 0xe3, 0x0,
    0xf8, 0x83, 0x37, 0x4a, 0x0, 0xe3, 0x12, 0x20,
    0x80, 0xb, 0x3f, 0xe4, 0x0, 0x13, 0x20, 0x7,
    0x7c, 0x30, 0x6, 0xb2, 0xd2, 0x0, 0x80,

    /* U+013D "Ľ" */
    0x0, 0x7f, 0x81, 0x3d, 0x80, 0x80, 0x80, 0xc1,
    0x1, 0x81, 0x83, 0x4c, 0x80, 0xc0, 0xc2, 0xb0,
    0x1, 0xc1, 0xc0, 0x1c, 0xa0, 0xa0, 0x1c, 0x40,
    0x40, 0x18, 0x47, 0x0, 0x62, 0x2, 0x0, 0xe5,
    0x5, 0x0, 0xee, 0x7, 0xdd, 0xca, 0x60, 0x24,
    0x58, 0x40,

    /* U+013E "ľ" */
    0x8f, 0xfc, 0xc3, 0xf2, 0x4, 0x40, 0x1, 0x28,
    0x64, 0x6e, 0x84, 0x14, 0xc5, 0x0, 0x2, 0x20,
    0x17, 0xe1, 0x0, 0x10, 0x18, 0x7, 0x98, 0x18,
    0x3, 0xda, 0x1a, 0x1, 0xe2, 0x2, 0x0, 0xf3,
    0x83, 0x80, 0x78, 0xc0, 0x3f, 0x10, 0x66, 0xe9,
    0x40, 0x2e, 0x31, 0x22, 0x8, 0x0,

    /* U+013F "Ŀ" */
    0x0, 0x7f, 0x80, 0x38, 0x80, 0x80, 0x39, 0x81,
    0x80, 0x38, 0xc0, 0xc0, 0x3b, 0x83, 0x80, 0x39,
    0x41, 0x4b, 0x78, 0x80, 0x80, 0xac, 0x85, 0x84,
    0x77, 0x82, 0x20, 0x80, 0x81, 0xbe, 0xc1, 0x41,
    0x40, 0x3b, 0x81, 0xf7, 0x72, 0x98, 0x9, 0x16,
    0x10,

    /* U+0140 "ŀ" */
    0xd, 0xff, 0xc2, 0x1, 0xc2, 0x44, 0x1, 0x10,
    0x7, 0x66, 0xf0, 0x10, 0x7, 0xe5, 0x5, 0x0,
    0xfd, 0xc1, 0xc0, 0x1f, 0x8c, 0xc, 0x7, 0x78,
    0xc0, 0x26, 0x6, 0x9, 0x21, 0x50, 0x8, 0x80,
    0x83, 0x0, 0xdc, 0x0, 0x40, 0x40, 0x4, 0xfc,
    0x10, 0x0, 0x80, 0x7f, 0x88, 0xb, 0x76, 0x10,
    0xc, 0x32, 0x24, 0x50, 0x80, 0x0,

    /* U+0141 "Ł" */
    0x0, 0xbb, 0xc4, 0x3, 0xc2, 0x2, 0x1, 0xc6,
    0x6, 0x1, 0xe6, 0x6, 0x66, 0x80, 0x6d, 0x5,
    0x96, 0x0, 0x8d, 0x40, 0x66, 0xc0, 0xd, 0x84,
    0x18, 0xc0, 0x16, 0x30, 0x0, 0x80, 0x35, 0xd8,
    0x8, 0x3, 0x85, 0x81, 0x80, 0x3c, 0x60, 0xbb,
    0xb9, 0x83, 0x80, 0x48, 0xb1, 0x80,

    /* U+0142 "ł" */
    0x8f, 0xfc, 0xc0, 0x11, 0x10, 0x0, 0x40, 0x8,
    0xdd, 0x8, 0x28, 0x7, 0x8, 0x44, 0x80, 0x46,
    0x0, 0x61, 0x0, 0x1f, 0x80, 0xd4, 0x2, 0xe1,
    0x84, 0xa8, 0x0, 0xd0, 0xc0, 0x80, 0x26, 0xb1,
    0x7, 0x0, 0xe3, 0x0, 0xf8, 0x83, 0x37, 0x4a,
    0x0, 0xe3, 0x12, 0x20, 0x80,

    /* U+0143 "Ń" */
    0x0, 0xf9, 0xc, 0x3, 0xeb, 0xb2, 0x0, 0x7a,
    0x92, 0x1c, 0x3, 0xd5, 0xee, 0x1, 0xb3, 0xf0,
    0x0, 0x9f, 0x0, 0x2, 0x3, 0x0, 0x18, 0x68,
    0x8, 0xc0, 0x41, 0xc0, 0xc0, 0x40, 0x80, 0xe0,
    0xa0, 0x60, 0xa1, 0x81, 0xa0, 0x42, 0x0, 0xe0,
    0x22, 0x18, 0x89, 0x40, 0x6, 0xc, 0xea, 0x40,
    0x40, 0x6, 0x2, 0xd1, 0x50, 0xe0, 0x1, 0x10,
    0xc, 0x30, 0xc, 0x8, 0x1c, 0x18, 0x10, 0x18,
    0x1c, 0x8, 0x8, 0x4, 0x8, 0x8, 0x34, 0x0,
    0x60, 0x40, 0x0,

    /* U+0144 "ń" */
    0x0, 0xf6, 0x7a, 0x80, 0x75, 0x9c, 0xa8, 0x6,
    0x1f, 0xc6, 0x0, 0xe1, 0x43, 0x0, 0x8b, 0xf1,
    0xbb, 0xe8, 0x0, 0xe0, 0x54, 0x80, 0xae, 0x4,
    0xb, 0x95, 0x1, 0xc1, 0xc1, 0xc0, 0x18, 0x41,
    0x41, 0x80, 0x1c, 0x1c, 0x4, 0x4, 0x0, 0x50,
    0x51, 0x1c, 0x0, 0x20, 0x22, 0x1, 0x0, 0x4,
    0x72, 0x82, 0x80, 0x8, 0x8, 0x0,

    /* U+0145 "Ņ" */
    0x0, 0x67, 0xe0, 0x1, 0x3e, 0x0, 0x4, 0x6,
    0x0, 0x30, 0xd0, 0x11, 0x80, 0x83, 0x81, 0x80,
    0x81, 0x1, 0xc1, 0x40, 0xc1, 0x43, 0x3, 0x40,
    0x84, 0x1, 0xc0, 0x44, 0x31, 0x12, 0x80, 0xc,
    0x19, 0xd4, 0x80, 0x80, 0xc, 0x5, 0xa2, 0xa1,
    0xc0, 0x2, 0x20, 0x18, 0x60, 0x18, 0x10, 0x38,
    0x30, 0x20, 0x30, 0x38, 0x10, 0x10, 0x8, 0x10,
    0x10, 0x68, 0x0, 0xc0, 0x80, 0xf, 0xea, 0x0,
    0xcf, 0xd0, 0xe, 0x79, 0x20, 0xf, 0x3c, 0x9,
    0x0, 0x70, 0xf4, 0xc0, 0x7, 0x0,

    /* U+0146 "ņ" */
    0x2, 0xfc, 0x6e, 0xfa, 0x0, 0x38, 0x15, 0x20,
    0x2b, 0x81, 0x2, 0xe5, 0x40, 0x70, 0x70, 0x70,
    0x6, 0x10, 0x50, 0x60, 0x7, 0x7, 0x1, 0x1,
    0x0, 0x14, 0x14, 0x47, 0x0, 0x8, 0x8, 0x80,
    0x40, 0x1, 0x1c, 0xa0, 0xa0, 0x2, 0x2, 0x6,
    0xf9, 0x0, 0x1f, 0xe0, 0x6, 0x46, 0x20, 0xe,
    0x4b, 0xd2, 0x0, 0xc3, 0x45, 0x60, 0x18,

    /* U+0147 "Ň" */
    0x0, 0x89, 0x4, 0x9, 0x4, 0x2, 0x39, 0xf7,
    0xde, 0x10, 0x8, 0x7c, 0xae, 0x28, 0x3, 0x8b,
    0x30, 0xe0, 0x1b, 0x3f, 0x0, 0x9, 0xf0, 0x0,
    0x20, 0x30, 0x1, 0x86, 0x80, 0x8c, 0x4, 0x1c,
    0xc, 0x4, 0x8, 0xe, 0xa, 0x6, 0xa, 0x18,
    0x1a, 0x4, 0x20, 0xe, 0x2, 0x21, 0x88, 0x94,
    0x0, 0x60, 0xce, 0xa4, 0x4, 0x0, 0x60, 0x2d,
    0x15, 0xe, 0x0, 0x11, 0x0, 0xc3, 0x0, 0xc0,
    0x81, 0xc1, 0x81, 0x1, 0x81, 0xc0, 0x80, 0x80,
    0x40, 0x80, 0x83, 0x40, 0x6, 0x4, 0x0,

    /* U+0148 "ň" */
    0x0, 0x95, 0xc4, 0x1d, 0xc0, 0x19, 0xe7, 0x36,
    0x94, 0x3, 0x16, 0x2d, 0x69, 0x0, 0x71, 0x43,
    0x80, 0x62, 0xfc, 0x6e, 0xfa, 0x0, 0x9c, 0xa,
    0x90, 0x15, 0xc0, 0x4, 0xb, 0x95, 0x1, 0xc0,
    0xe, 0xe, 0x0, 0xc2, 0x0, 0x50, 0x60, 0x7,
    0x7, 0x0, 0x8, 0x8, 0x0, 0xa0, 0xa0, 0x23,
    0x80, 0x4, 0x4, 0x4, 0x4, 0x0, 0x11, 0xc0,
    0xa0, 0xa0, 0x2, 0x2, 0x0, 0x0,

    /* U+0149 "ŉ" */
    0x0, 0x33, 0x88, 0x7, 0x4c, 0x84, 0x40, 0x18,
    0x86, 0xd8, 0x3, 0x8a, 0x10, 0x3, 0xe2, 0xfc,
    0x6e, 0xfa, 0x0, 0x38, 0x15, 0x20, 0x2b, 0x81,
    0x2, 0xe5, 0x40, 0x70, 0x70, 0x70, 0x6, 0x10,
    0x50, 0x60, 0x7, 0x7, 0x1, 0x1, 0x0, 0x14,
    0x14, 0x47, 0x0, 0x8, 0x8, 0x80, 0x40, 0x1,
    0x1c, 0xa0, 0xa0, 0x2, 0x2, 0x0,

    /* U+014A "Ŋ" */
    0x0, 0x67, 0xe0, 0x1, 0x3e, 0x0, 0x4, 0x6,
    0x20, 0x61, 0xa0, 0x23, 0x2, 0x87, 0x3, 0x1,
    0x3, 0x86, 0x2, 0x81, 0x82, 0x86, 0xa, 0x1,
    0x8, 0x3, 0x80, 0x50, 0xc4, 0x4a, 0x0, 0x30,
    0x6c, 0x7, 0x2, 0x0, 0x30, 0x12, 0x6, 0x87,
    0x0, 0x8, 0x80, 0x42, 0x80, 0x60, 0x40, 0xe0,
    0x4, 0x0, 0x30, 0x38, 0x10, 0x3, 0x0, 0x4,
    0x4, 0x1a, 0x0, 0x20, 0x20, 0x3, 0xfa, 0x80,
    0x38, 0x14, 0x3, 0xbb, 0xd4, 0xa4, 0x3, 0x10,
    0x89, 0xb0, 0x40, 0x0,

    /* U+014B "ŋ" */
    0x2, 0xfc, 0x6e, 0xfa, 0x0, 0x30, 0x15, 0x20,
    0x2b, 0x81, 0x82, 0xe5, 0x40, 0x70, 0x70, 0x68,
    0x6, 0x10, 0x50, 0x50, 0x7, 0x7, 0x1, 0x1,
    0x0, 0x14, 0x8, 0x47, 0x0, 0x8, 0x14, 0x80,
    0x80, 0x2, 0x20, 0x15, 0x5, 0x0, 0x10, 0x18,
    0x37, 0xc8, 0x2, 0x1, 0x0, 0x37, 0x7a, 0x14,
    0x80, 0x46, 0x22, 0x6c, 0x10,

    /* U+014C "Ō" */
    0x0, 0x9b, 0xff, 0x84, 0x2, 0x27, 0x7e, 0x10,
    0x9, 0x22, 0x38, 0x3, 0x26, 0x77, 0xd0, 0x80,
    0x4b, 0x66, 0x61, 0x5d, 0x0, 0xac, 0x33, 0x7c,
    0xc, 0x40, 0xc4, 0xcc, 0x2, 0x0, 0x10, 0x50,
    0x50, 0x0, 0x80, 0x80, 0x38, 0x38, 0x0, 0x40,
    0xa0, 0x3, 0x3, 0x0, 0x28, 0x10, 0x1, 0x41,
    0x40, 0x1e, 0x1e, 0x0, 0x10, 0x10, 0x1, 0x1,
    0x0, 0x61, 0x3, 0x41, 0x40, 0x1, 0x87, 0xe6,
    0x2, 0x0, 0x2d, 0x51, 0x33, 0x53, 0x0, 0x0,

    /* U+014D "ō" */
    0x0, 0x9a, 0x23, 0x30, 0x5, 0xe, 0xfb, 0xc0,
    0x2e, 0xff, 0xd2, 0x1, 0xff, 0xc, 0x6f, 0xeb,
    0x80, 0x5a, 0xe6, 0x62, 0x85, 0x6, 0x34, 0xec,
    0x80, 0xf0, 0xd0, 0xf0, 0x0, 0x81, 0x83, 0x3,
    0x0, 0x38, 0x38, 0x8, 0x8, 0x0, 0x60, 0x60,
    0x10, 0x81, 0x20, 0x20, 0x18, 0x7e, 0x68, 0x48,
    0x3, 0x54, 0x4c, 0xd4, 0xc0,

    /* U+014E "Ŏ" */
    0x0, 0xc4, 0x1, 0x10, 0x6, 0x3d, 0x60, 0xad,
    0x10, 0x8, 0xd2, 0x7d, 0x2c, 0x40, 0x35, 0xf6,
    0xf2, 0x0, 0x64, 0xcf, 0xda, 0x10, 0x9, 0x6c,
    0xcc, 0x2b, 0xa0, 0x15, 0x86, 0x6f, 0x81, 0x88,
    0x18, 0x99, 0x80, 0x40, 0x2, 0xa, 0xa, 0x0,
    0x10, 0x10, 0x7, 0x7, 0x0, 0x8, 0x14, 0x0,
    0x60, 0x60, 0x5, 0x2, 0x0, 0x28, 0x28, 0x3,
    0xc3, 0xc0, 0x2, 0x2, 0x0, 0x20, 0x20, 0xc,
    0x20, 0x68, 0x28, 0x0, 0x30, 0xfc, 0xc0, 0x40,
    0x5, 0xaa, 0x26, 0x6a, 0x60, 0x0,

    /* U+014F "ŏ" */
    0x0, 0x84, 0x80, 0x4, 0x40, 0xa, 0xf0, 0x4b,
    0x2c, 0x2, 0x90, 0xed, 0x58, 0x0, 0x8f, 0xb7,
    0xac, 0x40, 0x38, 0x84, 0x3, 0xc, 0x6f, 0xeb,
    0x80, 0x5a, 0xe6, 0x62, 0x85, 0x6, 0x34, 0xec,
    0x80, 0xf0, 0xd0, 0xf0, 0x0, 0x81, 0x83, 0x3,
    0x0, 0x38, 0x38, 0x8, 0x8, 0x0, 0x60, 0x60,
    0x10, 0x81, 0x20, 0x20, 0x18, 0x7e, 0x68, 0x48,
    0x3, 0x54, 0x4c, 0xd4, 0xc0,

    /* U+0150 "Ő" */
    0x0, 0xe3, 0x40, 0x24, 0x10, 0xc, 0xb9, 0xa5,
    0x90, 0x1, 0x92, 0x9a, 0x30, 0xf4, 0x40, 0x24,
    0xf9, 0x1e, 0xd1, 0x0, 0xc9, 0x9d, 0xf4, 0x20,
    0x19, 0x6c, 0xcc, 0x2b, 0xa0, 0x1a, 0xc3, 0x37,
    0xc0, 0xc4, 0x0, 0x62, 0x66, 0x1, 0x0, 0x8,
    0x1, 0x41, 0x40, 0x2, 0x2, 0x1, 0x70, 0x70,
    0x0, 0x81, 0x40, 0x23, 0x3, 0x0, 0x28, 0x10,
    0x4, 0xa0, 0xa0, 0xf, 0xf, 0x0, 0x84, 0x4,
    0x0, 0x40, 0x40, 0x1c, 0x20, 0x68, 0x28, 0x1,
    0x18, 0x7e, 0x60, 0x20, 0x3, 0x6a, 0x89, 0x9a,
    0x98, 0x2,

    /* U+0151 "ő" */
    0x0, 0xd1, 0xec, 0x9f, 0x40, 0x19, 0xdd, 0x2b,
    0x6b, 0x40, 0x19, 0x31, 0x83, 0x28, 0x3, 0x8c,
    0xc0, 0x66, 0x0, 0xe1, 0x8d, 0xfd, 0x70, 0xe,
    0xd7, 0x33, 0x14, 0x28, 0x4, 0xc6, 0x9d, 0x90,
    0x1e, 0x1, 0x68, 0x78, 0x0, 0x40, 0xc0, 0x26,
    0x6, 0x0, 0x70, 0x70, 0x4, 0x40, 0x40, 0x3,
    0x3, 0x0, 0xe1, 0x2, 0x40, 0x40, 0x8, 0xc3,
    0xf3, 0x42, 0x40, 0x36, 0xa8, 0x99, 0xa9, 0x80,
    0x20,

    /* U+0152 "Œ" */
    0x0, 0x2f, 0x71, 0xbf, 0xf2, 0x81, 0xd0, 0x8a,
    0x0, 0x46, 0x70, 0xa0, 0x8f, 0x50, 0xbe, 0xe1,
    0x2, 0x3, 0x0, 0x83, 0x80, 0x62, 0x1, 0x6,
    0x2, 0x0, 0x88, 0xc, 0x0, 0x61, 0xfe, 0x20,
    0x60, 0x50, 0x20, 0x13, 0x42, 0x3, 0xe, 0x6,
    0x6, 0xcb, 0x0, 0x68, 0x18, 0x18, 0x70, 0x6,
    0x10, 0xa, 0xc1, 0x40, 0x31, 0x5, 0xf1, 0x7,
    0x6c, 0x80, 0x2c, 0x86, 0x4c, 0x8, 0x80, 0x10,

    /* U+0153 "œ" */
    0x1, 0xbf, 0xb3, 0xcf, 0xa0, 0x6, 0xac, 0x2e,
    0x32, 0x2a, 0x9, 0xb3, 0xa8, 0x57, 0x80, 0xa8,
    0x68, 0x31, 0x1, 0x3, 0x18, 0x30, 0x11, 0x3e,
    0x40, 0xb8, 0xc, 0xc0, 0xd9, 0x90, 0xa8, 0x82,
    0x86, 0x18, 0x90, 0x38, 0xbd, 0x87, 0x56, 0xa0,
    0x41, 0x4a, 0x52, 0xa4, 0x28, 0x0,

    /* U+0154 "Ŕ" */
    0x0, 0xf9, 0xc, 0x3, 0xeb, 0xb2, 0x0, 0x7a,
    0x92, 0x1c, 0x3, 0xd5, 0xee, 0x1, 0xaf, 0xff,
    0x59, 0x80, 0x4c, 0x6, 0x61, 0x4d, 0x10, 0x1,
    0x6, 0x63, 0x88, 0x50, 0x8, 0xc, 0x2, 0x60,
    0x10, 0x60, 0x50, 0x1, 0xa0, 0x28, 0x18, 0x3e,
    0x64, 0x12, 0x21, 0xc0, 0x26, 0x61, 0xb6, 0x0,
    0x28, 0x6f, 0x0, 0x10, 0x2, 0x20, 0x21, 0x21,
    0x30, 0x0, 0x88, 0x80, 0x8, 0x8, 0x0, 0x20,
    0x60, 0x6, 0x5, 0x80, 0x14, 0x8, 0x0, 0x80,
    0x62, 0x0,

    /* U+0155 "ŕ" */
    0x0, 0xf4, 0xfc, 0x80, 0x7a, 0x19, 0x92, 0x1,
    0xeb, 0xc9, 0x0, 0xf8, 0xcc, 0x1, 0xdb, 0xe9,
    0x9f, 0xa6, 0x1, 0x10, 0x42, 0x91, 0x38, 0x0,
    0x40, 0xd, 0x9c, 0x2, 0x0, 0x30, 0x20, 0x80,
    0x42, 0x0, 0x30, 0x30, 0x0, 0xff, 0x0, 0x38,
    0x38, 0x3, 0xe5, 0x5, 0x0, 0xf8, 0x80, 0x80,
    0x3c, 0x23, 0x80, 0x3c,

    /* U+0156 "Ŗ" */
    0x0, 0x5f, 0xfe, 0xb3, 0x0, 0x98, 0xc, 0xc2,
    0x9a, 0x20, 0x2, 0xc, 0xc7, 0x10, 0xa0, 0x10,
    0x18, 0x4, 0xc0, 0x20, 0xc0, 0xa0, 0x3, 0x40,
    0x50, 0x30, 0x7c, 0xc8, 0x24, 0x43, 0x80, 0x4c,
    0xc3, 0x6c, 0x0, 0x50, 0xde, 0x0, 0x20, 0x4,
    0x40, 0x42, 0x42, 0x60, 0x1, 0x11, 0x0, 0x10,
    0x10, 0x0, 0x40, 0xc0, 0xc, 0xb, 0x0, 0x28,
    0x10, 0x1, 0x0, 0xc4, 0x1b, 0xe4, 0x0, 0x3f,
    0xe1, 0x0, 0xc8, 0xc4, 0x1, 0xe4, 0xbd, 0x20,
    0xe, 0x1a, 0x2b, 0x0, 0xe0,

    /* U+0157 "ŗ" */
    0x0, 0xb7, 0xd3, 0x3f, 0x4c, 0x3, 0x10, 0x42,
    0x91, 0x38, 0x2, 0x20, 0x6, 0xce, 0x1, 0x0,
    0x4c, 0x8, 0x20, 0x10, 0x80, 0x46, 0x6, 0x0,
    0x1f, 0xe0, 0xb, 0x83, 0x80, 0x3f, 0x28, 0x28,
    0x7, 0xe2, 0x2, 0x0, 0xf8, 0x47, 0x0, 0x7c,
    0x3f, 0xc0, 0x1f, 0x85, 0x94, 0x3, 0xf5, 0x48,
    0x80, 0x7d, 0x9, 0x28, 0x1, 0xf0,

    /* U+0158 "Ř" */
    0x0, 0x8e, 0xc, 0x16, 0x8, 0x2, 0x35, 0xd8,
    0xa1, 0x20, 0xd, 0xe2, 0xed, 0x20, 0x1c, 0x5f,
    0xe9, 0x0, 0xd7, 0xff, 0xac, 0xc0, 0x26, 0x3,
    0x30, 0xa6, 0x88, 0x0, 0x83, 0x31, 0xc4, 0x28,
    0x4, 0x6, 0x1, 0x30, 0x8, 0x30, 0x28, 0x0,
    0xd0, 0x14, 0xc, 0x1f, 0x32, 0x9, 0x10, 0xe0,
    0x13, 0x30, 0xdb, 0x0, 0x14, 0x37, 0x80, 0x8,
    0x1, 0x10, 0x10, 0x90, 0x98, 0x0, 0x44, 0x40,
    0x4, 0x4, 0x0, 0x10, 0x30, 0x3, 0x2, 0xc0,
    0xa, 0x4, 0x0, 0x40, 0x31, 0x0,

    /* U+0159 "ř" */
    0x0, 0x8e, 0xc, 0x19, 0xc4, 0x2, 0x34, 0xcb,
    0x92, 0x10, 0xd, 0x91, 0x9a, 0xa0, 0x1e, 0x77,
    0x10, 0x6, 0xdf, 0x4c, 0xfd, 0x30, 0x8, 0x82,
    0x14, 0x89, 0xc0, 0x2, 0x0, 0x6c, 0xe0, 0x10,
    0x1, 0x81, 0x4, 0x2, 0x10, 0x1, 0x81, 0x80,
    0x7, 0xf8, 0x1, 0xc1, 0xc0, 0x1f, 0x28, 0x28,
    0x7, 0xc4, 0x4, 0x1, 0xe1, 0x1c, 0x1, 0xe0,

    /* U+015A "Ś" */
    0x0, 0xf9, 0xc, 0x3, 0xeb, 0xb2, 0x0, 0x7a,
    0x92, 0x1c, 0x3, 0xd5, 0xee, 0x1, 0xcb, 0x9f,
    0xd4, 0x20, 0x13, 0x51, 0x98, 0x17, 0x40, 0x28,
    0xd, 0xcf, 0x3, 0x0, 0x10, 0x99, 0x0, 0xe6,
    0x0, 0x6, 0x7, 0x4, 0x6, 0x60, 0x0, 0xb0,
    0x3e, 0xe9, 0x0, 0x34, 0xd2, 0x89, 0x59, 0x0,
    0x65, 0xae, 0x40, 0x50, 0x17, 0x50, 0xb, 0x0,
    0x25, 0x88, 0x0, 0x6, 0x81, 0x1, 0x4, 0xbb,
    0x38, 0x98, 0xc0, 0x18, 0x82, 0x66, 0x99, 0x0,
    0x0,

    /* U+015B "ś" */
    0x0, 0xe1, 0xdf, 0x40, 0xe, 0xd2, 0xa4, 0x0,
    0xc3, 0x1a, 0xa0, 0x1c, 0x28, 0x40, 0x18, 0xef,
    0xbf, 0xa4, 0x0, 0x58, 0x8e, 0xe3, 0x69, 0xa,
    0x9, 0x94, 0x7c, 0x60, 0x5, 0x12, 0xec, 0xea,
    0x12, 0x42, 0xd1, 0x7a, 0x0, 0x1d, 0xec, 0x91,
    0x23, 0x2a, 0x71, 0x36, 0x20, 0x10, 0x58, 0xa9,
    0xc3, 0x31, 0x12, 0x89, 0x58, 0x9b, 0x40,

    /* U+015C "Ŝ" */
    0x0, 0xe5, 0x84, 0x0, 0xf3, 0xd3, 0x59, 0x80,
    0x67, 0x87, 0xf1, 0xe0, 0xc, 0xff, 0x3, 0xda,
    0x1, 0x97, 0x3f, 0xa8, 0x40, 0x26, 0xa3, 0x30,
    0x2e, 0x80, 0x50, 0x1b, 0x9e, 0x6, 0x0, 0x21,
    0x32, 0x1, 0xcc, 0x0, 0xc, 0xe, 0x8, 0xc,
    0xc0, 0x1, 0x60, 0x7d, 0xd2, 0x0, 0x69, 0xa5,
    0x12, 0xb2, 0x0, 0xcb, 0x5c, 0x80, 0xa0, 0x2e,
    0xa0, 0x16, 0x0, 0x4b, 0x10, 0x0, 0xd, 0x2,
    0x2, 0x9, 0x76, 0x71, 0x31, 0x80, 0x31, 0x4,
    0xcd, 0x32, 0x0, 0x0,

    /* U+015D "ŝ" */
    0x0, 0xcb, 0xfe, 0x60, 0xc, 0xd4, 0xc7, 0x24,
    0x0, 0x11, 0x4c, 0xb5, 0xdc, 0x0, 0x17, 0x60,
    0x18, 0x50, 0x1, 0xdf, 0x7f, 0x48, 0x0, 0xb1,
    0x1d, 0xc6, 0xd2, 0x14, 0x13, 0x28, 0xf8, 0xc0,
    0xa, 0x25, 0xd9, 0xd4, 0x24, 0x85, 0xa2, 0xf4,
    0x0, 0x3b, 0xd9, 0x22, 0x46, 0x54, 0xe2, 0x6c,
    0x40, 0x20, 0xb1, 0x53, 0x86, 0x62, 0x25, 0x12,
    0xb1, 0x36, 0x80,

    /* U+015E "Ş" */
    0x0, 0x97, 0x3f, 0xa8, 0x40, 0x26, 0xa3, 0x30,
    0x2e, 0x80, 0x50, 0x1b, 0x9e, 0x6, 0x0, 0x21,
    0x32, 0x1, 0xcb, 0x0, 0x18, 0x1c, 0x10, 0x1a,
    0x0, 0x5, 0x81, 0xf7, 0x48, 0x1, 0xa6, 0x94,
    0x4a, 0xc8, 0x3, 0x2d, 0x72, 0x2, 0x80, 0xb2,
    0x0, 0x58, 0x1, 0x14, 0xc8, 0x0, 0x34, 0x8,
    0x6, 0x25, 0xd9, 0xc4, 0xc6, 0x0, 0xc4, 0x13,
    0x34, 0xc8, 0x2, 0x29, 0x8, 0xd6, 0x0, 0xe2,
    0xe9, 0xd0, 0xf, 0x77, 0x2, 0x40, 0x3d, 0xfd,
    0xc5, 0x0, 0xc0,

    /* U+015F "ş" */
    0x0, 0x1d, 0xf7, 0xf4, 0x80, 0xb, 0x11, 0xdc,
    0x6d, 0x21, 0x41, 0x32, 0x8f, 0x8c, 0x0, 0xa2,
    0x5d, 0x9d, 0x42, 0x48, 0x5a, 0x2f, 0x40, 0x3,
    0xbd, 0x92, 0x24, 0x65, 0x4e, 0x26, 0xc4, 0x2,
    0xb, 0x15, 0x38, 0x66, 0x22, 0x51, 0x2b, 0x13,
    0x68, 0x1, 0x77, 0x2, 0x24, 0x40, 0x31, 0xf5,
    0xf0, 0x7, 0x57, 0x13, 0x80, 0x75, 0xf7, 0xc8,
    0x0,

    /* U+0160 "Š" */
    0x0, 0x8e, 0x94, 0x1e, 0x48, 0x2, 0x36, 0xaa,
    0x47, 0x90, 0x6, 0xd3, 0x69, 0x60, 0xe, 0x1c,
    0xc3, 0x0, 0x72, 0xe7, 0xfa, 0x84, 0x2, 0x6a,
    0x33, 0xa, 0xe0, 0x5, 0x1, 0xb9, 0xc0, 0x42,
    0x4, 0x26, 0x40, 0xf, 0xf0, 0x81, 0x81, 0xc1,
    0x0, 0x70, 0xb0, 0x3e, 0xe9, 0x0, 0x34, 0xd2,
    0x89, 0x59, 0x0, 0x65, 0xae, 0x40, 0x50, 0x28,
    0x50, 0xb, 0x0, 0x26, 0x78, 0x0, 0xd, 0x2,
    0x2, 0x9, 0x76, 0x71, 0x31, 0x80, 0x31, 0x4,
    0xcd, 0x32, 0x0, 0x0,

    /* U+0161 "š" */
    0x0, 0xab, 0xd1, 0x1f, 0x40, 0x1a, 0x8a, 0xad,
    0x68, 0x3, 0xbd, 0xa2, 0x80, 0x3c, 0x50, 0xe0,
    0x1c, 0x77, 0xdf, 0xd2, 0x1, 0x16, 0x23, 0xb8,
    0xda, 0x40, 0x14, 0x13, 0x28, 0xf8, 0xc0, 0xd,
    0x12, 0xec, 0xea, 0x0, 0x92, 0x16, 0x8b, 0xd0,
    0x8, 0x77, 0xb2, 0x44, 0x8c, 0xa, 0x9c, 0x4d,
    0x88, 0x4, 0x0, 0xb1, 0x53, 0x86, 0x62, 0x2,
    0xa2, 0x56, 0x26, 0xd0, 0x0,

    /* U+0162 "Ţ" */
    0x3f, 0xff, 0xb8, 0x1c, 0x88, 0x20, 0x2, 0x22,
    0x2, 0x6e, 0xa4, 0x1f, 0x75, 0x40, 0x1b, 0x83,
    0x80, 0x3e, 0x50, 0x50, 0xf, 0x88, 0x8, 0x3,
    0xe1, 0x1, 0x0, 0xf1, 0x81, 0x80, 0x7c, 0xc0,
    0xc0, 0x1f, 0x68, 0x68, 0x7, 0xc4, 0x4, 0x1,
    0xf3, 0x83, 0x80, 0x7d, 0x20, 0xe0, 0x1f, 0x26,
    0xd4, 0x80, 0x71, 0x76, 0x8e, 0x80, 0x71, 0x7f,
    0x71, 0x0, 0x30,

    /* U+0163 "ţ" */
    0x0, 0xcf, 0x0, 0x1f, 0xc, 0x30, 0x7, 0xc4,
    0x4, 0x1, 0xdb, 0xf8, 0x7, 0xff, 0x8, 0x9,
    0x8, 0x9, 0x10, 0xc4, 0x33, 0x54, 0x2b, 0x75,
    0x80, 0x19, 0x81, 0x80, 0x3e, 0x20, 0x20, 0xf,
    0x10, 0x10, 0x7, 0xcc, 0x2, 0x1, 0xf3, 0x81,
    0xee, 0x58, 0x6, 0x36, 0x2, 0x37, 0x0, 0xe9,
    0x91, 0x66, 0x0, 0x3c, 0xf3, 0x92, 0x1, 0xec,
    0xb0, 0xf0, 0xf, 0x67, 0x7b, 0x0, 0x0,

    /* U+0164 "Ť" */
    0x0, 0x1c, 0x18, 0x2c, 0x10, 0x4, 0x6b, 0xb1,
    0x42, 0x40, 0x1b, 0xc5, 0xda, 0x40, 0x38, 0xbf,
    0xd2, 0x1, 0x1f, 0xff, 0xdc, 0xe, 0x44, 0x10,
    0x1, 0x11, 0x1, 0x37, 0x52, 0xf, 0xba, 0xa0,
    0xd, 0xc1, 0xc0, 0x1f, 0x28, 0x10, 0x7, 0xc4,
    0xa, 0x1, 0xf0, 0x80, 0x80, 0x78, 0xc0, 0xc0,
    0x3e, 0x60, 0x60, 0xf, 0xb4, 0x34, 0x3, 0xe2,
    0x2, 0x0, 0xf9, 0xc1, 0xc0, 0x38,

    /* U+0165 "ť" */
    0x0, 0xf9, 0xb8, 0xc0, 0x32, 0xa8, 0x30, 0x4c,
    0x2, 0x1a, 0xa0, 0x22, 0x0, 0x31, 0x1, 0x87,
    0x58, 0x3, 0x7f, 0x0, 0xff, 0xe1, 0x1, 0x21,
    0x1, 0x22, 0x18, 0x86, 0x6a, 0x85, 0x6e, 0xb0,
    0x3, 0x30, 0x30, 0x7, 0xc4, 0x4, 0x1, 0xe2,
    0x2, 0x0, 0xf9, 0x80, 0x40, 0x3e, 0x60, 0x3d,
    0xd6, 0x0, 0x62, 0x71, 0x22, 0x0, 0x40,

    /* U+0166 "Ŧ" */
    0x3f, 0xff, 0xb8, 0x1c, 0x88, 0x20, 0x2, 0x22,
    0x2, 0x6e, 0xa4, 0x1b, 0x75, 0x40, 0x1b, 0x83,
    0xc0, 0x3e, 0x20, 0x20, 0xf, 0x98, 0x18, 0x3,
    0x17, 0xf8, 0x83, 0x7c, 0x40, 0x26, 0x50, 0x16,
    0x60, 0x80, 0xa, 0x7c, 0x12, 0x64, 0x1, 0xda,
    0x4, 0x1, 0xf1, 0x6, 0x80, 0x7c, 0xe0, 0xc0,
    0x1c,

    /* U+0167 "ŧ" */
    0x0, 0xcf, 0x0, 0x1f, 0xc, 0x30, 0x7, 0xc4,
    0x4, 0x1, 0xdb, 0xf8, 0x7, 0xff, 0x8, 0x9,
    0x8, 0x9, 0x10, 0xc4, 0x33, 0x50, 0x2f, 0x75,
    0x80, 0x19, 0xc1, 0x80, 0x3a, 0xfc, 0x83, 0x3f,
    0x0, 0x2c, 0x50, 0x16, 0x65, 0x0, 0x4f, 0xc0,
    0x53, 0x26, 0x0, 0xce, 0x7, 0xba, 0xc0, 0xc,
    0x6e, 0x24, 0x40, 0x8,

    /* U+0168 "Ũ" */
    0x0, 0xfc, 0x20, 0x1d, 0x9f, 0x47, 0xc4, 0x1,
    0x38, 0xca, 0xe2, 0x10, 0x4, 0xbe, 0xdd, 0x96,
    0x1, 0x66, 0x88, 0xd, 0xfc, 0x0, 0x8, 0x8,
    0x0, 0x41, 0xa0, 0x23, 0x80, 0xe, 0xc, 0x4,
    0x4, 0x1, 0x10, 0x18, 0x28, 0x28, 0x0, 0x40,
    0x40, 0x1c, 0x1c, 0x0, 0x50, 0x50, 0x1, 0x81,
    0x80, 0x8, 0x8, 0x0, 0xc0, 0xc0, 0xf, 0xf,
    0x0, 0x10, 0x10, 0x1, 0x41, 0x40, 0x30, 0x81,
    0x98, 0x4c, 0x0, 0x61, 0xf9, 0x80, 0xb0, 0xb,
    0x54, 0x8, 0xed, 0x40, 0x0,

    /* U+0169 "ũ" */
    0x0, 0xfc, 0x20, 0x19, 0x3f, 0x92, 0x28, 0x3,
    0x4b, 0x2d, 0xbf, 0x0, 0x68, 0x85, 0xdb, 0x54,
    0x3, 0x28, 0x82, 0x10, 0x4, 0x7f, 0x80, 0x17,
    0xf8, 0x0, 0xc0, 0xc0, 0x2, 0x2, 0x0, 0x68,
    0x68, 0x1, 0x81, 0x80, 0x4, 0x4, 0x0, 0x30,
    0x30, 0x3, 0x83, 0x80, 0x34, 0x38, 0x0, 0x40,
    0x40, 0x6, 0x5, 0x0, 0xc4, 0x6, 0x61, 0x30,
    0x2, 0x6, 0x64, 0x16, 0x1, 0x52, 0x81, 0x9a,
    0xd4, 0x0,

    /* U+016A "Ū" */
    0x0, 0x9b, 0xff, 0x84, 0x2, 0x27, 0x7e, 0x10,
    0x9, 0x22, 0x38, 0x2, 0xcf, 0x30, 0x4, 0x7c,
    0x0, 0x8, 0x8, 0x0, 0x41, 0xa0, 0x23, 0x80,
    0xe, 0xc, 0x4, 0x4, 0x1, 0x10, 0x18, 0x28,
    0x28, 0x0, 0x40, 0x40, 0x1c, 0x1c, 0x0, 0x50,
    0x50, 0x1, 0x81, 0x80, 0x8, 0x8, 0x0, 0xc0,
    0xc0, 0xf, 0xf, 0x0, 0x10, 0x10, 0x1, 0x41,
    0x40, 0x30, 0x81, 0x98, 0x4c, 0x0, 0x61, 0xf9,
    0x80, 0xb0, 0xb, 0x54, 0x8, 0xed, 0x40, 0x0,

    /* U+016B "ū" */
    0x0, 0x9a, 0x23, 0x30, 0x6, 0x87, 0x7d, 0xe0,
    0x1b, 0xbf, 0xf4, 0x80, 0x7f, 0xf0, 0xf, 0xf0,
    0x2, 0xff, 0x0, 0x18, 0x18, 0x0, 0x40, 0x40,
    0xd, 0xd, 0x0, 0x30, 0x30, 0x0, 0x80, 0x80,
    0x6, 0x6, 0x0, 0x70, 0x70, 0x6, 0x87, 0x0,
    0x8, 0x8, 0x0, 0xc0, 0xa0, 0x18, 0x80, 0xcc,
    0x26, 0x0, 0x40, 0xcc, 0x82, 0xc0, 0x2a, 0x50,
    0x33, 0x5a, 0x80, 0x0,

    /* U+016C "Ŭ" */
    0x0, 0xc4, 0x1, 0x10, 0x6, 0x3d, 0x60, 0xad,
    0x10, 0x8, 0xd2, 0x7d, 0x2c, 0x40, 0x35, 0xf6,
    0xf2, 0x0, 0x59, 0xe6, 0x25, 0x1f, 0x0, 0x2,
    0x2, 0x0, 0x10, 0x68, 0x8, 0xe0, 0x3, 0x83,
    0x1, 0x1, 0x0, 0x44, 0x6, 0xa, 0xa, 0x0,
    0x10, 0x10, 0x7, 0x7, 0x0, 0x14, 0x14, 0x0,
    0x60, 0x60, 0x2, 0x2, 0x0, 0x30, 0x30, 0x3,
    0xc3, 0xc0, 0x4, 0x4, 0x0, 0x50, 0x50, 0xc,
    0x20, 0x66, 0x13, 0x0, 0x18, 0x7e, 0x60, 0x2c,
    0x2, 0xd5, 0x2, 0x3b, 0x50, 0x0,

    /* U+016D "ŭ" */
    0x0, 0x84, 0x80, 0x4, 0x40, 0xd, 0x78, 0x25,
    0x96, 0x1, 0xa4, 0x3b, 0x56, 0x0, 0x31, 0xf6,
    0xf5, 0x88, 0x7, 0x88, 0x40, 0x31, 0xfe, 0x0,
    0x5f, 0xe0, 0x3, 0x3, 0x0, 0x8, 0x8, 0x1,
    0xa1, 0xa0, 0x6, 0x6, 0x0, 0x10, 0x10, 0x0,
    0xc0, 0xc0, 0xe, 0xe, 0x0, 0xd0, 0xe0, 0x1,
    0x1, 0x0, 0x18, 0x14, 0x3, 0x10, 0x19, 0x84,
    0xc0, 0x8, 0x19, 0x90, 0x58, 0x5, 0x4a, 0x6,
    0x6b, 0x50, 0x0,

    /* U+016E "Ů" */
    0x0, 0xc3, 0x7f, 0x82, 0x1, 0xd0, 0x3e, 0x2e,
    0x1, 0xcb, 0xa0, 0x64, 0x1, 0xd1, 0x3d, 0x28,
    0x1, 0x67, 0xbf, 0x73, 0xfd, 0x0, 0x2, 0x2,
    0x0, 0x10, 0x68, 0x8, 0xe0, 0x3, 0x83, 0x1,
    0x1, 0x0, 0x44, 0x6, 0xa, 0xa, 0x0, 0x10,
    0x10, 0x7, 0x7, 0x0, 0x14, 0x14, 0x0, 0x60,
    0x60, 0x2, 0x2, 0x0, 0x30, 0x30, 0x3, 0xc3,
    0xc0, 0x4, 0x4, 0x0, 0x50, 0x50, 0xc, 0x20,
    0x66, 0x13, 0x0, 0x18, 0x7e, 0x60, 0x2c, 0x2,
    0xd5, 0x2, 0x3b, 0x50, 0x0,

    /* U+016F "ů" */
    0x0, 0xc7, 0x9a, 0xc0, 0x1e, 0xda, 0x89, 0x0,
    0xe2, 0x16, 0x1, 0x0, 0xe2, 0x4f, 0xba, 0x0,
    0xf5, 0xff, 0x20, 0x4, 0x7f, 0x80, 0x17, 0xf8,
    0x0, 0xc0, 0xc0, 0x2, 0x2, 0x0, 0x68, 0x68,
    0x1, 0x81, 0x80, 0x4, 0x4, 0x0, 0x30, 0x30,
    0x3, 0x83, 0x80, 0x34, 0x38, 0x0, 0x40, 0x40,
    0x6, 0x5, 0x0, 0xc4, 0x6, 0x61, 0x30, 0x2,
    0x6, 0x64, 0x16, 0x1, 0x52, 0x81, 0x9a, 0xd4,
    0x0,

    /* U+0170 "Ű" */
    0x0, 0xe3, 0x40, 0x24, 0x10, 0xc, 0xb9, 0xa5,
    0x90, 0x1, 0x92, 0x9a, 0x30, 0xf4, 0x40, 0x24,
    0xf9, 0x1e, 0xd1, 0x0, 0xb3, 0xcc, 0x1, 0x1f,
    0x0, 0x11, 0x1, 0x0, 0x8, 0x34, 0x0, 0x23,
    0x80, 0xe, 0xc, 0x0, 0x20, 0x20, 0x8, 0x80,
    0xc0, 0xa, 0xa, 0x0, 0x10, 0x10, 0xb, 0x83,
    0x80, 0xa, 0xa, 0x1, 0x18, 0x18, 0x0, 0x80,
    0x80, 0x26, 0x6, 0x0, 0x78, 0x78, 0x4, 0x40,
    0x40, 0x5, 0x5, 0x0, 0xe1, 0x3, 0x30, 0x98,
    0x4, 0x61, 0xf9, 0x80, 0xb0, 0xd, 0xaa, 0x4,
    0x76, 0xa0, 0x10,

    /* U+0171 "ű" */
    0x0, 0xd1, 0xec, 0x9f, 0x40, 0x19, 0xdd, 0x2b,
    0x6b, 0x40, 0x19, 0x31, 0x83, 0x28, 0x3, 0x8c,
    0xc0, 0x66, 0x0, 0xc7, 0xf8, 0x1, 0x7f, 0x80,
    0x26, 0x6, 0x0, 0x10, 0x10, 0x5, 0xa1, 0xa0,
    0x6, 0x6, 0x0, 0x88, 0x8, 0x0, 0x60, 0x60,
    0x13, 0x83, 0x80, 0x34, 0x38, 0x2, 0x20, 0x20,
    0x3, 0x2, 0x80, 0x71, 0x1, 0x98, 0x4c, 0x2,
    0x40, 0xcc, 0x82, 0xc0, 0x35, 0x28, 0x19, 0xad,
    0x40, 0x20,

    /* U+0172 "Ų" */
    0x0, 0x67, 0x98, 0x2, 0x3e, 0x0, 0x6, 0x4,
    0x0, 0x20, 0xd0, 0x10, 0x11, 0x0, 0x1c, 0x18,
    0x14, 0x8, 0x2, 0x20, 0x30, 0x20, 0x50, 0x1,
    0x0, 0x80, 0x3c, 0x38, 0x0, 0xc0, 0xa0, 0x2,
    0x3, 0x0, 0x18, 0x18, 0x1, 0x41, 0x80, 0x1c,
    0x1c, 0x0, 0x10, 0x20, 0x2, 0x82, 0x80, 0x61,
    0x3, 0x30, 0x98, 0x0, 0xc3, 0xb3, 0x1, 0x60,
    0x16, 0xa8, 0x98, 0xda, 0x80, 0x43, 0x50, 0x3e,
    0x80, 0x1c, 0x32, 0xa0, 0x1f, 0x85, 0x38, 0xc0,
    0x38, 0x7e, 0xec, 0x60, 0x10,

    /* U+0173 "ų" */
    0x3, 0xfc, 0x0, 0xbf, 0xc0, 0x6, 0x6, 0x0,
    0x10, 0x10, 0x3, 0x43, 0x40, 0xc, 0xc, 0x0,
    0x20, 0x20, 0x1, 0x81, 0x80, 0x1c, 0x1c, 0x1,
    0xc1, 0xc0, 0x2, 0x2, 0x0, 0x28, 0x28, 0x6,
    0x10, 0x33, 0x9, 0x80, 0x10, 0x3f, 0x30, 0x16,
    0x1, 0x52, 0x81, 0x8d, 0xa8, 0x4, 0x35, 0x23,
    0x88, 0x1, 0xc3, 0xa, 0x60, 0x1f, 0xa, 0x71,
    0x80, 0x70, 0xfd, 0xd8, 0xc0, 0x20,

    /* U+0174 "Ŵ" */
    0x0, 0xe5, 0x84, 0x0, 0xf9, 0xe9, 0xac, 0xc0,
    0x39, 0xe1, 0xfc, 0x78, 0x3, 0x9f, 0xe0, 0x7b,
    0x40, 0x2a, 0xf0, 0x1f, 0xc0, 0x4f, 0x60, 0x11,
    0x2, 0x3, 0x86, 0x2, 0x3, 0x98, 0x61, 0x8,
    0x20, 0x90, 0xb, 0x3, 0xb8, 0x0, 0x6e, 0x1,
    0x9, 0xe, 0x9a, 0x6, 0x0, 0xc, 0xca, 0x9e,
    0x6, 0x8, 0x0, 0x11, 0x66, 0x0, 0x70, 0x84,
    0x3, 0x22, 0x88, 0x22, 0x0, 0x2, 0x6, 0x24,
    0x64, 0x1a, 0x0, 0x30, 0x64, 0x1, 0x70, 0x40,
    0x0, 0x81, 0x78, 0x0, 0x8c, 0x3, 0xc8, 0xe,
    0x8, 0x1, 0x0,

    /* U+0175 "ŵ" */
    0x0, 0xc2, 0xf0, 0x20, 0x1e, 0x3f, 0xb6, 0xc1,
    0x0, 0xe4, 0x8c, 0xc2, 0xa8, 0x3, 0x9d, 0x80,
    0xa1, 0x0, 0x3, 0xee, 0x11, 0xe8, 0x17, 0xa0,
    0x1c, 0xa0, 0x12, 0x20, 0x3, 0x19, 0x10, 0x50,
    0x34, 0x3, 0x5a, 0x0, 0x34, 0x50, 0x2, 0x15,
    0xd0, 0x3, 0xa0, 0x6, 0xf2, 0x70, 0xc1, 0xf0,
    0xc, 0xa6, 0x20, 0xa0, 0xa0, 0x18, 0xec, 0x0,
    0x68, 0x1, 0xe5, 0x0, 0xb4, 0x2,

    /* U+0176 "Ŷ" */
    0x0, 0xcb, 0x8, 0x1, 0xe7, 0xa6, 0xb3, 0x0,
    0xcf, 0xf, 0xe3, 0xc0, 0x19, 0xfe, 0x7, 0xb4,
    0x0, 0xbf, 0x40, 0x10, 0xff, 0x89, 0x41, 0x40,
    0x2b, 0x8, 0x20, 0x30, 0x40, 0x35, 0x27, 0x0,
    0x58, 0x60, 0x78, 0x48, 0x4, 0xa0, 0x8a, 0x6a,
    0x80, 0x11, 0x10, 0xe0, 0x2c, 0x3, 0x90, 0xa,
    0x4, 0x3, 0xb4, 0x9, 0xc0, 0x3c, 0x20, 0xe0,
    0x1f, 0x68, 0x68, 0x7, 0xc4, 0x4, 0x1, 0xf3,
    0x83, 0x80, 0x70,

    /* U+0177 "ŷ" */
    0x0, 0xc2, 0xf0, 0x20, 0x1c, 0x7f, 0x6d, 0x82,
    0x1, 0x92, 0x33, 0xa, 0xa0, 0xc, 0xec, 0x5,
    0x8, 0x0, 0x3f, 0xc0, 0xb, 0xf8, 0x0, 0xa0,
    0xa0, 0x3, 0x2, 0x0, 0x70, 0x70, 0x1, 0x81,
    0x80, 0x4, 0x4, 0x0, 0xd0, 0xd0, 0x3, 0x83,
    0x80, 0x8, 0x8, 0x0, 0x40, 0x60, 0x7, 0x7,
    0x0, 0xce, 0xe, 0x40, 0x40, 0x5, 0x9, 0xfc,
    0x2, 0x0, 0xa9, 0xd1, 0xfc, 0x18, 0x3, 0x45,
    0xc1, 0x86, 0x0, 0x4d, 0x54, 0xb8, 0x16, 0x0,
    0xb5, 0x57, 0x60, 0x80, 0x0,

    /* U+0178 "Ÿ" */
    0x0, 0x90, 0x40, 0x50, 0x3, 0x4d, 0xc0, 0x65,
    0xa8, 0x4, 0x21, 0xa0, 0x24, 0x80, 0x14, 0x7a,
    0x6, 0x68, 0x82, 0xfd, 0x0, 0x43, 0xfe, 0x25,
    0x5, 0x0, 0xac, 0x20, 0x80, 0xc1, 0x0, 0xd4,
    0x9c, 0x1, 0x61, 0x81, 0xe1, 0x20, 0x12, 0x82,
    0x29, 0xaa, 0x0, 0x44, 0x43, 0x80, 0xb0, 0xe,
    0x40, 0x28, 0x10, 0xe, 0xd0, 0x27, 0x0, 0xf0,
    0x83, 0x80, 0x7d, 0xa1, 0xa0, 0x1f, 0x10, 0x10,
    0x7, 0xce, 0xe, 0x1, 0xc0,

    /* U+0179 "Ź" */
    0x0, 0xf9, 0xc, 0x3, 0xeb, 0xb2, 0x0, 0x7a,
    0x92, 0x1c, 0x3, 0xd5, 0xee, 0x1, 0xa3, 0xff,
    0xc6, 0x0, 0x12, 0x28, 0x40, 0x4, 0x0, 0x9d,
    0xd9, 0x41, 0x84, 0x3, 0x99, 0xa, 0x40, 0x38,
    0xa4, 0x38, 0x3, 0xde, 0x10, 0x60, 0x1d, 0x24,
    0x8e, 0x1, 0xc8, 0xc3, 0x40, 0x1c, 0x34, 0x14,
    0x20, 0x1d, 0x42, 0xc8, 0x1, 0xc6, 0x80, 0xfb,
    0xb5, 0x80, 0x18, 0x0, 0x24, 0x50, 0x4,

    /* U+017A "ź" */
    0x0, 0xe1, 0xdf, 0x40, 0xe, 0xd2, 0xa4, 0x0,
    0xc3, 0x1a, 0xa0, 0x1c, 0x28, 0x40, 0x1b, 0xff,
    0xd8, 0x2, 0x67, 0x80, 0xa, 0x3, 0x99, 0x20,
    0x14, 0x0, 0x68, 0x72, 0xc1, 0x0, 0xa1, 0xcb,
    0x4, 0x2, 0x87, 0x2c, 0x10, 0xa, 0x1c, 0xb0,
    0x40, 0x23, 0x70, 0x6, 0xe6, 0x28, 0x14, 0x0,
    0x46, 0x70, 0x80,

    /* U+017B "Ż" */
    0x0, 0xe1, 0x40, 0xf, 0xd9, 0x72, 0x1, 0xf0,
    0x8b, 0x40, 0x3e, 0xce, 0x40, 0xd, 0x1f, 0xfe,
    0x30, 0x0, 0x91, 0x42, 0x0, 0x20, 0x4, 0xee,
    0xca, 0xc, 0x20, 0x1c, 0xc8, 0x52, 0x1, 0xc5,
    0x21, 0xc0, 0x1e, 0xf0, 0x83, 0x0, 0xe9, 0x24,
    0x70, 0xe, 0x46, 0x1a, 0x0, 0xe1, 0xa0, 0xa1,
    0x0, 0xea, 0x16, 0x40, 0xe, 0x34, 0x7, 0xdd,
    0xac, 0x0, 0xc0, 0x1, 0x22, 0x80, 0x20,

    /* U+017C "ż" */
    0x0, 0xe2, 0x30, 0xf, 0x26, 0xe1, 0x0, 0x73,
    0x81, 0x90, 0x7, 0x1f, 0xe0, 0x6, 0xff, 0xf6,
    0x0, 0x99, 0xe0, 0x2, 0x80, 0xe6, 0x48, 0x5,
    0x0, 0x1a, 0x1c, 0xb0, 0x40, 0x28, 0x72, 0xc1,
    0x0, 0xa1, 0xcb, 0x4, 0x2, 0x87, 0x2c, 0x10,
    0x8, 0xdc, 0x1, 0xb9, 0x8a, 0x5, 0x0, 0x11,
    0x9c, 0x20,

    /* U+017D "Ž" */
    0x0, 0x8e, 0xc, 0x16, 0x8, 0x2, 0x35, 0xd8,
    0xa1, 0x20, 0xd, 0xe2, 0xed, 0x20, 0x1c, 0x5f,
    0xe9, 0x0, 0xd1, 0xff, 0xe3, 0x0, 0x9, 0x14,
    0x20, 0x2, 0x0, 0x4e, 0xec, 0xa0, 0xc2, 0x1,
    0xcc, 0x85, 0x20, 0x1c, 0x52, 0x1c, 0x1, 0xef,
    0x8, 0x30, 0xe, 0x92, 0x47, 0x0, 0xe4, 0x61,
    0xa0, 0xe, 0x1a, 0xa, 0x10, 0xe, 0xa1, 0x64,
    0x0, 0xe3, 0x40, 0x7d, 0xda, 0xc0, 0xc, 0x0,
    0x12, 0x28, 0x2,

    /* U+017E "ž" */
    0x0, 0x99, 0xc0, 0x5d, 0x80, 0x32, 0x4e, 0x62,
    0x90, 0x3, 0x16, 0xa5, 0x69, 0x0, 0x71, 0xc3,
    0x80, 0x77, 0xff, 0xb0, 0x0, 0x26, 0x78, 0x0,
    0xa0, 0x1, 0xcc, 0x90, 0xa, 0x0, 0x3a, 0x1c,
    0xb0, 0x40, 0x34, 0x39, 0x60, 0x80, 0x68, 0x72,
    0xc1, 0x0, 0xd0, 0xe5, 0x82, 0x1, 0x8d, 0xc0,
    0x1b, 0x98, 0xa0, 0x2, 0x80, 0x8, 0xce, 0x10,
    0x0,

    /* U+017F "ſ" */
    0x0, 0xf3, 0xef, 0xfc, 0x1, 0xe7, 0x82, 0x33,
    0x30, 0x7, 0xa4, 0x37, 0x31, 0x20, 0x1c, 0x23,
    0x10, 0x7, 0xe5, 0x5, 0x0, 0xfe, 0x20, 0x20,
    0xf, 0xef, 0xf, 0x0, 0xfe, 0x20, 0x20, 0xf,
    0xe6, 0x5, 0x0, 0xfe, 0x20, 0x10, 0xf, 0xc4,
    0x6, 0x1, 0xfc, 0xe0, 0xc0, 0x1f, 0xd8, 0x18,
    0x1, 0xe7, 0xac, 0x61, 0x70, 0xf, 0x5a, 0x92,
    0xe0, 0x80, 0x78,

    /* U+2007 " " */

    /* U+2008 " " */

    /* U+2009 " " */

    /* U+200A " " */

    /* U+200B "​" */

    /* U+2010 "‐" */
    0x9d, 0xdd, 0x28, 0x45, 0x80,

    /* U+2012 "‒" */
    0x1d, 0xdf, 0x95, 0x8, 0xbe, 0x60,

    /* U+2013 "–" */
    0x7d, 0xdf, 0x3e, 0x91, 0x78, 0x40,

    /* U+2014 "—" */
    0xad, 0xdf, 0xd6, 0x84, 0x5f, 0x84,

    /* U+2015 "―" */
    0x5d, 0xdf, 0xfe, 0xe, 0x6, 0x11, 0x7f, 0xf0,
    0x40, 0x0,

    /* U+2018 "‘" */
    0x0, 0x77, 0x90, 0x40, 0xb9, 0xb, 0x8c, 0x1,
    0x1, 0x0, 0x8, 0x82, 0x20,

    /* U+2019 "’" */
    0x2, 0xfd, 0x0, 0x10, 0x90, 0x81, 0x9, 0x8,
    0x48, 0x40, 0x1a, 0xa2, 0x80,

    /* U+201A "‚" */
    0x6, 0xe8, 0x4, 0x15, 0x4, 0x7, 0x8, 0x8,
    0x80, 0xb9, 0x0,

    /* U+201C "“" */
    0x0, 0x5f, 0xa8, 0xff, 0x8, 0x22, 0x4b, 0x61,
    0x2, 0x10, 0x10, 0x4a, 0x4c, 0x0, 0x30, 0x37,
    0x7, 0x0, 0x90, 0x4d, 0x5, 0x80, 0x0,

    /* U+201D "”" */
    0x6, 0xfa, 0xa, 0xf6, 0x4, 0x7, 0xf, 0xf,
    0x4, 0x7, 0xf, 0xc, 0x8, 0x8, 0x35, 0x25,
    0x70, 0x72, 0x91, 0x90,

    /* U+201E "„" */
    0x6, 0xe8, 0x6, 0xe8, 0x4, 0x15, 0x4, 0x15,
    0x7, 0x7, 0x7, 0x7, 0x8, 0x8, 0x8, 0x8,
    0x72, 0x62, 0x72, 0x62,

    /* U+2020 "†" */
    0x0, 0xcd, 0x2, 0x1, 0xe9, 0x71, 0x0, 0xe1,
    0x1, 0x0, 0xf2, 0x82, 0x80, 0x6d, 0xd5, 0x2,
    0x6e, 0x88, 0xb0, 0x80, 0x8, 0xb7, 0xf9, 0x2,
    0xff, 0xc0, 0x19, 0x41, 0x80, 0x3c, 0x20, 0x40,
    0x1c, 0x40, 0x40, 0x1e, 0x70, 0x70, 0xf, 0x10,
    0x10, 0x7, 0xb4, 0x34, 0x3, 0xcc, 0xc, 0x1,
    0xe3, 0x3, 0x0, 0xe1, 0x1, 0x0, 0xe0,

    /* U+2021 "‡" */
    0x0, 0xe6, 0x81, 0x0, 0xfa, 0x5c, 0x40, 0x3c,
    0x40, 0x20, 0x1f, 0x30, 0x28, 0x7, 0x6f, 0x50,
    0x27, 0x70, 0x80, 0xc8, 0x44, 0x0, 0x11, 0x10,
    0x1f, 0xf9, 0x2, 0xff, 0xc0, 0x1c, 0xa0, 0xa0,
    0x1f, 0x8, 0x8, 0x7, 0x8c, 0xc, 0x3, 0xb7,
    0x60, 0x3d, 0xd1, 0x81, 0x14, 0x20, 0x2, 0x28,
    0xb, 0xfc, 0xa1, 0x5f, 0xe1, 0x0, 0xce, 0xe,
    0x1, 0xf1, 0x1, 0x0, 0x78, 0x5e, 0x40, 0x38,

    /* U+2022 "•" */
    0x0, 0x84, 0x2, 0x4e, 0xe5, 0x0, 0x28, 0x41,
    0x44, 0x4, 0x0, 0x22, 0x7, 0x2, 0xd0,

    /* U+2026 "…" */
    0x4e, 0x24, 0xe3, 0x37, 0x27, 0x8, 0xb8, 0x5e,
    0x84, 0x0, 0x67, 0x12, 0x1, 0x20,

    /* U+2030 "‰" */
    0x0, 0x9b, 0xb8, 0x60, 0x8, 0xc0, 0x8, 0x67,
    0x52, 0x41, 0x1b, 0x40, 0x24, 0x23, 0x23, 0x1a,
    0xa0, 0x80, 0x46, 0x0, 0x4f, 0xa6, 0x40, 0xc,
    0xe7, 0xef, 0xcf, 0x0, 0x1c, 0x3d, 0xfe, 0x6d,
    0x0, 0xfc, 0x35, 0x41, 0x0, 0xfd, 0x4f, 0xfe,
    0x7c, 0xe4, 0x0, 0x9d, 0xdc, 0x1b, 0x10, 0x7d,
    0x0, 0x1c, 0xf6, 0x60, 0x0, 0x80, 0x20, 0x3b,
    0x64, 0xe2, 0x80, 0x4, 0xd0, 0xa7, 0x50, 0xa8,
    0xd6, 0xe7, 0x50,

    /* U+2032 "′" */
    0x0, 0x57, 0xd0, 0x1, 0x43, 0x81, 0x0, 0x90,
    0x38, 0x28, 0x0, 0xe2, 0xc0,

    /* U+2033 "″" */
    0x5, 0xfe, 0x9, 0xfb, 0xf, 0x7, 0x7, 0xe,
    0x5, 0xb, 0x31, 0x12, 0xa8, 0xc, 0xac, 0x18,
    0x30, 0x64, 0x10, 0x68, 0x0,

    /* U+2039 "‹" */
    0x0, 0x96, 0xdc, 0x0, 0xb4, 0xee, 0x4, 0xa2,
    0xd0, 0x3b, 0x1f, 0x10, 0xb0, 0x72, 0x0, 0x40,
    0xb1, 0x0, 0x56, 0x1c, 0x1, 0x2a, 0x1b, 0x0,

    /* U+203A "›" */
    0x0, 0x4d, 0x90, 0x6, 0xc4, 0x90, 0xc, 0xa8,
    0x85, 0x0, 0xd2, 0x16, 0x1, 0xf0, 0x80, 0xb,
    0x7, 0x4, 0x7, 0xc7, 0x48, 0x7, 0xa, 0xcc,
    0x0,

    /* U+2044 "⁄" */
    0x0, 0xf8, 0xbc, 0xc0, 0x3e, 0x97, 0x30, 0xf,
    0x2b, 0x40, 0x7, 0x86, 0xe4, 0x3, 0xeb, 0x74,
    0x0, 0xf2, 0x22, 0x0, 0x3e, 0xab, 0x10, 0xf,
    0x4a, 0xa8, 0x3, 0xc6, 0xf4, 0x1, 0xf7, 0x40,
    0x80, 0x79, 0xc5, 0x80, 0x3c, 0x51, 0xc0, 0x1f,
    0x0,

    /* U+2052 "⁒" */
    0xaf, 0x70, 0x6f, 0x84, 0xc, 0xa, 0x9, 0xc9,
    0xa3, 0x32, 0x9, 0x30, 0xd0, 0x70, 0x6, 0x61,
    0x50, 0x9, 0x81, 0x80, 0x35, 0x5, 0x0, 0x44,
    0x68, 0x40, 0x15, 0x87, 0x0, 0x67, 0x15, 0x36,
    0x15, 0x16, 0xc, 0x9b, 0x90, 0xa0, 0x40, 0xc0,

    /* U+20A1 "₡" */
    0x0, 0xf5, 0x42, 0xe8, 0x7, 0x35, 0xaa, 0xad,
    0x0, 0x23, 0xd9, 0x40, 0x21, 0x20, 0x0, 0xe9,
    0x8, 0x42, 0x8c, 0x0, 0x2c, 0x42, 0xc1, 0x92,
    0x8c, 0x5, 0x42, 0x31, 0x94, 0x10, 0x0, 0x80,
    0x5, 0x6a, 0xf9, 0x0, 0x88, 0x0, 0xe4, 0x44,
    0x60, 0xf, 0x4d, 0xb2, 0x8, 0x4, 0x80, 0x3,
    0x4a, 0x35, 0x0, 0x8d, 0x0, 0x1a, 0x4f, 0xe0,
    0x1a, 0x80, 0x40, 0x7, 0xe0, 0x19, 0xb, 0xc3,
    0x71, 0x40, 0x33, 0xf8, 0x61, 0x0, 0x70,

    /* U+20A3 "₣" */
    0x0, 0xbf, 0xfc, 0xa0, 0x2, 0x0, 0xf3, 0x80,
    0x1c, 0x1, 0xff, 0x88, 0x1, 0xa0, 0x60, 0x1f,
    0x20, 0x28, 0x7, 0xc6, 0xd, 0xff, 0x8, 0x0,
    0x80, 0x38, 0x44, 0x0, 0x70, 0x7, 0xfd, 0xc0,
    0x1, 0xc0, 0x21, 0x10, 0x6, 0xc6, 0x2, 0xeb,
    0x0, 0xd2, 0x0, 0x7b, 0x80, 0xc, 0xe0, 0xa,
    0x42, 0x0, 0xc0,

    /* U+20A4 "₤" */
    0x0, 0xe3, 0xcf, 0xf6, 0x20, 0x6, 0x1c, 0x30,
    0x1, 0x88, 0x6, 0x80, 0x1e, 0xe4, 0x28, 0x6,
    0x40, 0x61, 0x13, 0x80, 0x62, 0x20, 0x70, 0x88,
    0x3, 0x5e, 0x80, 0x27, 0xbc, 0x3, 0x72, 0x80,
    0xcc, 0xa8, 0x2, 0x3a, 0x50, 0x19, 0x91, 0x0,
    0x45, 0x40, 0x7, 0xbb, 0x38, 0x4, 0x3e, 0xb,
    0x2a, 0xa0, 0xd, 0x8a, 0xb, 0xdd, 0x80, 0x23,
    0x0, 0xf1, 0x80, 0x0,

    /* U+20A6 "₦" */
    0x0, 0x37, 0xf9, 0x1, 0x3d, 0xc0, 0x1e, 0x0,
    0x10, 0x30, 0x30, 0x2, 0x8, 0x18, 0x60, 0x28,
    0x0, 0x90, 0x4, 0x14, 0x84, 0x5e, 0xa, 0x11,
    0xe2, 0x50, 0x2e, 0x10, 0x29, 0x0, 0xf2, 0x1,
    0x21, 0x0, 0x5a, 0x32, 0xe1, 0x86, 0x90, 0x14,
    0x16, 0x5, 0x88, 0x44, 0x1d, 0x0, 0x90, 0xc8,
    0xc9, 0x48, 0x10, 0x3c, 0x38, 0x40, 0xc0, 0x1e,
    0x8, 0x2, 0x0, 0xc0, 0x0,

    /* U+20A7 "₧" */
    0x0, 0x1f, 0xfd, 0xae, 0x1, 0xf9, 0x40, 0x22,
    0x88, 0x0, 0x7d, 0x80, 0xde, 0xa0, 0xc0, 0x1f,
    0x38, 0x78, 0x78, 0x8, 0x4f, 0x0, 0x62, 0x5,
    0x2, 0x1, 0x13, 0x10, 0x4, 0x60, 0x2, 0x49,
    0x5, 0xd0, 0x2a, 0x40, 0x40, 0x7, 0x58, 0x88,
    0xc, 0x5, 0x40, 0x1a, 0x1, 0x13, 0xfd, 0x88,
    0x6f, 0xa0, 0x38, 0x47, 0xec, 0x9, 0x8, 0x10,
    0x4, 0x40, 0x80, 0x19, 0xc0, 0xc0, 0x23, 0x0,
    0x18, 0x6, 0x30, 0x3a, 0x60, 0x40, 0x30, 0xe,
    0x64, 0x5, 0x0, 0x0,

    /* U+20A9 "₩" */
    0x3, 0xf7, 0x0, 0x7f, 0x84, 0x1b, 0xd8, 0x1c,
    0x2, 0x50, 0xd, 0xa0, 0xe0, 0x20, 0x21, 0xe0,
    0x1, 0x4, 0x31, 0x3, 0x3, 0x5, 0x20, 0x2,
    0x85, 0x80, 0x61, 0x40, 0x70, 0x7, 0x82, 0x80,
    0x4, 0x1f, 0x44, 0x84, 0x14, 0x88, 0x11, 0x0,
    0xc6, 0x17, 0x1f, 0x2, 0x80, 0xa5, 0x7, 0xa,
    0x32, 0x40, 0xc9, 0x2, 0x0, 0x11, 0x15, 0xd9,
    0x50, 0xc4, 0x2, 0x15, 0xb0, 0x75, 0x1e, 0x0,
    0xc2, 0x20, 0x60, 0x0, 0x89, 0x40, 0x33, 0x83,
    0x0, 0x4, 0x18, 0x3, 0x0,

    /* U+20AB "₫" */
    0x0, 0xf0, 0xd7, 0xb8, 0x7, 0x9f, 0x94, 0x21,
    0x80, 0x39, 0x6c, 0x1, 0x6e, 0x1, 0xc4, 0xa0,
    0x28, 0x20, 0x3, 0xcf, 0xc4, 0x2, 0x0, 0x8b,
    0xc, 0x86, 0x1, 0x40, 0x2b, 0x7, 0xdd, 0x30,
    0x70, 0x4, 0x81, 0x40, 0x1, 0x2, 0x0, 0x8c,
    0x4, 0x5, 0x41, 0xc0, 0x22, 0xc, 0xc8, 0x0,
    0x40, 0x17, 0x18, 0x2, 0x40, 0x40, 0x21, 0xe,
    0xde, 0x6d, 0xf0, 0xa, 0xf7, 0x7d, 0x60, 0x14,
    0xd5, 0x7a, 0x0, 0x20,

    /* U+20AC "€" */
    0x0, 0x92, 0xfb, 0xec, 0x80, 0x25, 0xb4, 0x31,
    0x4c, 0x0, 0xac, 0x2f, 0x78, 0x84, 0xc0, 0xc4,
    0x94, 0x42, 0x64, 0x4b, 0x80, 0x5d, 0xc3, 0x46,
    0x14, 0x50, 0x6b, 0xb1, 0x80, 0x42, 0x0, 0xf5,
    0x40, 0xd, 0x8a, 0x13, 0xd8, 0x1, 0xbc, 0x1,
    0x76, 0xe3, 0x52, 0x3, 0x0, 0x32, 0x1e, 0xd0,
    0x4, 0x81, 0xb9, 0xc2, 0xc4, 0x0, 0xa6, 0x13,
    0x29, 0x90, 0x0,

    /* U+20AD "₭" */
    0x0, 0x27, 0xf8, 0x41, 0x7f, 0xcc, 0x0, 0x30,
    0x11, 0xac, 0x11, 0x80, 0x1a, 0xa, 0x16, 0x22,
    0xa0, 0x9, 0x0, 0xd5, 0x41, 0x42, 0x0, 0x11,
    0x6, 0xd8, 0x3a, 0x0, 0x12, 0xc0, 0x10, 0x20,
    0x2e, 0x0, 0xe5, 0x0, 0x10, 0x1, 0xb8, 0x1,
    0x4a, 0x2, 0xc0, 0xe, 0x90, 0x9, 0x1, 0xa0,
    0x0, 0x80, 0x10, 0x88, 0x30, 0x48, 0x3c, 0x2,
    0x50, 0x2, 0x82, 0x2, 0x80, 0x46, 0x2, 0x20,
    0xc0, 0x2, 0x0, 0x0,

    /* U+20AE "₮" */
    0x4, 0xff, 0xfc, 0x0, 0x22, 0x84, 0x4, 0x88,
    0x60, 0x6, 0xdd, 0x40, 0x4e, 0xeb, 0x0, 0x3b,
    0x80, 0x81, 0x0, 0x3c, 0x61, 0x1f, 0x20, 0x12,
    0x5f, 0xa0, 0xb, 0xf0, 0x5, 0xcc, 0xc0, 0x1c,
    0xa0, 0xd, 0x5b, 0x40, 0x3d, 0xaa, 0x1, 0x4e,
    0xe0, 0xa, 0x4b, 0x0, 0x9, 0x98, 0x81, 0x14,
    0xc0, 0x11, 0x7d, 0x90, 0x10, 0x7, 0xe5, 0x5,
    0x0, 0xe0,

    /* U+20B1 "₱" */
    0x0, 0x4f, 0xfd, 0xac, 0x1, 0x94, 0x2, 0x29,
    0x40, 0x8, 0xc2, 0xfc, 0x83, 0x80, 0x1e, 0x0,
    0xbf, 0x20, 0x58, 0x8, 0x1, 0xee, 0x20, 0x2c,
    0x34, 0x0, 0xf7, 0x10, 0x14, 0x9c, 0x81, 0xac,
    0x80, 0x74, 0x84, 0x81, 0xac, 0x83, 0x48, 0xc,
    0x0, 0x24, 0xda, 0x60, 0x5, 0x1, 0xed, 0x92,
    0x0, 0xbc, 0x14, 0x3, 0xe4, 0xc, 0x0, 0xf8,

    /* U+20B2 "₲" */
    0x0, 0xe1, 0x7f, 0x51, 0x0, 0xc5, 0x7d, 0x1,
    0x5d, 0x20, 0x3, 0xd4, 0x31, 0x11, 0x7, 0x80,
    0x34, 0x13, 0x46, 0x37, 0x98, 0x1c, 0x42, 0x94,
    0x1c, 0x4, 0x1, 0x40, 0xa2, 0x61, 0xdf, 0xe5,
    0x2, 0xd, 0xd, 0x0, 0xce, 0x20, 0x1, 0x4,
    0x88, 0x0, 0x8, 0x40, 0x1c, 0x22, 0x3e, 0x3,
    0x0, 0x18, 0x3c, 0x83, 0xa0, 0x28, 0x2, 0x0,
    0xe, 0x18, 0x41, 0x80, 0x4, 0xc4, 0x0, 0x89,
    0x90, 0x2, 0x3b, 0x18, 0xfd, 0x91, 0x0,

    /* U+20B4 "₴" */
    0x0, 0x8e, 0xfb, 0xf0, 0xc0, 0x24, 0xc4, 0x53,
    0x36, 0x80, 0x5a, 0x79, 0x78, 0x1, 0x86, 0x34,
    0x86, 0x2, 0x0, 0x1f, 0xdd, 0x9c, 0x25, 0x2,
    0xae, 0xfe, 0x40, 0x55, 0xfc, 0x9, 0xdd, 0xf7,
    0x82, 0xa8, 0x1a, 0xef, 0x68, 0xa, 0x4, 0xa3,
    0x47, 0x18, 0x6, 0xdb, 0xd3, 0xf0, 0xb, 0x50,
    0x94, 0xed, 0x40, 0x0,

    /* U+20B5 "₵" */
    0x0, 0xcf, 0xbf, 0xee, 0xa2, 0x0, 0xb2, 0x8,
    0x0, 0x2a, 0x60, 0xa, 0x30, 0x82, 0x5b, 0x81,
    0x3, 0x50, 0x87, 0x2c, 0x47, 0x0, 0x50, 0xb,
    0x98, 0x28, 0x6, 0x40, 0x70, 0x50, 0x30, 0xc,
    0x41, 0xe1, 0x86, 0x1, 0xfc, 0xe8, 0x1, 0xc2,
    0x1e, 0x5, 0xa0, 0x1c, 0x80, 0xd2, 0x7, 0x6,
    0x1, 0x40, 0x83, 0x4, 0xbb, 0x80, 0x22, 0xc6,
    0x1, 0x47, 0x50, 0xc, 0x52, 0x2d, 0x70, 0x20,
    0x0,

    /* U+20B8 "₸" */
    0x5, 0xff, 0xf9, 0x83, 0x40, 0x3e, 0x50, 0x8e,
    0xef, 0x8c, 0x3, 0xf0, 0x80, 0x3f, 0xbb, 0xd6,
    0x8, 0x1, 0xf1, 0x82, 0x7f, 0x8c, 0x17, 0xfd,
    0x0, 0x18, 0xc3, 0x0, 0x3c, 0x60, 0x5, 0x0,
    0xf2, 0x0, 0xc, 0x3, 0xda, 0x6, 0x1, 0xf2,
    0x2, 0x80, 0x70,

    /* U+20B9 "₹" */
    0x2, 0x33, 0xf0, 0x3, 0xb3, 0x3c, 0x0, 0xce,
    0x20, 0x6f, 0xf0, 0x0, 0x41, 0x41, 0x84, 0x0,
    0x9d, 0xc7, 0x0, 0x73, 0x0, 0x21, 0xc8, 0xb,
    0x98, 0x22, 0xe, 0x44, 0xf1, 0x0, 0x38, 0x1e,
    0x69, 0x0, 0x5e, 0x6, 0x40, 0x1c, 0x84, 0x12,
    0x1, 0xeb, 0x7, 0x10, 0xe, 0x61, 0x8, 0x0,
    0xc0,

    /* U+20BA "₺" */
    0x0, 0xf, 0xf8, 0x40, 0x39, 0x0, 0x41, 0x54,
    0x1, 0x60, 0xf, 0x50, 0x0, 0x79, 0x81, 0x2f,
    0xd4, 0xe, 0x40, 0x5, 0xdc, 0x0, 0xbc, 0x0,
    0xc3, 0x0, 0x9, 0x70, 0x1f, 0xb7, 0x32, 0xa6,
    0x4, 0x0, 0x56, 0x50, 0xa8, 0x68, 0x1a, 0x5,
    0x81, 0x80, 0xb6, 0x82, 0x19, 0x80, 0x13, 0x21,
    0x3a, 0x6, 0x0, 0x8e, 0x30, 0x40,

    /* U+20BC "₼" */
    0x0, 0xf8, 0xff, 0xc0, 0x1f, 0xf3, 0x1, 0x0,
    0x7f, 0xda, 0xe, 0x1, 0xff, 0x18, 0x10, 0x7,
    0xc3, 0x1b, 0xe8, 0xf, 0xd0, 0x1, 0x87, 0xdc,
    0x80, 0x30, 0xbd, 0x0, 0x56, 0x25, 0x94, 0x3,
    0xec, 0xa, 0x20, 0x2a, 0x12, 0x78, 0x8, 0x14,
    0x0, 0x30, 0x40, 0x2, 0x2, 0x86, 0x3, 0x80,
    0x8, 0x34, 0xc, 0x0, 0x8c, 0x81, 0x80, 0x60,
    0x4, 0x5, 0x0, 0x44, 0x90, 0x18, 0x28, 0x0,
    0xc3, 0x0, 0x3c, 0xa1, 0xe0,

    /* U+20BD "₽" */
    0x0, 0x97, 0xff, 0x62, 0x80, 0x6d, 0x3, 0x54,
    0x3a, 0x50, 0x8, 0x82, 0x6a, 0xd8, 0x30, 0x2,
    0x60, 0x60, 0x7, 0x0, 0x80, 0x46, 0x6, 0x0,
    0xa0, 0xc0, 0x3b, 0x0, 0x55, 0xf1, 0x2a, 0x5,
    0xa0, 0x1, 0x50, 0xe6, 0x80, 0x11, 0x0, 0x7f,
    0xf6, 0xb0, 0x5, 0xb0, 0xf, 0xfe, 0xd0, 0xc,
    0x82, 0x8, 0xaa, 0xa0, 0xd, 0x20, 0xa, 0xa9,
    0xc0, 0x30, 0x8e, 0x0, 0xf0,

    /* U+2190 "←" */
    0x0, 0x9b, 0x20, 0x3, 0xc9, 0x25, 0x20, 0x1c,
    0x34, 0x1a, 0x20, 0x1d, 0xa3, 0x26, 0x1, 0xd2,
    0x61, 0x3f, 0xfc, 0x98, 0x0, 0x44, 0xf3, 0xab,
    0x81, 0x5d, 0xf1, 0x84, 0x23, 0x30, 0x3, 0xea,
    0x19, 0x30, 0xf, 0xe, 0x43, 0x0, 0x60,

    /* U+2191 "↑" */
    0x0, 0xd0, 0x80, 0x1f, 0x53, 0xdb, 0x0, 0x61,
    0xc5, 0x0, 0x4c, 0x0, 0x7, 0xd, 0x40, 0x8d,
    0xe8, 0x18, 0x9e, 0xc0, 0x18, 0x8a, 0x43, 0x30,
    0x1, 0xad, 0x81, 0x98, 0x1, 0xe9, 0x20, 0xf,
    0xff, 0x30,

    /* U+2192 "→" */
    0x0, 0x87, 0x30, 0x40, 0x1e, 0x19, 0x3f, 0x0,
    0xf9, 0x58, 0xa8, 0x3, 0xe8, 0x35, 0x60, 0xbf,
    0xfd, 0xc6, 0x12, 0x78, 0x89, 0xc6, 0x4, 0x6f,
    0x77, 0xa8, 0x83, 0xc0, 0x3d, 0xa3, 0x44, 0x1,
    0xd2, 0x6c, 0xa0, 0x1c, 0x3d, 0x32, 0x0, 0x80,

    /* U+2193 "↓" */
    0x0, 0xd3, 0x60, 0x1f, 0x91, 0x2, 0x1, 0xff,
    0xdf, 0x24, 0x0, 0xf1, 0x20, 0xdb, 0x0, 0x63,
    0xc2, 0x20, 0xcc, 0x0, 0x13, 0x4, 0x87, 0xc9,
    0xc8, 0x28, 0x6d, 0x0, 0x71, 0x0, 0x5, 0x88,
    0x1, 0xd, 0xa9, 0xe1, 0x0, 0x7a, 0xb0, 0x40,
    0x20,

    /* U+2194 "↔" */
    0x0, 0x8b, 0x2c, 0x13, 0x28, 0x3, 0xef, 0x3f,
    0x4, 0x75, 0x80, 0xe, 0xa2, 0x74, 0x0, 0x59,
    0x3a, 0x0, 0x4e, 0xa9, 0x20, 0x1b, 0x86, 0x88,
    0xe, 0x1, 0x3b, 0xff, 0x60, 0x8b, 0x80, 0x88,
    0x6, 0x89, 0xe1, 0x4, 0x1, 0xe0, 0x2a, 0xbb,
    0xda, 0x27, 0x0, 0x3, 0x91, 0xd0, 0x8, 0xe4,
    0x74, 0x3, 0x32, 0x9c, 0x0, 0xf0, 0x68, 0x80,
    0x75, 0x47, 0x81, 0x55, 0x98, 0x4,

    /* U+2195 "↕" */
    0x0, 0xc4, 0x1, 0xf9, 0x33, 0x2, 0x1, 0xcb,
    0x62, 0x7e, 0x40, 0x13, 0xd0, 0x80, 0x8b, 0x50,
    0x16, 0xb, 0x40, 0xec, 0x2c, 0x88, 0x78, 0x40,
    0x4, 0xc1, 0x4, 0xc1, 0x0, 0xc7, 0xe6, 0x60,
    0xf, 0x84, 0x40, 0x1f, 0xfd, 0x21, 0x0, 0xfe,
    0x78, 0x0, 0xf5, 0x10, 0x3d, 0x0, 0x43, 0x8a,
    0xe, 0x6b, 0x40, 0xc, 0x36, 0x21, 0xc5, 0x40,
    0x22, 0x4c, 0x80, 0x2a, 0x70, 0x5, 0xb0, 0x7,
    0x44, 0xe2, 0x0, 0x40,

    /* U+2196 "↖" */
    0xab, 0xbe, 0x80, 0x2, 0xa2, 0x73, 0x80, 0x74,
    0x7f, 0xc0, 0x11, 0x4, 0x38, 0x7, 0xe, 0x4,
    0x38, 0x6, 0x13, 0xc0, 0x88, 0x0, 0x71, 0xe0,
    0x3c, 0x6, 0xc0, 0x0, 0xf0, 0xc, 0x9, 0x40,
    0x23, 0xdb, 0x0,

    /* U+2197 "↗" */
    0x0, 0x4d, 0xdf, 0x40, 0x53, 0x22, 0x71, 0x85,
    0x7f, 0xc8, 0x1, 0xf5, 0xa1, 0x80, 0x75, 0xa1,
    0xf0, 0x6, 0xb4, 0x2d, 0x30, 0xa, 0xd0, 0xb0,
    0x40, 0x2, 0x26, 0x2c, 0x10, 0x1, 0xd8, 0xe6,
    0x4, 0x0, 0x3a, 0x20,

    /* U+2198 "↘" */
    0x0, 0xff, 0x4c, 0x80, 0x21, 0x80, 0x27, 0x69,
    0x0, 0x9d, 0xc5, 0x82, 0xd0, 0x1, 0x60, 0x16,
    0xb, 0xc0, 0x7, 0x16, 0xb, 0xc0, 0x7, 0x16,
    0xb, 0x0, 0x53, 0x76, 0x82, 0x0, 0xd6, 0xa8,
    0xa6, 0x1, 0x0,

    /* U+2199 "↙" */
    0x0, 0xff, 0x86, 0x40, 0x21, 0xc5, 0x0, 0x6a,
    0x80, 0x7, 0x4f, 0x80, 0x6, 0x0, 0x1d, 0x34,
    0xb0, 0xc, 0x3a, 0x69, 0x60, 0x1d, 0xa6, 0x96,
    0x1, 0xc6, 0x64, 0xb0, 0xf, 0xeb, 0xb9, 0x80,
    0x39, 0x12, 0x6, 0x0,

    /* U+2500 "─" */
    0x3a, 0xaf, 0xe9, 0x75, 0x5f, 0xe7,

    /* U+2550 "═" */
    0x28, 0x8f, 0xe7, 0x7f, 0xfa, 0x57, 0xbb, 0xfc,
    0x2, 0x3f, 0xc0, 0xbf, 0xff, 0xdc, 0xec, 0xdf,
    0xe0,

    /* U+2551 "║" */
    0x9f, 0x8, 0xf1, 0x0, 0xff, 0xff, 0x80, 0x7f,
    0xfc, 0xea, 0x42, 0xe4, 0x40,

    /* U+2554 "╔" */
    0x58, 0x8f, 0x36, 0x3b, 0xfa, 0x80, 0x1d, 0xdd,
    0x80, 0x1, 0x1e, 0x0, 0xd1, 0xff, 0x60, 0x7,
    0x33, 0x2c, 0x3, 0xa2, 0x5c, 0x3, 0xff, 0xe9,
    0xb0, 0x19, 0x2, 0x0,

    /* U+2557 "╗" */
    0x28, 0x8f, 0x81, 0xdf, 0xf0, 0xaf, 0x77, 0x38,
    0x4, 0x23, 0xc0, 0x12, 0xff, 0xe0, 0xc, 0xec,
    0xc2, 0x0, 0xe2, 0x99, 0x20, 0x7, 0xff, 0xfc,
    0x3, 0xb6, 0x3, 0x20, 0x40,

    /* U+255A "╚" */
    0x12, 0x1, 0x20, 0xa, 0x34, 0x27, 0x44, 0x3,
    0xff, 0xf7, 0x10, 0x60, 0xe, 0x67, 0xa0, 0xa,
    0x3b, 0xac, 0x0, 0xc2, 0x30, 0x5, 0xff, 0xd9,
    0x86, 0x6f, 0x58,

    /* U+255D "╝" */
    0x0, 0x84, 0x80, 0x48, 0x3, 0x46, 0x84, 0xe8,
    0x80, 0x7f, 0xff, 0xa, 0x20, 0xa0, 0x1c, 0xef,
    0x18, 0x7, 0x2f, 0x76, 0x0, 0xe1, 0x1c, 0x1,
    0x97, 0xff, 0x9c, 0x0, 0xec, 0xdf, 0x8,

    /* U+2588 "█" */
    0x22, 0xfe, 0x1d, 0xdf, 0xe8, 0x0, 0xff, 0xff,
    0x80, 0x7f, 0xff, 0xc0, 0x3f, 0xfc, 0xc0,

    /* U+2594 "▔" */
    0x88, 0xfe, 0x57, 0x7f, 0xec, 0x0, 0xff, 0x77,
    0x7f, 0x48,

    /* U+25A0 "■" */
    0x99, 0xfe, 0x56, 0x6f, 0xec, 0x0, 0xff, 0xff,
    0x80, 0x77, 0xff, 0xf4, 0x80
};


/*---------------------
 *  GLYPH DESCRIPTION
 *--------------------*/

static const lv_font_fmt_txt_glyph_dsc_t glyph_dsc[] = {
    {.bitmap_index = 0, .adv_w = 0, .box_w = 0, .box_h = 0, .ofs_x = 0, .ofs_y = 0} /* id = 0 reserved */,
    {.bitmap_index = 0, .adv_w = 154, .box_w = 0, .box_h = 0, .ofs_x = 0, .ofs_y = 0},
    {.bitmap_index = 0, .adv_w = 154, .box_w = 6, .box_h = 12, .ofs_x = 2, .ofs_y = 0},
    {.bitmap_index = 32, .adv_w = 154, .box_w = 7, .box_h = 5, .ofs_x = 2, .ofs_y = 7},
    {.bitmap_index = 50, .adv_w = 154, .box_w = 10, .box_h = 12, .ofs_x = 0, .ofs_y = 0},
    {.bitmap_index = 110, .adv_w = 154, .box_w = 10, .box_h = 17, .ofs_x = 0, .ofs_y = -2},
    {.bitmap_index = 185, .adv_w = 154, .box_w = 12, .box_h = 12, .ofs_x = -1, .ofs_y = 0},
    {.bitmap_index = 253, .adv_w = 154, .box_w = 12, .box_h = 12, .ofs_x = -1, .ofs_y = 0},
    {.bitmap_index = 317, .adv_w = 154, .box_w = 4, .box_h = 5, .ofs_x = 4, .ofs_y = 7},
    {.bitmap_index = 328, .adv_w = 154, .box_w = 8, .box_h = 17, .ofs_x = 2, .ofs_y = -3},
    {.bitmap_index = 384, .adv_w = 154, .box_w = 8, .box_h = 17, .ofs_x = 0, .ofs_y = -3},
    {.bitmap_index = 439, .adv_w = 154, .box_w = 10, .box_h = 9, .ofs_x = 0, .ofs_y = 1},
    {.bitmap_index = 478, .adv_w = 154, .box_w = 9, .box_h = 8, .ofs_x = 0, .ofs_y = 1},
    {.bitmap_index = 510, .adv_w = 154, .box_w = 5, .box_h = 5, .ofs_x = 1, .ofs_y = -3},
    {.bitmap_index = 523, .adv_w = 154, .box_w = 6, .box_h = 2, .ofs_x = 2, .ofs_y = 4},
    {.bitmap_index = 528, .adv_w = 154, .box_w = 4, .box_h = 3, .ofs_x = 2, .ofs_y = 0},
    {.bitmap_index = 535, .adv_w = 154, .box_w = 12, .box_h = 15, .ofs_x = -1, .ofs_y = -2},
    {.bitmap_index = 593, .adv_w = 154, .box_w = 10, .box_h = 12, .ofs_x = 0, .ofs_y = 0},
    {.bitmap_index = 653, .adv_w = 154, .box_w = 9, .box_h = 12, .ofs_x = 0, .ofs_y = 0},
    {.bitmap_index = 699, .adv_w = 154, .box_w = 10, .box_h = 12, .ofs_x = 0, .ofs_y = 0},
    {.bitmap_index = 753, .adv_w = 154, .box_w = 10, .box_h = 12, .ofs_x = 0, .ofs_y = 0},
    {.bitmap_index = 808, .adv_w = 154, .box_w = 9, .box_h = 12, .ofs_x = 0, .ofs_y = 0},
    {.bitmap_index = 856, .adv_w = 154, .box_w = 10, .box_h = 12, .ofs_x = 0, .ofs_y = 0},
    {.bitmap_index = 910, .adv_w = 154, .box_w = 9, .box_h = 12, .ofs_x = 0, .ofs_y = 0},
    {.bitmap_index = 961, .adv_w = 154, .box_w = 10, .box_h = 12, .ofs_x = 1, .ofs_y = 0},
    {.bitmap_index = 1010, .adv_w = 154, .box_w = 10, .box_h = 12, .ofs_x = 0, .ofs_y = 0},
    {.bitmap_index = 1071, .adv_w = 154, .box_w = 9, .box_h = 12, .ofs_x = 1, .ofs_y = 0},
    {.bitmap_index = 1124, .adv_w = 154, .box_w = 5, .box_h = 9, .ofs_x = 2, .ofs_y = 0},
    {.bitmap_index = 1144, .adv_w = 154, .box_w = 6, .box_h = 12, .ofs_x = 1, .ofs_y = -3},
    {.bitmap_index = 1176, .adv_w = 154, .box_w = 9, .box_h = 10, .ofs_x = 1, .ofs_y = 0},
    {.bitmap_index = 1216, .adv_w = 154, .box_w = 9, .box_h = 6, .ofs_x = 0, .ofs_y = 2},
    {.bitmap_index = 1233, .adv_w = 154, .box_w = 9, .box_h = 10, .ofs_x = 0, .ofs_y = 0},
    {.bitmap_index = 1272, .adv_w = 154, .box_w = 8, .box_h = 12, .ofs_x = 1, .ofs_y = 0},
    {.bitmap_index = 1314, .adv_w = 154, .box_w = 11, .box_h = 15, .ofs_x = -1, .ofs_y = -3},
    {.bitmap_index = 1394, .adv_w = 154, .box_w = 10, .box_h = 12, .ofs_x = -1, .ofs_y = 0},
    {.bitmap_index = 1448, .adv_w = 154, .box_w = 10, .box_h = 12, .ofs_x = 0, .ofs_y = 0},
    {.bitmap_index = 1508, .adv_w = 154, .box_w = 10, .box_h = 12, .ofs_x = 0, .ofs_y = 0},
    {.bitmap_index = 1562, .adv_w = 154, .box_w = 10, .box_h = 12, .ofs_x = 0, .ofs_y = 0},
    {.bitmap_index = 1623, .adv_w = 154, .box_w = 10, .box_h = 12, .ofs_x = 0, .ofs_y = 0},
    {.bitmap_index = 1672, .adv_w = 154, .box_w = 10, .box_h = 12, .ofs_x = 0, .ofs_y = 0},
    {.bitmap_index = 1718, .adv_w = 154, .box_w = 10, .box_h = 12, .ofs_x = 0, .ofs_y = 0},
    {.bitmap_index = 1778, .adv_w = 154, .box_w = 10, .box_h = 12, .ofs_x = 0, .ofs_y = 0},
    {.bitmap_index = 1840, .adv_w = 154, .box_w = 10, .box_h = 12, .ofs_x = 0, .ofs_y = 0},
    {.bitmap_index = 1888, .adv_w = 154, .box_w = 10, .box_h = 12, .ofs_x = 0, .ofs_y = 0},
    {.bitmap_index = 1935, .adv_w = 154, .box_w = 11, .box_h = 12, .ofs_x = 0, .ofs_y = 0},
    {.bitmap_index = 1998, .adv_w = 154, .box_w = 8, .box_h = 12, .ofs_x = 1, .ofs_y = 0},
    {.bitmap_index = 2036, .adv_w = 154, .box_w = 10, .box_h = 12, .ofs_x = 0, .ofs_y = 0},
    {.bitmap_index = 2096, .adv_w = 154, .box_w = 10, .box_h = 12, .ofs_x = 0, .ofs_y = 0},
    {.bitmap_index = 2158, .adv_w = 154, .box_w = 10, .box_h = 12, .ofs_x = 0, .ofs_y = 0},
    {.bitmap_index = 2219, .adv_w = 154, .box_w = 10, .box_h = 12, .ofs_x = 0, .ofs_y = 0},
    {.bitmap_index = 2275, .adv_w = 154, .box_w = 10, .box_h = 15, .ofs_x = 0, .ofs_y = -3},
    {.bitmap_index = 2346, .adv_w = 154, .box_w = 10, .box_h = 12, .ofs_x = 0, .ofs_y = 0},
    {.bitmap_index = 2407, .adv_w = 154, .box_w = 10, .box_h = 12, .ofs_x = 0, .ofs_y = 0},
    {.bitmap_index = 2467, .adv_w = 154, .box_w = 10, .box_h = 12, .ofs_x = 1, .ofs_y = 0},
    {.bitmap_index = 2511, .adv_w = 154, .box_w = 10, .box_h = 12, .ofs_x = 0, .ofs_y = 0},
    {.bitmap_index = 2572, .adv_w = 154, .box_w = 10, .box_h = 12, .ofs_x = 1, .ofs_y = 0},
    {.bitmap_index = 2627, .adv_w = 154, .box_w = 11, .box_h = 12, .ofs_x = 0, .ofs_y = 0},
    {.bitmap_index = 2693, .adv_w = 154, .box_w = 12, .box_h = 12, .ofs_x = -1, .ofs_y = 0},
    {.bitmap_index = 2752, .adv_w = 154, .box_w = 10, .box_h = 12, .ofs_x = 1, .ofs_y = 0},
    {.bitmap_index = 2802, .adv_w = 154, .box_w = 10, .box_h = 12, .ofs_x = 0, .ofs_y = 0},
    {.bitmap_index = 2852, .adv_w = 154, .box_w = 8, .box_h = 15, .ofs_x = 1, .ofs_y = -2},
    {.bitmap_index = 2902, .adv_w = 154, .box_w = 6, .box_h = 15, .ofs_x = 2, .ofs_y = -2},
    {.bitmap_index = 2943, .adv_w = 154, .box_w = 8, .box_h = 15, .ofs_x = 1, .ofs_y = -2},
    {.bitmap_index = 2992, .adv_w = 154, .box_w = 8, .box_h = 7, .ofs_x = 1, .ofs_y = 5},
    {.bitmap_index = 3019, .adv_w = 154, .box_w = 9, .box_h = 2, .ofs_x = -1, .ofs_y = -2},
    {.bitmap_index = 3026, .adv_w = 154, .box_w = 5, .box_h = 3, .ofs_x = 3, .ofs_y = 10},
    {.bitmap_index = 3034, .adv_w = 154, .box_w = 9, .box_h = 9, .ofs_x = 0, .ofs_y = 0},
    {.bitmap_index = 3076, .adv_w = 154, .box_w = 9, .box_h = 12, .ofs_x = 0, .ofs_y = 0},
    {.bitmap_index = 3128, .adv_w = 154, .box_w = 10, .box_h = 9, .ofs_x = 0, .ofs_y = 0},
    {.bitmap_index = 3173, .adv_w = 154, .box_w = 10, .box_h = 12, .ofs_x = 0, .ofs_y = 0},
    {.bitmap_index = 3229, .adv_w = 154, .box_w = 9, .box_h = 9, .ofs_x = 0, .ofs_y = 0},
    {.bitmap_index = 3270, .adv_w = 154, .box_w = 10, .box_h = 15, .ofs_x = 0, .ofs_y = -3},
    {.bitmap_index = 3331, .adv_w = 154, .box_w = 10, .box_h = 12, .ofs_x = 0, .ofs_y = -3},
    {.bitmap_index = 3391, .adv_w = 154, .box_w = 9, .box_h = 12, .ofs_x = 0, .ofs_y = 0},
    {.bitmap_index = 3442, .adv_w = 154, .box_w = 9, .box_h = 13, .ofs_x = 0, .ofs_y = 0},
    {.bitmap_index = 3488, .adv_w = 154, .box_w = 9, .box_h = 16, .ofs_x = 0, .ofs_y = -3},
    {.bitmap_index = 3543, .adv_w = 154, .box_w = 10, .box_h = 12, .ofs_x = 0, .ofs_y = 0},
    {.bitmap_index = 3598, .adv_w = 154, .box_w = 8, .box_h = 12, .ofs_x = 1, .ofs_y = 0},
    {.bitmap_index = 3639, .adv_w = 154, .box_w = 10, .box_h = 9, .ofs_x = 0, .ofs_y = 0},
    {.bitmap_index = 3685, .adv_w = 154, .box_w = 9, .box_h = 9, .ofs_x = 0, .ofs_y = 0},
    {.bitmap_index = 3725, .adv_w = 154, .box_w = 9, .box_h = 9, .ofs_x = 0, .ofs_y = 0},
    {.bitmap_index = 3766, .adv_w = 154, .box_w = 9, .box_h = 12, .ofs_x = 0, .ofs_y = -3},
    {.bitmap_index = 3818, .adv_w = 154, .box_w = 10, .box_h = 12, .ofs_x = 0, .ofs_y = -3},
    {.bitmap_index = 3876, .adv_w = 154, .box_w = 10, .box_h = 9, .ofs_x = 0, .ofs_y = 0},
    {.bitmap_index = 3915, .adv_w = 154, .box_w = 9, .box_h = 9, .ofs_x = 0, .ofs_y = 0},
    {.bitmap_index = 3957, .adv_w = 154, .box_w = 10, .box_h = 12, .ofs_x = 0, .ofs_y = 0},
    {.bitmap_index = 4004, .adv_w = 154, .box_w = 10, .box_h = 9, .ofs_x = 0, .ofs_y = 0},
    {.bitmap_index = 4050, .adv_w = 154, .box_w = 9, .box_h = 9, .ofs_x = 1, .ofs_y = 0},
    {.bitmap_index = 4090, .adv_w = 154, .box_w = 11, .box_h = 9, .ofs_x = 0, .ofs_y = 0},
    {.bitmap_index = 4134, .adv_w = 154, .box_w = 11, .box_h = 9, .ofs_x = -1, .ofs_y = 0},
    {.bitmap_index = 4179, .adv_w = 154, .box_w = 10, .box_h = 12, .ofs_x = 0, .ofs_y = -3},
    {.bitmap_index = 4238, .adv_w = 154, .box_w = 9, .box_h = 9, .ofs_x = 0, .ofs_y = 0},
    {.bitmap_index = 4275, .adv_w = 154, .box_w = 9, .box_h = 15, .ofs_x = 1, .ofs_y = -2},
    {.bitmap_index = 4328, .adv_w = 154, .box_w = 6, .box_h = 15, .ofs_x = 2, .ofs_y = -2},
    {.bitmap_index = 4371, .adv_w = 154, .box_w = 9, .box_h = 15, .ofs_x = 0, .ofs_y = -2},
    {.bitmap_index = 4423, .adv_w = 154, .box_w = 10, .box_h = 4, .ofs_x = 0, .ofs_y = 4},
    {.bitmap_index = 4444, .adv_w = 154, .box_w = 0, .box_h = 0, .ofs_x = 0, .ofs_y = 0},
    {.bitmap_index = 4444, .adv_w = 154, .box_w = 5, .box_h = 12, .ofs_x = 2, .ofs_y = -3},
    {.bitmap_index = 4476, .adv_w = 154, .box_w = 10, .box_h = 14, .ofs_x = 0, .ofs_y = -2},
    {.bitmap_index = 4537, .adv_w = 154, .box_w = 10, .box_h = 12, .ofs_x = 0, .ofs_y = 0},
    {.bitmap_index = 4594, .adv_w = 154, .box_w = 10, .box_h = 9, .ofs_x = 0, .ofs_y = 1},
    {.bitmap_index = 4639, .adv_w = 154, .box_w = 11, .box_h = 12, .ofs_x = 0, .ofs_y = 0},
    {.bitmap_index = 4705, .adv_w = 154, .box_w = 6, .box_h = 16, .ofs_x = 2, .ofs_y = -2},
    {.bitmap_index = 4749, .adv_w = 154, .box_w = 10, .box_h = 15, .ofs_x = 0, .ofs_y = -3},
    {.bitmap_index = 4824, .adv_w = 154, .box_w = 8, .box_h = 3, .ofs_x = 2, .ofs_y = 10},
    {.bitmap_index = 4837, .adv_w = 154, .box_w = 10, .box_h = 10, .ofs_x = 0, .ofs_y = 2},
    {.bitmap_index = 4888, .adv_w = 154, .box_w = 5, .box_h = 5, .ofs_x = 3, .ofs_y = 7},
    {.bitmap_index = 4901, .adv_w = 154, .box_w = 10, .box_h = 8, .ofs_x = 0, .ofs_y = 1},
    {.bitmap_index = 4941, .adv_w = 154, .box_w = 8, .box_h = 4, .ofs_x = 1, .ofs_y = 3},
    {.bitmap_index = 4953, .adv_w = 154, .box_w = 6, .box_h = 2, .ofs_x = 2, .ofs_y = 4},
    {.bitmap_index = 4958, .adv_w = 154, .box_w = 10, .box_h = 10, .ofs_x = 0, .ofs_y = 2},
    {.bitmap_index = 5008, .adv_w = 154, .box_w = 6, .box_h = 2, .ofs_x = 3, .ofs_y = 11},
    {.bitmap_index = 5013, .adv_w = 154, .box_w = 7, .box_h = 6, .ofs_x = 2, .ofs_y = 6},
    {.bitmap_index = 5035, .adv_w = 154, .box_w = 9, .box_h = 9, .ofs_x = 0, .ofs_y = 0},
    {.bitmap_index = 5073, .adv_w = 154, .box_w = 7, .box_h = 7, .ofs_x = 2, .ofs_y = 6},
    {.bitmap_index = 5099, .adv_w = 154, .box_w = 7, .box_h = 7, .ofs_x = 2, .ofs_y = 6},
    {.bitmap_index = 5123, .adv_w = 154, .box_w = 5, .box_h = 3, .ofs_x = 4, .ofs_y = 10},
    {.bitmap_index = 5131, .adv_w = 154, .box_w = 10, .box_h = 12, .ofs_x = 0, .ofs_y = -3},
    {.bitmap_index = 5190, .adv_w = 154, .box_w = 9, .box_h = 15, .ofs_x = 1, .ofs_y = -3},
    {.bitmap_index = 5254, .adv_w = 154, .box_w = 4, .box_h = 4, .ofs_x = 2, .ofs_y = 4},
    {.bitmap_index = 5262, .adv_w = 154, .box_w = 5, .box_h = 5, .ofs_x = 1, .ofs_y = -4},
    {.bitmap_index = 5275, .adv_w = 154, .box_w = 7, .box_h = 7, .ofs_x = 2, .ofs_y = 6},
    {.bitmap_index = 5299, .adv_w = 154, .box_w = 5, .box_h = 5, .ofs_x = 3, .ofs_y = 7},
    {.bitmap_index = 5312, .adv_w = 154, .box_w = 11, .box_h = 8, .ofs_x = -1, .ofs_y = 1},
    {.bitmap_index = 5355, .adv_w = 154, .box_w = 10, .box_h = 13, .ofs_x = 0, .ofs_y = -1},
    {.bitmap_index = 5418, .adv_w = 154, .box_w = 10, .box_h = 13, .ofs_x = 0, .ofs_y = -1},
    {.bitmap_index = 5482, .adv_w = 154, .box_w = 10, .box_h = 13, .ofs_x = 0, .ofs_y = -1},
    {.bitmap_index = 5544, .adv_w = 154, .box_w = 8, .box_h = 12, .ofs_x = 0, .ofs_y = -3},
    {.bitmap_index = 5585, .adv_w = 154, .box_w = 10, .box_h = 16, .ofs_x = -1, .ofs_y = 0},
    {.bitmap_index = 5652, .adv_w = 154, .box_w = 11, .box_h = 16, .ofs_x = -1, .ofs_y = 0},
    {.bitmap_index = 5722, .adv_w = 154, .box_w = 11, .box_h = 16, .ofs_x = -1, .ofs_y = 0},
    {.bitmap_index = 5795, .adv_w = 154, .box_w = 11, .box_h = 16, .ofs_x = -1, .ofs_y = 0},
    {.bitmap_index = 5868, .adv_w = 154, .box_w = 11, .box_h = 16, .ofs_x = -1, .ofs_y = 0},
    {.bitmap_index = 5943, .adv_w = 154, .box_w = 10, .box_h = 16, .ofs_x = -1, .ofs_y = 0},
    {.bitmap_index = 6013, .adv_w = 154, .box_w = 12, .box_h = 12, .ofs_x = -1, .ofs_y = 0},
    {.bitmap_index = 6079, .adv_w = 154, .box_w = 10, .box_h = 16, .ofs_x = 0, .ofs_y = -4},
    {.bitmap_index = 6148, .adv_w = 154, .box_w = 10, .box_h = 16, .ofs_x = 0, .ofs_y = 0},
    {.bitmap_index = 6211, .adv_w = 154, .box_w = 10, .box_h = 16, .ofs_x = 0, .ofs_y = 0},
    {.bitmap_index = 6274, .adv_w = 154, .box_w = 10, .box_h = 16, .ofs_x = 0, .ofs_y = 0},
    {.bitmap_index = 6340, .adv_w = 154, .box_w = 10, .box_h = 16, .ofs_x = 0, .ofs_y = 0},
    {.bitmap_index = 6407, .adv_w = 154, .box_w = 10, .box_h = 16, .ofs_x = 0, .ofs_y = 0},
    {.bitmap_index = 6468, .adv_w = 154, .box_w = 10, .box_h = 16, .ofs_x = 0, .ofs_y = 0},
    {.bitmap_index = 6529, .adv_w = 154, .box_w = 10, .box_h = 16, .ofs_x = 0, .ofs_y = 0},
    {.bitmap_index = 6593, .adv_w = 154, .box_w = 10, .box_h = 16, .ofs_x = 0, .ofs_y = 0},
    {.bitmap_index = 6659, .adv_w = 154, .box_w = 10, .box_h = 12, .ofs_x = 0, .ofs_y = 0},
    {.bitmap_index = 6720, .adv_w = 154, .box_w = 10, .box_h = 16, .ofs_x = 0, .ofs_y = 0},
    {.bitmap_index = 6798, .adv_w = 154, .box_w = 10, .box_h = 16, .ofs_x = 0, .ofs_y = 0},
    {.bitmap_index = 6872, .adv_w = 154, .box_w = 10, .box_h = 16, .ofs_x = 0, .ofs_y = 0},
    {.bitmap_index = 6946, .adv_w = 154, .box_w = 10, .box_h = 16, .ofs_x = 0, .ofs_y = 0},
    {.bitmap_index = 7023, .adv_w = 154, .box_w = 10, .box_h = 16, .ofs_x = 0, .ofs_y = 0},
    {.bitmap_index = 7100, .adv_w = 154, .box_w = 10, .box_h = 16, .ofs_x = 0, .ofs_y = 0},
    {.bitmap_index = 7179, .adv_w = 154, .box_w = 8, .box_h = 8, .ofs_x = 1, .ofs_y = 1},
    {.bitmap_index = 7212, .adv_w = 154, .box_w = 12, .box_h = 13, .ofs_x = -1, .ofs_y = -1},
    {.bitmap_index = 7283, .adv_w = 154, .box_w = 10, .box_h = 16, .ofs_x = 0, .ofs_y = 0},
    {.bitmap_index = 7357, .adv_w = 154, .box_w = 10, .box_h = 16, .ofs_x = 0, .ofs_y = 0},
    {.bitmap_index = 7431, .adv_w = 154, .box_w = 10, .box_h = 16, .ofs_x = 0, .ofs_y = 0},
    {.bitmap_index = 7508, .adv_w = 154, .box_w = 10, .box_h = 16, .ofs_x = 0, .ofs_y = 0},
    {.bitmap_index = 7587, .adv_w = 154, .box_w = 10, .box_h = 16, .ofs_x = 1, .ofs_y = 0},
    {.bitmap_index = 7651, .adv_w = 154, .box_w = 10, .box_h = 12, .ofs_x = 0, .ofs_y = 0},
    {.bitmap_index = 7705, .adv_w = 154, .box_w = 12, .box_h = 15, .ofs_x = -2, .ofs_y = -3},
    {.bitmap_index = 7784, .adv_w = 154, .box_w = 9, .box_h = 13, .ofs_x = 0, .ofs_y = 0},
    {.bitmap_index = 7838, .adv_w = 154, .box_w = 9, .box_h = 13, .ofs_x = 0, .ofs_y = 0},
    {.bitmap_index = 7893, .adv_w = 154, .box_w = 9, .box_h = 13, .ofs_x = 0, .ofs_y = 0},
    {.bitmap_index = 7951, .adv_w = 154, .box_w = 9, .box_h = 14, .ofs_x = 0, .ofs_y = 0},
    {.bitmap_index = 8012, .adv_w = 154, .box_w = 10, .box_h = 13, .ofs_x = 0, .ofs_y = 0},
    {.bitmap_index = 8077, .adv_w = 154, .box_w = 9, .box_h = 14, .ofs_x = 0, .ofs_y = 0},
    {.bitmap_index = 8138, .adv_w = 154, .box_w = 11, .box_h = 9, .ofs_x = -1, .ofs_y = 0},
    {.bitmap_index = 8188, .adv_w = 154, .box_w = 10, .box_h = 13, .ofs_x = 0, .ofs_y = -4},
    {.bitmap_index = 8248, .adv_w = 154, .box_w = 9, .box_h = 13, .ofs_x = 0, .ofs_y = 0},
    {.bitmap_index = 8302, .adv_w = 154, .box_w = 9, .box_h = 13, .ofs_x = 0, .ofs_y = 0},
    {.bitmap_index = 8357, .adv_w = 154, .box_w = 9, .box_h = 13, .ofs_x = 0, .ofs_y = 0},
    {.bitmap_index = 8416, .adv_w = 154, .box_w = 10, .box_h = 13, .ofs_x = 0, .ofs_y = 0},
    {.bitmap_index = 8480, .adv_w = 154, .box_w = 9, .box_h = 13, .ofs_x = 0, .ofs_y = 0},
    {.bitmap_index = 8526, .adv_w = 154, .box_w = 10, .box_h = 13, .ofs_x = 0, .ofs_y = 0},
    {.bitmap_index = 8575, .adv_w = 154, .box_w = 10, .box_h = 13, .ofs_x = 0, .ofs_y = 0},
    {.bitmap_index = 8627, .adv_w = 154, .box_w = 10, .box_h = 13, .ofs_x = 0, .ofs_y = 0},
    {.bitmap_index = 8681, .adv_w = 154, .box_w = 9, .box_h = 13, .ofs_x = 0, .ofs_y = 0},
    {.bitmap_index = 8738, .adv_w = 154, .box_w = 9, .box_h = 14, .ofs_x = 0, .ofs_y = 0},
    {.bitmap_index = 8797, .adv_w = 154, .box_w = 9, .box_h = 13, .ofs_x = 0, .ofs_y = 0},
    {.bitmap_index = 8851, .adv_w = 154, .box_w = 9, .box_h = 13, .ofs_x = 0, .ofs_y = 0},
    {.bitmap_index = 8906, .adv_w = 154, .box_w = 9, .box_h = 13, .ofs_x = 0, .ofs_y = 0},
    {.bitmap_index = 8965, .adv_w = 154, .box_w = 9, .box_h = 14, .ofs_x = 0, .ofs_y = 0},
    {.bitmap_index = 9026, .adv_w = 154, .box_w = 10, .box_h = 13, .ofs_x = 0, .ofs_y = 0},
    {.bitmap_index = 9089, .adv_w = 154, .box_w = 8, .box_h = 10, .ofs_x = 1, .ofs_y = 1},
    {.bitmap_index = 9120, .adv_w = 154, .box_w = 11, .box_h = 11, .ofs_x = -1, .ofs_y = -1},
    {.bitmap_index = 9176, .adv_w = 154, .box_w = 10, .box_h = 13, .ofs_x = 0, .ofs_y = 0},
    {.bitmap_index = 9235, .adv_w = 154, .box_w = 10, .box_h = 13, .ofs_x = 0, .ofs_y = 0},
    {.bitmap_index = 9296, .adv_w = 154, .box_w = 10, .box_h = 13, .ofs_x = 0, .ofs_y = 0},
    {.bitmap_index = 9360, .adv_w = 154, .box_w = 10, .box_h = 13, .ofs_x = 0, .ofs_y = 0},
    {.bitmap_index = 9424, .adv_w = 154, .box_w = 10, .box_h = 16, .ofs_x = 0, .ofs_y = -3},
    {.bitmap_index = 9498, .adv_w = 154, .box_w = 9, .box_h = 15, .ofs_x = 0, .ofs_y = -3},
    {.bitmap_index = 9560, .adv_w = 154, .box_w = 10, .box_h = 16, .ofs_x = 0, .ofs_y = -3},
    {.bitmap_index = 9638, .adv_w = 154, .box_w = 11, .box_h = 15, .ofs_x = -1, .ofs_y = 0},
    {.bitmap_index = 9706, .adv_w = 154, .box_w = 9, .box_h = 13, .ofs_x = 0, .ofs_y = 0},
    {.bitmap_index = 9760, .adv_w = 154, .box_w = 11, .box_h = 16, .ofs_x = -1, .ofs_y = 0},
    {.bitmap_index = 9834, .adv_w = 154, .box_w = 9, .box_h = 14, .ofs_x = 0, .ofs_y = 0},
    {.bitmap_index = 9896, .adv_w = 154, .box_w = 10, .box_h = 16, .ofs_x = -1, .ofs_y = -4},
    {.bitmap_index = 9967, .adv_w = 154, .box_w = 9, .box_h = 13, .ofs_x = 0, .ofs_y = -4},
    {.bitmap_index = 10025, .adv_w = 154, .box_w = 10, .box_h = 16, .ofs_x = 0, .ofs_y = 0},
    {.bitmap_index = 10092, .adv_w = 154, .box_w = 10, .box_h = 13, .ofs_x = 0, .ofs_y = 0},
    {.bitmap_index = 10151, .adv_w = 154, .box_w = 10, .box_h = 16, .ofs_x = 0, .ofs_y = 0},
    {.bitmap_index = 10222, .adv_w = 154, .box_w = 10, .box_h = 13, .ofs_x = 0, .ofs_y = 0},
    {.bitmap_index = 10284, .adv_w = 154, .box_w = 10, .box_h = 16, .ofs_x = 0, .ofs_y = 0},
    {.bitmap_index = 10350, .adv_w = 154, .box_w = 10, .box_h = 13, .ofs_x = 0, .ofs_y = 0},
    {.bitmap_index = 10408, .adv_w = 154, .box_w = 10, .box_h = 16, .ofs_x = 0, .ofs_y = 0},
    {.bitmap_index = 10478, .adv_w = 154, .box_w = 10, .box_h = 13, .ofs_x = 0, .ofs_y = 0},
    {.bitmap_index = 10539, .adv_w = 154, .box_w = 10, .box_h = 16, .ofs_x = 0, .ofs_y = 0},
    {.bitmap_index = 10617, .adv_w = 154, .box_w = 11, .box_h = 12, .ofs_x = 0, .ofs_y = 0},
    {.bitmap_index = 10676, .adv_w = 154, .box_w = 10, .box_h = 12, .ofs_x = 0, .ofs_y = 0},
    {.bitmap_index = 10737, .adv_w = 154, .box_w = 11, .box_h = 12, .ofs_x = 0, .ofs_y = 0},
    {.bitmap_index = 10796, .adv_w = 154, .box_w = 10, .box_h = 15, .ofs_x = 0, .ofs_y = 0},
    {.bitmap_index = 10856, .adv_w = 154, .box_w = 9, .box_h = 13, .ofs_x = 0, .ofs_y = 0},
    {.bitmap_index = 10909, .adv_w = 154, .box_w = 10, .box_h = 16, .ofs_x = 0, .ofs_y = 0},
    {.bitmap_index = 10978, .adv_w = 154, .box_w = 9, .box_h = 14, .ofs_x = 0, .ofs_y = 0},
    {.bitmap_index = 11039, .adv_w = 154, .box_w = 10, .box_h = 16, .ofs_x = 0, .ofs_y = 0},
    {.bitmap_index = 11101, .adv_w = 154, .box_w = 9, .box_h = 13, .ofs_x = 0, .ofs_y = 0},
    {.bitmap_index = 11155, .adv_w = 154, .box_w = 10, .box_h = 16, .ofs_x = 0, .ofs_y = -4},
    {.bitmap_index = 11220, .adv_w = 154, .box_w = 9, .box_h = 13, .ofs_x = 0, .ofs_y = -4},
    {.bitmap_index = 11276, .adv_w = 154, .box_w = 10, .box_h = 16, .ofs_x = 0, .ofs_y = 0},
    {.bitmap_index = 11343, .adv_w = 154, .box_w = 10, .box_h = 13, .ofs_x = 0, .ofs_y = 0},
    {.bitmap_index = 11405, .adv_w = 154, .box_w = 10, .box_h = 16, .ofs_x = 0, .ofs_y = 0},
    {.bitmap_index = 11481, .adv_w = 154, .box_w = 10, .box_h = 16, .ofs_x = 0, .ofs_y = -3},
    {.bitmap_index = 11558, .adv_w = 154, .box_w = 10, .box_h = 16, .ofs_x = 0, .ofs_y = 0},
    {.bitmap_index = 11635, .adv_w = 154, .box_w = 10, .box_h = 17, .ofs_x = 0, .ofs_y = -3},
    {.bitmap_index = 11715, .adv_w = 154, .box_w = 10, .box_h = 16, .ofs_x = 0, .ofs_y = 0},
    {.bitmap_index = 11788, .adv_w = 154, .box_w = 10, .box_h = 16, .ofs_x = 0, .ofs_y = -3},
    {.bitmap_index = 11861, .adv_w = 154, .box_w = 10, .box_h = 16, .ofs_x = 0, .ofs_y = -4},
    {.bitmap_index = 11936, .adv_w = 154, .box_w = 10, .box_h = 17, .ofs_x = 0, .ofs_y = -3},
    {.bitmap_index = 12013, .adv_w = 154, .box_w = 10, .box_h = 16, .ofs_x = 0, .ofs_y = 0},
    {.bitmap_index = 12091, .adv_w = 154, .box_w = 9, .box_h = 16, .ofs_x = 0, .ofs_y = 0},
    {.bitmap_index = 12158, .adv_w = 154, .box_w = 11, .box_h = 12, .ofs_x = 0, .ofs_y = 0},
    {.bitmap_index = 12224, .adv_w = 154, .box_w = 9, .box_h = 12, .ofs_x = 0, .ofs_y = 0},
    {.bitmap_index = 12278, .adv_w = 154, .box_w = 10, .box_h = 16, .ofs_x = 0, .ofs_y = 0},
    {.bitmap_index = 12343, .adv_w = 154, .box_w = 10, .box_h = 14, .ofs_x = 0, .ofs_y = 0},
    {.bitmap_index = 12398, .adv_w = 154, .box_w = 10, .box_h = 15, .ofs_x = 0, .ofs_y = 0},
    {.bitmap_index = 12457, .adv_w = 154, .box_w = 10, .box_h = 12, .ofs_x = 0, .ofs_y = 0},
    {.bitmap_index = 12503, .adv_w = 154, .box_w = 10, .box_h = 16, .ofs_x = 0, .ofs_y = 0},
    {.bitmap_index = 12570, .adv_w = 154, .box_w = 10, .box_h = 14, .ofs_x = 0, .ofs_y = 0},
    {.bitmap_index = 12626, .adv_w = 154, .box_w = 10, .box_h = 16, .ofs_x = 0, .ofs_y = -4},
    {.bitmap_index = 12690, .adv_w = 154, .box_w = 9, .box_h = 17, .ofs_x = 0, .ofs_y = -4},
    {.bitmap_index = 12751, .adv_w = 154, .box_w = 10, .box_h = 16, .ofs_x = 0, .ofs_y = 0},
    {.bitmap_index = 12811, .adv_w = 154, .box_w = 9, .box_h = 9, .ofs_x = 0, .ofs_y = 0},
    {.bitmap_index = 12845, .adv_w = 183, .box_w = 13, .box_h = 16, .ofs_x = -1, .ofs_y = -4},
    {.bitmap_index = 12941, .adv_w = 153, .box_w = 10, .box_h = 16, .ofs_x = 0, .ofs_y = -4},
    {.bitmap_index = 13022, .adv_w = 154, .box_w = 12, .box_h = 16, .ofs_x = 0, .ofs_y = 0},
    {.bitmap_index = 13091, .adv_w = 154, .box_w = 11, .box_h = 16, .ofs_x = 0, .ofs_y = -3},
    {.bitmap_index = 13155, .adv_w = 154, .box_w = 11, .box_h = 16, .ofs_x = 0, .ofs_y = -4},
    {.bitmap_index = 13235, .adv_w = 154, .box_w = 10, .box_h = 16, .ofs_x = 0, .ofs_y = -4},
    {.bitmap_index = 13306, .adv_w = 154, .box_w = 10, .box_h = 9, .ofs_x = 0, .ofs_y = 0},
    {.bitmap_index = 13351, .adv_w = 154, .box_w = 8, .box_h = 16, .ofs_x = 1, .ofs_y = 0},
    {.bitmap_index = 13401, .adv_w = 154, .box_w = 8, .box_h = 16, .ofs_x = 1, .ofs_y = 0},
    {.bitmap_index = 13455, .adv_w = 154, .box_w = 8, .box_h = 16, .ofs_x = 1, .ofs_y = -4},
    {.bitmap_index = 13505, .adv_w = 154, .box_w = 8, .box_h = 16, .ofs_x = 1, .ofs_y = -4},
    {.bitmap_index = 13560, .adv_w = 154, .box_w = 8, .box_h = 12, .ofs_x = 1, .ofs_y = 0},
    {.bitmap_index = 13602, .adv_w = 154, .box_w = 9, .box_h = 12, .ofs_x = 1, .ofs_y = 0},
    {.bitmap_index = 13648, .adv_w = 154, .box_w = 8, .box_h = 12, .ofs_x = 1, .ofs_y = 0},
    {.bitmap_index = 13689, .adv_w = 154, .box_w = 11, .box_h = 12, .ofs_x = 0, .ofs_y = 0},
    {.bitmap_index = 13743, .adv_w = 154, .box_w = 9, .box_h = 12, .ofs_x = 0, .ofs_y = 0},
    {.bitmap_index = 13789, .adv_w = 154, .box_w = 8, .box_h = 12, .ofs_x = 1, .ofs_y = 0},
    {.bitmap_index = 13834, .adv_w = 154, .box_w = 10, .box_h = 16, .ofs_x = 0, .ofs_y = 0},
    {.bitmap_index = 13909, .adv_w = 154, .box_w = 9, .box_h = 13, .ofs_x = 0, .ofs_y = 0},
    {.bitmap_index = 13963, .adv_w = 154, .box_w = 10, .box_h = 16, .ofs_x = 0, .ofs_y = -4},
    {.bitmap_index = 14041, .adv_w = 154, .box_w = 9, .box_h = 13, .ofs_x = 0, .ofs_y = -4},
    {.bitmap_index = 14096, .adv_w = 154, .box_w = 10, .box_h = 16, .ofs_x = 0, .ofs_y = 0},
    {.bitmap_index = 14175, .adv_w = 154, .box_w = 10, .box_h = 13, .ofs_x = 0, .ofs_y = 0},
    {.bitmap_index = 14237, .adv_w = 154, .box_w = 9, .box_h = 13, .ofs_x = 0, .ofs_y = 0},
    {.bitmap_index = 14291, .adv_w = 154, .box_w = 10, .box_h = 15, .ofs_x = 0, .ofs_y = -3},
    {.bitmap_index = 14367, .adv_w = 154, .box_w = 9, .box_h = 12, .ofs_x = 0, .ofs_y = -3},
    {.bitmap_index = 14420, .adv_w = 154, .box_w = 10, .box_h = 15, .ofs_x = 0, .ofs_y = 0},
    {.bitmap_index = 14492, .adv_w = 154, .box_w = 9, .box_h = 13, .ofs_x = 0, .ofs_y = 0},
    {.bitmap_index = 14545, .adv_w = 154, .box_w = 10, .box_h = 16, .ofs_x = 0, .ofs_y = 0},
    {.bitmap_index = 14623, .adv_w = 154, .box_w = 9, .box_h = 14, .ofs_x = 0, .ofs_y = 0},
    {.bitmap_index = 14684, .adv_w = 154, .box_w = 11, .box_h = 16, .ofs_x = 0, .ofs_y = 0},
    {.bitmap_index = 14766, .adv_w = 154, .box_w = 11, .box_h = 13, .ofs_x = 0, .ofs_y = 0},
    {.bitmap_index = 14831, .adv_w = 154, .box_w = 11, .box_h = 12, .ofs_x = 0, .ofs_y = 0},
    {.bitmap_index = 14895, .adv_w = 154, .box_w = 10, .box_h = 9, .ofs_x = 0, .ofs_y = 0},
    {.bitmap_index = 14941, .adv_w = 154, .box_w = 10, .box_h = 16, .ofs_x = 0, .ofs_y = 0},
    {.bitmap_index = 15015, .adv_w = 154, .box_w = 10, .box_h = 13, .ofs_x = 0, .ofs_y = 0},
    {.bitmap_index = 15067, .adv_w = 154, .box_w = 10, .box_h = 16, .ofs_x = 0, .ofs_y = -4},
    {.bitmap_index = 15144, .adv_w = 154, .box_w = 11, .box_h = 13, .ofs_x = -1, .ofs_y = -4},
    {.bitmap_index = 15198, .adv_w = 154, .box_w = 10, .box_h = 16, .ofs_x = 0, .ofs_y = 0},
    {.bitmap_index = 15276, .adv_w = 154, .box_w = 10, .box_h = 13, .ofs_x = 0, .ofs_y = 0},
    {.bitmap_index = 15332, .adv_w = 154, .box_w = 10, .box_h = 16, .ofs_x = 0, .ofs_y = 0},
    {.bitmap_index = 15405, .adv_w = 154, .box_w = 9, .box_h = 13, .ofs_x = 0, .ofs_y = 0},
    {.bitmap_index = 15460, .adv_w = 154, .box_w = 10, .box_h = 16, .ofs_x = 0, .ofs_y = 0},
    {.bitmap_index = 15536, .adv_w = 154, .box_w = 9, .box_h = 13, .ofs_x = 0, .ofs_y = 0},
    {.bitmap_index = 15595, .adv_w = 154, .box_w = 10, .box_h = 16, .ofs_x = 0, .ofs_y = -4},
    {.bitmap_index = 15670, .adv_w = 154, .box_w = 9, .box_h = 13, .ofs_x = 0, .ofs_y = -4},
    {.bitmap_index = 15727, .adv_w = 154, .box_w = 10, .box_h = 16, .ofs_x = 0, .ofs_y = 0},
    {.bitmap_index = 15803, .adv_w = 154, .box_w = 10, .box_h = 13, .ofs_x = 0, .ofs_y = 0},
    {.bitmap_index = 15864, .adv_w = 154, .box_w = 10, .box_h = 16, .ofs_x = 1, .ofs_y = -4},
    {.bitmap_index = 15923, .adv_w = 154, .box_w = 10, .box_h = 16, .ofs_x = 0, .ofs_y = -4},
    {.bitmap_index = 15986, .adv_w = 154, .box_w = 10, .box_h = 16, .ofs_x = 1, .ofs_y = 0},
    {.bitmap_index = 16048, .adv_w = 154, .box_w = 10, .box_h = 13, .ofs_x = 0, .ofs_y = 0},
    {.bitmap_index = 16103, .adv_w = 154, .box_w = 10, .box_h = 12, .ofs_x = 1, .ofs_y = 0},
    {.bitmap_index = 16152, .adv_w = 154, .box_w = 10, .box_h = 12, .ofs_x = 0, .ofs_y = 0},
    {.bitmap_index = 16204, .adv_w = 154, .box_w = 10, .box_h = 16, .ofs_x = 0, .ofs_y = 0},
    {.bitmap_index = 16281, .adv_w = 154, .box_w = 10, .box_h = 14, .ofs_x = 0, .ofs_y = 0},
    {.bitmap_index = 16347, .adv_w = 154, .box_w = 10, .box_h = 15, .ofs_x = 0, .ofs_y = 0},
    {.bitmap_index = 16419, .adv_w = 154, .box_w = 10, .box_h = 13, .ofs_x = 0, .ofs_y = 0},
    {.bitmap_index = 16479, .adv_w = 154, .box_w = 10, .box_h = 16, .ofs_x = 0, .ofs_y = 0},
    {.bitmap_index = 16557, .adv_w = 154, .box_w = 10, .box_h = 14, .ofs_x = 0, .ofs_y = 0},
    {.bitmap_index = 16624, .adv_w = 154, .box_w = 10, .box_h = 16, .ofs_x = 0, .ofs_y = 0},
    {.bitmap_index = 16701, .adv_w = 154, .box_w = 10, .box_h = 14, .ofs_x = 0, .ofs_y = 0},
    {.bitmap_index = 16766, .adv_w = 154, .box_w = 11, .box_h = 16, .ofs_x = 0, .ofs_y = 0},
    {.bitmap_index = 16849, .adv_w = 154, .box_w = 11, .box_h = 13, .ofs_x = 0, .ofs_y = 0},
    {.bitmap_index = 16915, .adv_w = 154, .box_w = 10, .box_h = 16, .ofs_x = 0, .ofs_y = -4},
    {.bitmap_index = 16992, .adv_w = 154, .box_w = 10, .box_h = 13, .ofs_x = 0, .ofs_y = -4},
    {.bitmap_index = 17054, .adv_w = 154, .box_w = 11, .box_h = 16, .ofs_x = 0, .ofs_y = 0},
    {.bitmap_index = 17137, .adv_w = 154, .box_w = 11, .box_h = 13, .ofs_x = 0, .ofs_y = 0},
    {.bitmap_index = 17199, .adv_w = 154, .box_w = 10, .box_h = 16, .ofs_x = 1, .ofs_y = 0},
    {.bitmap_index = 17266, .adv_w = 154, .box_w = 10, .box_h = 16, .ofs_x = 0, .ofs_y = -3},
    {.bitmap_index = 17343, .adv_w = 154, .box_w = 10, .box_h = 16, .ofs_x = 1, .ofs_y = 0},
    {.bitmap_index = 17412, .adv_w = 154, .box_w = 10, .box_h = 16, .ofs_x = 0, .ofs_y = 0},
    {.bitmap_index = 17475, .adv_w = 154, .box_w = 9, .box_h = 13, .ofs_x = 0, .ofs_y = 0},
    {.bitmap_index = 17526, .adv_w = 154, .box_w = 10, .box_h = 16, .ofs_x = 0, .ofs_y = 0},
    {.bitmap_index = 17589, .adv_w = 154, .box_w = 9, .box_h = 13, .ofs_x = 0, .ofs_y = 0},
    {.bitmap_index = 17639, .adv_w = 154, .box_w = 10, .box_h = 16, .ofs_x = 0, .ofs_y = 0},
    {.bitmap_index = 17706, .adv_w = 154, .box_w = 10, .box_h = 13, .ofs_x = 0, .ofs_y = 0},
    {.bitmap_index = 17763, .adv_w = 154, .box_w = 12, .box_h = 15, .ofs_x = -1, .ofs_y = -3},
    {.bitmap_index = 17822, .adv_w = 141, .box_w = 0, .box_h = 0, .ofs_x = 0, .ofs_y = 0},
    {.bitmap_index = 17822, .adv_w = 73, .box_w = 0, .box_h = 0, .ofs_x = 0, .ofs_y = 0},
    {.bitmap_index = 17822, .adv_w = 42, .box_w = 0, .box_h = 0, .ofs_x = 0, .ofs_y = 0},
    {.bitmap_index = 17822, .adv_w = 26, .box_w = 0, .box_h = 0, .ofs_x = 0, .ofs_y = 0},
    {.bitmap_index = 17822, .adv_w = 154, .box_w = 0, .box_h = 0, .ofs_x = 0, .ofs_y = 0},
    {.bitmap_index = 17822, .adv_w = 154, .box_w = 6, .box_h = 2, .ofs_x = 2, .ofs_y = 4},
    {.bitmap_index = 17827, .adv_w = 141, .box_w = 9, .box_h = 2, .ofs_x = 0, .ofs_y = 5},
    {.bitmap_index = 17833, .adv_w = 154, .box_w = 8, .box_h = 2, .ofs_x = 1, .ofs_y = 4},
    {.bitmap_index = 17839, .adv_w = 154, .box_w = 10, .box_h = 2, .ofs_x = 0, .ofs_y = 4},
    {.bitmap_index = 17845, .adv_w = 246, .box_w = 16, .box_h = 2, .ofs_x = 0, .ofs_y = 3},
    {.bitmap_index = 17855, .adv_w = 154, .box_w = 5, .box_h = 5, .ofs_x = 3, .ofs_y = 7},
    {.bitmap_index = 17868, .adv_w = 154, .box_w = 5, .box_h = 5, .ofs_x = 3, .ofs_y = 7},
    {.bitmap_index = 17881, .adv_w = 154, .box_w = 4, .box_h = 5, .ofs_x = 2, .ofs_y = -3},
    {.bitmap_index = 17892, .adv_w = 154, .box_w = 9, .box_h = 5, .ofs_x = 1, .ofs_y = 7},
    {.bitmap_index = 17915, .adv_w = 154, .box_w = 8, .box_h = 5, .ofs_x = 0, .ofs_y = 7},
    {.bitmap_index = 17935, .adv_w = 154, .box_w = 8, .box_h = 5, .ofs_x = 0, .ofs_y = -3},
    {.bitmap_index = 17955, .adv_w = 154, .box_w = 9, .box_h = 16, .ofs_x = 1, .ofs_y = -2},
    {.bitmap_index = 18010, .adv_w = 154, .box_w = 10, .box_h = 16, .ofs_x = 0, .ofs_y = -2},
    {.bitmap_index = 18074, .adv_w = 154, .box_w = 6, .box_h = 5, .ofs_x = 2, .ofs_y = 4},
    {.bitmap_index = 18089, .adv_w = 154, .box_w = 9, .box_h = 3, .ofs_x = 0, .ofs_y = 0},
    {.bitmap_index = 18103, .adv_w = 154, .box_w = 12, .box_h = 12, .ofs_x = -2, .ofs_y = 0},
    {.bitmap_index = 18170, .adv_w = 154, .box_w = 5, .box_h = 5, .ofs_x = 1, .ofs_y = 7},
    {.bitmap_index = 18183, .adv_w = 154, .box_w = 8, .box_h = 5, .ofs_x = 0, .ofs_y = 7},
    {.bitmap_index = 18204, .adv_w = 154, .box_w = 6, .box_h = 8, .ofs_x = 2, .ofs_y = 1},
    {.bitmap_index = 18228, .adv_w = 154, .box_w = 7, .box_h = 8, .ofs_x = 1, .ofs_y = 1},
    {.bitmap_index = 18253, .adv_w = 154, .box_w = 10, .box_h = 12, .ofs_x = 0, .ofs_y = 0},
    {.bitmap_index = 18294, .adv_w = 108, .box_w = 7, .box_h = 12, .ofs_x = 0, .ofs_y = 0},
    {.bitmap_index = 18334, .adv_w = 141, .box_w = 11, .box_h = 14, .ofs_x = 0, .ofs_y = -2},
    {.bitmap_index = 18405, .adv_w = 141, .box_w = 10, .box_h = 12, .ofs_x = 0, .ofs_y = 0},
    {.bitmap_index = 18456, .adv_w = 141, .box_w = 11, .box_h = 12, .ofs_x = -1, .ofs_y = 0},
    {.bitmap_index = 18516, .adv_w = 149, .box_w = 10, .box_h = 12, .ofs_x = 0, .ofs_y = 0},
    {.bitmap_index = 18577, .adv_w = 219, .box_w = 14, .box_h = 12, .ofs_x = 0, .ofs_y = 0},
    {.bitmap_index = 18653, .adv_w = 186, .box_w = 13, .box_h = 12, .ofs_x = 0, .ofs_y = 0},
    {.bitmap_index = 18730, .adv_w = 154, .box_w = 11, .box_h = 14, .ofs_x = 0, .ofs_y = -2},
    {.bitmap_index = 18798, .adv_w = 154, .box_w = 10, .box_h = 12, .ofs_x = 0, .ofs_y = 0},
    {.bitmap_index = 18857, .adv_w = 146, .box_w = 11, .box_h = 12, .ofs_x = 0, .ofs_y = 0},
    {.bitmap_index = 18925, .adv_w = 154, .box_w = 11, .box_h = 12, .ofs_x = 0, .ofs_y = 0},
    {.bitmap_index = 18983, .adv_w = 146, .box_w = 10, .box_h = 12, .ofs_x = 0, .ofs_y = 0},
    {.bitmap_index = 19039, .adv_w = 177, .box_w = 11, .box_h = 13, .ofs_x = 0, .ofs_y = -1},
    {.bitmap_index = 19110, .adv_w = 154, .box_w = 10, .box_h = 12, .ofs_x = 0, .ofs_y = 0},
    {.bitmap_index = 19162, .adv_w = 157, .box_w = 11, .box_h = 13, .ofs_x = 0, .ofs_y = -1},
    {.bitmap_index = 19227, .adv_w = 135, .box_w = 10, .box_h = 12, .ofs_x = 0, .ofs_y = 0},
    {.bitmap_index = 19270, .adv_w = 141, .box_w = 9, .box_h = 12, .ofs_x = 1, .ofs_y = 0},
    {.bitmap_index = 19319, .adv_w = 141, .box_w = 9, .box_h = 12, .ofs_x = 0, .ofs_y = 0},
    {.bitmap_index = 19373, .adv_w = 209, .box_w = 14, .box_h = 12, .ofs_x = -1, .ofs_y = 0},
    {.bitmap_index = 19442, .adv_w = 154, .box_w = 11, .box_h = 12, .ofs_x = -1, .ofs_y = 0},
    {.bitmap_index = 19503, .adv_w = 154, .box_w = 10, .box_h = 10, .ofs_x = 0, .ofs_y = 0},
    {.bitmap_index = 19542, .adv_w = 154, .box_w = 10, .box_h = 12, .ofs_x = 0, .ofs_y = 0},
    {.bitmap_index = 19576, .adv_w = 154, .box_w = 10, .box_h = 10, .ofs_x = 0, .ofs_y = 0},
    {.bitmap_index = 19616, .adv_w = 154, .box_w = 10, .box_h = 13, .ofs_x = 0, .ofs_y = -1},
    {.bitmap_index = 19657, .adv_w = 154, .box_w = 14, .box_h = 10, .ofs_x = -2, .ofs_y = 0},
    {.bitmap_index = 19719, .adv_w = 154, .box_w = 10, .box_h = 18, .ofs_x = 0, .ofs_y = -3},
    {.bitmap_index = 19787, .adv_w = 154, .box_w = 9, .box_h = 9, .ofs_x = 1, .ofs_y = 3},
    {.bitmap_index = 19822, .adv_w = 154, .box_w = 9, .box_h = 9, .ofs_x = 0, .ofs_y = 3},
    {.bitmap_index = 19858, .adv_w = 154, .box_w = 9, .box_h = 9, .ofs_x = 0, .ofs_y = 0},
    {.bitmap_index = 19893, .adv_w = 154, .box_w = 10, .box_h = 9, .ofs_x = 0, .ofs_y = 0},
    {.bitmap_index = 19929, .adv_w = 154, .box_w = 11, .box_h = 2, .ofs_x = -1, .ofs_y = 5},
    {.bitmap_index = 19935, .adv_w = 154, .box_w = 11, .box_h = 6, .ofs_x = -1, .ofs_y = 3},
    {.bitmap_index = 19952, .adv_w = 154, .box_w = 6, .box_h = 25, .ofs_x = 2, .ofs_y = -7},
    {.bitmap_index = 19965, .adv_w = 154, .box_w = 8, .box_h = 16, .ofs_x = 2, .ofs_y = -7},
    {.bitmap_index = 19993, .adv_w = 154, .box_w = 9, .box_h = 16, .ofs_x = -1, .ofs_y = -7},
    {.bitmap_index = 20022, .adv_w = 154, .box_w = 8, .box_h = 16, .ofs_x = 2, .ofs_y = 3},
    {.bitmap_index = 20049, .adv_w = 154, .box_w = 9, .box_h = 16, .ofs_x = -1, .ofs_y = 3},
    {.bitmap_index = 20080, .adv_w = 154, .box_w = 10, .box_h = 22, .ofs_x = 0, .ofs_y = -5},
    {.bitmap_index = 20095, .adv_w = 154, .box_w = 10, .box_h = 4, .ofs_x = 0, .ofs_y = 13},
    {.bitmap_index = 20105, .adv_w = 154, .box_w = 10, .box_h = 11, .ofs_x = 0, .ofs_y = 0}
};

/*---------------------
 *  CHARACTER MAPPING
 *--------------------*/

static const uint16_t unicode_list_2[] = {
    0x0, 0x1, 0x2, 0x3, 0x4, 0x9, 0xb, 0xc,
    0xd, 0xe, 0x11, 0x12, 0x13, 0x15, 0x16, 0x17,
    0x19, 0x1a, 0x1b, 0x1f, 0x29, 0x2b, 0x2c, 0x32,
    0x33, 0x3d, 0x4b, 0x9a, 0x9c, 0x9d, 0x9f, 0xa0,
    0xa2, 0xa4, 0xa5, 0xa6, 0xa7, 0xaa, 0xab, 0xad,
    0xae, 0xb1, 0xb2, 0xb3, 0xb5, 0xb6, 0x189, 0x18a,
    0x18b, 0x18c, 0x18d, 0x18e, 0x18f, 0x190, 0x191, 0x192,
    0x4f9, 0x549, 0x54a, 0x54d, 0x550, 0x553, 0x556, 0x581,
    0x58d, 0x599
};

/*Collect the unicode lists and glyph_id offsets*/
static const lv_font_fmt_txt_cmap_t cmaps[] =
{
    {
        .range_start = 32, .range_length = 95, .glyph_id_start = 1,
        .unicode_list = NULL, .glyph_id_ofs_list = NULL, .list_length = 0, .type = LV_FONT_FMT_TXT_CMAP_FORMAT0_TINY
    },
    {
        .range_start = 160, .range_length = 224, .glyph_id_start = 96,
        .unicode_list = NULL, .glyph_id_ofs_list = NULL, .list_length = 0, .type = LV_FONT_FMT_TXT_CMAP_FORMAT0_TINY
    },
    {
        .range_start = 8199, .range_length = 1434, .glyph_id_start = 320,
        .unicode_list = unicode_list_2, .glyph_id_ofs_list = NULL, .list_length = 66, .type = LV_FONT_FMT_TXT_CMAP_SPARSE_TINY
    }
};



/*--------------------
 *  ALL CUSTOM DATA
 *--------------------*/

#if LVGL_VERSION_MAJOR == 8
/*Store all the custom data of the font*/
static  lv_font_fmt_txt_glyph_cache_t cache;
#endif

#if LVGL_VERSION_MAJOR >= 8
static const lv_font_fmt_txt_dsc_t font_dsc = {
#else
static lv_font_fmt_txt_dsc_t font_dsc = {
#endif
    .glyph_bitmap = glyph_bitmap,
    .glyph_dsc = glyph_dsc,
    .cmaps = cmaps,
    .kern_dsc = NULL,
    .kern_scale = 0,
    .cmap_num = 3,
    .bpp = 4,
    .kern_classes = 0,
    .bitmap_format = 1,
#if LVGL_VERSION_MAJOR == 8
    .cache = &cache
#endif
};



/*-----------------
 *  PUBLIC FONT
 *----------------*/

/* Preserve original UTF-8 while mapping unsupported codepoints to ASCII
 * question mark instead of LVGL's missing-glyph rectangle. */
static bool nomadnet_font_16_bold_italic_get_glyph_dsc(const lv_font_t * font,
        lv_font_glyph_dsc_t * dsc, uint32_t letter, uint32_t letter_next)
{
    if(nomadnet_font_has_codepoint(letter) &&
       lv_font_get_glyph_dsc_fmt_txt(font, dsc, letter, letter_next)) return true;
    return lv_font_get_glyph_dsc_fmt_txt(font, dsc, '?', 0);
}

static const uint8_t * nomadnet_font_16_bold_italic_get_glyph_bitmap(
        const lv_font_t * font, uint32_t letter)
{
    lv_font_glyph_dsc_t dsc;
    if(!nomadnet_font_has_codepoint(letter) ||
       !lv_font_get_glyph_dsc_fmt_txt(font, &dsc, letter, 0)) letter = '?';
    return lv_font_get_bitmap_fmt_txt(font, letter);
}

/*Initialize a public general font descriptor*/
#if LVGL_VERSION_MAJOR >= 8
const lv_font_t nomadnet_font_16_bold_italic = {
#else
lv_font_t nomadnet_font_16_bold_italic = {
#endif
    .get_glyph_dsc = nomadnet_font_16_bold_italic_get_glyph_dsc,
    .get_glyph_bitmap = nomadnet_font_16_bold_italic_get_glyph_bitmap,
    .line_height = 26,          /*The maximum line height required by the font*/
    .base_line = 7,             /*Baseline measured from the bottom of the line*/
#if !(LVGL_VERSION_MAJOR == 6 && LVGL_VERSION_MINOR == 0)
    .subpx = LV_FONT_SUBPX_NONE,
#endif
#if LV_VERSION_CHECK(7, 4, 0) || LVGL_VERSION_MAJOR >= 8
    .underline_position = -2,
    .underline_thickness = 1,
#endif
    .dsc = &font_dsc,          /*The custom font data. Will be accessed by `get_glyph_bitmap/dsc` */
#if LV_VERSION_CHECK(8, 2, 0) || LVGL_VERSION_MAJOR >= 9
    .fallback = NULL,
#endif
    .user_data = NULL,
};



#endif /*#if NOMADNET_FONT_16_BOLD_ITALIC*/
