/*******************************************************************************
 * Bounded NomadNet font, 16 px, 4 bpp.
 * Primary source: JetBrains Mono NL Bold, Version 2.304.
 * Missing-codepoint donor: Noto Sans Bold, Version 2.015
 * (23 glyphs only). Both use SIL OFL 1.1; see
 * LICENSE-JetBrains-Mono-OFL-1.1.txt and LICENSE-Noto-Sans-OFL-1.1.txt.
 * Generated with lv_font_conv 1.5.3; kerning omitted, RLE compressed.
 * Exact coverage is defined by NomadNetFontCoverage.h.
 ******************************************************************************/

#ifdef LV_LVGL_H_INCLUDE_SIMPLE
#include "lvgl.h"
#else
#include "lvgl.h"
#endif
#include "NomadNetFontCoverage.h"

#if !LV_USE_FONT_COMPRESSED
#error "NomadNet fonts require LV_USE_FONT_COMPRESSED=1"
#endif

#ifndef NOMADNET_FONT_16_BOLD
#define NOMADNET_FONT_16_BOLD 1
#endif

#if NOMADNET_FONT_16_BOLD

/*-----------------
 *    BITMAPS
 *----------------*/

/*Store the image of the glyphs*/
static LV_ATTRIBUTE_LARGE_CONST const uint8_t glyph_bitmap[] = {
    /* U+0020 " " */

    /* U+0021 "!" */
    0x4f, 0xd0, 0x70, 0xf, 0xe1, 0x1, 0x0, 0xe7,
    0x3, 0x0, 0xe1, 0x1, 0xea, 0x0, 0xe6, 0xee,
    0x1, 0x81, 0x80,

    /* U+0022 "\"" */
    0x2f, 0xf0, 0x37, 0xd9, 0x80, 0x46, 0x1, 0x84,
    0x3, 0x8, 0x4, 0x20, 0x20, 0x4a, 0xe, 0x44,

    /* U+0023 "#" */
    0x0, 0xb6, 0x40, 0xbd, 0x0, 0x31, 0x78, 0x38,
    0x28, 0x4, 0x40, 0xa0, 0x42, 0x20, 0x7, 0x68,
    0x67, 0xc0, 0xf8, 0x2, 0xd0, 0x66, 0x42, 0x92,
    0x0, 0x51, 0x56, 0x60, 0xeb, 0x0, 0x4c, 0x40,
    0x20, 0x40, 0x10, 0x98, 0x89, 0x41, 0xc0, 0xf,
    0xc0, 0xfd, 0x61, 0x8e, 0xd, 0x1, 0x56, 0x85,
    0x6a, 0x2, 0x2, 0xa8, 0xe8, 0x82, 0x0, 0x6a,
    0x80, 0xf, 0xc0, 0x20,

    /* U+0024 "$" */
    0x0, 0xc4, 0x20, 0x1f, 0x4a, 0x80, 0x7e, 0x10,
    0xe, 0x7e, 0x4a, 0xd3, 0x0, 0x34, 0x0, 0x91,
    0x30, 0x43, 0x42, 0x96, 0x54, 0x1c, 0x1c, 0x3,
    0x57, 0x30, 0x20, 0x53, 0x8, 0x8, 0x2, 0x48,
    0x4a, 0xa8, 0x40, 0x1, 0xd9, 0x10, 0x5c, 0x10,
    0x9, 0x96, 0x4c, 0x64, 0x19, 0x80, 0x2, 0x90,
    0x20, 0x89, 0x40, 0x7, 0x81, 0x4, 0x5, 0xa5,
    0xa8, 0xc8, 0x35, 0x20, 0x13, 0x78, 0x80, 0x16,
    0xd2, 0x64, 0x20, 0x1f, 0xe0,

    /* U+0025 "%" */
    0x3d, 0xfb, 0x10, 0x1, 0xfa, 0x78, 0x52, 0xc0,
    0x3, 0x99, 0x9, 0x54, 0x84, 0x10, 0x12, 0x6,
    0x61, 0x71, 0x37, 0xe0, 0x4, 0x27, 0x1f, 0x71,
    0xcc, 0x0, 0xbf, 0xbd, 0xa1, 0x0, 0x1c, 0x48,
    0xdc, 0x1, 0xf5, 0x42, 0xf7, 0xd0, 0x5, 0x44,
    0xd2, 0xf4, 0xac, 0x8, 0xbc, 0x61, 0xaa, 0x23,
    0x54, 0x11, 0x3, 0x14, 0x45, 0x64, 0xe0, 0x9,
    0x6a, 0x56,

    /* U+0026 "&" */
    0x0, 0x2e, 0xfe, 0xa0, 0x6, 0x2a, 0x25, 0x2b,
    0x30, 0x9, 0x2, 0x2a, 0x81, 0x60, 0x12, 0x86,
    0x2, 0xec, 0x80, 0x46, 0xa8, 0xc0, 0x42, 0x1,
    0x4a, 0x84, 0x98, 0x6, 0x66, 0x14, 0x7, 0xb,
    0xfc, 0xe0, 0x73, 0xc9, 0x6c, 0x1c, 0x88, 0x8,
    0x32, 0x18, 0xe8, 0x8, 0x38, 0xb, 0x0, 0x90,
    0x70, 0x55, 0xf9, 0x30, 0x70, 0x25, 0x12, 0x1c,
    0xca, 0xa, 0x40,

    /* U+0027 "'" */
    0x4f, 0xd7, 0x0, 0xc2, 0x20, 0x1, 0x92, 0x80,

    /* U+0028 "(" */
    0x0, 0xc2, 0x80, 0x14, 0xf4, 0x0, 0x31, 0x82,
    0xc2, 0xc, 0x75, 0xc1, 0x82, 0x88, 0xc, 0x49,
    0x0, 0xe, 0xc, 0x1, 0x8, 0x7, 0xff, 0x14,
    0x41, 0xc0, 0x25, 0x3, 0x10, 0x0, 0xa0, 0x58,
    0x5, 0x20, 0xb4, 0x40, 0x56, 0x2b, 0xc0, 0x4,
    0xf7, 0x60,

    /* U+0029 ")" */
    0x14, 0x0, 0xc7, 0x7c, 0x80, 0x3, 0x30, 0xdb,
    0x0, 0xe4, 0x84, 0x90, 0x1, 0x94, 0x28, 0x2,
    0xe0, 0x40, 0x9, 0x80, 0x80, 0x23, 0x0, 0xff,
    0xe2, 0x90, 0x18, 0x4, 0x80, 0xe0, 0x1, 0x90,
    0xf0, 0x5f, 0x14, 0x52, 0xa1, 0x4b, 0x0, 0x25,
    0x58, 0x0,

    /* U+002A "*" */
    0x0, 0xdf, 0x20, 0x1f, 0xfc, 0x21, 0xb5, 0x0,
    0x8, 0x9e, 0x1, 0x52, 0xb4, 0x57, 0xa1, 0x41,
    0x3a, 0x58, 0x49, 0xef, 0x40, 0x2, 0xea, 0x40,
    0x28, 0x1, 0xa8, 0x79, 0x59, 0x40, 0x22, 0x47,
    0x3b, 0x1e, 0x0, 0x8b, 0x60, 0x7, 0x2c, 0x0,

    /* U+002B "+" */
    0x0, 0x8f, 0xf0, 0x3, 0xff, 0x92, 0x3f, 0xec,
    0x3, 0xff, 0x50, 0x91, 0x4, 0x0, 0x44, 0x30,
    0xdd, 0x80, 0xf7, 0x52, 0x1, 0xff, 0xc0, 0x25,
    0x40, 0x8,

    /* U+002C "," */
    0x2e, 0xe0, 0x38, 0x98, 0x68, 0x20, 0x18, 0x60,
    0x30, 0x20, 0x0,

    /* U+002D "-" */
    0xad, 0xdc, 0x8c, 0x45, 0x84,

    /* U+002E "." */
    0x4e, 0xc0, 0xe1, 0x33, 0x70, 0x99, 0x80,

    /* U+002F "/" */
    0x0, 0xf5, 0x7b, 0x80, 0x79, 0x41, 0x80, 0x39,
    0x81, 0x4, 0x3, 0xb4, 0x38, 0x3, 0x89, 0x5,
    0x40, 0x39, 0x41, 0xc0, 0x3d, 0x41, 0x40, 0x1c,
    0x64, 0x43, 0x0, 0xea, 0xa, 0x0, 0xf3, 0x3,
    0x0, 0x72, 0x82, 0x8, 0x7, 0x70, 0x70, 0x7,
    0xa, 0x2, 0x80, 0x73, 0x3, 0x0, 0x7a, 0x82,
    0x80, 0x38,

    /* U+0030 "0" */
    0x5, 0xcf, 0xea, 0x10, 0x4a, 0x33, 0x2, 0xe0,
    0x40, 0x5e, 0x72, 0x12, 0x90, 0x20, 0x3, 0x43,
    0x40, 0x3f, 0xc3, 0xd2, 0x1, 0xf1, 0x80, 0x70,
    0xf5, 0x0, 0x7f, 0xc4, 0xa, 0x0, 0xd0, 0xd9,
    0xa, 0xce, 0x42, 0x55, 0x51, 0x98, 0x17, 0x0,

    /* U+0031 "1" */
    0x0, 0x4f, 0xf9, 0x80, 0x5, 0xac, 0x1, 0xd0,
    0x4a, 0xa0, 0xe, 0x9a, 0x30, 0xd, 0x6c, 0x1,
    0xe1, 0x0, 0xff, 0xed, 0xc6, 0xe9, 0xc2, 0x36,
    0x88, 0xa1, 0x1, 0x27,

    /* U+0032 "2" */
    0x4, 0xcf, 0xe9, 0x10, 0x4b, 0x32, 0x16, 0xc0,
    0x80, 0x9d, 0xe1, 0x24, 0x65, 0x60, 0x17, 0x3,
    0xaa, 0x0, 0x4a, 0x6, 0x1, 0x94, 0xc5, 0x0,
    0x24, 0xa0, 0xa0, 0x9, 0x2c, 0x29, 0x0, 0x7,
    0x61, 0x4a, 0x0, 0x3c, 0x9, 0x50, 0xb, 0xc0,
    0x17, 0xbb, 0x38, 0x80, 0x8, 0xb7, 0x0,

    /* U+0033 "3" */
    0xa, 0xff, 0xf0, 0x86, 0x99, 0xe0, 0xc, 0xf9,
    0x90, 0x2, 0x84, 0x2, 0x1c, 0x3b, 0x50, 0xd,
    0x46, 0x42, 0x1, 0xce, 0x5, 0x52, 0x1, 0xb3,
    0xf0, 0x58, 0xc0, 0x38, 0xdc, 0x14, 0x19, 0x80,
    0x1c, 0x21, 0x12, 0x80, 0x4, 0x2, 0x9, 0xb,
    0xce, 0x22, 0x28, 0x3c, 0x91, 0x83, 0x60, 0x0,

    /* U+0034 "4" */
    0x0, 0xc3, 0xfe, 0x20, 0xe, 0xa0, 0x72, 0x0,
    0xca, 0x85, 0x0, 0x1d, 0x61, 0x20, 0x1d, 0x22,
    0xa8, 0x1, 0x8d, 0x86, 0xc2, 0xb0, 0x43, 0x82,
    0x4, 0x10, 0xcc, 0x24, 0x2c, 0x1, 0xf0, 0xff,
    0xc2, 0x0, 0x13, 0x3e, 0x0, 0xd9, 0x9c, 0x20,
    0x1f, 0xf0,

    /* U+0035 "5" */
    0x9, 0xff, 0xf0, 0x6, 0x22, 0xe0, 0xd, 0x3b,
    0xb8, 0x3, 0xff, 0x83, 0x39, 0x4e, 0x1, 0xc4,
    0x6b, 0x16, 0x0, 0x9f, 0xfb, 0x45, 0x10, 0x1,
    0xc4, 0xc0, 0x60, 0xcc, 0x0, 0xfa, 0x25, 0x0,
    0x8, 0x4, 0x12, 0x17, 0x9c, 0x64, 0xa0, 0xf4,
    0x66, 0x5, 0xc0,

    /* U+0036 "6" */
    0x0, 0xd9, 0xee, 0x1, 0xca, 0x64, 0xe0, 0x1d,
    0x1, 0x20, 0x1c, 0xc4, 0x88, 0x0, 0xe8, 0xd,
    0x75, 0x0, 0x98, 0x42, 0x62, 0xb0, 0x1, 0x60,
    0xfd, 0xa4, 0x6e, 0x24, 0x30, 0x25, 0x1, 0x80,
    0x3, 0x0, 0x84, 0x0, 0x22, 0x24, 0x0, 0x70,
    0x18, 0x40, 0x5e, 0x6a, 0x8c, 0x83, 0x51, 0x9c,
    0xb8, 0x20,

    /* U+0037 "7" */
    0xef, 0xff, 0x80, 0x6, 0x71, 0x0, 0x6d, 0xcc,
    0x28, 0x2a, 0x20, 0x40, 0xc, 0x13, 0x56, 0x0,
    0x51, 0x23, 0x0, 0xd2, 0x16, 0x1, 0x88, 0xc1,
    0x80, 0x35, 0x83, 0x0, 0x73, 0x5, 0x80, 0x66,
    0x3, 0x20, 0xd, 0x61, 0x20, 0x19, 0x8, 0x54,
    0x2,

    /* U+0038 "8" */
    0x0, 0x2e, 0x7f, 0x50, 0x80, 0x12, 0x8d, 0xd,
    0x70, 0x1, 0xe1, 0x37, 0xa6, 0x4a, 0xe, 0x8,
    0x0, 0x50, 0x30, 0xb0, 0xb0, 0x27, 0x7, 0x7,
    0x73, 0x7e, 0x86, 0x8, 0x23, 0x82, 0x98, 0xf8,
    0x85, 0x6, 0xd6, 0x39, 0xc8, 0x88, 0x88, 0x0,
    0xc0, 0x31, 0x2, 0x30, 0x6, 0x81, 0x3, 0x86,
    0x63, 0x58, 0x2c, 0x22, 0x48, 0xcc, 0x9a, 0x40,

    /* U+0039 "9" */
    0x0, 0x2e, 0x7f, 0x51, 0x0, 0x1a, 0x8c, 0xe5,
    0xc1, 0x8, 0xb, 0xcd, 0x51, 0x91, 0x11, 0x20,
    0x3, 0x80, 0xc0, 0x6, 0x1, 0x8, 0x8, 0x8c,
    0x60, 0xa, 0x3, 0x43, 0xc1, 0xff, 0x48, 0x18,
    0xf, 0xa1, 0x88, 0x1c, 0x40, 0x2, 0xf4, 0x41,
    0x20, 0x1d, 0xe1, 0x2, 0x1, 0x94, 0xc5, 0xc0,
    0x3a, 0xc2, 0x0, 0x20,

    /* U+003A ":" */
    0x5f, 0xc1, 0xf0, 0x32, 0x86, 0x83, 0x29, 0x70,
    0xf, 0xe2, 0xa7, 0x8, 0x58, 0x3f, 0x2, 0x20,

    /* U+003B ";" */
    0x5, 0xfd, 0x10, 0xf0, 0x22, 0x4, 0x2b, 0x98,
    0x15, 0x40, 0x7, 0xff, 0x14, 0xfb, 0x80, 0x4,
    0x15, 0x0, 0x70, 0x60, 0x1, 0x41, 0x0, 0x6,
    0x6, 0x0,

    /* U+003C "<" */
    0x0, 0xf2, 0x18, 0x6, 0x5c, 0xb5, 0x0, 0x36,
    0xd1, 0xb3, 0xb7, 0x49, 0xbf, 0x48, 0xd0, 0xc7,
    0x40, 0x80, 0x1c, 0x22, 0x48, 0x2, 0xbb, 0x1b,
    0x6d, 0x18, 0x1, 0x32, 0xd1, 0x71, 0x40, 0x24,
    0xbc, 0x53, 0x0, 0xe3, 0xa6,

    /* U+003D "=" */
    0x9d, 0xdf, 0x19, 0x17, 0xcf, 0x7f, 0xfe, 0x40,
    0xf, 0xd3, 0xbb, 0xe3, 0x22, 0xf9, 0xc0,

    /* U+003E ">" */
    0x61, 0x0, 0xf5, 0x74, 0x90, 0x6, 0x83, 0x6d,
    0xa3, 0x0, 0x26, 0x5a, 0x2e, 0x59, 0x0, 0x12,
    0xf1, 0x12, 0x0, 0x92, 0x10, 0x8, 0x17, 0x2d,
    0x1b, 0x52, 0xe8, 0xdf, 0xa4, 0x80, 0x11, 0xd0,
    0x20, 0x15, 0xb8, 0x80, 0x70,

    /* U+003F "?" */
    0x2f, 0xfb, 0x14, 0x0, 0x23, 0x1d, 0x29, 0x77,
    0x52, 0x10, 0x1, 0x98, 0x8, 0x3, 0x28, 0x10,
    0x3, 0x36, 0x82, 0x80, 0x6, 0x43, 0xe, 0x1,
    0x1f, 0x38, 0x5, 0x7e, 0x1, 0xca, 0x60, 0x19,
    0x3b, 0xc4, 0x2, 0x70, 0x10, 0x8,

    /* U+0040 "@" */
    0x0, 0x26, 0x7f, 0xb1, 0x0, 0x26, 0xb1, 0x77,
    0xd, 0xa8, 0xc, 0x96, 0xc4, 0x34, 0xac, 0x10,
    0x20, 0x3, 0x20, 0x88, 0x81, 0x81, 0xff, 0x4c,
    0xc, 0x2, 0x18, 0x49, 0x70, 0xe, 0x50, 0xe4,
    0x50, 0xf, 0xfe, 0x6a, 0x87, 0x8a, 0x9, 0x0,
    0x43, 0xb, 0xc7, 0x60, 0x40, 0xa0, 0xfd, 0x9e,
    0xa0, 0xa1, 0x62, 0x2, 0x60, 0x1a, 0x8b, 0xea,
    0x20, 0x1, 0x96, 0xd5, 0x1d, 0xc0, 0x10,

    /* U+0041 "A" */
    0x0, 0xab, 0xfc, 0x60, 0x1e, 0x70, 0x2, 0x0,
    0x70, 0x92, 0x6, 0x0, 0x72, 0x6, 0x12, 0x80,
    0x76, 0x2, 0x38, 0x98, 0x6, 0x40, 0x3c, 0x5,
    0x0, 0x84, 0x8c, 0x14, 0x30, 0x2, 0x40, 0x1a,
    0x90, 0x40, 0xb, 0x0, 0x95, 0x40, 0x24, 0x0,
    0x40, 0xdf, 0xf3, 0x82, 0x0, 0x90, 0x90, 0x3,
    0x43, 0x1, 0x1, 0x40, 0x24, 0x4, 0x0,

    /* U+0042 "B" */
    0xcf, 0xfb, 0xa8, 0x80, 0x24, 0x53, 0x5c, 0x10,
    0x4, 0x56, 0xa0, 0xb8, 0x7, 0x18, 0x7, 0x89,
    0x81, 0x0, 0x19, 0xfa, 0x18, 0x40, 0x4, 0x53,
    0x1e, 0x0, 0xa2, 0xb1, 0xca, 0x0, 0x3b, 0x0,
    0xc0, 0x3b, 0x0, 0x40, 0x11, 0x58, 0xe1, 0x20,
    0x4, 0x53, 0x35, 0x98,

    /* U+0043 "C" */
    0x4, 0xcf, 0xf5, 0x90, 0x1d, 0x99, 0xa, 0x60,
    0xc8, 0x3e, 0xf2, 0x8b, 0x30, 0x2c, 0x1, 0x30,
    0x60, 0x1c, 0x6e, 0x80, 0x1f, 0xfd, 0x12, 0x74,
    0x60, 0xb0, 0x4, 0x40, 0xe4, 0x1f, 0x74, 0xa2,
    0xc7, 0x66, 0x44, 0x4c, 0x10,

    /* U+0044 "D" */
    0xcf, 0xfb, 0xa4, 0x40, 0x22, 0x31, 0x6c, 0x0,
    0xbb, 0x38, 0x88, 0xa0, 0x18, 0x68, 0x34, 0x3,
    0xe1, 0x0, 0xff, 0xe9, 0x88, 0x7, 0x50, 0x68,
    0x3, 0xb3, 0xc8, 0x8a, 0x0, 0x23, 0x16, 0xc0,

    /* U+0045 "E" */
    0x9f, 0xff, 0x30, 0x0, 0x8c, 0xf8, 0x1, 0x79,
    0x99, 0x40, 0x3f, 0xf8, 0xd3, 0xff, 0x68, 0x4,
    0x48, 0x98, 0x2, 0xbb, 0xd2, 0x1, 0xff, 0xc7,
    0xbc, 0xcc, 0xa0, 0x2, 0x33, 0xe0,

    /* U+0046 "F" */
    0xbf, 0xff, 0x40, 0x0, 0x48, 0xb7, 0x80, 0x2b,
    0x77, 0x38, 0x7, 0xff, 0x1a, 0xb7, 0x70, 0x80,
    0x4, 0x8b, 0x18, 0x2, 0xff, 0xf1, 0x0, 0x7f,
    0xf5, 0x0,

    /* U+0047 "G" */
    0x4, 0xcf, 0xea, 0x20, 0x4b, 0x32, 0x5, 0xc1,
    0xf0, 0x8d, 0xe4, 0x16, 0x60, 0x28, 0x2, 0x69,
    0x0, 0x38, 0x94, 0xc0, 0x25, 0xcc, 0x98, 0x2,
    0x33, 0xde, 0x1, 0x37, 0xc0, 0x7, 0xf0, 0xb0,
    0x28, 0x3, 0x3, 0xbc, 0x23, 0x79, 0x5, 0x92,
    0xcc, 0x81, 0x70, 0x0,

    /* U+0048 "H" */
    0xcf, 0x30, 0x5, 0x7b, 0x0, 0x7f, 0xf5, 0xb3,
    0xfc, 0xa0, 0x18, 0x8a, 0x10, 0xd, 0xdb, 0xa4,
    0x0, 0xff, 0xeb, 0x0,

    /* U+0049 "I" */
    0x9f, 0xff, 0x17, 0x11, 0x0, 0x4, 0x40, 0x7d,
    0xe0, 0x2d, 0xd1, 0x0, 0x7f, 0xfb, 0x1f, 0x78,
    0xb, 0x74, 0x5c, 0x44, 0x0, 0x11, 0x0,

    /* U+004A "J" */
    0x0, 0xf6, 0xf9, 0x0, 0x7f, 0xfc, 0xd6, 0x94,
    0x2, 0x30, 0x9, 0x60, 0x0, 0x62, 0x4, 0xa4,
    0x4e, 0xcc, 0x3, 0x80, 0x31, 0x80, 0xca, 0x60,
    0x0,

    /* U+004B "K" */
    0xcf, 0x30, 0x3, 0x7d, 0x80, 0x7a, 0xc3, 0xc0,
    0x39, 0x8, 0x88, 0x1, 0xde, 0x16, 0x1, 0xc4,
    0x82, 0xc0, 0x1b, 0x34, 0x18, 0x3, 0x88, 0x80,
    0x40, 0x1d, 0xd8, 0xa, 0x20, 0x1c, 0x2a, 0x12,
    0x1, 0xe9, 0x7, 0x0, 0xf1, 0x98, 0x1c, 0x3,
    0xd2, 0x14, 0x0,

    /* U+004C "L" */
    0x1f, 0xf0, 0x7, 0xff, 0xfc, 0x3, 0xb7, 0x75,
    0x80, 0x44, 0x59, 0x40,

    /* U+004D "M" */
    0x2f, 0xf4, 0x80, 0x3f, 0xd6, 0x0, 0x14, 0x4,
    0x1, 0x0, 0x94, 0x87, 0xc, 0x40, 0x22, 0x14,
    0x45, 0x80, 0x63, 0x4f, 0x33, 0x0, 0x76, 0x28,
    0xa8, 0x6, 0x14, 0x36, 0x30, 0xe, 0x2c, 0x80,
    0xf, 0xfe, 0xd8,

    /* U+004E "N" */
    0xdf, 0xc0, 0x3, 0x7b, 0x80, 0xc, 0x40, 0x38,
    0x41, 0xc0, 0x38, 0xca, 0x80, 0x38, 0xe8, 0xc4,
    0x3, 0xa, 0x83, 0x98, 0x6, 0x22, 0x50, 0x7,
    0xa8, 0xcc, 0x1, 0xca, 0x18, 0x1, 0xc4, 0x44,
    0x0, 0xf5, 0x8, 0x7, 0x94, 0x2,

    /* U+004F "O" */
    0x4, 0xcf, 0xe9, 0x10, 0x3b, 0x32, 0x6, 0xd0,
    0x90, 0x8d, 0xe3, 0x32, 0x38, 0x28, 0x1, 0x40,
    0x80, 0x38, 0x40, 0x40, 0x3f, 0xfa, 0x22, 0x2,
    0xe0, 0x80, 0x5, 0x2, 0x90, 0x9d, 0xe3, 0x32,
    0x1d, 0x99, 0x3, 0x68, 0x0,

    /* U+0050 "P" */
    0xcf, 0xfd, 0x88, 0x1, 0x11, 0x91, 0xda, 0x0,
    0x3b, 0x35, 0xc3, 0xc0, 0x3a, 0x41, 0x0, 0x38,
    0xc0, 0x40, 0x30, 0xc0, 0x20, 0x3, 0x3f, 0x94,
    0x60, 0x0, 0x46, 0x8f, 0xe4, 0x0, 0xec, 0xb8,
    0x10, 0xf, 0xfe, 0x68,

    /* U+0051 "Q" */
    0x5, 0xcf, 0xea, 0x10, 0x4a, 0x33, 0x2, 0xe0,
    0x40, 0x4e, 0x71, 0x92, 0x90, 0x38, 0x1, 0x3,
    0x40, 0x3b, 0xc0, 0x3f, 0xfa, 0x7e, 0x0, 0x20,
    0x70, 0x2, 0x6, 0xc8, 0x4e, 0xf1, 0x92, 0xaa,
    0x8c, 0x84, 0x58, 0x0, 0x5c, 0xf2, 0x15, 0x0,
    0xe9, 0x9, 0x0, 0xe4, 0x41, 0x30,

    /* U+0052 "R" */
    0xcf, 0xfd, 0x66, 0x1, 0x11, 0x8a, 0x61, 0x0,
    0x3b, 0x39, 0x42, 0xc0, 0x3b, 0xc0, 0x80, 0x3b,
    0x0, 0x80, 0x1d, 0x9a, 0xc1, 0x60, 0x2, 0x32,
    0x26, 0x10, 0x3, 0x34, 0xc, 0xc0, 0x18, 0x90,
    0x58, 0x3, 0xbc, 0x2c, 0x3, 0x90, 0x49, 0x0,
    0x3a, 0x43, 0xc0,

    /* U+0053 "S" */
    0x0, 0x2e, 0x7f, 0x50, 0x80, 0x12, 0x8c, 0xc0,
    0xb8, 0x0, 0xf0, 0xac, 0xe3, 0x24, 0x7, 0x7,
    0x0, 0x76, 0x28, 0x28, 0x7a, 0x89, 0x18, 0x84,
    0x11, 0x2b, 0xac, 0x80, 0x3, 0xb2, 0x80, 0x98,
    0x20, 0x13, 0x5f, 0xa0, 0xb0, 0x3b, 0x0, 0x5c,
    0x1a, 0x11, 0x26, 0x0, 0xc0, 0x20, 0x80, 0xcc,
    0x6b, 0x5, 0x3, 0xc9, 0x19, 0x26, 0x90,

    /* U+0054 "T" */
    0x4f, 0xff, 0xb5, 0xc8, 0xa0, 0x1, 0x11, 0x8f,
    0x75, 0xc0, 0x5b, 0xab, 0x0, 0xff, 0xff, 0x80,
    0x78,

    /* U+0055 "U" */
    0xdf, 0x20, 0x4, 0xfb, 0x80, 0x7f, 0xfb, 0x84,
    0x3, 0xb, 0x82, 0x0, 0x10, 0xa, 0x42, 0x33,
    0x88, 0x88, 0x76, 0x66, 0x5, 0xc0,

    /* U+0056 "V" */
    0x5f, 0xb0, 0x8, 0x7f, 0x81, 0x1, 0x0, 0x24,
    0x4, 0x1, 0x20, 0x30, 0x6, 0x86, 0x0, 0x10,
    0x14, 0x0, 0x80, 0x80, 0xc, 0xc, 0x0, 0x18,
    0x90, 0x1, 0x1, 0x0, 0xc1, 0x40, 0x21, 0x21,
    0x12, 0x86, 0x0, 0x64, 0x4, 0xc0, 0x40, 0xd,
    0x81, 0xae, 0x6, 0x1, 0x90, 0x10, 0x90, 0x3,
    0x84, 0x8c, 0x30, 0x3, 0xc8, 0x0, 0x40, 0x8,

    /* U+0057 "W" */
    0xbe, 0x1, 0xfb, 0x4, 0xf5, 0x11, 0x1, 0x3,
    0x1, 0x3, 0x10, 0xb, 0x11, 0x0, 0x40, 0xb8,
    0x8, 0x8e, 0x3, 0xc0, 0x26, 0xf, 0xc4, 0x24,
    0x62, 0xc, 0x2, 0x5c, 0x4e, 0x24, 0x2, 0x4,
    0xc4, 0xe4, 0xcc, 0x2, 0xf, 0x26, 0x2e, 0x33,
    0x0, 0x4, 0xc0, 0xf8, 0x87, 0x80, 0x6, 0xc0,
    0x22, 0x70, 0x20, 0x3, 0x11, 0x0, 0x88, 0x2,
    0x0, 0x20, 0x60, 0x60, 0x3, 0x0,

    /* U+0058 "X" */
    0x2f, 0xf1, 0x0, 0x1f, 0xec, 0x9, 0x82, 0xc0,
    0x12, 0x12, 0x0, 0x80, 0x62, 0x71, 0x52, 0x0,
    0xb, 0x85, 0xc8, 0x40, 0x6, 0x90, 0x61, 0x62,
    0x0, 0xc2, 0xe0, 0x8, 0x0, 0xf1, 0x0, 0x14,
    0x3, 0x89, 0x44, 0x20, 0x3, 0xa4, 0x2c, 0x8d,
    0x40, 0x23, 0x42, 0x58, 0x8, 0x0, 0xbc, 0x20,
    0x14, 0x88, 0xa0, 0x86, 0x4a, 0x0, 0x80, 0x80,

    /* U+0059 "Y" */
    0x6f, 0xb0, 0x8, 0x7f, 0xc0, 0xc2, 0x84, 0x0,
    0x60, 0x70, 0x3, 0x5, 0x80, 0x24, 0x28, 0x1,
    0x20, 0xc0, 0xa2, 0xa4, 0x0, 0x16, 0x6, 0xe0,
    0x90, 0xd, 0x61, 0x48, 0x66, 0x0, 0xc4, 0x86,
    0x12, 0x1, 0xef, 0x1, 0x50, 0xf, 0x38, 0x18,
    0x7, 0xff, 0x58,

    /* U+005A "Z" */
    0xaf, 0xff, 0x11, 0x78, 0x2, 0x8d, 0xda, 0x80,
    0xc8, 0x2, 0x19, 0xf, 0x0, 0xd0, 0x2a, 0x60,
    0x11, 0x30, 0x40, 0x6, 0x90, 0x72, 0x0, 0x8d,
    0x6, 0x0, 0x37, 0x84, 0x0, 0x66, 0x32, 0x60,
    0xd, 0xa0, 0x7b, 0xb9, 0x0, 0x2, 0x45, 0x84,

    /* U+005B "[" */
    0xf, 0xfc, 0xe0, 0x11, 0x14, 0x1, 0x6e, 0x94,
    0x3, 0xff, 0xe7, 0xba, 0x50, 0x8, 0x8a,

    /* U+005C "\\" */
    0xd, 0xf3, 0x0, 0xf5, 0x5, 0x0, 0x79, 0x81,
    0x80, 0x3c, 0x28, 0xa, 0x1, 0xee, 0xe, 0x0,
    0xf2, 0x82, 0x8, 0x7, 0x94, 0x18, 0x3, 0xdc,
    0x14, 0x1, 0xe4, 0x22, 0x18, 0x7, 0x94, 0x28,
    0x3, 0xd4, 0xe, 0x1, 0xe2, 0x31, 0x50, 0xf,
    0x50, 0x70, 0x7, 0x98, 0x10, 0x40, 0x3c, 0xa0,
    0xc0,

    /* U+005D "]" */
    0xdf, 0xfa, 0x98, 0x84, 0x1, 0x7b, 0x60, 0x1f,
    0xfe, 0x8b, 0xdb, 0x0, 0x31, 0x8, 0x0,

    /* U+005E "^" */
    0x0, 0xc, 0x38, 0x7, 0x43, 0xc1, 0x80, 0x66,
    0x40, 0xa0, 0x9, 0x83, 0x91, 0x84, 0x1, 0x62,
    0xbc, 0xc, 0x8, 0x4c, 0xa, 0x34, 0x1e, 0x14,
    0x0, 0x62, 0x40,

    /* U+005F "_" */
    0xd, 0xdf, 0xa0, 0x8, 0xbf, 0x0,

    /* U+0060 "`" */
    0x24, 0x20, 0xa, 0xf0, 0x80, 0xac, 0x78, 0x0,

    /* U+0061 "a" */
    0x0, 0x36, 0xff, 0x59, 0x0, 0x1a, 0x4d, 0x54,
    0x98, 0x0, 0x5a, 0xfa, 0xb5, 0x14, 0x2, 0xff,
    0xca, 0x4, 0x16, 0xaf, 0x98, 0x40, 0x9, 0x42,
    0x4c, 0xc2, 0x1, 0xc2, 0x0, 0x40, 0x9, 0x3,
    0xeb, 0x80, 0x35, 0x28, 0xa3, 0x38, 0x0,

    /* U+0062 "b" */
    0xcf, 0x30, 0xf, 0xfe, 0x5b, 0x5f, 0xe1, 0x80,
    0x50, 0xe4, 0x7a, 0x20, 0x5, 0xcd, 0x31, 0x40,
    0x5, 0x80, 0x10, 0x8, 0x3, 0xff, 0x8d, 0x60,
    0x4, 0x2, 0x0, 0x2e, 0x69, 0x8a, 0x0, 0x24,
    0x8, 0xf4, 0x40,

    /* U+0063 "c" */
    0x4, 0xcf, 0xeb, 0x30, 0x3b, 0x32, 0x34, 0xc2,
    0x90, 0x8d, 0xd3, 0x2, 0xb0, 0x20, 0x2, 0x75,
    0x80, 0x3c, 0x42, 0x1, 0xe2, 0x16, 0x4, 0x0,
    0x4e, 0xb4, 0x84, 0x6e, 0x98, 0x14, 0xec, 0xc8,
    0xd3, 0x8,

    /* U+0064 "d" */
    0x0, 0xea, 0xf6, 0x0, 0xff, 0xe0, 0x98, 0x5,
    0x1d, 0xc7, 0x0, 0x99, 0xc4, 0xa5, 0x0, 0x1a,
    0x13, 0x9c, 0x1, 0x30, 0x20, 0x1, 0xc0, 0x3f,
    0xf8, 0xcc, 0x8, 0x0, 0x70, 0x6, 0x84, 0xe7,
    0x0, 0x4c, 0xe2, 0x4c, 0x80, 0x0,

    /* U+0065 "e" */
    0x5, 0xcf, 0xe9, 0x10, 0x4a, 0x36, 0x56, 0xc0,
    0xf0, 0xb9, 0xb5, 0x24, 0x60, 0x61, 0x16, 0x81,
    0x98, 0x37, 0xb9, 0x0, 0x3, 0xb, 0xbe, 0x66,
    0x3, 0xa2, 0x0, 0x83, 0xc3, 0x2f, 0x2e, 0x5,
    0x28, 0xd0, 0x97, 0x0,

    /* U+0066 "f" */
    0x0, 0xd3, 0xdf, 0xe9, 0x0, 0xa1, 0x84, 0xcd,
    0xc0, 0x12, 0x5, 0xe6, 0x1c, 0x3, 0x9c, 0x2,
    0x2d, 0xd1, 0x87, 0x6e, 0x9c, 0x48, 0x80, 0x2,
    0x2b, 0x8f, 0xfc, 0x61, 0x9f, 0xe9, 0x0, 0xff,
    0xf0, 0x80,

    /* U+0067 "g" */
    0x7, 0xef, 0x89, 0xf6, 0x58, 0x13, 0x67, 0x0,
    0x70, 0x4e, 0x70, 0x4, 0xc0, 0x80, 0x4, 0x0,
    0xff, 0x8, 0x8, 0x7, 0x30, 0x50, 0x1a, 0x80,
    0x24, 0x1b, 0xf0, 0x80, 0x7, 0x8c, 0xb6, 0x80,
    0x60, 0x73, 0x48, 0xa0, 0x20, 0xd5, 0x4c, 0x32,
    0x40, 0xf5, 0x51, 0x27, 0x80,

    /* U+0068 "h" */
    0xcf, 0x30, 0xf, 0xfe, 0x5b, 0x67, 0xe1, 0x80,
    0x56, 0x2, 0x7a, 0x20, 0x6, 0xce, 0x21, 0x50,
    0x5, 0x80, 0x10, 0x8, 0x3, 0xff, 0xb8,

    /* U+0069 "i" */
    0x0, 0x88, 0xc0, 0x38, 0xb7, 0x10, 0x3, 0x19,
    0xb, 0x0, 0x61, 0xde, 0x20, 0x3, 0xff, 0xe3,
    0x0, 0x9, 0x10, 0x3, 0x9b, 0x74, 0x60, 0x1f,
    0xfd, 0x8a, 0xdd, 0x18, 0x76, 0xdb, 0x11, 0x0,
    0x4, 0x45,

    /* U+006A "j" */
    0x0, 0xc4, 0x60, 0x18, 0x77, 0x18, 0x2, 0x13,
    0x15, 0x0, 0xd9, 0xc7, 0x9f, 0xfc, 0x8c, 0x45,
    0x0, 0x55, 0xbb, 0x20, 0x7, 0xff, 0x8c, 0x90,
    0x16, 0x77, 0x60, 0x51, 0x22, 0x85, 0xe8, 0x0,

    /* U+006B "k" */
    0xbf, 0x50, 0xf, 0xfe, 0x8c, 0x7d, 0x80, 0x71,
    0x38, 0x48, 0x7, 0x70, 0x41, 0x0, 0x53, 0x86,
    0x67, 0x0, 0xc6, 0x60, 0x60, 0xe, 0xae, 0x5,
    0x30, 0xe, 0x18, 0xf, 0x0, 0xf3, 0x89, 0xa0,
    0x7, 0xa0, 0x24, 0x0,

    /* U+006C "l" */
    0x9f, 0xfc, 0xa0, 0x17, 0x11, 0x0, 0x3c, 0xfb,
    0xa5, 0x0, 0xff, 0xf9, 0x18, 0x10, 0x7, 0xb4,
    0x23, 0x75, 0x80, 0x12, 0x40, 0x91, 0xc,

    /* U+006D "m" */
    0x4f, 0xae, 0xd5, 0xed, 0x20, 0x3, 0x49, 0x44,
    0xa, 0x40, 0x8, 0xe0, 0x8c, 0x2c, 0x1, 0xff,
    0xea,

    /* U+006E "n" */
    0xcf, 0x5c, 0xfc, 0x30, 0xa, 0xd8, 0xcd, 0xa2,
    0x0, 0x8a, 0xc3, 0x15, 0x0, 0x28, 0x1, 0x40,
    0x80, 0x3f, 0xfb, 0x80,

    /* U+006F "o" */
    0x4, 0xcf, 0xea, 0x10, 0x4b, 0x33, 0x2, 0xe0,
    0x78, 0x4e, 0x71, 0x92, 0xb0, 0x20, 0x1, 0x0,
    0x8c, 0x3, 0xe3, 0x0, 0xf9, 0x81, 0x0, 0x8,
    0x7, 0xe1, 0x39, 0xc6, 0x48, 0x8b, 0x33, 0x2,
    0xe0, 0x0,

    /* U+0070 "p" */
    0xcf, 0x5c, 0xfd, 0x40, 0xa, 0xd9, 0xa, 0xc4,
    0x1, 0x15, 0x68, 0x8, 0x0, 0x50, 0x1, 0x81,
    0x0, 0x7f, 0x9c, 0x3, 0xec, 0x0, 0x20, 0x10,
    0x1, 0x73, 0x4c, 0x50, 0x1, 0x0, 0x47, 0xa2,
    0x0, 0x6c, 0xfc, 0x30, 0xf, 0xfe, 0x28,

    /* U+0071 "q" */
    0x8, 0xee, 0x3c, 0xfb, 0x31, 0xc4, 0xa5, 0x0,
    0x1a, 0x13, 0x9c, 0x1, 0x30, 0x20, 0x1, 0xc0,
    0x3f, 0xf8, 0xcc, 0x8, 0x0, 0x70, 0x6, 0x84,
    0xe7, 0x0, 0x4c, 0xe2, 0x4c, 0x80, 0x14, 0x77,
    0x20, 0x3, 0xf1, 0x80, 0x7f, 0x80,

    /* U+0072 "r" */
    0x7f, 0x89, 0xfe, 0x80, 0x9, 0x95, 0x42, 0xec,
    0x0, 0x2c, 0xa9, 0xc, 0x0, 0x20, 0x1, 0x41,
    0x80, 0x38, 0xff, 0x0, 0x3f, 0xfa, 0x80,

    /* U+0073 "s" */
    0x9, 0xef, 0xf6, 0x20, 0x4b, 0x13, 0xa9, 0xd9,
    0x28, 0x74, 0x55, 0xc0, 0x30, 0x7c, 0xb8, 0x39,
    0x41, 0x93, 0x45, 0xe0, 0x16, 0x76, 0x51, 0x99,
    0xa6, 0x80, 0xd6, 0x83, 0x8d, 0x72, 0x6a, 0x43,
    0x29, 0x8d, 0x94, 0xa9, 0x0,

    /* U+0074 "t" */
    0x0, 0xa2, 0x0, 0x1f, 0x3b, 0x80, 0x3f, 0xf8,
    0x2f, 0xfe, 0x0, 0x7f, 0xd0, 0x45, 0x0, 0x8,
    0xae, 0x5d, 0xd0, 0x3, 0x76, 0x60, 0xf, 0xfe,
    0xa0, 0x80, 0x79, 0x3, 0xf7, 0x4a, 0x1, 0x52,
    0x9, 0x14,

    /* U+0075 "u" */
    0xcf, 0x30, 0x4, 0xfb, 0x0, 0x7f, 0xf7, 0x18,
    0x10, 0x0, 0x80, 0xb2, 0x11, 0x9c, 0x46, 0x75,
    0x99, 0x81, 0xb4, 0x0,

    /* U+0076 "v" */
    0x4f, 0xd0, 0x9, 0x3f, 0x41, 0x4, 0x88, 0x0,
    0xc0, 0x50, 0x3, 0x82, 0x80, 0x14, 0x2c, 0x1,
    0xa1, 0x60, 0x44, 0x13, 0x0, 0x20, 0x98, 0xa8,
    0x30, 0x6, 0x70, 0x7b, 0xb, 0x0, 0xda, 0x18,
    0x62, 0x60, 0x19, 0x1, 0x41, 0xc0, 0x3c, 0xa0,
    0xa, 0x0, 0x80,

    /* U+0077 "w" */
    0xae, 0x1, 0xfb, 0x4, 0xf4, 0x21, 0x5, 0x5,
    0x2, 0x5, 0xd0, 0x33, 0x84, 0x5c, 0x2, 0xc0,
    0xdc, 0x80, 0x46, 0x60, 0x20, 0x25, 0xe3, 0x56,
    0x60, 0x8, 0xb8, 0xd5, 0xbc, 0xb4, 0x0, 0x48,
    0x4, 0x45, 0x2, 0x0, 0x29, 0x8, 0xb4, 0xc1,
    0xc0, 0x1c, 0x4, 0xc, 0x0, 0x20,

    /* U+0078 "x" */
    0xd, 0xf5, 0x0, 0x5f, 0xb8, 0x3, 0x82, 0xc1,
    0x50, 0x9c, 0x0, 0x6c, 0x33, 0x61, 0xc0, 0x1a,
    0x45, 0x85, 0xcc, 0x3, 0x98, 0x1, 0x40, 0x1c,
    0x4e, 0x0, 0x90, 0xe, 0xe0, 0x93, 0x46, 0x0,
    0x98, 0xcc, 0xde, 0x10, 0x20, 0x52, 0x1c, 0x6,
    0xe3, 0x40,

    /* U+0079 "y" */
    0x3f, 0xd0, 0x9, 0x3f, 0x40, 0xc8, 0x86, 0x0,
    0xd0, 0xa0, 0x5, 0x5, 0x0, 0x1c, 0x14, 0x0,
    0xc0, 0xc0, 0x82, 0x64, 0x0, 0x15, 0x5, 0xd0,
    0xa0, 0xd, 0xc1, 0xee, 0xe, 0x1, 0x90, 0x54,
    0x50, 0x40, 0x39, 0x80, 0x1c, 0x1, 0xeb, 0x0,
    0x28, 0x7, 0x90, 0x14, 0x3, 0xea, 0xe, 0x0,
    0xf1, 0x10, 0x50, 0x3, 0x0,

    /* U+007A "z" */
    0x9f, 0xff, 0x17, 0x19, 0xc4, 0x1, 0x3e, 0x64,
    0x20, 0xc4, 0x1, 0x49, 0xa4, 0x80, 0x4e, 0xc5,
    0x60, 0x12, 0xc0, 0xe0, 0x4, 0x74, 0x1a, 0x20,
    0x14, 0x0, 0xfe, 0x64, 0x8e, 0x2, 0x67, 0x84,

    /* U+007B "{" */
    0x0, 0x86, 0xbb, 0xc8, 0x2, 0xb5, 0x12, 0x0,
    0xce, 0x17, 0xa4, 0x1, 0x30, 0x38, 0x7, 0x8,
    0x30, 0x7, 0x8, 0x6, 0xcd, 0xe4, 0x42, 0x80,
    0x8, 0x82, 0x6, 0x1, 0x77, 0xf1, 0xba, 0x0,
    0x61, 0x50, 0x20, 0xe, 0x20, 0x20, 0xe, 0x70,
    0x70, 0xf, 0x9c, 0x3, 0x90, 0x2f, 0x48, 0x2,
    0x86, 0x12, 0x0,

    /* U+007C "|" */
    0x1, 0x11, 0xf6, 0x0, 0x7f, 0xf7, 0x80,

    /* U+007D "}" */
    0x9f, 0xd6, 0x0, 0xdc, 0x25, 0x28, 0x1, 0x3f,
    0x28, 0x10, 0x7, 0xc6, 0x1, 0xcc, 0xe, 0x1,
    0xc2, 0x2, 0x1, 0xd0, 0x39, 0xba, 0x60, 0x3,
    0x18, 0x11, 0x38, 0x1, 0xe5, 0x5f, 0xe8, 0x0,
    0x8, 0x38, 0x7, 0x30, 0x30, 0x7, 0x10, 0x10,
    0x7, 0x10, 0x7, 0x3f, 0x20, 0x28, 0x5, 0xc2,
    0x54, 0x60, 0x10,

    /* U+007E "~" */
    0x1, 0x78, 0x30, 0x1, 0x98, 0x32, 0x1f, 0x10,
    0x37, 0xc8, 0x8d, 0xa3, 0x76, 0x16, 0x34, 0xc2,
    0xd3, 0x43, 0x80,

    /* U+00A0 " " */

    /* U+00A1 "¡" */
    0x5f, 0xd0, 0x30, 0x30, 0x6e, 0xe0, 0x7, 0xf,
    0x50, 0x4, 0x20, 0x60, 0x1c, 0xe0, 0x20, 0x1c,
    0x20, 0x1c, 0xe0, 0x60,

    /* U+00A2 "¢" */
    0x0, 0x8c, 0x80, 0x3d, 0x48, 0x1, 0xe3, 0x10,
    0xc, 0xfe, 0xb1, 0xec, 0xb, 0x0, 0x46, 0x12,
    0x7e, 0x14, 0x95, 0x21, 0x6c, 0xc, 0x0, 0x6f,
    0x80, 0xf, 0xfe, 0x8, 0xa1, 0x28, 0x58, 0x2,
    0xec, 0xb6, 0xe, 0xd2, 0xa2, 0xc5, 0xaa, 0x22,
    0x6f, 0x10, 0x2a, 0x78, 0x91, 0x0, 0xfe,

    /* U+00A3 "£" */
    0x6, 0xdf, 0xea, 0x10, 0x69, 0x23, 0x5, 0xc0,
    0xb0, 0xbc, 0xe3, 0x25, 0x0, 0x30, 0x3, 0x74,
    0x94, 0x12, 0x0, 0x12, 0x1e, 0x4, 0xba, 0xa0,
    0x1, 0xc0, 0x8, 0xaa, 0x0, 0x77, 0x1, 0x3f,
    0xc0, 0x13, 0x6, 0x0, 0x66, 0x85, 0x70, 0xd,
    0x40, 0xfb, 0xb9, 0xc0, 0x4, 0x5d, 0xc0,

    /* U+00A4 "¤" */
    0xa, 0x30, 0xc, 0xe8, 0x2f, 0x97, 0xfd, 0x71,
    0xa3, 0xe0, 0xd2, 0xc8, 0x72, 0x8, 0x18, 0xd0,
    0xe6, 0x1, 0x84, 0x1, 0xc0, 0x12, 0x5, 0x12,
    0x41, 0x80, 0x20, 0x17, 0x6c, 0x4d, 0x45, 0xe3,
    0xf3, 0x7c, 0xf0, 0x75, 0xc0, 0xc8, 0x32, 0x40,

    /* U+00A5 "¥" */
    0x6f, 0xb0, 0x8, 0x7f, 0xc0, 0xc2, 0x84, 0x0,
    0x90, 0x70, 0x4, 0x85, 0x80, 0x18, 0x24, 0x0,
    0xe2, 0xc2, 0xc2, 0xc2, 0x1, 0x30, 0x35, 0x85,
    0x80, 0x45, 0x61, 0x24, 0x80, 0x20, 0xd, 0xc0,
    0x10, 0x4d, 0xb0, 0x5, 0x52, 0x0, 0xaa, 0x92,
    0x0, 0x55, 0x20, 0x1, 0x54, 0x60, 0xf, 0xf6,
    0x1, 0x7f, 0xa8, 0x0, 0xee, 0x60, 0x17, 0x77,
    0x80, 0x22, 0x14, 0x7, 0x10, 0x50,

    /* U+00A6 "¦" */
    0x1, 0x11, 0xf6, 0x0, 0x7f, 0xf0, 0xcf, 0xf4,
    0x3, 0x8, 0x8f, 0xb0, 0x3, 0xff, 0x86,

    /* U+00A7 "§" */
    0x0, 0x46, 0xff, 0xb1, 0x0, 0x10, 0xe0, 0xc8,
    0x76, 0x60, 0xa1, 0xf3, 0x79, 0x20, 0x6, 0x5,
    0x0, 0x1b, 0x18, 0x48, 0xc7, 0xec, 0x8, 0x0,
    0xd8, 0x94, 0x1f, 0xc4, 0x2d, 0xfa, 0xb5, 0x86,
    0x41, 0xc0, 0x80, 0x18, 0x2, 0xe, 0x14, 0xa7,
    0x23, 0x61, 0x68, 0x8a, 0xc2, 0xa2, 0x1, 0xbe,
    0xa6, 0x1b, 0x40, 0x8, 0x56, 0x64, 0x1c, 0x1b,
    0xc8, 0x0, 0xc0, 0x20, 0xb1, 0xbf, 0xf2, 0x8c,
    0x83, 0x6c, 0x33, 0xcf, 0x8,

    /* U+00A8 "¨" */
    0x3, 0x20, 0x2, 0x9, 0x66, 0x83, 0x5e, 0x98,
    0x98, 0x10, 0x28,

    /* U+00A9 "©" */
    0x0, 0x25, 0xee, 0x48, 0x80, 0x1f, 0xe7, 0x73,
    0x22, 0x1a, 0xb4, 0xdd, 0xc, 0x59, 0x38, 0xcc,
    0x2c, 0xaa, 0x39, 0x90, 0x2c, 0x68, 0x18, 0x7,
    0xf3, 0x98, 0x81, 0x2d, 0x81, 0x93, 0x93, 0x6d,
    0x6a, 0xa0, 0xd5, 0xdb, 0xbc, 0xe2, 0xc1, 0xfe,
    0x73, 0x31, 0x0,

    /* U+00AA "ª" */
    0x6, 0xdc, 0x40, 0x1c, 0x98, 0xe, 0xa9, 0x13,
    0x7b, 0xa0, 0x34, 0xc1, 0x60,

    /* U+00AB "«" */
    0x0, 0xd, 0xd0, 0x95, 0xd0, 0x5, 0x49, 0x83,
    0xc9, 0xc0, 0x7, 0x45, 0x68, 0x37, 0x40, 0x38,
    0x2a, 0x47, 0x38, 0x0, 0x28, 0x30, 0x18, 0x30,
    0x4, 0xca, 0x8e, 0xe3, 0x55, 0x0, 0x56, 0x30,
    0x7a, 0x34, 0x40, 0x1, 0xd0, 0xd0, 0xa0, 0xf0,

    /* U+00AC "¬" */
    0x5d, 0xdf, 0x19, 0x17, 0x9b, 0xff, 0x0, 0x7f,
    0x0,

    /* U+00AD "­" */
    0xad, 0xdc, 0x8c, 0x45, 0x84,

    /* U+00AE "®" */
    0x0, 0x25, 0xee, 0x48, 0x80, 0x1f, 0xe7, 0x73,
    0x22, 0x1a, 0xa6, 0xf6, 0x8c, 0x59, 0x38, 0x3,
    0xd6, 0x15, 0x1c, 0xc0, 0x1c, 0xf0, 0x6, 0x1,
    0xb4, 0x18, 0x0, 0xe6, 0x0, 0x35, 0xa0, 0x32,
    0x70, 0x81, 0x8e, 0x54, 0x1a, 0xa2, 0x81, 0x1c,
    0x58, 0x3f, 0xce, 0xe6, 0x44,

    /* U+00AF "¯" */
    0x88, 0xe4, 0x77, 0xec,

    /* U+00B0 "°" */
    0xa, 0xfd, 0x50, 0x84, 0xb5, 0xa2, 0x47, 0x48,
    0x7, 0x54, 0x15, 0x6, 0x80, 0xea, 0x73, 0x1d,
    0xd7, 0x40, 0x0,

    /* U+00B1 "±" */
    0x0, 0x8b, 0xf4, 0x3, 0xff, 0x95, 0xfe, 0xd0,
    0x2f, 0xf5, 0x81, 0x14, 0x0, 0x22, 0x83, 0x75,
    0xe0, 0x5b, 0xa9, 0x0, 0xff, 0x3c, 0x58, 0x1c,
    0x41, 0x2, 0x5d, 0x80, 0x5d, 0xd8,

    /* U+00B2 "²" */
    0xa, 0xfe, 0x60, 0x84, 0xa6, 0x93, 0xbd, 0x59,
    0x7, 0x33, 0xe, 0x9a, 0x2, 0x7b, 0x60, 0x35,
    0xa4, 0x98, 0xf8, 0x2e, 0x61, 0xc0,

    /* U+00B3 "³" */
    0x8f, 0xfc, 0x93, 0x98, 0x42, 0x51, 0x39, 0x5f,
    0x10, 0x7, 0xa6, 0x92, 0x12, 0xd0, 0xaf, 0xf9,
    0x1c, 0x4a, 0x9a, 0xe6, 0x14,

    /* U+00B4 "´" */
    0x0, 0x1a, 0x0, 0x1f, 0x38, 0xe, 0xe, 0x80,

    /* U+00B5 "µ" */
    0xcf, 0x30, 0x4, 0xfb, 0x0, 0x7f, 0xf7, 0x94,
    0x0, 0xa0, 0x1a, 0x2b, 0x8, 0x3, 0x32, 0x3,
    0x80, 0x6b, 0xec, 0x9f, 0x60, 0xf, 0xfe, 0x20,

    /* U+00B6 "¶" */
    0x1, 0xae, 0xf8, 0x4f, 0x50, 0xd5, 0x10, 0xf,
    0x18, 0x7, 0xc2, 0x1, 0xf8, 0x40, 0x3f, 0x98,
    0x3, 0xf4, 0xc9, 0x0, 0x3e, 0x6a, 0x0, 0xff,
    0xfc, 0x0,

    /* U+00B7 "·" */
    0x4e, 0xc0, 0xe1, 0x33, 0x70, 0x99, 0x80,

    /* U+00B8 "¸" */
    0x2, 0x0, 0x26, 0x0, 0x19, 0x9c, 0xa5, 0x1,
    0x39, 0xe3, 0x3b, 0xde, 0xa0,

    /* U+00B9 "¹" */
    0x9, 0xff, 0x0, 0x25, 0x18, 0x2, 0xad, 0xf0,
    0x8, 0xc0, 0x3f, 0xe2, 0x4e, 0x4, 0x38, 0xb7,
    0xb, 0xf0,

    /* U+00BA "º" */
    0x7, 0xed, 0x32, 0x8f, 0xb8, 0x12, 0x12, 0x61,
    0x21, 0x26, 0x28, 0xfa, 0x80,

    /* U+00BB "»" */
    0x3b, 0x90, 0x5b, 0x80, 0x8, 0xc1, 0x98, 0xae,
    0xe5, 0x0, 0xa8, 0x64, 0xb8, 0x28, 0x80, 0x3,
    0x41, 0xe5, 0x41, 0xc0, 0x12, 0x89, 0xb, 0x81,
    0x8, 0x3, 0x46, 0x87, 0xc2, 0x84, 0x1c, 0xd9,
    0x64, 0x9d, 0x0, 0xe0, 0xa5, 0x58, 0xe0, 0x0,

    /* U+00BC "¼" */
    0x0, 0x1c, 0x28, 0x4, 0x30, 0x60, 0x5a, 0x9e,
    0x1, 0x6b, 0x10, 0x1f, 0xa8, 0x5, 0x47, 0x42,
    0x2, 0x20, 0x9, 0xd5, 0xd0, 0x0, 0xdc, 0xcb,
    0xd0, 0x50, 0x1, 0x37, 0xf6, 0x80, 0x38, 0x3,
    0x84, 0x54, 0x30, 0x2e, 0x1, 0xc4, 0xe6, 0xff,
    0xe0, 0xe, 0xe0, 0xe8, 0xb, 0x30, 0x9, 0xce,
    0x81, 0xfa, 0xe0, 0x0, 0x50, 0xaa, 0x10, 0xc7,
    0x0, 0xa4, 0x6c, 0xf, 0xfc, 0xe0, 0x0,

    /* U+00BD "½" */
    0x0, 0xb, 0x18, 0x4, 0x2c, 0x60, 0x3f, 0x52,
    0x1, 0x54, 0x10, 0x3, 0xd4, 0x2, 0x94, 0xb1,
    0x1, 0x10, 0x4, 0xcc, 0x55, 0x0, 0x1b, 0x99,
    0x7a, 0x46, 0x80, 0x26, 0xfe, 0xd0, 0x6, 0x80,
    0x70, 0x89, 0x45, 0xcc, 0x3, 0xc5, 0x5, 0xbd,
    0xf0, 0x1, 0xb8, 0x3e, 0x63, 0x1c, 0x80, 0xc,
    0x70, 0x58, 0xd4, 0x64, 0x3, 0x28, 0xe0, 0xda,
    0x38, 0x0, 0xb1, 0xa0, 0x4, 0x9b, 0x79, 0x85,
    0xf8, 0x80, 0x3b, 0xfd, 0xc6,

    /* U+00BE "¾" */
    0x4, 0xff, 0x94, 0x0, 0xbe, 0xa0, 0x9f, 0x26,
    0xa0, 0x36, 0xaa, 0x0, 0xa5, 0x80, 0x14, 0x16,
    0x1, 0xa9, 0x1d, 0x52, 0xc4, 0x0, 0xd0, 0x85,
    0xd6, 0xaa, 0x0, 0x91, 0x1c, 0xea, 0x16, 0x1,
    0x8b, 0x3f, 0x4e, 0xc4, 0x3, 0xc3, 0xa, 0xa9,
    0xb0, 0xe, 0xa0, 0xb6, 0x7f, 0x30, 0x9, 0x92,
    0x8e, 0x77, 0x20, 0x0, 0x32, 0xa8, 0x21, 0x8e,
    0x1, 0x50, 0xd8, 0x1f, 0xf9, 0xc0, 0x0,

    /* U+00BF "¿" */
    0x0, 0x9b, 0xf0, 0x3, 0x8, 0x10, 0x6, 0x7e,
    0xe0, 0x7, 0x18, 0x80, 0x63, 0xd8, 0x0, 0x9f,
    0xc0, 0x35, 0xc1, 0x80, 0x46, 0x83, 0x9f, 0x20,
    0xa0, 0x86, 0x1, 0x10, 0x20, 0x80, 0x48, 0x63,
    0xdd, 0x50, 0x6b, 0x8, 0xcc,

    /* U+00C0 "À" */
    0x0, 0x1a, 0x8, 0x7, 0xcf, 0x78, 0x1, 0xf2,
    0x49, 0x50, 0x7, 0xcd, 0xf4, 0x1, 0xf5, 0x7f,
    0x8c, 0x3, 0xce, 0x0, 0x40, 0xe, 0x12, 0x40,
    0xc0, 0xe, 0x40, 0xc2, 0x50, 0xe, 0xc0, 0x47,
    0x13, 0x0, 0xc8, 0x7, 0x80, 0xa0, 0x10, 0x91,
    0x82, 0x86, 0x0, 0x48, 0x3, 0x52, 0x8, 0x1,
    0x60, 0x12, 0xa8, 0x4, 0x80, 0x8, 0x1b, 0xfe,
    0x70, 0x40, 0x12, 0x12, 0x0, 0x68, 0x60, 0x20,
    0x28, 0x4, 0x80, 0x80,

    /* U+00C1 "Á" */
    0x0, 0xe3, 0x41, 0x0, 0xf2, 0x64, 0x8, 0x7,
    0xd, 0xe, 0x80, 0x78, 0x7b, 0x82, 0x1, 0xea,
    0xff, 0x18, 0x7, 0x9c, 0x0, 0x80, 0x1c, 0x24,
    0x81, 0x80, 0x1c, 0x81, 0x84, 0xa0, 0x1d, 0x80,
    0x8e, 0x26, 0x1, 0x90, 0xf, 0x1, 0x40, 0x21,
    0x23, 0x5, 0xc, 0x0, 0x90, 0x6, 0xa4, 0x10,
    0x2, 0xc0, 0x25, 0x50, 0x9, 0x0, 0x10, 0x37,
    0xfc, 0xe0, 0x80, 0x24, 0x24, 0x0, 0xd0, 0xc0,
    0x40, 0x50, 0x9, 0x1, 0x0,

    /* U+00C2 "Â" */
    0x0, 0x8a, 0x1c, 0x3, 0xc3, 0x8d, 0x12, 0x1,
    0xd8, 0x19, 0xc, 0xe0, 0x1b, 0x78, 0x9f, 0xdc,
    0x3, 0xab, 0xfc, 0x60, 0x1e, 0x70, 0x2, 0x0,
    0x70, 0x92, 0x6, 0x0, 0x72, 0x6, 0x12, 0x80,
    0x76, 0x2, 0x38, 0x98, 0x6, 0x40, 0x3c, 0x5,
    0x0, 0x84, 0x8c, 0x14, 0x30, 0x2, 0x40, 0x1a,
    0x90, 0x40, 0xb, 0x0, 0x95, 0x40, 0x24, 0x0,
    0x40, 0xdf, 0xf3, 0x82, 0x0, 0x90, 0x90, 0x3,
    0x43, 0x1, 0x1, 0x40, 0x24, 0x4, 0x0,

    /* U+00C3 "Ã" */
    0x0, 0xff, 0xe0, 0x3f, 0xe9, 0xe4, 0x0, 0x69,
    0x77, 0x61, 0xd8, 0x6, 0xa9, 0xac, 0xd3, 0x0,
    0xc9, 0x7f, 0x82, 0x1, 0xe7, 0x0, 0x20, 0x7,
    0x9, 0x20, 0x60, 0x7, 0x20, 0x61, 0x28, 0x7,
    0x60, 0x23, 0x89, 0x80, 0x64, 0x3, 0xc0, 0x50,
    0x8, 0x48, 0xc1, 0x43, 0x0, 0x24, 0x1, 0xa9,
    0x4, 0x0, 0xb0, 0x9, 0x54, 0x2, 0x40, 0x4,
    0xd, 0xff, 0x38, 0x20, 0x9, 0x9, 0x0, 0x34,
    0x30, 0x10, 0x14, 0x2, 0x40, 0x40,

    /* U+00C4 "Ä" */
    0x0, 0x19, 0x0, 0x10, 0x40, 0x22, 0xcd, 0x6,
    0xbd, 0x0, 0x8c, 0x4c, 0x8, 0x14, 0x2, 0x1e,
    0xc0, 0x4f, 0x90, 0xe, 0xaf, 0xf1, 0x80, 0x79,
    0xc0, 0x8, 0x1, 0xc2, 0x48, 0x18, 0x1, 0xc8,
    0x18, 0x4a, 0x1, 0xd8, 0x8, 0xe2, 0x60, 0x19,
    0x0, 0xf0, 0x14, 0x2, 0x12, 0x30, 0x50, 0xc0,
    0x9, 0x0, 0x6a, 0x41, 0x0, 0x2c, 0x2, 0x55,
    0x0, 0x90, 0x1, 0x3, 0x7f, 0xce, 0x8, 0x2,
    0x42, 0x40, 0xd, 0xc, 0x4, 0x5, 0x0, 0x90,
    0x10, 0x0,

    /* U+00C5 "Å" */
    0x0, 0xa7, 0xf5, 0x0, 0x38, 0xdb, 0xaa, 0x0,
    0x3c, 0x23, 0x0, 0x78, 0xdf, 0xae, 0x0, 0x3c,
    0x62, 0x4e, 0x1, 0xe7, 0x0, 0x20, 0x7, 0x9,
    0x20, 0x60, 0x7, 0x20, 0x61, 0x28, 0x7, 0x60,
    0x23, 0x89, 0x80, 0x64, 0x3, 0xc0, 0x50, 0x8,
    0x48, 0xc1, 0x43, 0x0, 0x24, 0x1, 0xa9, 0x4,
    0x0, 0xb0, 0x9, 0x54, 0x2, 0x40, 0x4, 0xd,
    0xff, 0x38, 0x20, 0x9, 0x9, 0x0, 0x34, 0x30,
    0x10, 0x14, 0x2, 0x40, 0x40,

    /* U+00C6 "Æ" */
    0x0, 0x57, 0xff, 0x8c, 0x0, 0xe0, 0x60, 0x48,
    0x81, 0x0, 0x11, 0xc0, 0x55, 0xd8, 0x80, 0xc1,
    0x40, 0x3e, 0x50, 0xe0, 0xf, 0xbc, 0xc, 0x1,
    0x1f, 0xa0, 0x5, 0x5, 0x0, 0x9, 0xb8, 0x0,
    0xc0, 0xc4, 0x27, 0x28, 0x8, 0x1, 0xb4, 0x1,
    0xce, 0x9, 0x4e, 0x1, 0xda, 0x1a, 0xb8, 0x15,
    0x76, 0x23, 0x5, 0x0, 0x89, 0x10, 0x20,

    /* U+00C7 "Ç" */
    0x4, 0xcf, 0xf5, 0x90, 0x1d, 0x99, 0xa, 0x60,
    0xc8, 0x3e, 0xf2, 0x8b, 0x30, 0x2c, 0x1, 0x30,
    0x60, 0x1c, 0x6e, 0x80, 0x1f, 0xfd, 0x12, 0x74,
    0x60, 0xb0, 0x4, 0x40, 0xe4, 0x1f, 0x74, 0xa0,
    0xc7, 0x66, 0x44, 0x4c, 0x10, 0x48, 0x9, 0xb3,
    0x0, 0x93, 0xaf, 0x40, 0x35, 0x71, 0x28, 0x6,
    0xbe, 0xf8, 0x0, 0x0,

    /* U+00C8 "È" */
    0x2, 0x42, 0x0, 0xe1, 0xbc, 0x10, 0xc, 0x74,
    0x3a, 0x1, 0xcb, 0xf8, 0x1, 0x4f, 0xff, 0x98,
    0x0, 0x46, 0x7c, 0x0, 0xbc, 0xcc, 0xa0, 0x1f,
    0xfc, 0x69, 0xff, 0xb4, 0x2, 0x24, 0x4c, 0x1,
    0x5d, 0xe9, 0x0, 0xff, 0xe3, 0xde, 0x66, 0x50,
    0x1, 0x19, 0xf0,

    /* U+00C9 "É" */
    0x0, 0xc4, 0x82, 0x1, 0x8f, 0x64, 0x3, 0xb8,
    0x3c, 0x40, 0x36, 0xf9, 0x0, 0x27, 0xff, 0xcc,
    0x0, 0x23, 0x3e, 0x0, 0x5e, 0x66, 0x50, 0xf,
    0xfe, 0x34, 0xff, 0xda, 0x1, 0x12, 0x26, 0x0,
    0xae, 0xf4, 0x80, 0x7f, 0xf1, 0xef, 0x33, 0x28,
    0x0, 0x8c, 0xf8,

    /* U+00CA "Ê" */
    0x0, 0xc, 0x38, 0x7, 0x63, 0x45, 0x80, 0x56,
    0x5b, 0x49, 0x20, 0xb, 0xf3, 0x5f, 0x90, 0x9f,
    0xff, 0x30, 0x0, 0x8c, 0xf8, 0x1, 0x79, 0x99,
    0x40, 0x3f, 0xf8, 0xd3, 0xff, 0x68, 0x4, 0x48,
    0x98, 0x2, 0xbb, 0xd2, 0x1, 0xff, 0xc7, 0xbc,
    0xcc, 0xa0, 0x2, 0x33, 0xe0,

    /* U+00CB "Ë" */
    0x2, 0x30, 0x2, 0x8, 0xe, 0xe0, 0xa5, 0xf8,
    0x9, 0x10, 0x58, 0x50, 0x1, 0xba, 0x2, 0xea,
    0x9, 0xff, 0xf3, 0x0, 0x8, 0xcf, 0x80, 0x17,
    0x99, 0x94, 0x3, 0xff, 0x8d, 0x3f, 0xf6, 0x80,
    0x44, 0x89, 0x80, 0x2b, 0xbd, 0x20, 0x1f, 0xfc,
    0x7b, 0xcc, 0xca, 0x0, 0x23, 0x3e,

    /* U+00CC "Ì" */
    0x3, 0x41, 0x0, 0xe7, 0xbc, 0x0, 0xe4, 0x92,
    0xa0, 0xe, 0x6f, 0xa0, 0xa, 0x7f, 0xfc, 0x5c,
    0x44, 0x0, 0x11, 0x1, 0xf7, 0x80, 0xb7, 0x44,
    0x1, 0xff, 0xec, 0x7d, 0xe0, 0x2d, 0xd1, 0x71,
    0x10, 0x0, 0x44, 0x0,

    /* U+00CD "Í" */
    0x0, 0xc6, 0x82, 0x1, 0x93, 0x20, 0x40, 0x21,
    0xa1, 0xd0, 0xc, 0x3d, 0xc1, 0x0, 0x4f, 0xff,
    0x8b, 0x88, 0x80, 0x2, 0x20, 0x3e, 0xf0, 0x16,
    0xe8, 0x80, 0x3f, 0xfd, 0x8f, 0xbc, 0x5, 0xba,
    0x2e, 0x22, 0x0, 0x8, 0x80,

    /* U+00CE "Î" */
    0x0, 0x14, 0x38, 0x6, 0x1c, 0x68, 0x90, 0xb,
    0x3, 0x21, 0x9c, 0x1, 0xbc, 0x4f, 0xee, 0x13,
    0xff, 0xe2, 0xe2, 0x20, 0x0, 0x88, 0xf, 0xbc,
    0x5, 0xba, 0x20, 0xf, 0xff, 0x63, 0xef, 0x1,
    0x6e, 0x8b, 0x88, 0x80, 0x2, 0x20, 0x0,

    /* U+00CF "Ï" */
    0x3, 0x20, 0x2, 0x8, 0x16, 0x68, 0x35, 0xe8,
    0x18, 0x98, 0x10, 0x28, 0xf, 0x60, 0x27, 0xc8,
    0x4f, 0xff, 0x8b, 0x88, 0x80, 0x2, 0x20, 0x3e,
    0xf0, 0x16, 0xe8, 0x80, 0x3f, 0xfd, 0x8f, 0xbc,
    0x5, 0xba, 0x2e, 0x22, 0x0, 0x8, 0x80,

    /* U+00D0 "Ð" */
    0xc, 0xff, 0xba, 0x44, 0x3, 0x11, 0x8b, 0x60,
    0x6, 0xec, 0xe2, 0x22, 0x80, 0x70, 0xd0, 0x68,
    0x88, 0x1c, 0x3, 0xe, 0x10, 0x5d, 0x0, 0x6e,
    0x20, 0x98, 0x0, 0xc6, 0x20, 0xa4, 0x1, 0xff,
    0xc0, 0x10, 0xf, 0x50, 0x68, 0x5, 0xd9, 0xe4,
    0x45, 0x0, 0x88, 0xc5, 0xb0, 0x0,

    /* U+00D1 "Ñ" */
    0x0, 0xfe, 0x7f, 0xd3, 0xc8, 0x0, 0x4b, 0xbb,
    0xe, 0xc0, 0x15, 0x35, 0x9a, 0x61, 0xb7, 0xa0,
    0x69, 0xee, 0x0, 0x31, 0x0, 0xe1, 0x7, 0x0,
    0xe3, 0x2a, 0x0, 0xe3, 0xa3, 0x10, 0xc, 0x2a,
    0xe, 0x60, 0x18, 0x89, 0x40, 0x1e, 0xa3, 0x30,
    0x7, 0x28, 0x60, 0x7, 0x11, 0x10, 0x3, 0xd4,
    0x20, 0x1e, 0x50, 0x8,

    /* U+00D2 "Ò" */
    0x3, 0x41, 0x0, 0xe7, 0xbc, 0x0, 0xe4, 0x92,
    0xa0, 0xe, 0x6f, 0xa0, 0xc, 0x99, 0xfd, 0x22,
    0x7, 0x66, 0x40, 0xda, 0x12, 0x11, 0xbc, 0x66,
    0x47, 0x5, 0x0, 0x28, 0x10, 0x7, 0x8, 0x8,
    0x7, 0xff, 0x44, 0x40, 0x5c, 0x10, 0x0, 0xa0,
    0x52, 0x13, 0xbc, 0x66, 0x43, 0xb3, 0x20, 0x6d,
    0x0,

    /* U+00D3 "Ó" */
    0x0, 0xc6, 0x82, 0x1, 0x93, 0x20, 0x40, 0x21,
    0xa1, 0xd0, 0xc, 0x3d, 0xc1, 0x0, 0x93, 0x3f,
    0xa4, 0x40, 0xec, 0xc8, 0x1b, 0x42, 0x42, 0x37,
    0x8c, 0xc8, 0xe0, 0xa0, 0x5, 0x2, 0x0, 0xe1,
    0x1, 0x0, 0xff, 0xe8, 0x88, 0xb, 0x82, 0x0,
    0x14, 0xa, 0x42, 0x77, 0x8c, 0xc8, 0x76, 0x64,
    0xd, 0xa0,

    /* U+00D4 "Ô" */
    0x0, 0x14, 0x38, 0x6, 0x1c, 0x68, 0x90, 0xb,
    0x3, 0x21, 0x9c, 0x1, 0xbc, 0x4f, 0xee, 0x0,
    0x4c, 0xfe, 0x91, 0x3, 0xb3, 0x20, 0x6d, 0x9,
    0x8, 0xde, 0x33, 0x23, 0x82, 0x80, 0x14, 0x8,
    0x3, 0x84, 0x4, 0x3, 0xff, 0xa2, 0x20, 0x2e,
    0x8, 0x0, 0x50, 0x29, 0x9, 0xde, 0x33, 0x21,
    0xd9, 0x90, 0x36, 0x80,

    /* U+00D5 "Õ" */
    0x0, 0xfe, 0x7f, 0xd3, 0xc8, 0x0, 0x4b, 0xbb,
    0xe, 0xc0, 0x15, 0x35, 0x9a, 0x60, 0x16, 0xfe,
    0xd8, 0x81, 0xd9, 0x90, 0x36, 0x84, 0x84, 0x6f,
    0x19, 0x91, 0xc1, 0x40, 0xa, 0x4, 0x1, 0xc2,
    0x2, 0x1, 0xff, 0xd1, 0x10, 0x17, 0x4, 0x0,
    0x28, 0x14, 0x84, 0xef, 0x19, 0x90, 0xec, 0xc8,
    0x1b, 0x40,

    /* U+00D6 "Ö" */
    0x3, 0x20, 0x2, 0x8, 0x16, 0x68, 0x35, 0xe8,
    0x18, 0x98, 0x10, 0x28, 0xf, 0x60, 0x27, 0xc8,
    0x1, 0x33, 0xfa, 0x44, 0xe, 0xcc, 0x81, 0xb4,
    0x24, 0x23, 0x78, 0xcc, 0x8e, 0xa, 0x0, 0x50,
    0x20, 0xe, 0x10, 0x10, 0xf, 0xfe, 0x88, 0x80,
    0xb8, 0x20, 0x1, 0x40, 0xa4, 0x27, 0x78, 0xcc,
    0x87, 0x66, 0x40, 0xda, 0x0,

    /* U+00D7 "×" */
    0x5, 0x0, 0x90, 0x81, 0x2b, 0x1, 0x2f, 0xc1,
    0x10, 0x7b, 0x61, 0x0, 0xb, 0x32, 0x9, 0x50,
    0x2, 0x18, 0x2, 0x80, 0x9, 0x61, 0x28, 0x78,
    0xa, 0x54, 0xd6, 0x76, 0x3, 0xaa, 0x0, 0xc7,
    0x0,

    /* U+00D8 "Ø" */
    0x0, 0x26, 0x7f, 0x56, 0x70, 0x0, 0xec, 0xc8,
    0x14, 0xec, 0x1, 0x21, 0x3b, 0xe0, 0x1c, 0xe0,
    0x81, 0x20, 0x2, 0x0, 0xc6, 0x2e, 0x1, 0xfa,
    0xc5, 0x80, 0x3c, 0x8b, 0x22, 0x1, 0xe8, 0x27,
    0x0, 0xf8, 0xa4, 0x2, 0x10, 0x3, 0x1, 0xa0,
    0x20, 0x10, 0x0, 0x80, 0xf7, 0x8c, 0x90, 0x5,
    0x90, 0xc8, 0x17, 0x0, 0x4, 0xf5, 0x9f, 0xd4,
    0x20, 0x0,

    /* U+00D9 "Ù" */
    0x3, 0x41, 0x0, 0xe7, 0xbc, 0x0, 0xe4, 0x92,
    0xa0, 0xe, 0x6f, 0xa0, 0xb, 0x7c, 0x80, 0x13,
    0xee, 0x1, 0xff, 0xee, 0x10, 0xc, 0x2e, 0x8,
    0x0, 0x40, 0x29, 0x8, 0xce, 0x22, 0x21, 0xd9,
    0x98, 0x17, 0x0,

    /* U+00DA "Ú" */
    0x0, 0xc6, 0x82, 0x1, 0x93, 0x20, 0x40, 0x21,
    0xa1, 0xd0, 0xc, 0x3d, 0xc1, 0x0, 0x6f, 0x90,
    0x2, 0x7d, 0xc0, 0x3f, 0xfd, 0xc2, 0x1, 0x85,
    0xc1, 0x0, 0x8, 0x5, 0x21, 0x19, 0xc4, 0x44,
    0x3b, 0x33, 0x2, 0xe0, 0x0,

    /* U+00DB "Û" */
    0x0, 0x14, 0x38, 0x6, 0x1c, 0x68, 0x90, 0xb,
    0x3, 0x21, 0x9c, 0x1, 0xbc, 0x4f, 0xee, 0x1b,
    0xe4, 0x0, 0x9f, 0x70, 0xf, 0xff, 0x70, 0x80,
    0x61, 0x70, 0x40, 0x2, 0x1, 0x48, 0x46, 0x71,
    0x11, 0xe, 0xcc, 0xc0, 0xb8, 0x0,

    /* U+00DC "Ü" */
    0x3, 0x20, 0x2, 0x8, 0x16, 0x68, 0x35, 0xe8,
    0x18, 0x98, 0x10, 0x28, 0xf, 0x60, 0x27, 0xc8,
    0x6f, 0x90, 0x2, 0x7d, 0xc0, 0x3f, 0xfd, 0xc2,
    0x1, 0x85, 0xc1, 0x0, 0x8, 0x5, 0x21, 0x19,
    0xc4, 0x44, 0x3b, 0x33, 0x2, 0xe0, 0x0,

    /* U+00DD "Ý" */
    0x0, 0xe3, 0x41, 0x0, 0xf2, 0x64, 0x8, 0x7,
    0xd, 0xe, 0x80, 0x78, 0x7b, 0x82, 0x1, 0x37,
    0xd8, 0x4, 0x3f, 0xe0, 0x61, 0x42, 0x0, 0x30,
    0x38, 0x1, 0x82, 0xc0, 0x12, 0x14, 0x0, 0x90,
    0x60, 0x51, 0x52, 0x0, 0xb, 0x3, 0x70, 0x48,
    0x6, 0xb0, 0xa4, 0x33, 0x0, 0x62, 0x43, 0x9,
    0x0, 0xf7, 0x80, 0xa8, 0x7, 0x9c, 0xc, 0x3,
    0xff, 0xac,

    /* U+00DE "Þ" */
    0xcf, 0x40, 0xf, 0xfe, 0x1c, 0x5d, 0xa0, 0x80,
    0x23, 0x44, 0x3e, 0x98, 0x2, 0xff, 0xce, 0x1e,
    0x1, 0xd2, 0x4, 0x1, 0xc8, 0x6, 0x0, 0x8b,
    0xca, 0xb, 0x0, 0x1a, 0x19, 0x4b, 0x0, 0x2f,
    0xfd, 0xac, 0x1, 0xff, 0xc5,

    /* U+00DF "ß" */
    0x4, 0xcf, 0xea, 0x20, 0x3b, 0x33, 0x97, 0x6,
    0x42, 0x33, 0x4c, 0x5d, 0x81, 0x0, 0x8, 0x2,
    0x20, 0x10, 0x25, 0x5, 0x0, 0xb3, 0x4e, 0xc8,
    0x2, 0xb5, 0x1a, 0x10, 0x9, 0xea, 0x6, 0x0,
    0x39, 0x1, 0x40, 0x3a, 0x81, 0xc0, 0x29, 0xd6,
    0xf, 0x0, 0x94, 0x8e, 0xd0,

    /* U+00E0 "à" */
    0x0, 0x37, 0xe0, 0x7, 0x99, 0xce, 0x0, 0x3d,
    0x19, 0x60, 0x1f, 0x19, 0x80, 0x39, 0xb7, 0xfa,
    0xc8, 0x0, 0xd2, 0x6a, 0xa4, 0xc0, 0x2, 0xd7,
    0xd5, 0xa8, 0xa0, 0x17, 0xfe, 0x50, 0x20, 0xb5,
    0x7c, 0xc2, 0x0, 0x4a, 0x12, 0x66, 0x10, 0xe,
    0x10, 0x2, 0x0, 0x48, 0x1f, 0x5c, 0x1, 0xa9,
    0x45, 0x19, 0xc0, 0x0,

    /* U+00E1 "á" */
    0x0, 0xc3, 0xde, 0x40, 0x1d, 0xa3, 0x64, 0x1,
    0x86, 0x31, 0x0, 0x38, 0x50, 0xc0, 0x39, 0xb7,
    0xfa, 0xc8, 0x0, 0xd2, 0x6a, 0xa4, 0xc0, 0x2,
    0xd7, 0xd5, 0xa8, 0xa0, 0x17, 0xfe, 0x50, 0x20,
    0xb5, 0x7c, 0xc2, 0x0, 0x4a, 0x12, 0x66, 0x10,
    0xe, 0x10, 0x2, 0x0, 0x48, 0x1f, 0x5c, 0x1,
    0xa9, 0x45, 0x19, 0xc0, 0x0,

    /* U+00E2 "â" */
    0x0, 0x9f, 0xfc, 0x80, 0x19, 0x61, 0x8e, 0xc8,
    0x2, 0x28, 0x9d, 0x84, 0x0, 0x9d, 0xc0, 0x2e,
    0xc0, 0x13, 0x6f, 0xf5, 0x90, 0x1, 0xa4, 0xd5,
    0x49, 0x80, 0x5, 0xaf, 0xab, 0x51, 0x40, 0x2f,
    0xfc, 0xa0, 0x41, 0x6a, 0xf9, 0x84, 0x0, 0x94,
    0x24, 0xcc, 0x20, 0x1c, 0x20, 0x4, 0x0, 0x90,
    0x3e, 0xb8, 0x3, 0x52, 0x8a, 0x33, 0x80, 0x0,

    /* U+00E3 "ã" */
    0x0, 0xff, 0x9b, 0xf4, 0xea, 0x40, 0x2b, 0x67,
    0xc5, 0xc0, 0xa, 0x62, 0xb3, 0xa, 0x1, 0x20,
    0x81, 0x98, 0x3, 0x36, 0xff, 0x59, 0x0, 0x1a,
    0x4d, 0x54, 0x98, 0x0, 0x5a, 0xfa, 0xb5, 0x14,
    0x2, 0xff, 0xca, 0x4, 0x16, 0xaf, 0x98, 0x40,
    0x9, 0x42, 0x4c, 0xc2, 0x1, 0xc2, 0x0, 0x40,
    0x9, 0x3, 0xeb, 0x80, 0x35, 0x28, 0xa3, 0x38,
    0x0,

    /* U+00E4 "ä" */
    0x0, 0x6e, 0x80, 0xfa, 0x80, 0x2, 0x44, 0x16,
    0x17, 0x0, 0xe, 0xe8, 0x57, 0x30, 0x1, 0x11,
    0x0, 0x6, 0x20, 0x13, 0x6f, 0xf5, 0x90, 0x1,
    0xa4, 0xd5, 0x49, 0x80, 0x5, 0xaf, 0xab, 0x51,
    0x40, 0x2f, 0xfc, 0xa0, 0x41, 0x6a, 0xf9, 0x84,
    0x0, 0x94, 0x24, 0xcc, 0x20, 0x1c, 0x20, 0x4,
    0x0, 0x90, 0x3e, 0xb8, 0x3, 0x52, 0x8a, 0x33,
    0x80, 0x0,

    /* U+00E5 "å" */
    0x0, 0x9b, 0x70, 0xc0, 0x30, 0xcf, 0x5f, 0x0,
    0x63, 0x2, 0x33, 0x0, 0x62, 0x6e, 0xbb, 0x0,
    0x74, 0xff, 0x94, 0x3, 0x36, 0xff, 0x59, 0x0,
    0x1a, 0x4d, 0x54, 0x98, 0x0, 0x5a, 0xfa, 0xb5,
    0x14, 0x2, 0xff, 0xca, 0x4, 0x16, 0xaf, 0x98,
    0x40, 0x9, 0x42, 0x4c, 0xc2, 0x1, 0xc2, 0x0,
    0x40, 0x9, 0x3, 0xeb, 0x80, 0x35, 0x28, 0xa3,
    0x38, 0x0,

    /* U+00E6 "æ" */
    0x7, 0xee, 0x24, 0xfe, 0x98, 0x14, 0x13, 0xd3,
    0x41, 0x70, 0x2, 0x3a, 0x45, 0x1d, 0x48, 0x9,
    0xc8, 0x0, 0x20, 0x60, 0x20, 0xfd, 0xe0, 0xbe,
    0xc0, 0x4, 0x86, 0xc0, 0x4c, 0xc8, 0x4c, 0x2c,
    0xc0, 0x4d, 0x90, 0x8, 0x22, 0x45, 0x5e, 0xe4,
    0x15, 0xd5, 0xe9, 0xe0, 0xf4, 0x0,

    /* U+00E7 "ç" */
    0x4, 0xcf, 0xeb, 0x30, 0x3b, 0x32, 0x34, 0xc2,
    0x90, 0x8d, 0xd3, 0x2, 0xb0, 0x20, 0x2, 0x75,
    0x80, 0x3c, 0x42, 0x1, 0xe2, 0x16, 0x4, 0x0,
    0x4e, 0xb4, 0x84, 0x6e, 0x98, 0x14, 0xec, 0xc8,
    0xd3, 0x8, 0x12, 0x46, 0x2c, 0xc0, 0x25, 0xf8,
    0xc0, 0xd, 0x7c, 0x36, 0x1, 0xab, 0xbd, 0xc0,
    0x0,

    /* U+00E8 "è" */
    0x7, 0xfb, 0x0, 0xe7, 0x54, 0x70, 0xe, 0xab,
    0x40, 0xf, 0x21, 0x80, 0x65, 0xcf, 0xe9, 0x10,
    0x4a, 0x36, 0x56, 0xc0, 0xf0, 0xb9, 0xb5, 0x24,
    0x60, 0x61, 0x16, 0x81, 0x98, 0x37, 0xb9, 0x0,
    0x3, 0xb, 0xbe, 0x66, 0x3, 0xa2, 0x0, 0x83,
    0xc3, 0x2f, 0x2e, 0x5, 0x28, 0xd0, 0x97, 0x0,

    /* U+00E9 "é" */
    0x0, 0x8b, 0xf8, 0x40, 0x37, 0x86, 0x88, 0x4,
    0x33, 0xa6, 0x1, 0x85, 0x8, 0x3, 0x2e, 0x7f,
    0x48, 0x82, 0x51, 0xb2, 0xb6, 0x7, 0x85, 0xcd,
    0xa9, 0x23, 0x3, 0x8, 0xb4, 0xc, 0xc1, 0xbd,
    0xc8, 0x0, 0x18, 0x5d, 0xf3, 0x30, 0x1d, 0x10,
    0x4, 0x1e, 0x19, 0x79, 0x70, 0x29, 0x46, 0x84,
    0xb8, 0x0,

    /* U+00EA "ê" */
    0x0, 0x4f, 0xf8, 0xc0, 0x27, 0x66, 0x16, 0x90,
    0x5, 0x32, 0xc6, 0x70, 0x3, 0xb0, 0xc, 0x28,
    0x1, 0x73, 0xfa, 0x44, 0x12, 0x8d, 0x95, 0xb0,
    0x3c, 0x2e, 0x6d, 0x49, 0x18, 0x18, 0x45, 0xa0,
    0x66, 0xd, 0xee, 0x40, 0x0, 0xc2, 0xef, 0x99,
    0x80, 0xe8, 0x80, 0x20, 0xf0, 0xcb, 0xcb, 0x81,
    0x4a, 0x34, 0x25, 0xc0,

    /* U+00EB "ë" */
    0x1e, 0xc0, 0x4f, 0x90, 0x31, 0x30, 0x20, 0x50,
    0x2c, 0xd0, 0x6b, 0xd0, 0x1, 0x90, 0x1, 0x4,
    0x0, 0xb9, 0xfd, 0x22, 0x9, 0x46, 0xca, 0xd8,
    0x1e, 0x17, 0x36, 0xa4, 0x8c, 0xc, 0x22, 0xd0,
    0x33, 0x6, 0xf7, 0x20, 0x0, 0x61, 0x77, 0xcc,
    0xc0, 0x74, 0x40, 0x10, 0x78, 0x65, 0xe5, 0xc0,
    0xa5, 0x1a, 0x12, 0xe0, 0x0,

    /* U+00EC "ì" */
    0x3, 0xfe, 0x10, 0xc, 0x74, 0x3a, 0x1, 0xcb,
    0x90, 0x1, 0xe3, 0x40, 0x9, 0xff, 0xf1, 0x80,
    0x4, 0x88, 0x1, 0xcd, 0xba, 0x30, 0xf, 0xfe,
    0xc5, 0x6e, 0x8c, 0x3b, 0x6d, 0x88, 0x80, 0x2,
    0x22, 0x80,

    /* U+00ED "í" */
    0x0, 0xd9, 0xea, 0x1, 0xa4, 0xe1, 0x40, 0x35,
    0x63, 0x80, 0x71, 0x98, 0x2, 0x7f, 0xfc, 0x60,
    0x1, 0x22, 0x0, 0x73, 0x6e, 0x8c, 0x3, 0xff,
    0xb1, 0x5b, 0xa3, 0xe, 0xdb, 0x62, 0x20, 0x0,
    0x88, 0xa0,

    /* U+00EE "î" */
    0x0, 0xb, 0xc1, 0x0, 0x43, 0x94, 0x98, 0x60,
    0x7, 0xac, 0xc4, 0xa0, 0x1, 0x9c, 0x41, 0xdc,
    0xf, 0xff, 0x8c, 0x0, 0x24, 0x40, 0xe, 0x6d,
    0xd1, 0x80, 0x7f, 0xf6, 0x2b, 0x74, 0x61, 0xdb,
    0x6c, 0x44, 0x0, 0x11, 0x14,

    /* U+00EF "ï" */
    0x1, 0x30, 0x1, 0x10, 0x1, 0xf8, 0x83, 0xba,
    0x10, 0x51, 0x61, 0x22, 0x8, 0x5f, 0x10, 0x6e,
    0x81, 0xff, 0xf1, 0x80, 0x4, 0x88, 0x1, 0xcd,
    0xba, 0x30, 0xf, 0xfe, 0xc5, 0x6e, 0x8c, 0x3b,
    0x6d, 0x88, 0x80, 0x2, 0x22, 0x80,

    /* U+00F0 "ð" */
    0x0, 0xff, 0x97, 0xf5, 0x2a, 0x80, 0x12, 0x91,
    0x2d, 0x70, 0x0, 0x5c, 0x40, 0xb, 0x60, 0x0,
    0x95, 0x50, 0x28, 0x40, 0x7, 0x8a, 0xb0, 0xd8,
    0x5, 0x3d, 0xe6, 0x2a, 0x41, 0x4c, 0xc, 0x42,
    0x14, 0xa, 0x19, 0x36, 0xe0, 0x64, 0x2, 0x40,
    0xc, 0x0, 0x10, 0x9, 0x80, 0x34, 0xc, 0x20,
    0x33, 0x1a, 0xc3, 0x20, 0xf2, 0x46, 0x65, 0xc1,

    /* U+00F1 "ñ" */
    0x0, 0xfe, 0x6f, 0xd3, 0xa9, 0x0, 0x5b, 0x3e,
    0x2e, 0x0, 0x26, 0x2b, 0x30, 0xa0, 0x4, 0x10,
    0x33, 0x0, 0x33, 0xd7, 0x3f, 0xc, 0x2, 0xb6,
    0x33, 0x68, 0x80, 0x22, 0xb0, 0xc5, 0x40, 0xa,
    0x0, 0x50, 0x20, 0xf, 0xfe, 0xe0,

    /* U+00F2 "ò" */
    0x7, 0xfb, 0x0, 0xe7, 0x54, 0x70, 0xe, 0xab,
    0x40, 0xf, 0x21, 0x80, 0x64, 0xcf, 0xea, 0x10,
    0x4b, 0x33, 0x2, 0xe0, 0x78, 0x4e, 0x71, 0x92,
    0xb0, 0x20, 0x1, 0x0, 0x8c, 0x3, 0xe3, 0x0,
    0xf9, 0x81, 0x0, 0x8, 0x7, 0xe1, 0x39, 0xc6,
    0x48, 0x8b, 0x33, 0x2, 0xe0, 0x0,

    /* U+00F3 "ó" */
    0x0, 0x8b, 0xf8, 0x40, 0x37, 0x86, 0x88, 0x4,
    0x33, 0xa6, 0x1, 0x85, 0x8, 0x3, 0x26, 0x7f,
    0x50, 0x82, 0x59, 0x98, 0x17, 0x3, 0xc2, 0x73,
    0x8c, 0x95, 0x81, 0x0, 0x8, 0x4, 0x60, 0x1f,
    0x18, 0x7, 0xcc, 0x8, 0x0, 0x40, 0x3f, 0x9,
    0xce, 0x32, 0x44, 0x59, 0x98, 0x17, 0x0,

    /* U+00F4 "ô" */
    0x0, 0x4f, 0xf8, 0xc0, 0x27, 0x66, 0x16, 0x90,
    0x5, 0x32, 0xc6, 0x70, 0x3, 0xb0, 0xc, 0x28,
    0x1, 0x33, 0xfa, 0x84, 0x12, 0xcc, 0xc0, 0xb8,
    0x1e, 0x13, 0x9c, 0x64, 0xac, 0x8, 0x0, 0x40,
    0x23, 0x0, 0xf8, 0xc0, 0x3e, 0x60, 0x40, 0x2,
    0x1, 0xf8, 0x4e, 0x71, 0x92, 0x22, 0xcc, 0xc0,
    0xb8, 0x0,

    /* U+00F5 "õ" */
    0x0, 0xfe, 0x7f, 0xd2, 0xb8, 0x0, 0x4b, 0xb6,
    0xa6, 0x0, 0x2e, 0x6e, 0xd8, 0x80, 0x5, 0x10,
    0x43, 0x0, 0x93, 0x3f, 0xa8, 0x41, 0x2c, 0xcc,
    0xb, 0x81, 0xe1, 0x39, 0xc6, 0x4a, 0xc0, 0x80,
    0x4, 0x2, 0x30, 0xf, 0x8c, 0x3, 0xe6, 0x4,
    0x0, 0x20, 0x1f, 0x84, 0xe7, 0x19, 0x22, 0x2c,
    0xcc, 0xb, 0x80,

    /* U+00F6 "ö" */
    0x1e, 0xc0, 0x4f, 0x90, 0x31, 0x30, 0x20, 0x50,
    0x2c, 0xd0, 0x6b, 0xd0, 0x1, 0x90, 0x1, 0x4,
    0x0, 0x99, 0xfd, 0x42, 0x9, 0x66, 0x60, 0x5c,
    0xf, 0x9, 0xce, 0x32, 0x56, 0x4, 0x0, 0x20,
    0x11, 0x80, 0x7c, 0x60, 0x1f, 0x30, 0x20, 0x1,
    0x0, 0xfc, 0x27, 0x38, 0xc9, 0x11, 0x66, 0x60,
    0x5c, 0x0,

    /* U+00F7 "÷" */
    0x0, 0x15, 0x38, 0x6, 0x85, 0x83, 0x0, 0xbc,
    0x8, 0x80, 0x12, 0xfe, 0x88, 0x2e, 0xef, 0x8c,
    0x8b, 0xcd, 0xff, 0xe0, 0x1, 0x53, 0x80, 0x68,
    0x58, 0x30, 0xb, 0xc0, 0x88, 0x0,

    /* U+00F8 "ø" */
    0x0, 0xf9, 0x5c, 0x2, 0x4c, 0xfe, 0xba, 0x0,
    0x92, 0xcc, 0xc0, 0x80, 0xe0, 0xe, 0xa, 0xc4,
    0x0, 0x20, 0x1, 0xc1, 0x57, 0x1, 0x80, 0x62,
    0xa7, 0xc0, 0xf, 0x79, 0xc0, 0x80, 0x66, 0x2,
    0xe0, 0xc0, 0x30, 0x6, 0x80, 0x3f, 0x90, 0x90,
    0x1, 0x66, 0x62, 0x5, 0xc0, 0x1, 0x2f, 0x67,
    0xf5, 0x8, 0x0,

    /* U+00F9 "ù" */
    0x7, 0xfb, 0x0, 0xe7, 0x54, 0x70, 0xe, 0xab,
    0x40, 0xf, 0x21, 0x80, 0x59, 0xe6, 0x0, 0x9f,
    0x60, 0xf, 0xfe, 0xe3, 0x2, 0x0, 0x10, 0x16,
    0x42, 0x33, 0x88, 0xce, 0xb3, 0x30, 0x36, 0x80,

    /* U+00FA "ú" */
    0x0, 0x8b, 0xf8, 0x40, 0x37, 0x86, 0x88, 0x4,
    0x33, 0xa6, 0x1, 0x85, 0x8, 0x2, 0xcf, 0x30,
    0x4, 0xfb, 0x0, 0x7f, 0xf7, 0x18, 0x10, 0x0,
    0x80, 0xb2, 0x11, 0x9c, 0x46, 0x75, 0x99, 0x81,
    0xb4, 0x0,

    /* U+00FB "û" */
    0x0, 0x4f, 0xf8, 0xc0, 0x27, 0x66, 0x16, 0x90,
    0x5, 0x32, 0xc6, 0x70, 0x3, 0xb0, 0xc, 0x28,
    0x67, 0x98, 0x2, 0x7d, 0x80, 0x3f, 0xfb, 0x8c,
    0x8, 0x0, 0x40, 0x59, 0x8, 0xce, 0x23, 0x3a,
    0xcc, 0xc0, 0xda, 0x0,

    /* U+00FC "ü" */
    0x1e, 0xc0, 0x4f, 0x90, 0x31, 0x30, 0x20, 0x50,
    0x2c, 0xd0, 0x6b, 0xd0, 0x1, 0x90, 0x1, 0x4,
    0x33, 0xcc, 0x1, 0x3e, 0xc0, 0x1f, 0xfd, 0xc6,
    0x4, 0x0, 0x20, 0x2c, 0x84, 0x67, 0x11, 0x9d,
    0x66, 0x60, 0x6d, 0x0,

    /* U+00FD "ý" */
    0x0, 0xe3, 0x41, 0x0, 0xf2, 0x64, 0x8, 0x7,
    0xd, 0xe, 0x80, 0x78, 0x7b, 0x82, 0x1, 0x1f,
    0xe8, 0x4, 0x9f, 0xa0, 0x64, 0x43, 0x0, 0x68,
    0x50, 0x2, 0x82, 0x80, 0xe, 0xa, 0x0, 0x60,
    0x60, 0x41, 0x32, 0x0, 0xa, 0x82, 0xe8, 0x50,
    0x6, 0xe0, 0xf7, 0x7, 0x0, 0xc8, 0x2a, 0x28,
    0x20, 0x1c, 0xc0, 0xe, 0x0, 0xf5, 0x80, 0x14,
    0x3, 0xc8, 0xa, 0x1, 0xf5, 0x7, 0x0, 0x78,
    0x88, 0x28, 0x1, 0x80,

    /* U+00FE "þ" */
    0xcf, 0x30, 0xf, 0xfe, 0x5b, 0xe7, 0xe1, 0x80,
    0x52, 0x2, 0x7a, 0x1, 0x56, 0x71, 0x8a, 0x80,
    0x10, 0x0, 0xa0, 0x60, 0x1f, 0x8, 0x7, 0xc2,
    0x0, 0x40, 0x2, 0x81, 0x80, 0x2b, 0x38, 0xc5,
    0x0, 0x12, 0x2, 0x7a, 0x20, 0x6, 0xcf, 0xc3,
    0x0, 0xff, 0xe2, 0x80,

    /* U+00FF "ÿ" */
    0x0, 0x19, 0x0, 0x10, 0x40, 0x22, 0xcd, 0x6,
    0xbd, 0x0, 0x8c, 0x4c, 0x8, 0x14, 0x2, 0x1e,
    0xc0, 0x4f, 0x90, 0x1, 0xfe, 0x80, 0x49, 0xfa,
    0x6, 0x44, 0x30, 0x6, 0x85, 0x0, 0x28, 0x28,
    0x0, 0xe0, 0xa0, 0x6, 0x6, 0x4, 0x13, 0x20,
    0x0, 0xa8, 0x2e, 0x85, 0x0, 0x6e, 0xf, 0x70,
    0x70, 0xc, 0x82, 0xa2, 0x82, 0x1, 0xcc, 0x0,
    0xe0, 0xf, 0x58, 0x1, 0x40, 0x3c, 0x80, 0xa0,
    0x1f, 0x50, 0x70, 0x7, 0x88, 0x82, 0x80, 0x18,

    /* U+0100 "Ā" */
    0x0, 0x7f, 0xf4, 0x0, 0x67, 0x7e, 0xc0, 0xd,
    0x11, 0xc8, 0x1, 0xd5, 0xfe, 0x30, 0xf, 0x38,
    0x1, 0x0, 0x38, 0x49, 0x3, 0x0, 0x39, 0x3,
    0x9, 0x40, 0x3b, 0x1, 0x1c, 0x4c, 0x3, 0x20,
    0x1e, 0x2, 0x80, 0x42, 0x46, 0xa, 0x18, 0x1,
    0x20, 0xd, 0x48, 0x20, 0x5, 0x80, 0x4a, 0xa0,
    0x12, 0x0, 0x20, 0x6f, 0xf9, 0xc1, 0x0, 0x48,
    0x48, 0x1, 0xa1, 0x80, 0x80, 0xa0, 0x12, 0x2,
    0x0,

    /* U+0101 "ā" */
    0x0, 0x3c, 0x46, 0x50, 0xa, 0x5d, 0xf7, 0x80,
    0x5d, 0xff, 0xa8, 0x3, 0xff, 0x80, 0xdb, 0xfd,
    0x64, 0x0, 0x69, 0x35, 0x52, 0x60, 0x1, 0x6b,
    0xea, 0xd4, 0x50, 0xb, 0xff, 0x28, 0x10, 0x5a,
    0xbe, 0x61, 0x0, 0x25, 0x9, 0x33, 0x8, 0x7,
    0x8, 0x1, 0x0, 0x24, 0xf, 0xae, 0x0, 0xd4,
    0xa2, 0x8c, 0xe0, 0x0,

    /* U+0102 "Ă" */
    0x0, 0x3a, 0x0, 0x1d, 0x0, 0x35, 0xc8, 0xac,
    0x10, 0x6, 0xe0, 0xea, 0x56, 0x0, 0xc5, 0xba,
    0xea, 0x0, 0xf5, 0x6f, 0x18, 0x7, 0x9c, 0x0,
    0x80, 0x1c, 0x24, 0x81, 0x80, 0x1c, 0x81, 0x84,
    0xa0, 0x1d, 0x80, 0x8e, 0x26, 0x1, 0x90, 0xf,
    0x1, 0x40, 0x21, 0x23, 0x5, 0xc, 0x0, 0x90,
    0x6, 0xa4, 0x10, 0x2, 0xc0, 0x25, 0x50, 0x9,
    0x0, 0x10, 0x37, 0xfc, 0xe0, 0x80, 0x24, 0x24,
    0x0, 0xd0, 0xc0, 0x40, 0x50, 0x9, 0x1, 0x0,

    /* U+0103 "ă" */
    0x0, 0x6e, 0x9, 0x7c, 0x80, 0x52, 0x5d, 0xa7,
    0x0, 0x12, 0x76, 0xf6, 0x8, 0x7, 0x10, 0x80,
    0x73, 0x6f, 0xf5, 0x90, 0x1, 0xa4, 0xd5, 0x49,
    0x80, 0x4, 0xbf, 0xab, 0x51, 0x40, 0x3e, 0xff,
    0x94, 0x8, 0x2d, 0x5f, 0x30, 0x80, 0x12, 0x84,
    0x99, 0x84, 0x3, 0x84, 0x0, 0x80, 0x12, 0x7,
    0xd7, 0x0, 0x6a, 0x51, 0x46, 0x70, 0x0,

    /* U+0104 "Ą" */
    0x0, 0xab, 0xfc, 0x60, 0x1e, 0x70, 0x2, 0x0,
    0x70, 0x92, 0x6, 0x0, 0x72, 0x6, 0x12, 0x80,
    0x76, 0x2, 0x38, 0x98, 0x6, 0x40, 0x3c, 0x5,
    0x0, 0x84, 0x8c, 0x14, 0x30, 0x2, 0x40, 0x1a,
    0x90, 0x40, 0xb, 0x0, 0x95, 0x40, 0x24, 0x0,
    0x40, 0xdf, 0xf3, 0x82, 0x0, 0x90, 0x90, 0x3,
    0x43, 0x1, 0x1, 0x40, 0x24, 0x4, 0x5, 0xfb,
    0x0, 0xac, 0xfc, 0x3, 0xc6, 0xaa, 0x0, 0xf8,
    0x85, 0xb8, 0xc0, 0x38, 0x7b, 0x2c, 0x80,

    /* U+0105 "ą" */
    0x0, 0x36, 0xff, 0x59, 0x0, 0x4d, 0x26, 0xaa,
    0x4c, 0x10, 0x2, 0xd7, 0xd5, 0xa8, 0xa8, 0x0,
    0xbf, 0xf2, 0x81, 0x0, 0x2d, 0x5f, 0x30, 0x80,
    0x19, 0x42, 0x4c, 0xc2, 0x1, 0xe1, 0x0, 0x20,
    0x6, 0x40, 0xfa, 0xe0, 0xe, 0xa5, 0x14, 0x67,
    0x3, 0x0, 0xd, 0x7f, 0x41, 0x99, 0x40, 0x3c,
    0x6a, 0xa1, 0x0, 0xf1, 0xb, 0x72, 0x0, 0x70,
    0xf6, 0x5a, 0x80,

    /* U+0106 "Ć" */
    0x0, 0xc4, 0x82, 0x1, 0x8f, 0x64, 0x40, 0x21,
    0xd0, 0xf0, 0xc, 0x3d, 0xe4, 0x1, 0x26, 0x7f,
    0xac, 0x80, 0xec, 0xc8, 0x53, 0x6, 0x41, 0xf7,
    0x94, 0x59, 0x81, 0x60, 0x9, 0x83, 0x0, 0xe3,
    0x74, 0x0, 0xff, 0xe8, 0x93, 0xa3, 0x5, 0x80,
    0x22, 0x7, 0x20, 0xfb, 0xa5, 0x16, 0x3b, 0x32,
    0x22, 0x60, 0x80,

    /* U+0107 "ć" */
    0x0, 0x87, 0xbc, 0xc0, 0x35, 0xd, 0x18, 0x6,
    0xfc, 0x50, 0xe, 0x43, 0x0, 0xc9, 0x9f, 0xd6,
    0x60, 0x76, 0x64, 0x69, 0x85, 0x21, 0x1b, 0xa6,
    0x5, 0x60, 0x40, 0x4, 0xeb, 0x0, 0x78, 0x84,
    0x3, 0xc4, 0x2c, 0x8, 0x0, 0x9d, 0x69, 0x8,
    0xdd, 0x30, 0x29, 0xd9, 0x91, 0xa6, 0x10,

    /* U+0108 "Ĉ" */
    0x0, 0x14, 0x38, 0x6, 0x1f, 0x68, 0xa0, 0xb,
    0x4b, 0x65, 0x60, 0x1, 0x9e, 0x6d, 0xf0, 0x0,
    0x4c, 0xff, 0x59, 0x1, 0xd9, 0x90, 0xa6, 0xc,
    0x83, 0xef, 0x28, 0xb3, 0x2, 0xc0, 0x13, 0x6,
    0x1, 0xc6, 0xe8, 0x1, 0xff, 0xd1, 0x27, 0x46,
    0xb, 0x0, 0x44, 0xe, 0x41, 0xf7, 0x4a, 0x2c,
    0x76, 0x64, 0x44, 0xc1,

    /* U+0109 "ĉ" */
    0x0, 0x37, 0xf9, 0x40, 0x24, 0x95, 0x3a, 0x30,
    0x1, 0xc5, 0x64, 0x28, 0x1, 0xdc, 0x0, 0x76,
    0x0, 0x26, 0x7f, 0x59, 0x81, 0xd9, 0x91, 0xa6,
    0x14, 0x84, 0x6e, 0x98, 0x15, 0x81, 0x0, 0x13,
    0xac, 0x1, 0xe2, 0x10, 0xf, 0x10, 0xb0, 0x20,
    0x2, 0x75, 0xa4, 0x23, 0x74, 0xc0, 0xa7, 0x66,
    0x46, 0x98, 0x40,

    /* U+010A "Ċ" */
    0x0, 0x8c, 0x80, 0x39, 0x73, 0x44, 0x3, 0x30,
    0x90, 0x80, 0x63, 0xed, 0x0, 0xc9, 0x9f, 0xeb,
    0x20, 0x3b, 0x32, 0x14, 0xc1, 0x90, 0x7d, 0xe5,
    0x16, 0x60, 0x58, 0x2, 0x60, 0xc0, 0x38, 0xdd,
    0x0, 0x3f, 0xfa, 0x24, 0xe8, 0xc1, 0x60, 0x8,
    0x81, 0xc8, 0x3e, 0xe9, 0x45, 0x8e, 0xcc, 0x88,
    0x98, 0x20,

    /* U+010B "ċ" */
    0x0, 0x17, 0x68, 0x80, 0x66, 0x12, 0x30, 0xc,
    0x99, 0xa4, 0x1, 0xc6, 0x40, 0x19, 0x33, 0xfa,
    0xcc, 0xe, 0xcc, 0x8d, 0x30, 0xa4, 0x23, 0x74,
    0xc0, 0xac, 0x8, 0x0, 0x9d, 0x60, 0xf, 0x10,
    0x80, 0x78, 0x85, 0x81, 0x0, 0x13, 0xad, 0x21,
    0x1b, 0xa6, 0x5, 0x3b, 0x32, 0x34, 0xc2,

    /* U+010C "Č" */
    0xb, 0xc1, 0x4d, 0x80, 0x4, 0x96, 0x58, 0xc0,
    0x0, 0xa9, 0x93, 0x40, 0x32, 0x5d, 0x84, 0x2,
    0x4c, 0xff, 0x59, 0x81, 0xd9, 0x91, 0x13, 0xe,
    0x41, 0xf7, 0x4e, 0x14, 0xc1, 0x60, 0x8, 0xf9,
    0x0, 0xff, 0xec, 0x9c, 0xab, 0x5, 0x80, 0x25,
    0x8a, 0x41, 0xf7, 0x94, 0x58, 0xec, 0xc8, 0x53,
    0x4,

    /* U+010D "č" */
    0xa, 0xc2, 0x3c, 0x80, 0x5, 0x8e, 0x68, 0x40,
    0x0, 0x7d, 0x99, 0xa0, 0x18, 0xa2, 0x2, 0x1,
    0x26, 0x7f, 0x59, 0x81, 0xd9, 0x91, 0xa6, 0x14,
    0x84, 0x6e, 0x9c, 0x29, 0x81, 0x0, 0x11, 0xf0,
    0x1, 0xff, 0xc1, 0x13, 0x26, 0x4, 0x0, 0x46,
    0x2c, 0x84, 0x6e, 0x98, 0x14, 0xec, 0xc8, 0xd3,
    0x8,

    /* U+010E "Ď" */
    0x7, 0x60, 0x18, 0x50, 0xa, 0x65, 0x8c, 0xe0,
    0x7, 0x66, 0x16, 0x90, 0x5, 0x3f, 0xe3, 0x0,
    0x67, 0xfd, 0xd2, 0x20, 0x11, 0x18, 0xb6, 0x0,
    0x5d, 0x9c, 0x44, 0x50, 0xc, 0x34, 0x1a, 0x1,
    0xf0, 0x80, 0x7f, 0xf4, 0xc4, 0x3, 0xa8, 0x34,
    0x1, 0xd9, 0xe4, 0x45, 0x0, 0x11, 0x8b, 0x60,
    0x0,

    /* U+010F "ď" */
    0x0, 0xe9, 0xf5, 0xec, 0x0, 0xfc, 0x2c, 0x1,
    0xc2, 0x6, 0x3a, 0x5, 0x9f, 0x40, 0x3, 0xe7,
    0xf, 0x32, 0x65, 0x0, 0xc2, 0x44, 0xdc, 0x60,
    0xc, 0x40, 0xc0, 0x2, 0x0, 0xff, 0xe6, 0x10,
    0x28, 0x0, 0x80, 0x30, 0x90, 0xee, 0x30, 0x7,
    0x79, 0x93, 0x28, 0x6,

    /* U+0110 "Đ" */
    0xc, 0xff, 0xba, 0x44, 0x3, 0x11, 0x8b, 0x60,
    0x6, 0xec, 0xe2, 0x22, 0x80, 0x70, 0xd0, 0x68,
    0x88, 0x1c, 0x3, 0xe, 0x10, 0x5d, 0x0, 0x6e,
    0x20, 0x98, 0x0, 0xc6, 0x20, 0xa4, 0x1, 0xff,
    0xc0, 0x10, 0xf, 0x50, 0x68, 0x5, 0xd9, 0xe4,
    0x45, 0x0, 0x88, 0xc5, 0xb0, 0x0,

    /* U+0111 "đ" */
    0x0, 0xea, 0xf5, 0x0, 0xc2, 0x20, 0x1, 0x80,
    0x43, 0xdc, 0x50, 0x99, 0x0, 0x6, 0xec, 0x80,
    0xf6, 0x11, 0xd5, 0x82, 0x1a, 0x4c, 0xe2, 0x4c,
    0xe0, 0x16, 0x84, 0xe7, 0x0, 0x66, 0x4, 0x0,
    0x38, 0x7, 0xff, 0x1, 0x81, 0x0, 0xe, 0x1,
    0x68, 0x4e, 0x70, 0x6, 0x67, 0x13, 0x64, 0x0,
    0x80,

    /* U+0112 "Ē" */
    0xd, 0xff, 0xd4, 0x0, 0xa7, 0x7d, 0xe0, 0x7,
    0x88, 0xca, 0x13, 0xff, 0xe6, 0x0, 0x11, 0x9f,
    0x0, 0x2f, 0x33, 0x28, 0x7, 0xff, 0x1a, 0x7f,
    0xed, 0x0, 0x89, 0x13, 0x0, 0x57, 0x7a, 0x40,
    0x3f, 0xf8, 0xf7, 0x99, 0x94, 0x0, 0x46, 0x7c,

    /* U+0113 "ē" */
    0x8, 0x8e, 0x40, 0x3, 0xbf, 0x60, 0x3, 0xff,
    0xa0, 0x3, 0xfc, 0xb9, 0xfd, 0x22, 0x9, 0x46,
    0xca, 0xd8, 0x1e, 0x17, 0x36, 0xa4, 0x8c, 0xc,
    0x22, 0xd0, 0x33, 0x6, 0xf7, 0x20, 0x0, 0x61,
    0x77, 0xcc, 0xc0, 0x74, 0x40, 0x10, 0x78, 0x65,
    0xe5, 0xc0, 0xa5, 0x1a, 0x12, 0xe0, 0x0,

    /* U+0114 "Ĕ" */
    0x6, 0x50, 0x3, 0xa8, 0x3, 0x2c, 0x8e, 0x8,
    0x1, 0x67, 0xb8, 0x8e, 0x0, 0x1d, 0xee, 0x58,
    0x2, 0x7f, 0xdd, 0xcf, 0xf3, 0x0, 0x8, 0xcf,
    0x80, 0x17, 0x99, 0x94, 0x3, 0xff, 0x8d, 0x3f,
    0xf6, 0x80, 0x44, 0x89, 0x80, 0x2b, 0xbd, 0x20,
    0x1f, 0xfc, 0x7b, 0xcc, 0xca, 0x0, 0x23, 0x3e,

    /* U+0115 "ĕ" */
    0xe, 0xc0, 0x3f, 0x70, 0x5, 0x17, 0xe1, 0xb0,
    0x1, 0x3b, 0x7b, 0x4, 0x3, 0x10, 0x80, 0x65,
    0xcf, 0xe9, 0x10, 0x4a, 0x36, 0x56, 0xc0, 0xf0,
    0xb9, 0xb5, 0x24, 0x60, 0x61, 0x16, 0x81, 0x98,
    0x37, 0xb9, 0x0, 0x3, 0xb, 0xbe, 0x66, 0x3,
    0xa2, 0x0, 0x83, 0xc3, 0x2f, 0x2e, 0x5, 0x28,
    0xd0, 0x97, 0x0,

    /* U+0116 "Ė" */
    0x0, 0x8c, 0x80, 0x39, 0x33, 0x48, 0x3, 0x30,
    0x91, 0x0, 0x31, 0x76, 0x80, 0x53, 0xff, 0xe6,
    0x0, 0x11, 0x9f, 0x0, 0x2f, 0x33, 0x28, 0x7,
    0xff, 0x1a, 0x7f, 0xed, 0x0, 0x89, 0x13, 0x0,
    0x57, 0x7a, 0x40, 0x3f, 0xf8, 0xf7, 0x99, 0x94,
    0x0, 0x46, 0x7c,

    /* U+0117 "ė" */
    0x0, 0x27, 0xe0, 0x7, 0x10, 0x18, 0x7, 0x35,
    0xe8, 0x7, 0x90, 0x80, 0x32, 0xe7, 0xf4, 0x88,
    0x25, 0x1b, 0x2b, 0x60, 0x78, 0x5c, 0xda, 0x92,
    0x30, 0x30, 0x8b, 0x40, 0xcc, 0x1b, 0xdc, 0x80,
    0x1, 0x85, 0xdf, 0x33, 0x1, 0xd1, 0x0, 0x41,
    0xe1, 0x97, 0x97, 0x2, 0x94, 0x68, 0x4b, 0x80,

    /* U+0118 "Ę" */
    0x9f, 0xff, 0x30, 0x0, 0x8c, 0xf8, 0x1, 0x79,
    0x99, 0x40, 0x3f, 0xf8, 0xd3, 0xff, 0x68, 0x4,
    0x48, 0x98, 0x2, 0xbb, 0xd2, 0x1, 0xff, 0xc7,
    0xbc, 0xcc, 0xa0, 0x2, 0x33, 0xe9, 0xff, 0xa4,
    0x75, 0x80, 0x34, 0x91, 0x80, 0x71, 0x9b, 0x9c,
    0x3, 0x66, 0x2d, 0x40,

    /* U+0119 "ę" */
    0x5, 0xcf, 0xe9, 0x10, 0x4a, 0x36, 0x56, 0xc0,
    0xf0, 0xb9, 0xb4, 0x24, 0x60, 0x60, 0x1, 0x81,
    0x0, 0x37, 0xfc, 0xe0, 0x20, 0xb, 0xcc, 0xcc,
    0xc0, 0x1, 0x99, 0xd4, 0x3c, 0x2a, 0xab, 0x81,
    0x4a, 0x25, 0x51, 0x78, 0x1, 0x71, 0x8b, 0x4,
    0x2, 0x26, 0x60, 0x7, 0x11, 0x13, 0x98, 0x3,
    0x6e, 0x5b, 0x80,

    /* U+011A "Ě" */
    0x7, 0x70, 0xb, 0xb0, 0x0, 0xa2, 0xb6, 0x14,
    0x0, 0xb0, 0xa7, 0x66, 0x1, 0x3f, 0xf9, 0x0,
    0x13, 0xff, 0xe6, 0x0, 0x11, 0x9f, 0x0, 0x2f,
    0x33, 0x28, 0x7, 0xff, 0x1a, 0x7f, 0xed, 0x0,
    0x89, 0x13, 0x0, 0x57, 0x7a, 0x40, 0x3f, 0xf8,
    0xf7, 0x99, 0x94, 0x0, 0x46, 0x7c,

    /* U+011B "ě" */
    0xd, 0xe2, 0x7f, 0x70, 0x6, 0x6, 0x43, 0x38,
    0x0, 0x71, 0xa2, 0x40, 0x31, 0x43, 0x80, 0x65,
    0xcf, 0xe9, 0x10, 0x4a, 0x36, 0x56, 0xc0, 0xf0,
    0xb9, 0xb5, 0x24, 0x60, 0x61, 0x16, 0x81, 0x98,
    0x37, 0xb9, 0x0, 0x3, 0xb, 0xbe, 0x66, 0x3,
    0xa2, 0x0, 0x83, 0xc3, 0x2f, 0x2e, 0x5, 0x28,
    0xd0, 0x97, 0x0,

    /* U+011C "Ĝ" */
    0x0, 0x14, 0x38, 0x6, 0x1c, 0x68, 0x90, 0xb,
    0x3, 0x21, 0x9c, 0x1, 0xbc, 0x4f, 0xee, 0x0,
    0x4c, 0xfe, 0xa2, 0x4, 0xb3, 0x20, 0x5c, 0x1f,
    0x8, 0xde, 0x41, 0x66, 0x2, 0x80, 0x26, 0x90,
    0x3, 0x89, 0x4c, 0x2, 0x5c, 0xc9, 0x80, 0x23,
    0x3d, 0xe0, 0x13, 0x7c, 0x0, 0x7f, 0xb, 0x2,
    0x80, 0x30, 0x3b, 0xc2, 0x37, 0x90, 0x59, 0x2c,
    0xc8, 0x17, 0x0,

    /* U+011D "ĝ" */
    0x0, 0x1c, 0x38, 0x6, 0x4c, 0x38, 0xb0, 0x0,
    0x9c, 0xde, 0x9a, 0x0, 0xbb, 0x1, 0x42, 0x0,
    0x1f, 0xbe, 0x27, 0xd9, 0x60, 0x4d, 0x9c, 0x1,
    0xc1, 0x39, 0xc0, 0x13, 0x2, 0x0, 0x10, 0x3,
    0xfc, 0x20, 0x20, 0x1c, 0xc1, 0x40, 0x6a, 0x0,
    0x90, 0x6f, 0xc2, 0x0, 0x1e, 0x32, 0xda, 0x1,
    0x81, 0xcd, 0x22, 0x80, 0x83, 0x55, 0x30, 0xc9,
    0x3, 0xd5, 0x44, 0x9e, 0x0,

    /* U+011E "Ğ" */
    0xc, 0x80, 0x6, 0xb8, 0x1, 0xd8, 0x58, 0x8c,
    0x1, 0x27, 0xd2, 0xc8, 0x0, 0x2d, 0xd7, 0x48,
    0x4, 0x99, 0xbd, 0x66, 0x9, 0x66, 0x42, 0x98,
    0x5e, 0x11, 0xbc, 0xc1, 0x4c, 0xa, 0x0, 0x9f,
    0x80, 0xf, 0xf9, 0x73, 0x26, 0x0, 0x8c, 0xf7,
    0x80, 0x4d, 0xf0, 0x1, 0xfc, 0x2c, 0xa, 0x0,
    0xc0, 0xef, 0x8, 0xde, 0x41, 0x64, 0xb3, 0x20,
    0x5c, 0x0,

    /* U+011F "ğ" */
    0x7, 0x50, 0x28, 0x30, 0xa, 0xbf, 0x54, 0x40,
    0xf, 0xfb, 0xb1, 0x0, 0x62, 0x20, 0x6, 0x7e,
    0xf8, 0x9f, 0x65, 0x81, 0x36, 0x70, 0x7, 0x4,
    0xe7, 0x0, 0x4c, 0x8, 0x0, 0x40, 0xf, 0xf0,
    0x80, 0x80, 0x73, 0x5, 0x1, 0xa8, 0x2, 0x41,
    0xbf, 0x8, 0x0, 0x78, 0xcb, 0x68, 0x6, 0x7,
    0x34, 0x8a, 0x2, 0xd, 0x54, 0xc3, 0x24, 0xf,
    0x55, 0x12, 0x78, 0x0,

    /* U+0120 "Ġ" */
    0x0, 0x90, 0x80, 0x39, 0xaf, 0x40, 0x38, 0x80,
    0xc0, 0x39, 0x3f, 0x0, 0x32, 0x67, 0xf5, 0x10,
    0x25, 0x99, 0x2, 0xe0, 0xf8, 0x46, 0xf2, 0xb,
    0x30, 0x14, 0x1, 0x34, 0x80, 0x1c, 0x4a, 0x60,
    0x12, 0xe6, 0x4c, 0x1, 0x19, 0xef, 0x0, 0x9b,
    0xe0, 0x3, 0xf8, 0x58, 0x14, 0x1, 0x81, 0xde,
    0x11, 0xbc, 0x82, 0xc9, 0x66, 0x40, 0xb8, 0x0,

    /* U+0121 "ġ" */
    0x0, 0x90, 0x40, 0x39, 0xef, 0x80, 0x38, 0xc1,
    0x0, 0x39, 0x3e, 0xc0, 0x33, 0xf7, 0xc4, 0xfb,
    0x2c, 0x9, 0xb3, 0x80, 0x38, 0x27, 0x38, 0x2,
    0x60, 0x40, 0x2, 0x0, 0x7f, 0x84, 0x4, 0x3,
    0x98, 0x28, 0xd, 0x40, 0x12, 0xd, 0xf8, 0x40,
    0x3, 0xc6, 0x5b, 0x40, 0x30, 0x39, 0xa4, 0x50,
    0x10, 0x6a, 0xa6, 0x19, 0x20, 0x7a, 0xa8, 0x93,
    0xc0,

    /* U+0122 "Ģ" */
    0x4, 0xcf, 0xea, 0x20, 0x4b, 0x32, 0x5, 0xc1,
    0xf0, 0x8d, 0xe4, 0x16, 0x60, 0x28, 0x2, 0x69,
    0x0, 0x38, 0x94, 0xc0, 0x25, 0xcc, 0x98, 0x2,
    0x33, 0xde, 0x1, 0x37, 0xc0, 0x7, 0xf0, 0xb0,
    0x28, 0x3, 0x3, 0xbc, 0x23, 0x79, 0x5, 0x92,
    0xcc, 0x81, 0x70, 0x0, 0x99, 0xfd, 0x44, 0x1,
    0x8d, 0x48, 0x3, 0xe, 0x59, 0x80, 0x6a, 0xd,
    0x10, 0x0,

    /* U+0123 "ģ" */
    0x0, 0x87, 0xe8, 0x3, 0xa0, 0x3c, 0x3, 0x13,
    0x2, 0x80, 0x6a, 0x37, 0x0, 0xe8, 0xc8, 0x0,
    0xcf, 0xdf, 0x13, 0xec, 0xb0, 0x26, 0xce, 0x0,
    0xe0, 0x9c, 0xe0, 0x9, 0x81, 0x0, 0x8, 0x1,
    0xfe, 0x10, 0x10, 0xe, 0x60, 0xa0, 0x35, 0x0,
    0x48, 0x37, 0xe1, 0x0, 0xf, 0x19, 0x6d, 0x0,
    0xc0, 0xe6, 0x91, 0x40, 0x41, 0xaa, 0x98, 0x64,
    0x81, 0xea, 0xa2, 0x4f, 0x0,

    /* U+0124 "Ĥ" */
    0x0, 0x14, 0x38, 0x6, 0x1c, 0x68, 0x90, 0xb,
    0x3, 0x21, 0x9c, 0x1, 0xbc, 0x4f, 0xee, 0x19,
    0xe6, 0x0, 0xaf, 0x60, 0xf, 0xfe, 0xb6, 0x7f,
    0x94, 0x3, 0x11, 0x42, 0x1, 0xbb, 0x74, 0x80,
    0x1f, 0xfd, 0x60,

    /* U+0125 "ĥ" */
    0x0, 0x3c, 0x18, 0x7, 0xae, 0x4f, 0x10, 0x3,
    0x21, 0xe5, 0xc9, 0x80, 0x64, 0x82, 0x6, 0x70,
    0xf, 0x67, 0x98, 0x7, 0xff, 0x45, 0xb3, 0xf0,
    0xc0, 0x3a, 0xc0, 0x4f, 0x44, 0x3, 0x36, 0x71,
    0xa, 0x80, 0x6b, 0x0, 0x20, 0x10, 0x7, 0xff,
    0x98,

    /* U+0126 "Ħ" */
    0xc, 0xf3, 0x0, 0x57, 0xb0, 0x8, 0x1, 0x84,
    0x40, 0x1, 0xc, 0x30, 0xae, 0xe2, 0x84, 0x3c,
    0x90, 0x45, 0xd9, 0x1, 0xd5, 0x4, 0x11, 0x21,
    0xe, 0x20, 0xb, 0x3f, 0xca, 0x1, 0xe2, 0x28,
    0x40, 0x3d, 0xdb, 0xa4, 0x0, 0xff, 0xef, 0x80,

    /* U+0127 "ħ" */
    0xc, 0xf3, 0x0, 0xe1, 0x0, 0x38, 0x80, 0x6e,
    0x30, 0xbe, 0xb0, 0xa, 0xc8, 0x22, 0xe4, 0x2,
    0x41, 0x2, 0x8d, 0xc3, 0x0, 0xd0, 0x2, 0x7a,
    0x20, 0x12, 0xe7, 0x10, 0xa8, 0x5, 0x60, 0x4,
    0x2, 0x0, 0xff, 0xec, 0x0,

    /* U+0128 "Ĩ" */
    0x0, 0xfe, 0x7f, 0xd3, 0xc8, 0x0, 0x4b, 0xbb,
    0xe, 0xc0, 0x15, 0x35, 0x9a, 0x61, 0x37, 0xdf,
    0x9b, 0xe5, 0xc4, 0x40, 0x1, 0x10, 0x1f, 0x78,
    0xb, 0x74, 0x40, 0x1f, 0xfe, 0xc7, 0xde, 0x2,
    0xdd, 0x17, 0x11, 0x0, 0x4, 0x40,

    /* U+0129 "ĩ" */
    0x0, 0xf0, 0x80, 0xf, 0xfc, 0xaf, 0x80, 0xa,
    0x37, 0xa8, 0x50, 0x5, 0x7c, 0x6d, 0xc0, 0x0,
    0xcc, 0x4, 0x80, 0x7, 0xff, 0xc6, 0x0, 0x12,
    0x20, 0x7, 0x36, 0xe8, 0xc0, 0x3f, 0xfb, 0x15,
    0xba, 0x30, 0xed, 0xb6, 0x22, 0x0, 0x8, 0x8a,

    /* U+012A "Ī" */
    0xf, 0xfe, 0x80, 0x3, 0xbf, 0x60, 0x2, 0x23,
    0x90, 0x27, 0xff, 0xc5, 0xc4, 0x40, 0x1, 0x10,
    0x1f, 0x78, 0xb, 0x74, 0x40, 0x1f, 0xfe, 0xc7,
    0xde, 0x2, 0xdd, 0x17, 0x11, 0x0, 0x4, 0x40,

    /* U+012B "ī" */
    0xa, 0xff, 0xda, 0x0, 0xf7, 0x7d, 0x40, 0x5,
    0x88, 0xce, 0xf, 0xff, 0x8c, 0x0, 0x24, 0x40,
    0xe, 0x6d, 0xd1, 0x80, 0x7f, 0xf6, 0x2b, 0x74,
    0x61, 0xdb, 0x6c, 0x44, 0x0, 0x11, 0x14,

    /* U+012C "Ĭ" */
    0x7, 0x40, 0x3, 0xa0, 0x2, 0xe4, 0x56, 0x8,
    0x1, 0xc1, 0xd4, 0xac, 0x0, 0x2d, 0xd7, 0x50,
    0x2, 0x7f, 0xdb, 0xdf, 0xe2, 0xe2, 0x20, 0x0,
    0x88, 0xf, 0xbc, 0x5, 0xba, 0x20, 0xf, 0xff,
    0x63, 0xef, 0x1, 0x6e, 0x8b, 0x88, 0x80, 0x2,
    0x20, 0x0,

    /* U+012D "ĭ" */
    0x5, 0x71, 0x6, 0x60, 0x1, 0xa7, 0xbe, 0x4c,
    0x0, 0x7d, 0xba, 0xf5, 0x0, 0xc4, 0x40, 0x9,
    0xff, 0xf1, 0x80, 0x4, 0x88, 0x1, 0xcd, 0xba,
    0x30, 0xf, 0xfe, 0xc5, 0x6e, 0x8c, 0x3b, 0x6d,
    0x88, 0x80, 0x2, 0x22, 0x80,

    /* U+012E "Į" */
    0x9f, 0xff, 0x17, 0x11, 0x0, 0x4, 0x40, 0x7d,
    0xe0, 0x2d, 0xd1, 0x0, 0x7f, 0xfb, 0x1f, 0x78,
    0xb, 0x74, 0x5c, 0x44, 0x0, 0x11, 0x2, 0x7d,
    0xcb, 0xbf, 0xc4, 0x4, 0xee, 0x0, 0xe2, 0x22,
    0xf2, 0x80, 0x6d, 0xcb, 0x40, 0x0,

    /* U+012F "į" */
    0x0, 0x88, 0xc0, 0x38, 0xb7, 0x10, 0x3, 0x19,
    0xb, 0x0, 0x61, 0xde, 0x20, 0x3, 0xff, 0xe3,
    0x0, 0x9, 0x10, 0x3, 0x9b, 0x74, 0x60, 0x1f,
    0xfd, 0x8a, 0xdd, 0x18, 0x76, 0xdb, 0x11, 0x0,
    0x4, 0x45, 0xcf, 0xb1, 0xbf, 0xf7, 0x0, 0x24,
    0x18, 0x3, 0x90, 0x76, 0x80, 0x34, 0xe5, 0xc0,
    0x0,

    /* U+0130 "İ" */
    0x0, 0x90, 0x80, 0x39, 0xaf, 0x40, 0x38, 0x80,
    0xc0, 0x39, 0x3f, 0x0, 0x29, 0xff, 0xf1, 0x71,
    0x10, 0x0, 0x44, 0x7, 0xde, 0x2, 0xdd, 0x10,
    0x7, 0xff, 0xb1, 0xf7, 0x80, 0xb7, 0x45, 0xc4,
    0x40, 0x1, 0x10, 0x0,

    /* U+0131 "ı" */
    0x7f, 0xfc, 0x60, 0x1, 0x22, 0x0, 0x73, 0x6e,
    0x8c, 0x3, 0xff, 0xb1, 0x5b, 0xa3, 0xe, 0xdb,
    0x62, 0x20, 0x0, 0x88, 0xa0,

    /* U+0132 "Ĳ" */
    0x7f, 0xfd, 0x60, 0x5f, 0xe4, 0x31, 0x0, 0xb0,
    0x3, 0x93, 0xc0, 0x14, 0xe0, 0x1f, 0xff, 0xf0,
    0xf, 0x93, 0xc0, 0x14, 0xe0, 0x1c, 0x62, 0x1,
    0x60, 0x6, 0x77, 0x7f, 0xeb, 0xb, 0x0, 0x10,
    0x7, 0x67, 0xb0, 0x20, 0x80, 0x73, 0x80, 0x16,
    0x80, 0x3d, 0x7f, 0xea, 0x10,

    /* U+0133 "ĳ" */
    0xaf, 0x70, 0x6, 0x7a, 0xb8, 0x68, 0x0, 0xc3,
    0x7e, 0xac, 0x1, 0x95, 0x1f, 0x50, 0x0, 0xca,
    0x70, 0xf, 0xff, 0xa6, 0xfc, 0x80, 0x7f, 0x10,
    0x0, 0x40, 0x2f, 0xd0, 0x2, 0x0, 0x42, 0x3,
    0x44,

    /* U+0134 "Ĵ" */
    0x0, 0xf3, 0xc1, 0x0, 0x7d, 0x30, 0xd8, 0x20,
    0x1c, 0xed, 0x18, 0x18, 0x1, 0xcf, 0xee, 0x5d,
    0xa0, 0x1f, 0x6f, 0x90, 0x7, 0xff, 0xfc, 0x3,
    0x2d, 0x28, 0x4, 0x60, 0x1c, 0xb0, 0x0, 0x31,
    0x2, 0x0, 0x29, 0x13, 0xb3, 0x0, 0xe0, 0x1b,
    0x18, 0xc, 0xa6, 0x0, 0x20,

    /* U+0135 "ĵ" */
    0x0, 0xcf, 0x6, 0x1, 0x87, 0x25, 0x31, 0x0,
    0x24, 0xbc, 0xc4, 0x18, 0x4, 0xae, 0x40, 0xee,
    0xc, 0xff, 0xe4, 0x0, 0x31, 0x14, 0x1, 0xd5,
    0xbb, 0x20, 0x7, 0xff, 0xc4, 0x90, 0x14, 0x1,
    0x3b, 0xb0, 0x28, 0x80, 0x8, 0xa1, 0x7a, 0x0,
    0x80,

    /* U+0136 "Ķ" */
    0xcf, 0x30, 0x3, 0x7d, 0x80, 0x7a, 0xc3, 0xc0,
    0x39, 0x8, 0x88, 0x1, 0xde, 0x16, 0x1, 0xc4,
    0x82, 0xc0, 0x1b, 0x34, 0x18, 0x3, 0x88, 0x80,
    0x40, 0x1d, 0xd8, 0xa, 0x20, 0x1c, 0x2a, 0x12,
    0x1, 0xe9, 0x7, 0x0, 0xf1, 0x98, 0x1c, 0x3,
    0xd2, 0x14, 0x19, 0xe6, 0x0, 0x5f, 0xd0, 0xc,
    0x6a, 0x40, 0x1c, 0x59, 0x4, 0x1, 0xdc, 0x1e,
    0x1, 0x80,

    /* U+0137 "ķ" */
    0xbf, 0x50, 0xf, 0xfe, 0x8c, 0x7d, 0x80, 0x71,
    0x38, 0x48, 0x7, 0x70, 0x41, 0x0, 0x53, 0x86,
    0x67, 0x0, 0xc6, 0x60, 0x60, 0xe, 0xae, 0x5,
    0x30, 0xe, 0x18, 0xf, 0x0, 0xf3, 0x89, 0xa0,
    0x7, 0xa0, 0x24, 0x2f, 0xd4, 0x0, 0xdf, 0xa0,
    0x18, 0xd4, 0x80, 0x38, 0xb2, 0x8, 0x3, 0xb8,
    0x3c, 0x3, 0x0,

    /* U+0138 "ĸ" */
    0xaf, 0x60, 0x4, 0x7d, 0x80, 0x71, 0x38, 0x48,
    0x7, 0x70, 0x41, 0x0, 0x51, 0xa6, 0x4e, 0x1,
    0x84, 0x81, 0x80, 0x3a, 0x7c, 0x51, 0x0, 0x1e,
    0x80, 0x90, 0xf, 0x31, 0x11, 0x80, 0x3d, 0x1,
    0x0,

    /* U+0139 "Ĺ" */
    0x0, 0x12, 0x8, 0x6, 0x2d, 0xa0, 0xe, 0xf0,
    0xd1, 0x0, 0xdb, 0xe6, 0x1, 0x87, 0xfc, 0x1,
    0xff, 0xff, 0x0, 0xed, 0xdd, 0x60, 0x11, 0x16,
    0x50,

    /* U+013A "ĺ" */
    0x0, 0xc2, 0x84, 0x1, 0xc3, 0xf6, 0x1, 0xea,
    0x1a, 0x20, 0xe, 0xbf, 0x50, 0xa, 0x7f, 0xf2,
    0x80, 0x5c, 0x44, 0x0, 0xf3, 0xee, 0x94, 0x3,
    0xff, 0xe4, 0x60, 0x40, 0x1e, 0xd0, 0x8d, 0xd6,
    0x0, 0x49, 0x2, 0x44, 0x30,

    /* U+013B "Ļ" */
    0x1f, 0xf0, 0x7, 0xff, 0xfc, 0x3, 0xb7, 0x75,
    0x80, 0x44, 0x59, 0x47, 0xff, 0xdc, 0x1, 0x95,
    0x40, 0x1c, 0xf5, 0xa0, 0x18, 0xa0, 0xe0, 0x0,

    /* U+013C "ļ" */
    0x9f, 0xfc, 0xa0, 0x17, 0x11, 0x0, 0x3c, 0xfb,
    0xa5, 0x0, 0xff, 0xf9, 0x18, 0x10, 0x7, 0xb4,
    0x23, 0x75, 0x80, 0x12, 0x40, 0x91, 0xc, 0x3,
    0x3f, 0x7f, 0xc0, 0x18, 0x54, 0xc0, 0x3d, 0xb4,
    0x1, 0xe7, 0x38, 0x30, 0x0,

    /* U+013D "Ľ" */
    0x1f, 0xf0, 0x2f, 0xa8, 0x7, 0x18, 0x30, 0x7,
    0x84, 0x80, 0x39, 0xb8, 0x40, 0x3f, 0xfd, 0x1b,
    0xba, 0xc0, 0x22, 0x2c, 0xa0,

    /* U+013E "ľ" */
    0x9f, 0xfc, 0xa5, 0xf1, 0xc4, 0x40, 0x8, 0x43,
    0x9f, 0x74, 0xa0, 0x7, 0x12, 0x0, 0xf2, 0x72,
    0x0, 0x7f, 0xf9, 0xc, 0x8, 0x3, 0xda, 0x11,
    0xba, 0xc0, 0x9, 0x20, 0x48, 0x86,

    /* U+013F "Ŀ" */
    0x1f, 0xf0, 0x7, 0xff, 0x8d, 0xbe, 0xc0, 0x3d,
    0x40, 0x84, 0x1, 0xd4, 0x28, 0x40, 0x1c, 0xdd,
    0x60, 0x1f, 0xfc, 0x1d, 0xdd, 0x60, 0x18, 0x8b,
    0x28, 0x0,

    /* U+0140 "ŀ" */
    0xef, 0xfc, 0x1, 0xe5, 0x22, 0x0, 0x7e, 0xbd,
    0xd0, 0x7, 0xff, 0x64, 0xbb, 0x48, 0x3, 0xe5,
    0x12, 0x40, 0xf, 0x94, 0x88, 0xe0, 0x1f, 0x16,
    0xe8, 0x40, 0x21, 0x2, 0x0, 0xfc, 0xe1, 0x9b,
    0xa8, 0x0, 0xe8, 0x50, 0x22, 0x80, 0x0,

    /* U+0141 "Ł" */
    0x0, 0x7f, 0x80, 0x3f, 0xf9, 0xe5, 0x6a, 0x1,
    0xed, 0x41, 0x0, 0x94, 0x0, 0x78, 0x80, 0x9,
    0xa0, 0x6, 0x18, 0x4, 0x6e, 0x1, 0xf5, 0x40,
    0x7, 0xff, 0x23, 0x77, 0x60, 0x6, 0x22, 0xc6,

    /* U+0142 "ł" */
    0x9f, 0xfc, 0xa0, 0x17, 0x11, 0x0, 0x3c, 0xfb,
    0xa5, 0x0, 0xff, 0x1c, 0xc8, 0x3, 0xd2, 0xc2,
    0x1, 0x1b, 0x80, 0xd4, 0x0, 0x17, 0x8, 0x2d,
    0x40, 0x23, 0x43, 0x0, 0xf3, 0x5b, 0x0, 0x7e,
    0x30, 0x20, 0xf, 0x60, 0x46, 0xeb, 0x0, 0x25,
    0x81, 0x22, 0x18,

    /* U+0143 "Ń" */
    0x0, 0xc6, 0x82, 0x1, 0x93, 0x20, 0x40, 0x21,
    0xa1, 0xd0, 0xc, 0x3d, 0xc1, 0x0, 0x6f, 0xe0,
    0x1, 0xbd, 0xc0, 0x6, 0x20, 0x1c, 0x20, 0xe0,
    0x1c, 0x65, 0x40, 0x1c, 0x74, 0x62, 0x1, 0x85,
    0x41, 0xcc, 0x3, 0x11, 0x28, 0x3, 0xd4, 0x66,
    0x0, 0xe5, 0xc, 0x0, 0xe2, 0x22, 0x0, 0x7a,
    0x84, 0x3, 0xca, 0x1, 0x0,

    /* U+0144 "ń" */
    0x0, 0x87, 0xbc, 0x80, 0x36, 0x8d, 0x90, 0x4,
    0x31, 0x88, 0x1, 0x85, 0xc, 0x2, 0xcf, 0x5c,
    0xfc, 0x30, 0xa, 0xd8, 0xcd, 0xa2, 0x0, 0x8a,
    0xc3, 0x15, 0x0, 0x28, 0x1, 0x40, 0x80, 0x3f,
    0xfb, 0x80,

    /* U+0145 "Ņ" */
    0xdf, 0xc0, 0x3, 0x7b, 0x80, 0xc, 0x40, 0x38,
    0x41, 0xc0, 0x38, 0xca, 0x80, 0x38, 0xe8, 0xc4,
    0x3, 0xa, 0x83, 0x98, 0x6, 0x22, 0x50, 0x7,
    0xa8, 0xcc, 0x1, 0xca, 0x18, 0x1, 0xc4, 0x44,
    0x0, 0xf5, 0x8, 0x7, 0x94, 0x2, 0xdf, 0x0,
    0x17, 0xf9, 0xc0, 0x23, 0x52, 0x0, 0xc5, 0x90,
    0x40, 0x1b, 0x83, 0xc0, 0x20,

    /* U+0146 "ņ" */
    0xcf, 0x5c, 0xfc, 0x30, 0xa, 0xd8, 0xcd, 0xa2,
    0x0, 0x8a, 0xc3, 0x15, 0x0, 0x28, 0x1, 0x40,
    0x80, 0x3f, 0xfb, 0x99, 0xe6, 0x0, 0x9f, 0x60,
    0x8, 0xd4, 0x80, 0x31, 0x64, 0x10, 0x6, 0xe0,
    0xf0, 0x8,

    /* U+0147 "Ň" */
    0x7, 0x60, 0x18, 0x50, 0xa, 0x65, 0x8c, 0xe0,
    0x7, 0x66, 0x16, 0x90, 0x5, 0x3f, 0xe3, 0x0,
    0x6f, 0xe0, 0x1, 0xbd, 0xc0, 0x6, 0x20, 0x1c,
    0x20, 0xe0, 0x1c, 0x65, 0x40, 0x1c, 0x74, 0x62,
    0x1, 0x85, 0x41, 0xcc, 0x3, 0x11, 0x28, 0x3,
    0xd4, 0x66, 0x0, 0xe5, 0xc, 0x0, 0xe2, 0x22,
    0x0, 0x7a, 0x84, 0x3, 0xca, 0x1, 0x0,

    /* U+0148 "ň" */
    0x7, 0x70, 0xb, 0xa8, 0x1, 0x27, 0x3e, 0xd0,
    0x0, 0x78, 0x93, 0x82, 0x1, 0x14, 0x38, 0x5,
    0x9e, 0xb9, 0xf8, 0x60, 0x15, 0xb1, 0x9b, 0x44,
    0x1, 0x15, 0x86, 0x2a, 0x0, 0x50, 0x2, 0x81,
    0x0, 0x7f, 0xf7, 0x0,

    /* U+0149 "ŉ" */
    0x2, 0xfe, 0x10, 0xf, 0x70, 0x68, 0x80, 0x70,
    0xce, 0x18, 0x7, 0x85, 0x4c, 0x3, 0xfb, 0x3d,
    0x73, 0xf0, 0xc0, 0x3a, 0xd8, 0xcd, 0xa2, 0x1,
    0xa2, 0xb0, 0xc5, 0x40, 0x32, 0x80, 0x14, 0x8,
    0x3, 0xff, 0xcc,

    /* U+014A "Ŋ" */
    0xdf, 0xc0, 0x3, 0x7b, 0x80, 0xc, 0x80, 0x38,
    0x42, 0xc0, 0x38, 0xd1, 0xc0, 0x38, 0xf8, 0x54,
    0xc0, 0x21, 0x51, 0x90, 0xf, 0x31, 0x90, 0x7,
    0x50, 0x58, 0x7, 0x11, 0x98, 0x3, 0xd2, 0x1,
    0xf2, 0x88, 0x7, 0xc8, 0x0, 0xdf, 0x0, 0xb,
    0x81, 0x0, 0x5d, 0xc2, 0x22, 0x80, 0x4, 0x65,
    0xc0,

    /* U+014B "ŋ" */
    0xcf, 0x5c, 0xfc, 0x30, 0xa, 0x18, 0xcd, 0xa0,
    0x15, 0xd6, 0x18, 0xa0, 0x0, 0x80, 0xa, 0x4,
    0x1, 0xff, 0xdc, 0xcf, 0x40, 0x14, 0x2, 0x0,
    0xf, 0x70, 0x88, 0x80, 0x10, 0x89, 0x70, 0x0,

    /* U+014C "Ō" */
    0xf, 0xfe, 0x80, 0x3, 0xbf, 0x60, 0x2, 0x23,
    0x90, 0x0, 0x99, 0xfd, 0x22, 0x7, 0x66, 0x40,
    0xda, 0x12, 0x11, 0xbc, 0x66, 0x47, 0x5, 0x0,
    0x28, 0x10, 0x7, 0x8, 0x8, 0x7, 0xff, 0x44,
    0x40, 0x5c, 0x10, 0x0, 0xa0, 0x52, 0x13, 0xbc,
    0x66, 0x43, 0xb3, 0x20, 0x6d, 0x0,

    /* U+014D "ō" */
    0x8, 0x8e, 0x40, 0x3, 0xbf, 0x60, 0x3, 0xff,
    0xa0, 0x3, 0xfc, 0x99, 0xfd, 0x42, 0x9, 0x66,
    0x60, 0x5c, 0xf, 0x9, 0xce, 0x32, 0x56, 0x4,
    0x0, 0x20, 0x11, 0x80, 0x7c, 0x60, 0x1f, 0x30,
    0x20, 0x1, 0x0, 0xfc, 0x27, 0x38, 0xc9, 0x11,
    0x66, 0x60, 0x5c, 0x0,

    /* U+014E "Ŏ" */
    0x7, 0x40, 0x3, 0xa0, 0x2, 0xe4, 0x56, 0x8,
    0x1, 0xc1, 0xd4, 0xac, 0x0, 0x2d, 0xd7, 0x50,
    0x4, 0x99, 0xbf, 0x22, 0x7, 0x66, 0x40, 0xda,
    0x12, 0x11, 0xbc, 0x66, 0x47, 0x5, 0x0, 0x28,
    0x10, 0x7, 0x8, 0x8, 0x7, 0xff, 0x44, 0x40,
    0x5c, 0x10, 0x0, 0xa0, 0x52, 0x13, 0xbc, 0x66,
    0x43, 0xb3, 0x20, 0x6d, 0x0,

    /* U+014F "ŏ" */
    0xe, 0xc0, 0x3f, 0x70, 0x5, 0x17, 0xe1, 0xb0,
    0x1, 0x3b, 0x7b, 0x4, 0x3, 0x10, 0x80, 0x64,
    0xcf, 0xea, 0x10, 0x4b, 0x33, 0x2, 0xe0, 0x78,
    0x4e, 0x71, 0x92, 0xb0, 0x20, 0x1, 0x0, 0x8c,
    0x3, 0xe3, 0x0, 0xf9, 0x81, 0x0, 0x8, 0x7,
    0xe1, 0x39, 0xc6, 0x48, 0x8b, 0x33, 0x2, 0xe0,
    0x0,

    /* U+0150 "Ő" */
    0x0, 0xa, 0x10, 0x21, 0x0, 0x32, 0x8e, 0xad,
    0x82, 0x8b, 0x5d, 0x65, 0x2, 0xbc, 0xdb, 0xd8,
    0x0, 0x99, 0xfd, 0x22, 0x7, 0x66, 0x40, 0xda,
    0x12, 0x11, 0xbc, 0x66, 0x47, 0x5, 0x0, 0x28,
    0x10, 0x7, 0x8, 0x8, 0x7, 0xff, 0x44, 0x40,
    0x5c, 0x10, 0x0, 0xa0, 0x52, 0x13, 0xbc, 0x66,
    0x43, 0xb3, 0x20, 0x6d, 0x0,

    /* U+0151 "ő" */
    0x0, 0x5f, 0x9b, 0xfb, 0x3, 0xa4, 0xbc, 0x33,
    0x1, 0x31, 0x99, 0x72, 0x0, 0x33, 0x1, 0x20,
    0x4, 0x99, 0xfd, 0x42, 0x9, 0x66, 0x60, 0x5c,
    0xf, 0x9, 0xce, 0x32, 0x56, 0x4, 0x0, 0x20,
    0x11, 0x80, 0x7c, 0x60, 0x1f, 0x30, 0x20, 0x1,
    0x0, 0xfc, 0x27, 0x38, 0xc9, 0x11, 0x66, 0x60,
    0x5c, 0x0,

    /* U+0152 "Œ" */
    0x6, 0xed, 0x6f, 0xfc, 0x85, 0x22, 0x50, 0x0,
    0x11, 0x3a, 0x2, 0xfb, 0x3, 0x77, 0xc, 0x43,
    0x43, 0x0, 0x3f, 0xf9, 0x2d, 0xfa, 0x1, 0xf0,
    0x9b, 0x80, 0x7c, 0xf9, 0x40, 0x1f, 0xf0, 0x86,
    0x81, 0x80, 0x72, 0x2, 0xf4, 0x83, 0xee, 0x8c,
    0xa4, 0x4e, 0x40, 0x48, 0x8e,

    /* U+0153 "œ" */
    0x8, 0xed, 0x49, 0xfd, 0x30, 0x37, 0x54, 0xb6,
    0x82, 0xe0, 0x50, 0x89, 0x5, 0x75, 0x20, 0x10,
    0xc, 0x60, 0x60, 0x1f, 0x37, 0xb0, 0x7, 0xc9,
    0x99, 0x0, 0x80, 0x61, 0x30, 0x70, 0x20, 0x89,
    0x4, 0x8d, 0x90, 0x47, 0x57, 0xb4, 0x73, 0xe0,

    /* U+0154 "Ŕ" */
    0x0, 0xc6, 0x82, 0x1, 0x93, 0x20, 0x40, 0x21,
    0xa1, 0xd0, 0xc, 0x3d, 0xc1, 0x0, 0x67, 0xfe,
    0xb3, 0x0, 0x88, 0xc5, 0x30, 0x80, 0x1d, 0x9c,
    0xa1, 0x60, 0x1d, 0xe0, 0x40, 0x1d, 0x80, 0x40,
    0xe, 0xcd, 0x60, 0xb0, 0x1, 0x19, 0x13, 0x8,
    0x1, 0x9a, 0x6, 0x60, 0xc, 0x48, 0x2c, 0x1,
    0xde, 0x16, 0x1, 0xc8, 0x24, 0x80, 0x1d, 0x21,
    0xe0,

    /* U+0155 "ŕ" */
    0x0, 0xd9, 0xea, 0x1, 0xa0, 0xdd, 0x40, 0x35,
    0xe4, 0x0, 0x71, 0x98, 0x2, 0x7f, 0x89, 0xfe,
    0x80, 0x9, 0x95, 0x42, 0xec, 0x0, 0x2c, 0xa9,
    0xc, 0x0, 0x20, 0x1, 0x41, 0x80, 0x38, 0xff,
    0x0, 0x3f, 0xfa, 0x80,

    /* U+0156 "Ŗ" */
    0xcf, 0xfd, 0x66, 0x1, 0x11, 0x8a, 0x61, 0x0,
    0x3b, 0x39, 0x42, 0xc0, 0x3b, 0xc0, 0x80, 0x3b,
    0x0, 0x80, 0x1d, 0x9a, 0xc1, 0x60, 0x2, 0x32,
    0x26, 0x10, 0x3, 0x34, 0xc, 0xc0, 0x18, 0x90,
    0x58, 0x3, 0xbc, 0x2c, 0x3, 0x90, 0x49, 0x0,
    0x3a, 0x43, 0xf3, 0xcc, 0x0, 0xff, 0x60, 0x11,
    0xa9, 0x0, 0x62, 0xc8, 0x20, 0xd, 0xc1, 0xe0,
    0x10,

    /* U+0157 "ŗ" */
    0x7, 0xf8, 0x9f, 0xe8, 0x0, 0xcc, 0xaa, 0x17,
    0x60, 0x8, 0xb2, 0xa4, 0x30, 0x2, 0x40, 0x2,
    0x83, 0x0, 0x78, 0xff, 0x0, 0x3f, 0xfb, 0x2f,
    0xf0, 0x1, 0xf2, 0xa0, 0x7, 0xa6, 0x88, 0x3,
    0x91, 0x95, 0x80, 0x38,

    /* U+0158 "Ř" */
    0x4, 0x30, 0x2, 0x18, 0x0, 0xf2, 0x32, 0x84,
    0x0, 0xf2, 0x81, 0x84, 0x1, 0x36, 0x60, 0x80,
    0x19, 0xff, 0xac, 0xc0, 0x22, 0x31, 0x4c, 0x20,
    0x7, 0x67, 0x28, 0x58, 0x7, 0x78, 0x10, 0x7,
    0x60, 0x10, 0x3, 0xb3, 0x58, 0x2c, 0x0, 0x46,
    0x44, 0xc2, 0x0, 0x66, 0x81, 0x98, 0x3, 0x12,
    0xb, 0x0, 0x77, 0x85, 0x80, 0x72, 0x9, 0x20,
    0x7, 0x48, 0x78,

    /* U+0159 "ř" */
    0x5, 0x71, 0x7, 0x70, 0x1, 0x2b, 0xf2, 0x50,
    0x0, 0x3b, 0x29, 0x86, 0x1, 0x9e, 0x8, 0x0,
    0xff, 0x13, 0xfd, 0x0, 0x13, 0x2a, 0x85, 0xd8,
    0x0, 0x59, 0x52, 0x18, 0x0, 0x40, 0x2, 0x83,
    0x0, 0x71, 0xfe, 0x0, 0x7f, 0xf5, 0x0,

    /* U+015A "Ś" */
    0x0, 0xe3, 0x41, 0x0, 0xe4, 0xc8, 0x10, 0xc,
    0x34, 0x3a, 0x1, 0xc3, 0xdc, 0x10, 0xc, 0xb9,
    0xfd, 0x42, 0x0, 0x4a, 0x33, 0x2, 0xe0, 0x3,
    0xc2, 0xb3, 0x8c, 0x90, 0x1c, 0x1c, 0x1, 0xd8,
    0xa0, 0xa1, 0xea, 0x24, 0x62, 0x10, 0x44, 0xae,
    0xb2, 0x0, 0xe, 0xca, 0x2, 0x60, 0x80, 0x4d,
    0x7e, 0x82, 0xc0, 0xec, 0x1, 0x70, 0x68, 0x44,
    0x98, 0x3, 0x0, 0x82, 0x3, 0x31, 0xac, 0x14,
    0xf, 0x24, 0x64, 0x9a, 0x40,

    /* U+015B "ś" */
    0x0, 0x8b, 0xf8, 0x40, 0x37, 0x86, 0x88, 0x4,
    0x33, 0xa6, 0x1, 0x85, 0x8, 0x3, 0x4f, 0x7f,
    0xb1, 0x2, 0x58, 0x9d, 0x4e, 0xc9, 0x43, 0xa2,
    0xae, 0x1, 0x83, 0xe5, 0xc1, 0xca, 0xc, 0x9a,
    0x2f, 0x0, 0xb3, 0xb2, 0x8c, 0xcd, 0x34, 0x6,
    0xb4, 0x1c, 0x6b, 0x93, 0x52, 0x19, 0x4c, 0x6c,
    0xa5, 0x48,

    /* U+015C "Ŝ" */
    0x0, 0x8a, 0x1c, 0x3, 0x87, 0x1a, 0x24, 0x3,
    0x60, 0x64, 0x33, 0x80, 0x5b, 0xc4, 0xfe, 0xe0,
    0x12, 0xe7, 0xf5, 0x8, 0x1, 0x28, 0xcc, 0xb,
    0x80, 0xf, 0xa, 0xce, 0x32, 0x40, 0x70, 0x70,
    0x7, 0x62, 0x82, 0x87, 0xa8, 0x91, 0x88, 0x41,
    0x12, 0xba, 0xc8, 0x0, 0x3b, 0x28, 0x9, 0x82,
    0x1, 0x35, 0xfa, 0xb, 0x3, 0xb0, 0x5, 0xc1,
    0xa1, 0x12, 0x60, 0xc, 0x2, 0x8, 0xc, 0xc6,
    0xb0, 0x50, 0x3c, 0x91, 0x92, 0x69, 0x0,

    /* U+015D "ŝ" */
    0x0, 0x4f, 0xf8, 0xc0, 0x27, 0x66, 0x16, 0x90,
    0x5, 0x32, 0xc6, 0x70, 0x3, 0xb0, 0xc, 0x28,
    0x2, 0x7b, 0xfd, 0x88, 0x12, 0xc4, 0xea, 0x76,
    0x4a, 0x1d, 0x15, 0x70, 0xc, 0x1f, 0x2e, 0xe,
    0x50, 0x64, 0xd1, 0x78, 0x5, 0x9d, 0x94, 0x66,
    0x69, 0xa0, 0x35, 0xa0, 0xe3, 0x5c, 0x9a, 0x90,
    0xca, 0x63, 0x65, 0x2a, 0x40,

    /* U+015E "Ş" */
    0x0, 0x2e, 0x7f, 0x50, 0x80, 0x12, 0x8c, 0xc0,
    0xb8, 0x0, 0xf0, 0xac, 0xe3, 0x24, 0x7, 0x7,
    0x0, 0x76, 0x28, 0x28, 0x7a, 0x89, 0x18, 0x84,
    0x11, 0x2b, 0xac, 0x80, 0x3, 0xb2, 0x80, 0x98,
    0x20, 0x13, 0x5f, 0xa0, 0xb0, 0x3b, 0x0, 0x5c,
    0x1a, 0x13, 0x23, 0x0, 0x60, 0x10, 0x48, 0x66,
    0x35, 0x82, 0x81, 0xe4, 0x8c, 0x93, 0x8, 0x0,
    0xd0, 0x33, 0x66, 0x1, 0x97, 0xe3, 0x0, 0x3a,
    0xf8, 0x6c, 0x3, 0xab, 0xbd, 0xc0, 0x0,

    /* U+015F "ş" */
    0x9, 0xef, 0xf6, 0x20, 0x4b, 0x13, 0xa9, 0xd9,
    0x28, 0x74, 0x55, 0xc0, 0x30, 0x7c, 0xb8, 0x39,
    0x41, 0x93, 0x45, 0xe0, 0x16, 0x76, 0x51, 0x99,
    0xa6, 0x80, 0xd6, 0x83, 0x8d, 0x72, 0x6a, 0x43,
    0x29, 0x8d, 0x94, 0xa9, 0x2, 0x74, 0x27, 0x54,
    0x2, 0x3e, 0xbe, 0x0, 0xd5, 0xc4, 0xe0, 0x1a,
    0xfb, 0xe4, 0x0,

    /* U+0160 "Š" */
    0x0, 0x4c, 0x1, 0xd3, 0x0, 0x5a, 0xf7, 0xae,
    0xe0, 0x9, 0x25, 0xcb, 0x4, 0x3, 0x36, 0x60,
    0x40, 0x32, 0xe7, 0xf5, 0x10, 0x1, 0x28, 0xcc,
    0xb, 0x80, 0xf, 0xa, 0xce, 0x31, 0x50, 0x70,
    0x70, 0x6, 0x7a, 0x82, 0x87, 0xa8, 0x80, 0x68,
    0x22, 0x57, 0x59, 0x0, 0x7, 0x65, 0x1, 0x30,
    0x40, 0x26, 0xbf, 0x41, 0x60, 0x87, 0x0, 0xb8,
    0x34, 0x1a, 0x10, 0x1, 0x80, 0x41, 0x21, 0x79,
    0xac, 0x14, 0xf, 0x26, 0x62, 0x4d, 0x20,

    /* U+0161 "š" */
    0xd, 0xe2, 0x7f, 0x70, 0x6, 0x6, 0x43, 0x38,
    0x0, 0x71, 0xa2, 0x40, 0x31, 0x43, 0x80, 0x69,
    0xef, 0xf6, 0x20, 0x4b, 0x13, 0xa9, 0xd9, 0x28,
    0x74, 0x55, 0xc0, 0x30, 0x7c, 0xb8, 0x39, 0x41,
    0x93, 0x45, 0xe0, 0x16, 0x76, 0x51, 0x99, 0xa6,
    0x80, 0xd6, 0x83, 0x8d, 0x72, 0x6a, 0x43, 0x29,
    0x8d, 0x94, 0xa9, 0x0,

    /* U+0162 "Ţ" */
    0x4f, 0xff, 0xb5, 0xc8, 0xa0, 0x1, 0x11, 0x8f,
    0x75, 0xc0, 0x5b, 0xab, 0x0, 0xff, 0xff, 0x80,
    0x7f, 0x1c, 0x2, 0x0, 0x79, 0xfe, 0xe4, 0x3,
    0xbb, 0x43, 0x0, 0x3b, 0xfb, 0xd4, 0x0,

    /* U+0163 "ţ" */
    0x0, 0xa2, 0x0, 0x1f, 0x3b, 0x80, 0x3f, 0xf8,
    0x2f, 0xfe, 0x0, 0x7f, 0xd0, 0x45, 0x0, 0x8,
    0xae, 0x5d, 0xd0, 0x3, 0x76, 0x60, 0xf, 0xfe,
    0xa0, 0x80, 0x79, 0x3, 0xf7, 0x4a, 0x1, 0x49,
    0x89, 0x14, 0x1, 0x15, 0xd, 0xfb, 0x80, 0x66,
    0xcb, 0xa0, 0xe, 0xdd, 0x6, 0x0, 0x76, 0x77,
    0xb0, 0x0,

    /* U+0164 "Ť" */
    0x0, 0x3b, 0x0, 0xc2, 0x80, 0x69, 0x96, 0x33,
    0x80, 0x4e, 0xcc, 0x2d, 0x20, 0xd, 0x3f, 0xe3,
    0x0, 0x27, 0xff, 0xda, 0xe4, 0x50, 0x0, 0x88,
    0xc7, 0xba, 0xe0, 0x2d, 0xd5, 0x80, 0x7f, 0xff,
    0xc0, 0x3c,

    /* U+0165 "ť" */
    0x0, 0xf5, 0x70, 0x6, 0x55, 0x3, 0x0, 0x75,
    0x50, 0x4, 0x80, 0x3e, 0xdc, 0x7, 0xff, 0x0,
    0x3f, 0xe8, 0x22, 0x80, 0x4, 0x57, 0x2e, 0xe8,
    0x1, 0xbb, 0x30, 0x7, 0xff, 0x50, 0x40, 0x3c,
    0x81, 0xfb, 0xa5, 0x0, 0xa9, 0x4, 0x8a,

    /* U+0166 "Ŧ" */
    0x4f, 0xff, 0xb5, 0xc8, 0xa0, 0x1, 0x11, 0x8f,
    0x75, 0xc0, 0x5b, 0xab, 0x0, 0xff, 0xe8, 0x2f,
    0xe0, 0x17, 0xf8, 0x0, 0xc8, 0x60, 0x4, 0x50,
    0x1, 0xdf, 0x81, 0x5d, 0x0, 0x7f, 0xf4, 0x0,

    /* U+0167 "ŧ" */
    0x0, 0xa2, 0x0, 0x1f, 0x3b, 0x80, 0x3f, 0xf8,
    0x2f, 0xfe, 0x0, 0x7f, 0xd0, 0x45, 0x0, 0x8,
    0xae, 0x5d, 0xd0, 0x3, 0x76, 0x60, 0xf, 0xf6,
    0x78, 0x3, 0xfd, 0x80, 0xb, 0x60, 0x3, 0x32,
    0x80, 0xf, 0x20, 0x8, 0x96, 0x0, 0xc6, 0x1f,
    0xba, 0x50, 0xb, 0x90, 0x48, 0xa0,

    /* U+0168 "Ũ" */
    0x0, 0xfe, 0x7f, 0xd3, 0xc8, 0x0, 0x4b, 0xbb,
    0xe, 0xc0, 0x15, 0x35, 0x9a, 0x61, 0xb6, 0x60,
    0x77, 0xee, 0x1, 0xff, 0xee, 0x10, 0xc, 0x2e,
    0x8, 0x0, 0x40, 0x29, 0x8, 0xce, 0x22, 0x21,
    0xd9, 0x98, 0x17, 0x0,

    /* U+0169 "ũ" */
    0x0, 0xfe, 0x7f, 0xd2, 0xb8, 0x0, 0x4b, 0xb6,
    0xa6, 0x0, 0x2e, 0x6e, 0xd8, 0x80, 0x5, 0x10,
    0x43, 0x0, 0x67, 0x98, 0x2, 0x7d, 0x80, 0x3f,
    0xfb, 0x8c, 0x8, 0x0, 0x40, 0x59, 0x8, 0xce,
    0x23, 0x3a, 0xcc, 0xc0, 0xda, 0x0,

    /* U+016A "Ū" */
    0xf, 0xfe, 0x80, 0x3, 0xbf, 0x60, 0x2, 0x23,
    0x90, 0x37, 0xc8, 0x1, 0x3e, 0xe0, 0x1f, 0xfe,
    0xe1, 0x0, 0xc2, 0xe0, 0x80, 0x4, 0x2, 0x90,
    0x8c, 0xe2, 0x22, 0x1d, 0x99, 0x81, 0x70, 0x0,

    /* U+016B "ū" */
    0x8, 0x8e, 0x40, 0x3, 0xbf, 0x60, 0x3, 0xff,
    0xa0, 0x3, 0xfb, 0x3c, 0xc0, 0x13, 0xec, 0x1,
    0xff, 0xdc, 0x60, 0x40, 0x2, 0x2, 0xc8, 0x46,
    0x71, 0x19, 0xd6, 0x66, 0x6, 0xd0,

    /* U+016C "Ŭ" */
    0x7, 0x40, 0x3, 0xa0, 0x2, 0xe4, 0x56, 0x8,
    0x1, 0xc1, 0xd4, 0xac, 0x0, 0x2d, 0xd7, 0x50,
    0x3, 0x7c, 0x88, 0x33, 0xee, 0x1, 0xff, 0xee,
    0x10, 0xc, 0x2e, 0x8, 0x0, 0x40, 0x29, 0x8,
    0xce, 0x22, 0x21, 0xd9, 0x98, 0x17, 0x0,

    /* U+016D "ŭ" */
    0xe, 0xc0, 0x3f, 0x70, 0x5, 0x17, 0xe1, 0xb0,
    0x1, 0x3b, 0x7b, 0x4, 0x3, 0x10, 0x80, 0x59,
    0xe6, 0x0, 0x9f, 0x60, 0xf, 0xfe, 0xe3, 0x2,
    0x0, 0x10, 0x16, 0x42, 0x33, 0x88, 0xce, 0xb3,
    0x30, 0x36, 0x80,

    /* U+016E "Ů" */
    0x0, 0x4f, 0xea, 0x0, 0x46, 0xdd, 0x50, 0x1,
    0x84, 0x60, 0xc, 0x6f, 0xd7, 0x0, 0xd, 0xfb,
    0xed, 0xd7, 0xb8, 0x7, 0xff, 0xb8, 0x40, 0x30,
    0xb8, 0x20, 0x1, 0x0, 0xa4, 0x23, 0x38, 0x88,
    0x87, 0x66, 0x60, 0x5c, 0x0,

    /* U+016F "ů" */
    0x0, 0x3e, 0xe1, 0x0, 0x45, 0x1c, 0x9c, 0x1,
    0x8, 0x8f, 0x44, 0x2, 0x34, 0xfb, 0x80, 0xd,
    0x5f, 0xca, 0x0, 0xcf, 0x30, 0x4, 0xfb, 0x0,
    0x7f, 0xf7, 0x18, 0x10, 0x0, 0x80, 0xb2, 0x11,
    0x9c, 0x46, 0x75, 0x99, 0x81, 0xb4, 0x0,

    /* U+0170 "Ű" */
    0x0, 0xa, 0x10, 0x21, 0x0, 0x32, 0x8e, 0xad,
    0x82, 0x8b, 0x5d, 0x65, 0x2, 0xbc, 0xdb, 0xd8,
    0x37, 0xc8, 0x1, 0x3e, 0xe0, 0x1f, 0xfe, 0xe1,
    0x0, 0xc2, 0xe0, 0x80, 0x4, 0x2, 0x90, 0x8c,
    0xe2, 0x22, 0x1d, 0x99, 0x81, 0x70, 0x0,

    /* U+0171 "ű" */
    0x0, 0x5f, 0x9b, 0xfb, 0x3, 0xa4, 0xbc, 0x33,
    0x1, 0x31, 0x99, 0x72, 0x0, 0x33, 0x1, 0x20,
    0x3, 0x3c, 0xc0, 0x13, 0xec, 0x1, 0xff, 0xdc,
    0x60, 0x40, 0x2, 0x2, 0xc8, 0x46, 0x71, 0x19,
    0xd6, 0x66, 0x6, 0xd0,

    /* U+0172 "Ų" */
    0xdf, 0x20, 0x4, 0xfb, 0x80, 0x7f, 0xfb, 0x84,
    0x3, 0xb, 0x82, 0x0, 0x10, 0xa, 0x42, 0x37,
    0x88, 0x88, 0x76, 0x64, 0x29, 0x80, 0x4, 0xc6,
    0x3b, 0x10, 0x8, 0x99, 0xc4, 0x3, 0x11, 0x13,
    0x94, 0x3, 0x6e, 0x5a, 0x0,

    /* U+0173 "ų" */
    0xcf, 0x30, 0x4, 0xfb, 0x0, 0x7f, 0xf7, 0x18,
    0x10, 0x0, 0x80, 0x52, 0x11, 0x9c, 0x44, 0x43,
    0xb3, 0x30, 0x9e, 0x0, 0x13, 0x18, 0xb0, 0x40,
    0x22, 0x66, 0x8, 0x6, 0x22, 0x27, 0x28, 0x6,
    0xdc, 0xb4, 0x0,

    /* U+0174 "Ŵ" */
    0x0, 0x8a, 0x1c, 0x3, 0xc3, 0x8d, 0x12, 0x1,
    0xd8, 0x19, 0xc, 0xe0, 0x1b, 0x78, 0x9f, 0xdc,
    0x1, 0x7c, 0x3, 0xf6, 0x9, 0xea, 0x22, 0x2,
    0x6, 0x2, 0x6, 0x20, 0x16, 0x22, 0x0, 0x81,
    0x70, 0x11, 0x1c, 0x7, 0x80, 0x4c, 0x1f, 0x88,
    0x48, 0xc4, 0x18, 0x4, 0xb8, 0x9c, 0x48, 0x4,
    0x9, 0x89, 0xc9, 0x98, 0x4, 0x1e, 0x4c, 0x5c,
    0x66, 0x0, 0x9, 0x81, 0xf1, 0xf, 0x0, 0xd,
    0x80, 0x44, 0xe0, 0x40, 0x6, 0x22, 0x1, 0x10,
    0x4, 0x0, 0x40, 0xc0, 0xc0, 0x6, 0x0,

    /* U+0175 "ŵ" */
    0x0, 0x8e, 0x1c, 0x3, 0xc9, 0x87, 0x38, 0x20,
    0x18, 0xe6, 0xf1, 0x10, 0x1, 0x9d, 0x80, 0xa1,
    0x40, 0x15, 0xc0, 0x3f, 0x60, 0x9e, 0x84, 0x20,
    0xa0, 0xa0, 0x40, 0xba, 0x6, 0x70, 0x8b, 0x80,
    0x58, 0x1b, 0x90, 0x8, 0xcc, 0x4, 0x4, 0xbc,
    0x6a, 0xcc, 0x1, 0x17, 0x1a, 0xb7, 0x96, 0x80,
    0x9, 0x0, 0x88, 0xa0, 0x40, 0x5, 0x21, 0x16,
    0x98, 0x38, 0x3, 0x80, 0x81, 0x80, 0x4, 0x0,

    /* U+0176 "Ŷ" */
    0x0, 0x85, 0xc, 0x3, 0xc3, 0x95, 0x90, 0x1,
    0xd6, 0xdf, 0x48, 0xc0, 0x1a, 0xac, 0x57, 0x18,
    0x0, 0xdf, 0x60, 0x10, 0xff, 0x81, 0x85, 0x8,
    0x0, 0xc0, 0xe0, 0x6, 0xb, 0x0, 0x48, 0x50,
    0x2, 0x41, 0x81, 0x45, 0x48, 0x0, 0x2c, 0xd,
    0xc1, 0x20, 0x1a, 0xc2, 0x90, 0xcc, 0x1, 0x89,
    0xc, 0x24, 0x3, 0xde, 0x2, 0xa0, 0x1e, 0x70,
    0x30, 0xf, 0xfe, 0xb0,

    /* U+0177 "ŷ" */
    0x0, 0x8e, 0x1c, 0x3, 0xc9, 0x87, 0x38, 0x20,
    0x18, 0xe6, 0xf1, 0x10, 0x1, 0x9d, 0x80, 0xa1,
    0x40, 0x7, 0xfa, 0x1, 0x27, 0xe8, 0x19, 0x10,
    0xc0, 0x1a, 0x14, 0x0, 0xa0, 0xa0, 0x3, 0x82,
    0x80, 0x18, 0x18, 0x10, 0x4c, 0x80, 0x2, 0xa0,
    0xba, 0x14, 0x1, 0xb8, 0x3d, 0xc1, 0xc0, 0x32,
    0xa, 0x8a, 0x8, 0x7, 0x30, 0x3, 0x80, 0x3d,
    0x60, 0x5, 0x0, 0xf2, 0x2, 0x80, 0x7d, 0x41,
    0xc0, 0x1e, 0x22, 0xa, 0x0, 0x60,

    /* U+0178 "Ÿ" */
    0x0, 0x19, 0x0, 0x10, 0x40, 0x22, 0xcd, 0x6,
    0xbd, 0x0, 0x8c, 0x4c, 0x8, 0x14, 0x2, 0x1e,
    0xc0, 0x4f, 0x90, 0x3, 0x7d, 0x80, 0x43, 0xfe,
    0x6, 0x14, 0x20, 0x3, 0x3, 0x80, 0x18, 0x2c,
    0x1, 0x21, 0x40, 0x9, 0x6, 0x5, 0x15, 0x20,
    0x0, 0xb0, 0x37, 0x4, 0x80, 0x6b, 0xa, 0x43,
    0x30, 0x6, 0x24, 0x30, 0x90, 0xf, 0x78, 0xa,
    0x80, 0x79, 0xc0, 0xc0, 0x3f, 0xfa, 0xc0,

    /* U+0179 "Ź" */
    0x0, 0xc6, 0x82, 0x1, 0x93, 0x20, 0x40, 0x21,
    0xa1, 0xd0, 0xc, 0x3d, 0xc1, 0x0, 0x57, 0xff,
    0x88, 0xbc, 0x1, 0x46, 0xed, 0x40, 0x64, 0x1,
    0xc, 0x87, 0x80, 0x68, 0x15, 0x30, 0x8, 0x98,
    0x20, 0x3, 0x48, 0x39, 0x0, 0x46, 0x83, 0x0,
    0x1b, 0xc2, 0x0, 0x33, 0x19, 0x30, 0x6, 0xd0,
    0x3d, 0xdc, 0x80, 0x1, 0x22, 0xc2,

    /* U+017A "ź" */
    0x0, 0x8b, 0xf8, 0x40, 0x37, 0x86, 0x88, 0x4,
    0x33, 0xa6, 0x1, 0x85, 0x8, 0x2, 0x9f, 0xff,
    0x17, 0x19, 0xc4, 0x1, 0x3e, 0x64, 0x20, 0xc4,
    0x1, 0x49, 0xa4, 0x80, 0x4e, 0xc5, 0x60, 0x12,
    0xc0, 0xe0, 0x4, 0x74, 0x1a, 0x20, 0x14, 0x0,
    0xfe, 0x64, 0x8e, 0x2, 0x67, 0x84,

    /* U+017B "Ż" */
    0x0, 0x90, 0x80, 0x39, 0xaf, 0x40, 0x38, 0x80,
    0xc0, 0x39, 0x3f, 0x0, 0x2a, 0xff, 0xf1, 0x17,
    0x80, 0x28, 0xdd, 0xa8, 0xc, 0x80, 0x21, 0x90,
    0xf0, 0xd, 0x2, 0xa6, 0x1, 0x13, 0x4, 0x0,
    0x69, 0x7, 0x20, 0x8, 0xd0, 0x60, 0x3, 0x78,
    0x40, 0x6, 0x63, 0x26, 0x0, 0xda, 0x7, 0xbb,
    0x90, 0x0, 0x24, 0x58, 0x40,

    /* U+017C "ż" */
    0x0, 0x90, 0x80, 0x39, 0xaf, 0x40, 0x38, 0x80,
    0xc0, 0x39, 0x3f, 0x0, 0x29, 0xff, 0xf1, 0x71,
    0x9c, 0x40, 0x13, 0xe6, 0x42, 0xc, 0x40, 0x14,
    0x9a, 0x48, 0x4, 0xec, 0x56, 0x1, 0x2c, 0xe,
    0x0, 0x47, 0x41, 0xa2, 0x1, 0x40, 0xf, 0xe6,
    0x48, 0xe0, 0x26, 0x78, 0x40,

    /* U+017D "Ž" */
    0x7, 0x60, 0x18, 0x50, 0xa, 0x65, 0x8c, 0xe0,
    0x7, 0x66, 0x16, 0x90, 0x5, 0x3f, 0xe3, 0x0,
    0x57, 0xff, 0x88, 0xbc, 0x1, 0x46, 0xed, 0x40,
    0x64, 0x1, 0xc, 0x87, 0x80, 0x68, 0x15, 0x30,
    0x8, 0x98, 0x20, 0x3, 0x48, 0x39, 0x0, 0x46,
    0x83, 0x0, 0x1b, 0xc2, 0x0, 0x33, 0x19, 0x30,
    0x6, 0xd0, 0x3d, 0xdc, 0x80, 0x1, 0x22, 0xc2,

    /* U+017E "ž" */
    0x7, 0x60, 0x28, 0x50, 0x1, 0xcd, 0xe2, 0x20,
    0x0, 0x98, 0x73, 0x82, 0x1, 0x1c, 0x38, 0x5,
    0x3f, 0xfe, 0x2e, 0x33, 0x88, 0x2, 0x7c, 0xc8,
    0x41, 0x88, 0x2, 0x93, 0x49, 0x0, 0x9d, 0x8a,
    0xc0, 0x25, 0x81, 0xc0, 0x8, 0xe8, 0x34, 0x40,
    0x28, 0x1, 0xfc, 0xc9, 0x1c, 0x4, 0xcf, 0x8,

    /* U+017F "ſ" */
    0x5, 0xdf, 0xf9, 0x8e, 0x88, 0xce, 0x2b, 0x7,
    0xcc, 0x90, 0x83, 0x80, 0x3f, 0xfe, 0x0,

    /* U+2007 " " */

    /* U+2008 " " */

    /* U+2009 " " */

    /* U+200A " " */

    /* U+200B "​" */

    /* U+2010 "‐" */
    0xad, 0xdc, 0x8c, 0x45, 0x84,

    /* U+2012 "‒" */
    0x4d, 0xdf, 0xa0, 0x48, 0xbe, 0x10,

    /* U+2013 "–" */
    0xad, 0xdf, 0x2b, 0x11, 0x78, 0xc0,

    /* U+2014 "—" */
    0xdd, 0xfe, 0x82, 0x2f, 0xe1,

    /* U+2015 "―" */
    0x5d, 0xdf, 0xfe, 0x12, 0x19, 0x17, 0xff, 0xc,

    /* U+2018 "‘" */
    0xf, 0xf0, 0xb0, 0x28, 0xd0, 0x70, 0x4, 0xe1,
    0x43, 0x40,

    /* U+2019 "’" */
    0x1e, 0xe0, 0x89, 0xc5, 0xc0, 0x80, 0xc5, 0x1,
    0x58, 0x5c, 0x0,

    /* U+201A "‚" */
    0x1d, 0xd0, 0x89, 0x9, 0xc0, 0xc0, 0xc5, 0x41,
    0x18, 0x18, 0x40,

    /* U+201C "“" */
    0xc, 0xf4, 0x1f, 0xe0, 0x23, 0x24, 0x90, 0x60,
    0xa0, 0xa0, 0x50, 0xa0, 0x10, 0x10, 0x30, 0x30,
    0xa1, 0xd0, 0x91, 0x60,

    /* U+201D "”" */
    0x1e, 0xf2, 0x3f, 0xc0, 0x16, 0x5, 0x32, 0x32,
    0x2, 0x2, 0x3, 0x3, 0x15, 0x5, 0x41, 0x31,
    0x71, 0x70, 0xe1, 0x90,

    /* U+201E "„" */
    0x1d, 0xd0, 0x8b, 0x74, 0x22, 0x42, 0x71, 0x42,
    0x70, 0x30, 0x30, 0x30, 0x31, 0x50, 0x41, 0x50,
    0x46, 0x6, 0x16, 0x6, 0x10,

    /* U+2020 "†" */
    0x0, 0x84, 0x40, 0x1c, 0x7d, 0x80, 0x1f, 0xfc,
    0x7a, 0xdd, 0x1, 0x6e, 0x95, 0xc8, 0x40, 0x4,
    0x43, 0xdf, 0xc0, 0x2f, 0xf3, 0x0, 0x7f, 0xff,
    0x0,

    /* U+2021 "‡" */
    0x0, 0x84, 0x40, 0x1c, 0x7d, 0x80, 0x1f, 0xfc,
    0x7b, 0xed, 0x2, 0xee, 0x2b, 0x8, 0x80, 0x2,
    0x23, 0xdf, 0xc0, 0x2f, 0xf3, 0x0, 0x7f, 0xf3,
    0x2f, 0x74, 0x5, 0xba, 0x56, 0x21, 0x0, 0x11,
    0xf, 0x7f, 0x0, 0xbf, 0xcc, 0x1, 0xff, 0xcc,

    /* U+2022 "•" */
    0x0, 0x8, 0x5, 0x5d, 0xe8, 0x6a, 0x0, 0x81,
    0x0, 0x9c, 0x9c, 0xa, 0x0,

    /* U+2026 "…" */
    0xe, 0x70, 0xd8, 0xd, 0x93, 0x1c, 0x22, 0x20,
    0x92, 0x98, 0x99, 0xa, 0x9, 0x28,

    /* U+2030 "‰" */
    0x5, 0xee, 0x28, 0x1, 0xf4, 0x3, 0x5c, 0xc5,
    0x80, 0xc4, 0x80, 0x61, 0x45, 0x10, 0x85, 0x40,
    0xc, 0x2c, 0xc1, 0x36, 0xb0, 0xe, 0x8a, 0xa4,
    0x7c, 0x8, 0x7, 0x37, 0xf8, 0x5, 0xc0, 0x3f,
    0xa2, 0x0, 0x1f, 0xd2, 0xb9, 0xf1, 0x7c, 0xc0,
    0x11, 0x37, 0xb7, 0x20, 0xd4, 0x80, 0x52, 0xee,
    0x1, 0x6d, 0x50, 0x9, 0x55, 0x4, 0x2, 0x2e,
    0x20, 0xa, 0xec, 0x2, 0xde, 0x44, 0xd8, 0x0,

    /* U+2032 "′" */
    0x3f, 0xf0, 0x30, 0x18, 0x68, 0x20, 0x18, 0x60,
    0x38, 0xa8, 0x0,

    /* U+2033 "″" */
    0xe, 0xf5, 0x1f, 0xf1, 0x0, 0x83, 0xa8, 0x9,
    0x18, 0x9, 0x18, 0x20, 0x28, 0x20, 0x68, 0x60,
    0x70, 0xf8, 0x8, 0x90, 0x0,

    /* U+2039 "‹" */
    0x0, 0xd, 0xd0, 0x5, 0x49, 0xe0, 0x8, 0x46,
    0x50, 0x47, 0x39, 0x0, 0x18, 0x30, 0x4, 0xe8,
    0xac, 0x1, 0x51, 0x49, 0x80, 0x7, 0x83, 0x44,

    /* U+203A "›" */
    0x5b, 0x70, 0x9, 0x5e, 0x14, 0x2, 0xd1, 0xa2,
    0x0, 0xd, 0x7, 0x80, 0x4a, 0x24, 0x40, 0x6,
    0x8d, 0x10, 0x41, 0xba, 0x82, 0xb9, 0xc0, 0x0,

    /* U+2044 "⁄" */
    0x0, 0xfc, 0xbe, 0xa0, 0x1f, 0xd, 0xaa, 0x80,
    0x3e, 0xa0, 0xb0, 0xf, 0x99, 0x2c, 0x40, 0x3c,
    0x30, 0xaa, 0x0, 0xfa, 0x82, 0xc0, 0x3e, 0x64,
    0xa1, 0x0, 0xf0, 0xca, 0xa0, 0x7, 0xd4, 0x36,
    0x1, 0xf3, 0x25, 0x8, 0x7, 0x86, 0x55, 0x0,
    0x3e, 0xa1, 0xb0, 0xf, 0x80,

    /* U+2052 "⁒" */
    0xaf, 0x70, 0x6f, 0x84, 0xc, 0xa, 0x9, 0xc9,
    0xa3, 0x32, 0x9, 0x30, 0xd0, 0x70, 0x6, 0x61,
    0x50, 0x9, 0x81, 0x80, 0x35, 0x5, 0x0, 0x44,
    0x68, 0x40, 0x15, 0x87, 0x0, 0x67, 0x15, 0x54,
    0x92, 0x8b, 0x5, 0x34, 0x48, 0x50, 0x28, 0x60,

    /* U+20A1 "₡" */
    0x0, 0xec, 0x58, 0xa0, 0xc, 0xb4, 0x70, 0xc0,
    0x20, 0xb, 0xa5, 0x2, 0x15, 0x20, 0x94, 0x3,
    0x35, 0x83, 0x18, 0xb0, 0x42, 0xa0, 0x94, 0x82,
    0x0, 0x19, 0x77, 0x48, 0x0, 0x20, 0x0, 0x9b,
    0x9f, 0x80, 0x4, 0x0, 0x60, 0x4a, 0xa0, 0x2,
    0x80, 0x21, 0x4, 0x46, 0x0, 0x31, 0x4, 0x14,
    0x22, 0x28, 0x2, 0x80, 0xb, 0x45, 0xb2, 0x0,
    0x4b, 0x1, 0x0, 0xd, 0x80, 0x4c, 0x1c, 0x39,
    0xce, 0x1, 0xa4, 0x18, 0xc0, 0x20,

    /* U+20A3 "₣" */
    0x9, 0xff, 0xf2, 0x0, 0x7f, 0xf0, 0xb, 0xff,
    0x20, 0x7, 0xff, 0x24, 0xbf, 0xf0, 0x7, 0xff,
    0x4, 0xbf, 0xf0, 0x8, 0x4, 0x22, 0x0, 0xa9,
    0x80, 0xbb, 0x88, 0x0, 0x84, 0x1, 0xbb, 0x28,
    0x0, 0xc8, 0xd, 0x10, 0x20, 0x0,

    /* U+20A4 "₤" */
    0x0, 0x9f, 0x7f, 0xac, 0xc0, 0xd, 0x4, 0x2,
    0x80, 0x15, 0x2, 0x7f, 0x49, 0x80, 0xc, 0x34,
    0x5, 0x80, 0x2, 0x0, 0x11, 0x80, 0xb, 0xc0,
    0x8, 0xee, 0x18, 0x3c, 0x80, 0x16, 0x64, 0x40,
    0xf2, 0x0, 0x59, 0x91, 0x2, 0x58, 0x1, 0xee,
    0xc6, 0x3, 0x80, 0x72, 0xaa, 0x10, 0x57, 0x3,
    0xee, 0xda, 0x1, 0xfc,

    /* U+20A6 "₦" */
    0xe, 0xfb, 0x0, 0x5f, 0x88, 0x4, 0x82, 0x1,
    0xe1, 0x4, 0x0, 0xf1, 0x13, 0xc0, 0x36, 0x89,
    0x92, 0xfa, 0x7, 0x78, 0x94, 0x84, 0x98, 0x61,
    0x0, 0x10, 0x0, 0xc0, 0x5a, 0x25, 0xa1, 0x2a,
    0x1d, 0xe2, 0x2c, 0x60, 0x40, 0xc2, 0x3, 0x35,
    0x3, 0x1, 0x0, 0x63, 0x12, 0x0, 0xf9, 0xc0,
    0x20,

    /* U+20A7 "₧" */
    0xcf, 0xfb, 0x60, 0x3, 0xfe, 0x27, 0xb0, 0xf,
    0xcf, 0xee, 0x8, 0x60, 0x1f, 0xd0, 0x0, 0x50,
    0xe8, 0x0, 0xff, 0x18, 0x80, 0x78, 0x60, 0x0,
    0x5e, 0xb, 0x4c, 0x0, 0x7e, 0x70, 0x58, 0x30,
    0x25, 0xf0, 0xc, 0x51, 0x58, 0xa0, 0xff, 0x20,
    0x7, 0xfd, 0x70, 0xf, 0xfe, 0x81, 0x3, 0x54,
    0x0, 0x7e, 0x94, 0x15, 0x0,

    /* U+20A9 "₩" */
    0xaf, 0x40, 0x3f, 0xf0, 0x1, 0xfd, 0x88, 0x4,
    0x18, 0x0, 0x41, 0xc0, 0x5a, 0x4, 0x4, 0x0,
    0x60, 0x20, 0x66, 0x7, 0x6, 0x98, 0x10, 0x30,
    0x11, 0x0, 0x81, 0x98, 0x5e, 0x4, 0x40, 0x10,
    0x60, 0x22, 0x9, 0x0, 0x18, 0x34, 0xb, 0xc5,
    0xcd, 0x3c, 0x12, 0xbd, 0x2, 0x2, 0x58, 0x20,
    0x1e, 0xcb, 0x3, 0x81, 0xf0, 0x38, 0x2c, 0x40,
    0xc1, 0x4, 0x4e, 0x8, 0x6, 0x0, 0x50, 0x22,
    0x1, 0x1, 0x10, 0x2, 0x11, 0x2, 0x80, 0xc,
    0x1c, 0x0,

    /* U+20AB "₫" */
    0x0, 0xc3, 0x5e, 0xc0, 0x19, 0x39, 0x42, 0x64,
    0x1, 0x2d, 0xa0, 0x3d, 0x80, 0x42, 0x82, 0x1a,
    0x41, 0x1d, 0xc8, 0x30, 0x9, 0x9c, 0x49, 0x90,
    0x2, 0xd0, 0x9c, 0xe0, 0xc, 0xc0, 0x80, 0x7,
    0x0, 0x98, 0x10, 0x0, 0xe0, 0x16, 0x84, 0xef,
    0x80, 0x66, 0x82, 0x8, 0x50, 0x8, 0x57, 0xfc,
    0xb5, 0xa8, 0x19, 0xbb, 0xe6, 0x9, 0xaa, 0xf2,
    0x80,

    /* U+20AC "€" */
    0x0, 0x26, 0x7f, 0xac, 0x80, 0x7, 0x66, 0x42,
    0x9a, 0x21, 0x20, 0xfb, 0xca, 0x12, 0xc, 0x18,
    0x21, 0x13, 0x78, 0x61, 0x7d, 0x84, 0xc7, 0xe4,
    0x13, 0x7e, 0x1, 0x18, 0x81, 0x29, 0x80, 0x58,
    0x61, 0x7d, 0x80, 0x17, 0x90, 0x4d, 0xf9, 0x29,
    0x99, 0xc0, 0x50, 0xe2, 0xac, 0x24, 0x23, 0x74,
    0xa1, 0x40, 0x76, 0x64, 0x44, 0xc2,

    /* U+20AD "₭" */
    0xd, 0xf8, 0x0, 0x57, 0xe8, 0x7, 0x89, 0x42,
    0x40, 0x3d, 0x20, 0xa8, 0x1, 0xc6, 0x81, 0x0,
    0x1e, 0x80, 0x72, 0x0, 0x41, 0x82, 0xa0, 0xc,
    0xa0, 0x30, 0x81, 0x0, 0x19, 0x86, 0x1c, 0x40,
    0x8a, 0xb, 0xee, 0x1, 0x8e, 0x1, 0x4c, 0x3,
    0xc4, 0xa1, 0xe0, 0x1f, 0x48, 0x1a, 0x80, 0x78,
    0xd0, 0x20, 0x0,

    /* U+20AE "₮" */
    0x6f, 0xff, 0xc6, 0x45, 0x0, 0x8, 0xa5, 0xdd,
    0x78, 0x1e, 0xec, 0x1, 0xf1, 0x10, 0x2, 0x10,
    0x2e, 0xd4, 0x7, 0xdc, 0x1, 0x58, 0x70, 0xb0,
    0x60, 0x3b, 0x43, 0xc, 0xda, 0x3, 0xec, 0x40,
    0x7d, 0xc0, 0x2, 0xcb, 0x85, 0x8b, 0x1, 0xdb,
    0x8, 0x66, 0x2c, 0x3, 0xff, 0x84,

    /* U+20B1 "₱" */
    0xe, 0xff, 0xb5, 0xc0, 0x3c, 0x45, 0x44, 0x0,
    0x3a, 0xf5, 0xc1, 0xc0, 0x1c, 0x21, 0x3e, 0xe0,
    0xf, 0x1f, 0x10, 0x8e, 0xd0, 0x5, 0xf, 0x88,
    0x47, 0x68, 0x2, 0x87, 0x4, 0x1f, 0x54, 0x7,
    0x44, 0x80, 0xb, 0xea, 0x10, 0x40, 0x18, 0x8a,
    0xa6, 0x0, 0xe9, 0xfd, 0x50, 0xf, 0xfe, 0x58,

    /* U+20B2 "₲" */
    0x0, 0x8a, 0x7b, 0xfd, 0xb2, 0x20, 0x5, 0xd6,
    0x10, 0x1, 0x38, 0x81, 0xd0, 0xa, 0x87, 0x5d,
    0x80, 0x12, 0x0, 0xcc, 0x0, 0xa2, 0x80, 0x10,
    0x14, 0x80, 0x3e, 0x10, 0xd0, 0xb, 0xfe, 0x40,
    0xf, 0xfe, 0x17, 0x0, 0x5c, 0x1, 0x90, 0x1c,
    0x3, 0xf7, 0x0, 0xdf, 0x1, 0x0, 0x65, 0x50,
    0x23, 0x86, 0x0, 0x75, 0x50, 0xc0, 0x23, 0x65,
    0x0, 0x97, 0x24, 0x3f, 0x24, 0x40, 0x39, 0xb4,
    0x3, 0x0,

    /* U+20B4 "₴" */
    0x0, 0x1e, 0x7f, 0x59, 0x80, 0xb, 0xd, 0x9,
    0x34, 0x0, 0x87, 0x37, 0x88, 0x24, 0xf, 0xae,
    0x26, 0x86, 0x64, 0xee, 0xd8, 0x7, 0xeb, 0x77,
    0xf6, 0x8a, 0xaf, 0xc4, 0x9d, 0xdf, 0x7a, 0xb8,
    0x2d, 0xde, 0xa1, 0x10, 0x7a, 0x23, 0xa5, 0x83,
    0xc2, 0xaf, 0x54, 0x48, 0x1a, 0x9, 0xd, 0x74,
    0x0,

    /* U+20B5 "₵" */
    0x0, 0xc7, 0x5e, 0xa2, 0x1, 0xe, 0x61, 0x42,
    0xb9, 0x80, 0x18, 0x60, 0x40, 0x80, 0x81, 0x4,
    0x17, 0x60, 0xbe, 0x20, 0x50, 0x44, 0x0, 0x42,
    0x0, 0x20, 0x30, 0xf, 0x8, 0x3, 0xc0, 0x3c,
    0x20, 0xf, 0x0, 0xf8, 0x81, 0x0, 0x3e, 0xa0,
    0x38, 0x10, 0x2, 0x8, 0x39, 0x83, 0xc0, 0x7d,
    0x90, 0x3, 0x1c, 0x40, 0x2, 0x84, 0x1, 0x47,
    0x48, 0x75, 0x88, 0x7, 0x13, 0x0, 0x40,

    /* U+20B8 "₸" */
    0xaf, 0xff, 0xb4, 0x3, 0xfa, 0xbb, 0xbe, 0xd0,
    0xf, 0xea, 0xee, 0xfb, 0x40, 0x3f, 0xab, 0xfc,
    0xa0, 0x5f, 0xed, 0x0, 0xff, 0xf0, 0x80,

    /* U+20B9 "₹" */
    0x33, 0xf8, 0x33, 0x3e, 0x4f, 0xf3, 0x80, 0x3b,
    0xd0, 0x45, 0x20, 0x7, 0x10, 0xee, 0x80, 0x13,
    0xc9, 0xdc, 0xc0, 0x4, 0xf2, 0x45, 0xe0, 0x2b,
    0x8, 0x2a, 0x87, 0x68, 0x2, 0xf0, 0x14, 0x0,
    0xc6, 0xc1, 0x24, 0x1, 0xa0, 0x42, 0x40, 0x30,
    0xc0, 0x23, 0x0, 0x0,

    /* U+20BA "₺" */
    0x6, 0xff, 0x0, 0x7f, 0x14, 0x28, 0x7, 0xb5,
    0x84, 0x1, 0x72, 0x0, 0xbf, 0x60, 0x0, 0xa8,
    0x3, 0xf9, 0x40, 0x1c, 0x20, 0x15, 0x38, 0x2,
    0x94, 0x1, 0x6a, 0xdf, 0x79, 0x0, 0x1b, 0x80,
    0x48, 0x3, 0x94, 0x30, 0x3, 0x15, 0x90, 0xb0,
    0x6, 0xd4, 0xa, 0x0, 0x18, 0x0, 0x5b, 0x50,
    0x0,

    /* U+20BC "₼" */
    0x0, 0xe1, 0xff, 0x8, 0x7, 0xff, 0x61, 0x6f,
    0x0, 0x19, 0x6c, 0x1, 0xd5, 0x44, 0x20, 0x1,
    0x24, 0xe0, 0x4, 0xca, 0x11, 0x80, 0xc, 0x80,
    0x38, 0x0, 0x58, 0x3b, 0x88, 0x0, 0x4f, 0x0,
    0xc0, 0x24, 0x16, 0x1, 0xe4, 0x1, 0x11, 0x80,
    0x8, 0x0, 0x44, 0x0, 0x8, 0x0, 0xc4, 0x3,
    0xe, 0xe8, 0x40, 0xc0, 0x3f, 0xfa, 0x60,

    /* U+20BD "₽" */
    0x7, 0xff, 0xd8, 0x80, 0x18, 0x95, 0xe, 0xd8,
    0x2, 0x4a, 0xba, 0xb, 0x0, 0xf2, 0x1, 0x0,
    0x79, 0x0, 0x9e, 0x81, 0x2a, 0xe8, 0x2f, 0x48,
    0x9, 0x50, 0xe9, 0xaa, 0x1, 0xbf, 0xd8, 0xa1,
    0x50, 0xd, 0xff, 0x0, 0x30, 0xc0, 0x95, 0x60,
    0x3, 0x58, 0x25, 0x54, 0x1, 0xff, 0x0,

    /* U+2190 "←" */
    0x0, 0x9b, 0x20, 0x3, 0xc9, 0x25, 0x20, 0x1c,
    0x34, 0x1a, 0x20, 0x1d, 0xa3, 0x26, 0x1, 0xd2,
    0x61, 0x3f, 0xfc, 0x98, 0x0, 0x44, 0xf3, 0xab,
    0x81, 0x5d, 0xf1, 0x84, 0x23, 0x30, 0x3, 0xea,
    0x19, 0x30, 0xf, 0xe, 0x43, 0x0, 0x60,

    /* U+2191 "↑" */
    0x0, 0xd0, 0x80, 0x1f, 0x53, 0xdb, 0x0, 0x61,
    0xc5, 0x0, 0x4c, 0x0, 0x7, 0xd, 0x40, 0x8d,
    0xe8, 0x18, 0x9e, 0xc0, 0x18, 0x8a, 0x43, 0x30,
    0x1, 0xad, 0x81, 0x98, 0x1, 0xe9, 0x20, 0xf,
    0xff, 0x30,

    /* U+2192 "→" */
    0x0, 0x87, 0x30, 0x40, 0x1e, 0x19, 0x3f, 0x0,
    0xf9, 0x58, 0xa8, 0x3, 0xe8, 0x35, 0x60, 0xbf,
    0xfd, 0xc6, 0x12, 0x78, 0x89, 0xc6, 0x4, 0x6f,
    0x77, 0xa8, 0x83, 0xc0, 0x3d, 0xa3, 0x44, 0x1,
    0xd2, 0x6c, 0xa0, 0x1c, 0x3d, 0x32, 0x0, 0x80,

    /* U+2193 "↓" */
    0x0, 0xd7, 0x20, 0x1f, 0xa, 0x20, 0x3, 0xff,
    0xc0, 0x84, 0x1, 0xe4, 0x23, 0xc3, 0x0, 0xcd,
    0x60, 0x63, 0x8e, 0x0, 0x79, 0x13, 0x4b, 0x9,
    0x2, 0x82, 0xf1, 0x4, 0xd1, 0x0, 0x26, 0x88,
    0x4, 0x5e, 0x6d, 0x60, 0x1e, 0x1c, 0x90, 0xc,

    /* U+2194 "↔" */
    0x0, 0x8b, 0x2c, 0x13, 0x28, 0x3, 0xef, 0x3f,
    0x4, 0x75, 0x80, 0xe, 0xa2, 0x74, 0x0, 0x59,
    0x3a, 0x0, 0x4e, 0xa9, 0x20, 0x1b, 0x86, 0x88,
    0xe, 0x1, 0x3b, 0xff, 0x60, 0x8b, 0x80, 0x88,
    0x6, 0x89, 0xe1, 0x4, 0x1, 0xe0, 0x2a, 0xbb,
    0xda, 0x27, 0x0, 0x3, 0x91, 0xd0, 0x8, 0xe4,
    0x74, 0x3, 0x32, 0x9c, 0x0, 0xf0, 0x68, 0x80,
    0x75, 0x47, 0x81, 0x55, 0x98, 0x4,

    /* U+2195 "↕" */
    0x0, 0xc4, 0x1, 0xf9, 0x33, 0x2, 0x1, 0xcb,
    0x62, 0x7e, 0x40, 0x13, 0xd0, 0x80, 0x8b, 0x50,
    0x16, 0xb, 0x40, 0xec, 0x2c, 0x88, 0x78, 0x40,
    0x4, 0xc1, 0x4, 0xc1, 0x0, 0xc7, 0xe6, 0x60,
    0xf, 0x84, 0x40, 0x1f, 0xfd, 0x21, 0x0, 0xfe,
    0x78, 0x0, 0xf5, 0x10, 0x3d, 0x0, 0x43, 0x8a,
    0xe, 0x6b, 0x40, 0xc, 0x36, 0x21, 0xc5, 0x40,
    0x22, 0x4c, 0x80, 0x2a, 0x70, 0x5, 0xb0, 0x7,
    0x44, 0xe2, 0x0, 0x40,

    /* U+2196 "↖" */
    0xab, 0xbe, 0x80, 0x2, 0xa2, 0x73, 0x80, 0x74,
    0x7f, 0xc0, 0x11, 0x4, 0x38, 0x7, 0xe, 0x4,
    0x38, 0x6, 0x13, 0xc0, 0x88, 0x0, 0x71, 0xe0,
    0x3c, 0x6, 0xc0, 0x0, 0xf0, 0xc, 0x9, 0x40,
    0x23, 0xdb, 0x0,

    /* U+2197 "↗" */
    0x0, 0x4d, 0xdf, 0x40, 0x53, 0x22, 0x71, 0x85,
    0x7f, 0xc8, 0x1, 0xf5, 0xa1, 0x80, 0x75, 0xa1,
    0xf0, 0x6, 0xb4, 0x2d, 0x30, 0xa, 0xd0, 0xb0,
    0x40, 0x2, 0x26, 0x2c, 0x10, 0x1, 0xd8, 0xe6,
    0x4, 0x0, 0x3a, 0x20,

    /* U+2198 "↘" */
    0x0, 0xff, 0x4c, 0x80, 0x21, 0x80, 0x27, 0x69,
    0x0, 0x9d, 0xc5, 0x82, 0xd0, 0x1, 0x60, 0x16,
    0xb, 0xc0, 0x7, 0x16, 0xb, 0xc0, 0x7, 0x16,
    0xb, 0x0, 0x53, 0x76, 0x82, 0x0, 0xd6, 0xa8,
    0xa6, 0x1, 0x0,

    /* U+2199 "↙" */
    0x0, 0xff, 0x86, 0x40, 0x21, 0xc5, 0x0, 0x6a,
    0x80, 0x7, 0x4f, 0x80, 0x6, 0x0, 0x1d, 0x34,
    0xb0, 0xc, 0x3a, 0x69, 0x60, 0x1d, 0xa6, 0x96,
    0x1, 0xc6, 0x64, 0xb0, 0xf, 0xeb, 0xb9, 0x80,
    0x39, 0x12, 0x6, 0x0,

    /* U+2500 "─" */
    0x3a, 0xaf, 0xe9, 0x75, 0x5f, 0xe7,

    /* U+2550 "═" */
    0x28, 0x8f, 0xe7, 0x7f, 0xfa, 0x57, 0xbb, 0xfc,
    0x2, 0x3f, 0xc0, 0xbf, 0xff, 0xdc, 0xec, 0xdf,
    0xe0,

    /* U+2551 "║" */
    0x9f, 0x8, 0xf1, 0x0, 0xff, 0xff, 0x80, 0x7f,
    0xfc, 0xea, 0x42, 0xe4, 0x40,

    /* U+2554 "╔" */
    0x58, 0x8f, 0x36, 0x3b, 0xfa, 0x80, 0x1d, 0xdd,
    0x80, 0x1, 0x1e, 0x0, 0xd1, 0xff, 0x60, 0x7,
    0x33, 0x2c, 0x3, 0xa2, 0x5c, 0x3, 0xff, 0xe9,
    0xb0, 0x19, 0x2, 0x0,

    /* U+2557 "╗" */
    0x28, 0x8f, 0x81, 0xdf, 0xf0, 0xaf, 0x77, 0x38,
    0x4, 0x23, 0xc0, 0x12, 0xff, 0xe0, 0xc, 0xec,
    0xc2, 0x0, 0xe2, 0x99, 0x20, 0x7, 0xff, 0xfc,
    0x3, 0xb6, 0x3, 0x20, 0x40,

    /* U+255A "╚" */
    0x12, 0x1, 0x20, 0xa, 0x34, 0x27, 0x44, 0x3,
    0xff, 0xf7, 0x10, 0x60, 0xe, 0x67, 0xa0, 0xa,
    0x3b, 0xac, 0x0, 0xc2, 0x30, 0x5, 0xff, 0xd9,
    0x86, 0x6f, 0x58,

    /* U+255D "╝" */
    0x0, 0x84, 0x80, 0x48, 0x3, 0x46, 0x84, 0xe8,
    0x80, 0x7f, 0xff, 0xa, 0x20, 0xa0, 0x1c, 0xef,
    0x18, 0x7, 0x2f, 0x76, 0x0, 0xe1, 0x1c, 0x1,
    0x97, 0xff, 0x9c, 0x0, 0xec, 0xdf, 0x8,

    /* U+2588 "█" */
    0x22, 0xfe, 0x1d, 0xdf, 0xe8, 0x0, 0xff, 0xff,
    0x80, 0x7f, 0xff, 0xc0, 0x3f, 0xfc, 0xc0,

    /* U+2594 "▔" */
    0x88, 0xfe, 0x57, 0x7f, 0xec, 0x0, 0xff, 0x77,
    0x7f, 0x48,

    /* U+25A0 "■" */
    0x99, 0xfe, 0x56, 0x6f, 0xec, 0x0, 0xff, 0xff,
    0x80, 0x77, 0xff, 0xf4, 0x80
};


/*---------------------
 *  GLYPH DESCRIPTION
 *--------------------*/

static const lv_font_fmt_txt_glyph_dsc_t glyph_dsc[] = {
    {.bitmap_index = 0, .adv_w = 0, .box_w = 0, .box_h = 0, .ofs_x = 0, .ofs_y = 0} /* id = 0 reserved */,
    {.bitmap_index = 0, .adv_w = 154, .box_w = 0, .box_h = 0, .ofs_x = 0, .ofs_y = 0},
    {.bitmap_index = 0, .adv_w = 154, .box_w = 4, .box_h = 12, .ofs_x = 3, .ofs_y = 0},
    {.bitmap_index = 19, .adv_w = 154, .box_w = 7, .box_h = 5, .ofs_x = 1, .ofs_y = 7},
    {.bitmap_index = 35, .adv_w = 154, .box_w = 10, .box_h = 12, .ofs_x = 0, .ofs_y = 0},
    {.bitmap_index = 95, .adv_w = 154, .box_w = 9, .box_h = 17, .ofs_x = 0, .ofs_y = -2},
    {.bitmap_index = 164, .adv_w = 154, .box_w = 10, .box_h = 12, .ofs_x = 0, .ofs_y = 0},
    {.bitmap_index = 222, .adv_w = 154, .box_w = 10, .box_h = 12, .ofs_x = 0, .ofs_y = 0},
    {.bitmap_index = 281, .adv_w = 154, .box_w = 3, .box_h = 5, .ofs_x = 3, .ofs_y = 7},
    {.bitmap_index = 289, .adv_w = 154, .box_w = 6, .box_h = 16, .ofs_x = 2, .ofs_y = -2},
    {.bitmap_index = 331, .adv_w = 154, .box_w = 6, .box_h = 16, .ofs_x = 1, .ofs_y = -2},
    {.bitmap_index = 373, .adv_w = 154, .box_w = 10, .box_h = 9, .ofs_x = 0, .ofs_y = 1},
    {.bitmap_index = 413, .adv_w = 154, .box_w = 9, .box_h = 8, .ofs_x = 0, .ofs_y = 1},
    {.bitmap_index = 439, .adv_w = 154, .box_w = 4, .box_h = 5, .ofs_x = 3, .ofs_y = -3},
    {.bitmap_index = 450, .adv_w = 154, .box_w = 6, .box_h = 2, .ofs_x = 2, .ofs_y = 4},
    {.bitmap_index = 455, .adv_w = 154, .box_w = 4, .box_h = 3, .ofs_x = 3, .ofs_y = 0},
    {.bitmap_index = 462, .adv_w = 154, .box_w = 9, .box_h = 15, .ofs_x = 0, .ofs_y = -2},
    {.bitmap_index = 512, .adv_w = 154, .box_w = 8, .box_h = 12, .ofs_x = 1, .ofs_y = 0},
    {.bitmap_index = 552, .adv_w = 154, .box_w = 8, .box_h = 12, .ofs_x = 1, .ofs_y = 0},
    {.bitmap_index = 580, .adv_w = 154, .box_w = 8, .box_h = 12, .ofs_x = 1, .ofs_y = 0},
    {.bitmap_index = 627, .adv_w = 154, .box_w = 9, .box_h = 12, .ofs_x = 0, .ofs_y = 0},
    {.bitmap_index = 675, .adv_w = 154, .box_w = 9, .box_h = 12, .ofs_x = 0, .ofs_y = 0},
    {.bitmap_index = 717, .adv_w = 154, .box_w = 9, .box_h = 12, .ofs_x = 0, .ofs_y = 0},
    {.bitmap_index = 760, .adv_w = 154, .box_w = 9, .box_h = 12, .ofs_x = 0, .ofs_y = 0},
    {.bitmap_index = 810, .adv_w = 154, .box_w = 8, .box_h = 12, .ofs_x = 1, .ofs_y = 0},
    {.bitmap_index = 851, .adv_w = 154, .box_w = 9, .box_h = 12, .ofs_x = 0, .ofs_y = 0},
    {.bitmap_index = 907, .adv_w = 154, .box_w = 9, .box_h = 12, .ofs_x = 0, .ofs_y = 0},
    {.bitmap_index = 959, .adv_w = 154, .box_w = 4, .box_h = 9, .ofs_x = 3, .ofs_y = 0},
    {.bitmap_index = 975, .adv_w = 154, .box_w = 5, .box_h = 12, .ofs_x = 2, .ofs_y = -3},
    {.bitmap_index = 1001, .adv_w = 154, .box_w = 8, .box_h = 10, .ofs_x = 1, .ofs_y = 0},
    {.bitmap_index = 1038, .adv_w = 154, .box_w = 8, .box_h = 6, .ofs_x = 1, .ofs_y = 2},
    {.bitmap_index = 1053, .adv_w = 154, .box_w = 8, .box_h = 10, .ofs_x = 1, .ofs_y = 0},
    {.bitmap_index = 1090, .adv_w = 154, .box_w = 7, .box_h = 12, .ofs_x = 1, .ofs_y = 0},
    {.bitmap_index = 1128, .adv_w = 154, .box_w = 10, .box_h = 15, .ofs_x = 0, .ofs_y = -3},
    {.bitmap_index = 1191, .adv_w = 154, .box_w = 10, .box_h = 12, .ofs_x = 0, .ofs_y = 0},
    {.bitmap_index = 1246, .adv_w = 154, .box_w = 8, .box_h = 12, .ofs_x = 1, .ofs_y = 0},
    {.bitmap_index = 1290, .adv_w = 154, .box_w = 8, .box_h = 12, .ofs_x = 1, .ofs_y = 0},
    {.bitmap_index = 1327, .adv_w = 154, .box_w = 8, .box_h = 12, .ofs_x = 1, .ofs_y = 0},
    {.bitmap_index = 1359, .adv_w = 154, .box_w = 8, .box_h = 12, .ofs_x = 1, .ofs_y = 0},
    {.bitmap_index = 1389, .adv_w = 154, .box_w = 8, .box_h = 12, .ofs_x = 1, .ofs_y = 0},
    {.bitmap_index = 1415, .adv_w = 154, .box_w = 8, .box_h = 12, .ofs_x = 1, .ofs_y = 0},
    {.bitmap_index = 1459, .adv_w = 154, .box_w = 8, .box_h = 12, .ofs_x = 1, .ofs_y = 0},
    {.bitmap_index = 1479, .adv_w = 154, .box_w = 8, .box_h = 12, .ofs_x = 1, .ofs_y = 0},
    {.bitmap_index = 1502, .adv_w = 154, .box_w = 9, .box_h = 12, .ofs_x = 0, .ofs_y = 0},
    {.bitmap_index = 1527, .adv_w = 154, .box_w = 9, .box_h = 12, .ofs_x = 1, .ofs_y = 0},
    {.bitmap_index = 1570, .adv_w = 154, .box_w = 8, .box_h = 12, .ofs_x = 1, .ofs_y = 0},
    {.bitmap_index = 1582, .adv_w = 154, .box_w = 9, .box_h = 12, .ofs_x = 0, .ofs_y = 0},
    {.bitmap_index = 1617, .adv_w = 154, .box_w = 8, .box_h = 12, .ofs_x = 1, .ofs_y = 0},
    {.bitmap_index = 1655, .adv_w = 154, .box_w = 8, .box_h = 12, .ofs_x = 1, .ofs_y = 0},
    {.bitmap_index = 1692, .adv_w = 154, .box_w = 8, .box_h = 12, .ofs_x = 1, .ofs_y = 0},
    {.bitmap_index = 1728, .adv_w = 154, .box_w = 8, .box_h = 15, .ofs_x = 1, .ofs_y = -3},
    {.bitmap_index = 1774, .adv_w = 154, .box_w = 8, .box_h = 12, .ofs_x = 1, .ofs_y = 0},
    {.bitmap_index = 1817, .adv_w = 154, .box_w = 9, .box_h = 12, .ofs_x = 0, .ofs_y = 0},
    {.bitmap_index = 1872, .adv_w = 154, .box_w = 9, .box_h = 12, .ofs_x = 0, .ofs_y = 0},
    {.bitmap_index = 1889, .adv_w = 154, .box_w = 8, .box_h = 12, .ofs_x = 1, .ofs_y = 0},
    {.bitmap_index = 1911, .adv_w = 154, .box_w = 10, .box_h = 12, .ofs_x = 0, .ofs_y = 0},
    {.bitmap_index = 1967, .adv_w = 154, .box_w = 10, .box_h = 12, .ofs_x = 0, .ofs_y = 0},
    {.bitmap_index = 2029, .adv_w = 154, .box_w = 10, .box_h = 12, .ofs_x = 0, .ofs_y = 0},
    {.bitmap_index = 2085, .adv_w = 154, .box_w = 10, .box_h = 12, .ofs_x = 0, .ofs_y = 0},
    {.bitmap_index = 2128, .adv_w = 154, .box_w = 8, .box_h = 12, .ofs_x = 1, .ofs_y = 0},
    {.bitmap_index = 2168, .adv_w = 154, .box_w = 6, .box_h = 15, .ofs_x = 2, .ofs_y = -2},
    {.bitmap_index = 2183, .adv_w = 154, .box_w = 9, .box_h = 15, .ofs_x = 0, .ofs_y = -2},
    {.bitmap_index = 2232, .adv_w = 154, .box_w = 5, .box_h = 15, .ofs_x = 2, .ofs_y = -2},
    {.bitmap_index = 2247, .adv_w = 154, .box_w = 8, .box_h = 7, .ofs_x = 1, .ofs_y = 5},
    {.bitmap_index = 2274, .adv_w = 154, .box_w = 9, .box_h = 2, .ofs_x = 0, .ofs_y = -2},
    {.bitmap_index = 2280, .adv_w = 154, .box_w = 5, .box_h = 3, .ofs_x = 2, .ofs_y = 10},
    {.bitmap_index = 2288, .adv_w = 154, .box_w = 9, .box_h = 9, .ofs_x = 0, .ofs_y = 0},
    {.bitmap_index = 2327, .adv_w = 154, .box_w = 8, .box_h = 12, .ofs_x = 1, .ofs_y = 0},
    {.bitmap_index = 2362, .adv_w = 154, .box_w = 8, .box_h = 9, .ofs_x = 1, .ofs_y = 0},
    {.bitmap_index = 2396, .adv_w = 154, .box_w = 8, .box_h = 12, .ofs_x = 1, .ofs_y = 0},
    {.bitmap_index = 2434, .adv_w = 154, .box_w = 8, .box_h = 9, .ofs_x = 1, .ofs_y = 0},
    {.bitmap_index = 2470, .adv_w = 154, .box_w = 9, .box_h = 12, .ofs_x = 0, .ofs_y = 0},
    {.bitmap_index = 2504, .adv_w = 154, .box_w = 8, .box_h = 12, .ofs_x = 1, .ofs_y = -3},
    {.bitmap_index = 2549, .adv_w = 154, .box_w = 8, .box_h = 12, .ofs_x = 1, .ofs_y = 0},
    {.bitmap_index = 2572, .adv_w = 154, .box_w = 8, .box_h = 13, .ofs_x = 1, .ofs_y = 0},
    {.bitmap_index = 2606, .adv_w = 154, .box_w = 7, .box_h = 16, .ofs_x = 1, .ofs_y = -3},
    {.bitmap_index = 2638, .adv_w = 154, .box_w = 9, .box_h = 12, .ofs_x = 1, .ofs_y = 0},
    {.bitmap_index = 2674, .adv_w = 154, .box_w = 9, .box_h = 12, .ofs_x = 0, .ofs_y = 0},
    {.bitmap_index = 2697, .adv_w = 154, .box_w = 9, .box_h = 9, .ofs_x = 0, .ofs_y = 0},
    {.bitmap_index = 2714, .adv_w = 154, .box_w = 8, .box_h = 9, .ofs_x = 1, .ofs_y = 0},
    {.bitmap_index = 2734, .adv_w = 154, .box_w = 8, .box_h = 9, .ofs_x = 1, .ofs_y = 0},
    {.bitmap_index = 2768, .adv_w = 154, .box_w = 8, .box_h = 12, .ofs_x = 1, .ofs_y = -3},
    {.bitmap_index = 2807, .adv_w = 154, .box_w = 8, .box_h = 12, .ofs_x = 1, .ofs_y = -3},
    {.bitmap_index = 2845, .adv_w = 154, .box_w = 8, .box_h = 9, .ofs_x = 1, .ofs_y = 0},
    {.bitmap_index = 2868, .adv_w = 154, .box_w = 8, .box_h = 9, .ofs_x = 1, .ofs_y = 0},
    {.bitmap_index = 2905, .adv_w = 154, .box_w = 9, .box_h = 12, .ofs_x = 0, .ofs_y = 0},
    {.bitmap_index = 2939, .adv_w = 154, .box_w = 8, .box_h = 9, .ofs_x = 1, .ofs_y = 0},
    {.bitmap_index = 2959, .adv_w = 154, .box_w = 10, .box_h = 9, .ofs_x = 0, .ofs_y = 0},
    {.bitmap_index = 3002, .adv_w = 154, .box_w = 10, .box_h = 9, .ofs_x = 0, .ofs_y = 0},
    {.bitmap_index = 3048, .adv_w = 154, .box_w = 10, .box_h = 9, .ofs_x = 0, .ofs_y = 0},
    {.bitmap_index = 3090, .adv_w = 154, .box_w = 10, .box_h = 12, .ofs_x = 0, .ofs_y = -3},
    {.bitmap_index = 3143, .adv_w = 154, .box_w = 8, .box_h = 9, .ofs_x = 1, .ofs_y = 0},
    {.bitmap_index = 3175, .adv_w = 154, .box_w = 8, .box_h = 15, .ofs_x = 1, .ofs_y = -2},
    {.bitmap_index = 3226, .adv_w = 154, .box_w = 3, .box_h = 16, .ofs_x = 3, .ofs_y = -2},
    {.bitmap_index = 3233, .adv_w = 154, .box_w = 8, .box_h = 15, .ofs_x = 1, .ofs_y = -2},
    {.bitmap_index = 3284, .adv_w = 154, .box_w = 9, .box_h = 4, .ofs_x = 0, .ofs_y = 4},
    {.bitmap_index = 3303, .adv_w = 154, .box_w = 0, .box_h = 0, .ofs_x = 0, .ofs_y = 0},
    {.bitmap_index = 3303, .adv_w = 154, .box_w = 4, .box_h = 12, .ofs_x = 3, .ofs_y = -3},
    {.bitmap_index = 3323, .adv_w = 154, .box_w = 8, .box_h = 14, .ofs_x = 1, .ofs_y = -2},
    {.bitmap_index = 3370, .adv_w = 154, .box_w = 8, .box_h = 12, .ofs_x = 1, .ofs_y = 0},
    {.bitmap_index = 3417, .adv_w = 154, .box_w = 9, .box_h = 9, .ofs_x = 0, .ofs_y = 1},
    {.bitmap_index = 3457, .adv_w = 154, .box_w = 10, .box_h = 12, .ofs_x = 0, .ofs_y = 0},
    {.bitmap_index = 3519, .adv_w = 154, .box_w = 3, .box_h = 16, .ofs_x = 3, .ofs_y = -2},
    {.bitmap_index = 3534, .adv_w = 154, .box_w = 9, .box_h = 15, .ofs_x = 0, .ofs_y = -3},
    {.bitmap_index = 3603, .adv_w = 154, .box_w = 7, .box_h = 3, .ofs_x = 1, .ofs_y = 10},
    {.bitmap_index = 3614, .adv_w = 154, .box_w = 9, .box_h = 10, .ofs_x = 0, .ofs_y = 2},
    {.bitmap_index = 3657, .adv_w = 154, .box_w = 5, .box_h = 5, .ofs_x = 2, .ofs_y = 7},
    {.bitmap_index = 3670, .adv_w = 154, .box_w = 10, .box_h = 8, .ofs_x = 0, .ofs_y = 1},
    {.bitmap_index = 3710, .adv_w = 154, .box_w = 7, .box_h = 4, .ofs_x = 1, .ofs_y = 3},
    {.bitmap_index = 3719, .adv_w = 154, .box_w = 6, .box_h = 2, .ofs_x = 2, .ofs_y = 4},
    {.bitmap_index = 3724, .adv_w = 154, .box_w = 9, .box_h = 10, .ofs_x = 0, .ofs_y = 2},
    {.bitmap_index = 3769, .adv_w = 154, .box_w = 6, .box_h = 2, .ofs_x = 2, .ofs_y = 11},
    {.bitmap_index = 3773, .adv_w = 154, .box_w = 6, .box_h = 6, .ofs_x = 2, .ofs_y = 6},
    {.bitmap_index = 3792, .adv_w = 154, .box_w = 9, .box_h = 9, .ofs_x = 0, .ofs_y = 0},
    {.bitmap_index = 3822, .adv_w = 154, .box_w = 6, .box_h = 7, .ofs_x = 2, .ofs_y = 6},
    {.bitmap_index = 3844, .adv_w = 154, .box_w = 6, .box_h = 7, .ofs_x = 2, .ofs_y = 6},
    {.bitmap_index = 3865, .adv_w = 154, .box_w = 5, .box_h = 3, .ofs_x = 3, .ofs_y = 10},
    {.bitmap_index = 3873, .adv_w = 154, .box_w = 8, .box_h = 12, .ofs_x = 1, .ofs_y = -3},
    {.bitmap_index = 3897, .adv_w = 154, .box_w = 9, .box_h = 15, .ofs_x = 0, .ofs_y = -3},
    {.bitmap_index = 3923, .adv_w = 154, .box_w = 4, .box_h = 3, .ofs_x = 3, .ofs_y = 4},
    {.bitmap_index = 3930, .adv_w = 154, .box_w = 4, .box_h = 6, .ofs_x = 3, .ofs_y = -4},
    {.bitmap_index = 3943, .adv_w = 154, .box_w = 6, .box_h = 7, .ofs_x = 2, .ofs_y = 6},
    {.bitmap_index = 3961, .adv_w = 154, .box_w = 5, .box_h = 5, .ofs_x = 2, .ofs_y = 7},
    {.bitmap_index = 3974, .adv_w = 154, .box_w = 10, .box_h = 8, .ofs_x = 0, .ofs_y = 1},
    {.bitmap_index = 4014, .adv_w = 154, .box_w = 11, .box_h = 12, .ofs_x = -1, .ofs_y = 0},
    {.bitmap_index = 4077, .adv_w = 154, .box_w = 11, .box_h = 13, .ofs_x = -1, .ofs_y = -1},
    {.bitmap_index = 4146, .adv_w = 154, .box_w = 11, .box_h = 12, .ofs_x = -1, .ofs_y = 0},
    {.bitmap_index = 4209, .adv_w = 154, .box_w = 7, .box_h = 12, .ofs_x = 1, .ofs_y = -3},
    {.bitmap_index = 4246, .adv_w = 154, .box_w = 10, .box_h = 16, .ofs_x = 0, .ofs_y = 0},
    {.bitmap_index = 4314, .adv_w = 154, .box_w = 10, .box_h = 16, .ofs_x = 0, .ofs_y = 0},
    {.bitmap_index = 4383, .adv_w = 154, .box_w = 10, .box_h = 16, .ofs_x = 0, .ofs_y = 0},
    {.bitmap_index = 4454, .adv_w = 154, .box_w = 10, .box_h = 16, .ofs_x = 0, .ofs_y = 0},
    {.bitmap_index = 4524, .adv_w = 154, .box_w = 10, .box_h = 16, .ofs_x = 0, .ofs_y = 0},
    {.bitmap_index = 4598, .adv_w = 154, .box_w = 10, .box_h = 16, .ofs_x = 0, .ofs_y = 0},
    {.bitmap_index = 4667, .adv_w = 154, .box_w = 10, .box_h = 12, .ofs_x = 0, .ofs_y = 0},
    {.bitmap_index = 4722, .adv_w = 154, .box_w = 8, .box_h = 16, .ofs_x = 1, .ofs_y = -4},
    {.bitmap_index = 4774, .adv_w = 154, .box_w = 8, .box_h = 16, .ofs_x = 1, .ofs_y = 0},
    {.bitmap_index = 4817, .adv_w = 154, .box_w = 8, .box_h = 16, .ofs_x = 1, .ofs_y = 0},
    {.bitmap_index = 4860, .adv_w = 154, .box_w = 8, .box_h = 16, .ofs_x = 1, .ofs_y = 0},
    {.bitmap_index = 4905, .adv_w = 154, .box_w = 8, .box_h = 16, .ofs_x = 1, .ofs_y = 0},
    {.bitmap_index = 4951, .adv_w = 154, .box_w = 8, .box_h = 16, .ofs_x = 1, .ofs_y = 0},
    {.bitmap_index = 4987, .adv_w = 154, .box_w = 8, .box_h = 16, .ofs_x = 1, .ofs_y = 0},
    {.bitmap_index = 5024, .adv_w = 154, .box_w = 8, .box_h = 16, .ofs_x = 1, .ofs_y = 0},
    {.bitmap_index = 5063, .adv_w = 154, .box_w = 8, .box_h = 16, .ofs_x = 1, .ofs_y = 0},
    {.bitmap_index = 5102, .adv_w = 154, .box_w = 9, .box_h = 12, .ofs_x = 0, .ofs_y = 0},
    {.bitmap_index = 5148, .adv_w = 154, .box_w = 8, .box_h = 16, .ofs_x = 1, .ofs_y = 0},
    {.bitmap_index = 5200, .adv_w = 154, .box_w = 8, .box_h = 16, .ofs_x = 1, .ofs_y = 0},
    {.bitmap_index = 5249, .adv_w = 154, .box_w = 8, .box_h = 16, .ofs_x = 1, .ofs_y = 0},
    {.bitmap_index = 5299, .adv_w = 154, .box_w = 8, .box_h = 16, .ofs_x = 1, .ofs_y = 0},
    {.bitmap_index = 5351, .adv_w = 154, .box_w = 8, .box_h = 16, .ofs_x = 1, .ofs_y = 0},
    {.bitmap_index = 5401, .adv_w = 154, .box_w = 8, .box_h = 16, .ofs_x = 1, .ofs_y = 0},
    {.bitmap_index = 5454, .adv_w = 154, .box_w = 8, .box_h = 8, .ofs_x = 1, .ofs_y = 1},
    {.bitmap_index = 5487, .adv_w = 154, .box_w = 10, .box_h = 13, .ofs_x = 0, .ofs_y = -1},
    {.bitmap_index = 5545, .adv_w = 154, .box_w = 8, .box_h = 16, .ofs_x = 1, .ofs_y = 0},
    {.bitmap_index = 5580, .adv_w = 154, .box_w = 8, .box_h = 16, .ofs_x = 1, .ofs_y = 0},
    {.bitmap_index = 5617, .adv_w = 154, .box_w = 8, .box_h = 16, .ofs_x = 1, .ofs_y = 0},
    {.bitmap_index = 5655, .adv_w = 154, .box_w = 8, .box_h = 16, .ofs_x = 1, .ofs_y = 0},
    {.bitmap_index = 5694, .adv_w = 154, .box_w = 10, .box_h = 16, .ofs_x = 0, .ofs_y = 0},
    {.bitmap_index = 5752, .adv_w = 154, .box_w = 8, .box_h = 12, .ofs_x = 1, .ofs_y = 0},
    {.bitmap_index = 5789, .adv_w = 154, .box_w = 8, .box_h = 12, .ofs_x = 1, .ofs_y = 0},
    {.bitmap_index = 5834, .adv_w = 154, .box_w = 9, .box_h = 13, .ofs_x = 0, .ofs_y = 0},
    {.bitmap_index = 5886, .adv_w = 154, .box_w = 9, .box_h = 13, .ofs_x = 0, .ofs_y = 0},
    {.bitmap_index = 5939, .adv_w = 154, .box_w = 9, .box_h = 13, .ofs_x = 0, .ofs_y = 0},
    {.bitmap_index = 5995, .adv_w = 154, .box_w = 9, .box_h = 14, .ofs_x = 0, .ofs_y = 0},
    {.bitmap_index = 6052, .adv_w = 154, .box_w = 9, .box_h = 13, .ofs_x = 0, .ofs_y = 0},
    {.bitmap_index = 6110, .adv_w = 154, .box_w = 9, .box_h = 14, .ofs_x = 0, .ofs_y = 0},
    {.bitmap_index = 6168, .adv_w = 154, .box_w = 10, .box_h = 9, .ofs_x = 0, .ofs_y = 0},
    {.bitmap_index = 6214, .adv_w = 154, .box_w = 8, .box_h = 13, .ofs_x = 1, .ofs_y = -4},
    {.bitmap_index = 6263, .adv_w = 154, .box_w = 8, .box_h = 13, .ofs_x = 1, .ofs_y = 0},
    {.bitmap_index = 6311, .adv_w = 154, .box_w = 8, .box_h = 13, .ofs_x = 1, .ofs_y = 0},
    {.bitmap_index = 6361, .adv_w = 154, .box_w = 8, .box_h = 13, .ofs_x = 1, .ofs_y = 0},
    {.bitmap_index = 6413, .adv_w = 154, .box_w = 8, .box_h = 13, .ofs_x = 1, .ofs_y = 0},
    {.bitmap_index = 6466, .adv_w = 154, .box_w = 8, .box_h = 13, .ofs_x = 1, .ofs_y = 0},
    {.bitmap_index = 6500, .adv_w = 154, .box_w = 8, .box_h = 13, .ofs_x = 1, .ofs_y = 0},
    {.bitmap_index = 6534, .adv_w = 154, .box_w = 8, .box_h = 13, .ofs_x = 1, .ofs_y = 0},
    {.bitmap_index = 6571, .adv_w = 154, .box_w = 8, .box_h = 13, .ofs_x = 1, .ofs_y = 0},
    {.bitmap_index = 6609, .adv_w = 154, .box_w = 9, .box_h = 13, .ofs_x = 0, .ofs_y = 0},
    {.bitmap_index = 6665, .adv_w = 154, .box_w = 8, .box_h = 14, .ofs_x = 1, .ofs_y = 0},
    {.bitmap_index = 6703, .adv_w = 154, .box_w = 8, .box_h = 13, .ofs_x = 1, .ofs_y = 0},
    {.bitmap_index = 6749, .adv_w = 154, .box_w = 8, .box_h = 13, .ofs_x = 1, .ofs_y = 0},
    {.bitmap_index = 6796, .adv_w = 154, .box_w = 8, .box_h = 13, .ofs_x = 1, .ofs_y = 0},
    {.bitmap_index = 6846, .adv_w = 154, .box_w = 8, .box_h = 14, .ofs_x = 1, .ofs_y = 0},
    {.bitmap_index = 6897, .adv_w = 154, .box_w = 8, .box_h = 13, .ofs_x = 1, .ofs_y = 0},
    {.bitmap_index = 6947, .adv_w = 154, .box_w = 7, .box_h = 10, .ofs_x = 1, .ofs_y = 1},
    {.bitmap_index = 6977, .adv_w = 154, .box_w = 10, .box_h = 11, .ofs_x = 0, .ofs_y = -1},
    {.bitmap_index = 7028, .adv_w = 154, .box_w = 8, .box_h = 13, .ofs_x = 1, .ofs_y = 0},
    {.bitmap_index = 7060, .adv_w = 154, .box_w = 8, .box_h = 13, .ofs_x = 1, .ofs_y = 0},
    {.bitmap_index = 7094, .adv_w = 154, .box_w = 8, .box_h = 13, .ofs_x = 1, .ofs_y = 0},
    {.bitmap_index = 7130, .adv_w = 154, .box_w = 8, .box_h = 13, .ofs_x = 1, .ofs_y = 0},
    {.bitmap_index = 7166, .adv_w = 154, .box_w = 10, .box_h = 16, .ofs_x = 0, .ofs_y = -3},
    {.bitmap_index = 7234, .adv_w = 154, .box_w = 8, .box_h = 15, .ofs_x = 1, .ofs_y = -3},
    {.bitmap_index = 7278, .adv_w = 154, .box_w = 10, .box_h = 16, .ofs_x = 0, .ofs_y = -3},
    {.bitmap_index = 7350, .adv_w = 154, .box_w = 10, .box_h = 15, .ofs_x = 0, .ofs_y = 0},
    {.bitmap_index = 7415, .adv_w = 154, .box_w = 9, .box_h = 13, .ofs_x = 0, .ofs_y = 0},
    {.bitmap_index = 7467, .adv_w = 154, .box_w = 10, .box_h = 16, .ofs_x = 0, .ofs_y = 0},
    {.bitmap_index = 7539, .adv_w = 154, .box_w = 9, .box_h = 13, .ofs_x = 0, .ofs_y = 0},
    {.bitmap_index = 7594, .adv_w = 154, .box_w = 10, .box_h = 16, .ofs_x = 0, .ofs_y = -4},
    {.bitmap_index = 7665, .adv_w = 154, .box_w = 10, .box_h = 13, .ofs_x = 0, .ofs_y = -4},
    {.bitmap_index = 7724, .adv_w = 154, .box_w = 8, .box_h = 16, .ofs_x = 1, .ofs_y = 0},
    {.bitmap_index = 7775, .adv_w = 154, .box_w = 8, .box_h = 13, .ofs_x = 1, .ofs_y = 0},
    {.bitmap_index = 7822, .adv_w = 154, .box_w = 8, .box_h = 16, .ofs_x = 1, .ofs_y = 0},
    {.bitmap_index = 7874, .adv_w = 154, .box_w = 8, .box_h = 13, .ofs_x = 1, .ofs_y = 0},
    {.bitmap_index = 7925, .adv_w = 154, .box_w = 8, .box_h = 16, .ofs_x = 1, .ofs_y = 0},
    {.bitmap_index = 7975, .adv_w = 154, .box_w = 8, .box_h = 13, .ofs_x = 1, .ofs_y = 0},
    {.bitmap_index = 8022, .adv_w = 154, .box_w = 8, .box_h = 16, .ofs_x = 1, .ofs_y = 0},
    {.bitmap_index = 8071, .adv_w = 154, .box_w = 8, .box_h = 13, .ofs_x = 1, .ofs_y = 0},
    {.bitmap_index = 8120, .adv_w = 154, .box_w = 8, .box_h = 16, .ofs_x = 1, .ofs_y = 0},
    {.bitmap_index = 8169, .adv_w = 154, .box_w = 10, .box_h = 12, .ofs_x = 0, .ofs_y = 0},
    {.bitmap_index = 8213, .adv_w = 154, .box_w = 9, .box_h = 12, .ofs_x = 0, .ofs_y = 0},
    {.bitmap_index = 8259, .adv_w = 154, .box_w = 9, .box_h = 12, .ofs_x = 1, .ofs_y = 0},
    {.bitmap_index = 8308, .adv_w = 154, .box_w = 8, .box_h = 15, .ofs_x = 1, .ofs_y = 0},
    {.bitmap_index = 8348, .adv_w = 154, .box_w = 8, .box_h = 13, .ofs_x = 1, .ofs_y = 0},
    {.bitmap_index = 8395, .adv_w = 154, .box_w = 8, .box_h = 16, .ofs_x = 1, .ofs_y = 0},
    {.bitmap_index = 8443, .adv_w = 154, .box_w = 8, .box_h = 13, .ofs_x = 1, .ofs_y = 0},
    {.bitmap_index = 8494, .adv_w = 154, .box_w = 8, .box_h = 16, .ofs_x = 1, .ofs_y = 0},
    {.bitmap_index = 8537, .adv_w = 154, .box_w = 8, .box_h = 13, .ofs_x = 1, .ofs_y = 0},
    {.bitmap_index = 8585, .adv_w = 154, .box_w = 8, .box_h = 16, .ofs_x = 1, .ofs_y = -4},
    {.bitmap_index = 8629, .adv_w = 154, .box_w = 8, .box_h = 13, .ofs_x = 1, .ofs_y = -4},
    {.bitmap_index = 8680, .adv_w = 154, .box_w = 8, .box_h = 16, .ofs_x = 1, .ofs_y = 0},
    {.bitmap_index = 8726, .adv_w = 154, .box_w = 8, .box_h = 13, .ofs_x = 1, .ofs_y = 0},
    {.bitmap_index = 8777, .adv_w = 154, .box_w = 8, .box_h = 16, .ofs_x = 1, .ofs_y = 0},
    {.bitmap_index = 8836, .adv_w = 154, .box_w = 8, .box_h = 16, .ofs_x = 1, .ofs_y = -3},
    {.bitmap_index = 8897, .adv_w = 154, .box_w = 8, .box_h = 16, .ofs_x = 1, .ofs_y = 0},
    {.bitmap_index = 8955, .adv_w = 154, .box_w = 8, .box_h = 16, .ofs_x = 1, .ofs_y = -3},
    {.bitmap_index = 9015, .adv_w = 154, .box_w = 8, .box_h = 16, .ofs_x = 1, .ofs_y = 0},
    {.bitmap_index = 9071, .adv_w = 154, .box_w = 8, .box_h = 16, .ofs_x = 1, .ofs_y = -3},
    {.bitmap_index = 9128, .adv_w = 154, .box_w = 8, .box_h = 16, .ofs_x = 1, .ofs_y = -4},
    {.bitmap_index = 9186, .adv_w = 154, .box_w = 8, .box_h = 17, .ofs_x = 1, .ofs_y = -3},
    {.bitmap_index = 9247, .adv_w = 154, .box_w = 8, .box_h = 16, .ofs_x = 1, .ofs_y = 0},
    {.bitmap_index = 9282, .adv_w = 154, .box_w = 10, .box_h = 16, .ofs_x = -1, .ofs_y = 0},
    {.bitmap_index = 9323, .adv_w = 154, .box_w = 10, .box_h = 12, .ofs_x = 0, .ofs_y = 0},
    {.bitmap_index = 9363, .adv_w = 154, .box_w = 9, .box_h = 12, .ofs_x = 0, .ofs_y = 0},
    {.bitmap_index = 9400, .adv_w = 154, .box_w = 8, .box_h = 16, .ofs_x = 1, .ofs_y = 0},
    {.bitmap_index = 9438, .adv_w = 154, .box_w = 8, .box_h = 14, .ofs_x = 1, .ofs_y = 0},
    {.bitmap_index = 9478, .adv_w = 154, .box_w = 8, .box_h = 15, .ofs_x = 1, .ofs_y = 0},
    {.bitmap_index = 9510, .adv_w = 154, .box_w = 8, .box_h = 12, .ofs_x = 1, .ofs_y = 0},
    {.bitmap_index = 9541, .adv_w = 154, .box_w = 8, .box_h = 16, .ofs_x = 1, .ofs_y = 0},
    {.bitmap_index = 9583, .adv_w = 154, .box_w = 8, .box_h = 13, .ofs_x = 1, .ofs_y = 0},
    {.bitmap_index = 9620, .adv_w = 154, .box_w = 8, .box_h = 16, .ofs_x = 1, .ofs_y = -4},
    {.bitmap_index = 9658, .adv_w = 154, .box_w = 8, .box_h = 17, .ofs_x = 1, .ofs_y = -4},
    {.bitmap_index = 9707, .adv_w = 154, .box_w = 8, .box_h = 16, .ofs_x = 1, .ofs_y = 0},
    {.bitmap_index = 9743, .adv_w = 154, .box_w = 8, .box_h = 9, .ofs_x = 1, .ofs_y = 0},
    {.bitmap_index = 9764, .adv_w = 185, .box_w = 11, .box_h = 16, .ofs_x = 0, .ofs_y = -4},
    {.bitmap_index = 9809, .adv_w = 156, .box_w = 8, .box_h = 16, .ofs_x = 1, .ofs_y = -4},
    {.bitmap_index = 9842, .adv_w = 154, .box_w = 11, .box_h = 16, .ofs_x = 0, .ofs_y = 0},
    {.bitmap_index = 9887, .adv_w = 154, .box_w = 9, .box_h = 16, .ofs_x = 1, .ofs_y = -3},
    {.bitmap_index = 9928, .adv_w = 154, .box_w = 9, .box_h = 16, .ofs_x = 1, .ofs_y = -4},
    {.bitmap_index = 9986, .adv_w = 154, .box_w = 9, .box_h = 16, .ofs_x = 1, .ofs_y = -4},
    {.bitmap_index = 10037, .adv_w = 154, .box_w = 9, .box_h = 9, .ofs_x = 1, .ofs_y = 0},
    {.bitmap_index = 10070, .adv_w = 154, .box_w = 8, .box_h = 16, .ofs_x = 1, .ofs_y = 0},
    {.bitmap_index = 10095, .adv_w = 154, .box_w = 9, .box_h = 16, .ofs_x = 0, .ofs_y = 0},
    {.bitmap_index = 10132, .adv_w = 154, .box_w = 8, .box_h = 16, .ofs_x = 1, .ofs_y = -4},
    {.bitmap_index = 10156, .adv_w = 154, .box_w = 9, .box_h = 16, .ofs_x = 0, .ofs_y = -4},
    {.bitmap_index = 10193, .adv_w = 154, .box_w = 8, .box_h = 12, .ofs_x = 1, .ofs_y = 0},
    {.bitmap_index = 10214, .adv_w = 154, .box_w = 9, .box_h = 12, .ofs_x = 0, .ofs_y = 0},
    {.bitmap_index = 10244, .adv_w = 154, .box_w = 9, .box_h = 12, .ofs_x = 1, .ofs_y = 0},
    {.bitmap_index = 10270, .adv_w = 154, .box_w = 11, .box_h = 12, .ofs_x = 0, .ofs_y = 0},
    {.bitmap_index = 10309, .adv_w = 154, .box_w = 9, .box_h = 12, .ofs_x = 0, .ofs_y = 0},
    {.bitmap_index = 10341, .adv_w = 154, .box_w = 9, .box_h = 12, .ofs_x = 0, .ofs_y = 0},
    {.bitmap_index = 10384, .adv_w = 154, .box_w = 8, .box_h = 16, .ofs_x = 1, .ofs_y = 0},
    {.bitmap_index = 10437, .adv_w = 154, .box_w = 8, .box_h = 13, .ofs_x = 1, .ofs_y = 0},
    {.bitmap_index = 10471, .adv_w = 154, .box_w = 8, .box_h = 16, .ofs_x = 1, .ofs_y = -4},
    {.bitmap_index = 10524, .adv_w = 154, .box_w = 8, .box_h = 13, .ofs_x = 1, .ofs_y = -4},
    {.bitmap_index = 10558, .adv_w = 154, .box_w = 8, .box_h = 16, .ofs_x = 1, .ofs_y = 0},
    {.bitmap_index = 10613, .adv_w = 154, .box_w = 8, .box_h = 13, .ofs_x = 1, .ofs_y = 0},
    {.bitmap_index = 10649, .adv_w = 154, .box_w = 10, .box_h = 13, .ofs_x = -1, .ofs_y = 0},
    {.bitmap_index = 10684, .adv_w = 154, .box_w = 8, .box_h = 15, .ofs_x = 1, .ofs_y = -3},
    {.bitmap_index = 10733, .adv_w = 154, .box_w = 8, .box_h = 12, .ofs_x = 1, .ofs_y = -3},
    {.bitmap_index = 10765, .adv_w = 154, .box_w = 8, .box_h = 15, .ofs_x = 1, .ofs_y = 0},
    {.bitmap_index = 10811, .adv_w = 154, .box_w = 8, .box_h = 13, .ofs_x = 1, .ofs_y = 0},
    {.bitmap_index = 10855, .adv_w = 154, .box_w = 8, .box_h = 16, .ofs_x = 1, .ofs_y = 0},
    {.bitmap_index = 10908, .adv_w = 154, .box_w = 8, .box_h = 13, .ofs_x = 1, .ofs_y = 0},
    {.bitmap_index = 10957, .adv_w = 154, .box_w = 8, .box_h = 16, .ofs_x = 1, .ofs_y = 0},
    {.bitmap_index = 11010, .adv_w = 154, .box_w = 8, .box_h = 13, .ofs_x = 1, .ofs_y = 0},
    {.bitmap_index = 11060, .adv_w = 154, .box_w = 10, .box_h = 12, .ofs_x = 0, .ofs_y = 0},
    {.bitmap_index = 11105, .adv_w = 154, .box_w = 10, .box_h = 9, .ofs_x = 0, .ofs_y = 0},
    {.bitmap_index = 11145, .adv_w = 154, .box_w = 8, .box_h = 16, .ofs_x = 1, .ofs_y = 0},
    {.bitmap_index = 11202, .adv_w = 154, .box_w = 8, .box_h = 13, .ofs_x = 1, .ofs_y = 0},
    {.bitmap_index = 11238, .adv_w = 154, .box_w = 8, .box_h = 16, .ofs_x = 1, .ofs_y = -4},
    {.bitmap_index = 11295, .adv_w = 154, .box_w = 9, .box_h = 13, .ofs_x = 0, .ofs_y = -4},
    {.bitmap_index = 11331, .adv_w = 154, .box_w = 8, .box_h = 16, .ofs_x = 1, .ofs_y = 0},
    {.bitmap_index = 11390, .adv_w = 154, .box_w = 8, .box_h = 13, .ofs_x = 1, .ofs_y = 0},
    {.bitmap_index = 11429, .adv_w = 154, .box_w = 9, .box_h = 16, .ofs_x = 0, .ofs_y = 0},
    {.bitmap_index = 11498, .adv_w = 154, .box_w = 8, .box_h = 13, .ofs_x = 1, .ofs_y = 0},
    {.bitmap_index = 11548, .adv_w = 154, .box_w = 9, .box_h = 16, .ofs_x = 0, .ofs_y = 0},
    {.bitmap_index = 11619, .adv_w = 154, .box_w = 8, .box_h = 13, .ofs_x = 1, .ofs_y = 0},
    {.bitmap_index = 11672, .adv_w = 154, .box_w = 9, .box_h = 16, .ofs_x = 0, .ofs_y = -4},
    {.bitmap_index = 11743, .adv_w = 154, .box_w = 8, .box_h = 13, .ofs_x = 1, .ofs_y = -4},
    {.bitmap_index = 11794, .adv_w = 154, .box_w = 9, .box_h = 16, .ofs_x = 0, .ofs_y = 0},
    {.bitmap_index = 11865, .adv_w = 154, .box_w = 8, .box_h = 13, .ofs_x = 1, .ofs_y = 0},
    {.bitmap_index = 11917, .adv_w = 154, .box_w = 9, .box_h = 16, .ofs_x = 0, .ofs_y = -4},
    {.bitmap_index = 11948, .adv_w = 154, .box_w = 9, .box_h = 16, .ofs_x = 0, .ofs_y = -4},
    {.bitmap_index = 11998, .adv_w = 154, .box_w = 9, .box_h = 16, .ofs_x = 0, .ofs_y = 0},
    {.bitmap_index = 12032, .adv_w = 154, .box_w = 9, .box_h = 13, .ofs_x = 0, .ofs_y = 0},
    {.bitmap_index = 12071, .adv_w = 154, .box_w = 9, .box_h = 12, .ofs_x = 0, .ofs_y = 0},
    {.bitmap_index = 12103, .adv_w = 154, .box_w = 9, .box_h = 12, .ofs_x = 0, .ofs_y = 0},
    {.bitmap_index = 12149, .adv_w = 154, .box_w = 8, .box_h = 16, .ofs_x = 1, .ofs_y = 0},
    {.bitmap_index = 12185, .adv_w = 154, .box_w = 8, .box_h = 14, .ofs_x = 1, .ofs_y = 0},
    {.bitmap_index = 12223, .adv_w = 154, .box_w = 8, .box_h = 15, .ofs_x = 1, .ofs_y = 0},
    {.bitmap_index = 12255, .adv_w = 154, .box_w = 8, .box_h = 13, .ofs_x = 1, .ofs_y = 0},
    {.bitmap_index = 12285, .adv_w = 154, .box_w = 8, .box_h = 16, .ofs_x = 1, .ofs_y = 0},
    {.bitmap_index = 12324, .adv_w = 154, .box_w = 8, .box_h = 13, .ofs_x = 1, .ofs_y = 0},
    {.bitmap_index = 12359, .adv_w = 154, .box_w = 8, .box_h = 16, .ofs_x = 1, .ofs_y = 0},
    {.bitmap_index = 12396, .adv_w = 154, .box_w = 8, .box_h = 14, .ofs_x = 1, .ofs_y = 0},
    {.bitmap_index = 12435, .adv_w = 154, .box_w = 8, .box_h = 16, .ofs_x = 1, .ofs_y = 0},
    {.bitmap_index = 12474, .adv_w = 154, .box_w = 8, .box_h = 13, .ofs_x = 1, .ofs_y = 0},
    {.bitmap_index = 12510, .adv_w = 154, .box_w = 8, .box_h = 16, .ofs_x = 1, .ofs_y = -4},
    {.bitmap_index = 12547, .adv_w = 154, .box_w = 8, .box_h = 13, .ofs_x = 1, .ofs_y = -4},
    {.bitmap_index = 12582, .adv_w = 154, .box_w = 10, .box_h = 16, .ofs_x = 0, .ofs_y = 0},
    {.bitmap_index = 12661, .adv_w = 154, .box_w = 10, .box_h = 13, .ofs_x = 0, .ofs_y = 0},
    {.bitmap_index = 12725, .adv_w = 154, .box_w = 10, .box_h = 16, .ofs_x = 0, .ofs_y = 0},
    {.bitmap_index = 12785, .adv_w = 154, .box_w = 10, .box_h = 16, .ofs_x = 0, .ofs_y = -3},
    {.bitmap_index = 12855, .adv_w = 154, .box_w = 10, .box_h = 16, .ofs_x = 0, .ofs_y = 0},
    {.bitmap_index = 12918, .adv_w = 154, .box_w = 8, .box_h = 16, .ofs_x = 1, .ofs_y = 0},
    {.bitmap_index = 12972, .adv_w = 154, .box_w = 8, .box_h = 13, .ofs_x = 1, .ofs_y = 0},
    {.bitmap_index = 13018, .adv_w = 154, .box_w = 8, .box_h = 16, .ofs_x = 1, .ofs_y = 0},
    {.bitmap_index = 13071, .adv_w = 154, .box_w = 8, .box_h = 13, .ofs_x = 1, .ofs_y = 0},
    {.bitmap_index = 13116, .adv_w = 154, .box_w = 8, .box_h = 16, .ofs_x = 1, .ofs_y = 0},
    {.bitmap_index = 13172, .adv_w = 154, .box_w = 8, .box_h = 13, .ofs_x = 1, .ofs_y = 0},
    {.bitmap_index = 13220, .adv_w = 154, .box_w = 7, .box_h = 12, .ofs_x = 2, .ofs_y = 0},
    {.bitmap_index = 13235, .adv_w = 146, .box_w = 0, .box_h = 0, .ofs_x = 0, .ofs_y = 0},
    {.bitmap_index = 13235, .adv_w = 72, .box_w = 0, .box_h = 0, .ofs_x = 0, .ofs_y = 0},
    {.bitmap_index = 13235, .adv_w = 42, .box_w = 0, .box_h = 0, .ofs_x = 0, .ofs_y = 0},
    {.bitmap_index = 13235, .adv_w = 26, .box_w = 0, .box_h = 0, .ofs_x = 0, .ofs_y = 0},
    {.bitmap_index = 13235, .adv_w = 154, .box_w = 0, .box_h = 0, .ofs_x = 0, .ofs_y = 0},
    {.bitmap_index = 13235, .adv_w = 154, .box_w = 6, .box_h = 2, .ofs_x = 2, .ofs_y = 4},
    {.bitmap_index = 13240, .adv_w = 148, .box_w = 9, .box_h = 2, .ofs_x = 0, .ofs_y = 5},
    {.bitmap_index = 13246, .adv_w = 154, .box_w = 8, .box_h = 2, .ofs_x = 1, .ofs_y = 4},
    {.bitmap_index = 13252, .adv_w = 154, .box_w = 10, .box_h = 2, .ofs_x = 0, .ofs_y = 4},
    {.bitmap_index = 13257, .adv_w = 256, .box_w = 16, .box_h = 2, .ofs_x = 0, .ofs_y = 3},
    {.bitmap_index = 13265, .adv_w = 154, .box_w = 4, .box_h = 5, .ofs_x = 3, .ofs_y = 7},
    {.bitmap_index = 13275, .adv_w = 154, .box_w = 4, .box_h = 5, .ofs_x = 3, .ofs_y = 7},
    {.bitmap_index = 13286, .adv_w = 154, .box_w = 4, .box_h = 5, .ofs_x = 3, .ofs_y = -3},
    {.bitmap_index = 13297, .adv_w = 154, .box_w = 8, .box_h = 5, .ofs_x = 1, .ofs_y = 7},
    {.bitmap_index = 13317, .adv_w = 154, .box_w = 8, .box_h = 5, .ofs_x = 1, .ofs_y = 7},
    {.bitmap_index = 13337, .adv_w = 154, .box_w = 8, .box_h = 5, .ofs_x = 1, .ofs_y = -3},
    {.bitmap_index = 13358, .adv_w = 154, .box_w = 8, .box_h = 16, .ofs_x = 1, .ofs_y = -2},
    {.bitmap_index = 13383, .adv_w = 154, .box_w = 8, .box_h = 16, .ofs_x = 1, .ofs_y = -2},
    {.bitmap_index = 13423, .adv_w = 154, .box_w = 5, .box_h = 5, .ofs_x = 2, .ofs_y = 4},
    {.bitmap_index = 13436, .adv_w = 154, .box_w = 9, .box_h = 3, .ofs_x = 0, .ofs_y = 0},
    {.bitmap_index = 13450, .adv_w = 154, .box_w = 12, .box_h = 12, .ofs_x = -1, .ofs_y = 0},
    {.bitmap_index = 13514, .adv_w = 154, .box_w = 4, .box_h = 5, .ofs_x = 3, .ofs_y = 7},
    {.bitmap_index = 13525, .adv_w = 154, .box_w = 8, .box_h = 5, .ofs_x = 1, .ofs_y = 7},
    {.bitmap_index = 13546, .adv_w = 154, .box_w = 6, .box_h = 8, .ofs_x = 2, .ofs_y = 1},
    {.bitmap_index = 13570, .adv_w = 154, .box_w = 6, .box_h = 8, .ofs_x = 2, .ofs_y = 1},
    {.bitmap_index = 13594, .adv_w = 154, .box_w = 11, .box_h = 12, .ofs_x = -1, .ofs_y = 0},
    {.bitmap_index = 13639, .adv_w = 108, .box_w = 7, .box_h = 12, .ofs_x = 0, .ofs_y = 0},
    {.bitmap_index = 13679, .adv_w = 156, .box_w = 10, .box_h = 14, .ofs_x = 0, .ofs_y = -2},
    {.bitmap_index = 13749, .adv_w = 146, .box_w = 9, .box_h = 12, .ofs_x = 0, .ofs_y = 0},
    {.bitmap_index = 13787, .adv_w = 146, .box_w = 9, .box_h = 12, .ofs_x = 0, .ofs_y = 0},
    {.bitmap_index = 13839, .adv_w = 146, .box_w = 9, .box_h = 12, .ofs_x = 0, .ofs_y = 0},
    {.bitmap_index = 13888, .adv_w = 228, .box_w = 13, .box_h = 12, .ofs_x = 1, .ofs_y = 0},
    {.bitmap_index = 13941, .adv_w = 189, .box_w = 12, .box_h = 12, .ofs_x = 0, .ofs_y = 0},
    {.bitmap_index = 14015, .adv_w = 154, .box_w = 9, .box_h = 14, .ofs_x = 1, .ofs_y = -2},
    {.bitmap_index = 14072, .adv_w = 154, .box_w = 9, .box_h = 12, .ofs_x = 0, .ofs_y = 0},
    {.bitmap_index = 14126, .adv_w = 146, .box_w = 10, .box_h = 12, .ofs_x = 0, .ofs_y = 0},
    {.bitmap_index = 14177, .adv_w = 154, .box_w = 9, .box_h = 12, .ofs_x = 0, .ofs_y = 0},
    {.bitmap_index = 14223, .adv_w = 146, .box_w = 10, .box_h = 12, .ofs_x = 0, .ofs_y = 0},
    {.bitmap_index = 14271, .adv_w = 188, .box_w = 11, .box_h = 14, .ofs_x = 0, .ofs_y = -2},
    {.bitmap_index = 14337, .adv_w = 154, .box_w = 9, .box_h = 12, .ofs_x = 0, .ofs_y = 0},
    {.bitmap_index = 14386, .adv_w = 163, .box_w = 10, .box_h = 14, .ofs_x = 0, .ofs_y = -2},
    {.bitmap_index = 14449, .adv_w = 147, .box_w = 9, .box_h = 12, .ofs_x = 0, .ofs_y = 0},
    {.bitmap_index = 14472, .adv_w = 146, .box_w = 8, .box_h = 12, .ofs_x = 1, .ofs_y = 0},
    {.bitmap_index = 14516, .adv_w = 146, .box_w = 9, .box_h = 12, .ofs_x = 0, .ofs_y = 0},
    {.bitmap_index = 14565, .adv_w = 224, .box_w = 14, .box_h = 12, .ofs_x = 0, .ofs_y = 0},
    {.bitmap_index = 14620, .adv_w = 154, .box_w = 9, .box_h = 12, .ofs_x = 0, .ofs_y = 0},
    {.bitmap_index = 14667, .adv_w = 154, .box_w = 10, .box_h = 10, .ofs_x = 0, .ofs_y = 0},
    {.bitmap_index = 14706, .adv_w = 154, .box_w = 10, .box_h = 12, .ofs_x = 0, .ofs_y = 0},
    {.bitmap_index = 14740, .adv_w = 154, .box_w = 10, .box_h = 10, .ofs_x = 0, .ofs_y = 0},
    {.bitmap_index = 14780, .adv_w = 154, .box_w = 10, .box_h = 13, .ofs_x = 0, .ofs_y = -1},
    {.bitmap_index = 14820, .adv_w = 154, .box_w = 14, .box_h = 10, .ofs_x = -2, .ofs_y = 0},
    {.bitmap_index = 14882, .adv_w = 154, .box_w = 10, .box_h = 18, .ofs_x = 0, .ofs_y = -3},
    {.bitmap_index = 14950, .adv_w = 154, .box_w = 9, .box_h = 9, .ofs_x = 1, .ofs_y = 3},
    {.bitmap_index = 14985, .adv_w = 154, .box_w = 9, .box_h = 9, .ofs_x = 0, .ofs_y = 3},
    {.bitmap_index = 15021, .adv_w = 154, .box_w = 9, .box_h = 9, .ofs_x = 0, .ofs_y = 0},
    {.bitmap_index = 15056, .adv_w = 154, .box_w = 10, .box_h = 9, .ofs_x = 0, .ofs_y = 0},
    {.bitmap_index = 15092, .adv_w = 154, .box_w = 11, .box_h = 2, .ofs_x = -1, .ofs_y = 5},
    {.bitmap_index = 15098, .adv_w = 154, .box_w = 11, .box_h = 6, .ofs_x = -1, .ofs_y = 3},
    {.bitmap_index = 15115, .adv_w = 154, .box_w = 6, .box_h = 25, .ofs_x = 2, .ofs_y = -7},
    {.bitmap_index = 15128, .adv_w = 154, .box_w = 8, .box_h = 16, .ofs_x = 2, .ofs_y = -7},
    {.bitmap_index = 15156, .adv_w = 154, .box_w = 9, .box_h = 16, .ofs_x = -1, .ofs_y = -7},
    {.bitmap_index = 15185, .adv_w = 154, .box_w = 8, .box_h = 16, .ofs_x = 2, .ofs_y = 3},
    {.bitmap_index = 15212, .adv_w = 154, .box_w = 9, .box_h = 16, .ofs_x = -1, .ofs_y = 3},
    {.bitmap_index = 15243, .adv_w = 154, .box_w = 10, .box_h = 22, .ofs_x = 0, .ofs_y = -5},
    {.bitmap_index = 15258, .adv_w = 154, .box_w = 10, .box_h = 4, .ofs_x = 0, .ofs_y = 13},
    {.bitmap_index = 15268, .adv_w = 154, .box_w = 10, .box_h = 11, .ofs_x = 0, .ofs_y = 0}
};

/*---------------------
 *  CHARACTER MAPPING
 *--------------------*/

static const uint16_t unicode_list_2[] = {
    0x0, 0x1, 0x2, 0x3, 0x4, 0x9, 0xb, 0xc,
    0xd, 0xe, 0x11, 0x12, 0x13, 0x15, 0x16, 0x17,
    0x19, 0x1a, 0x1b, 0x1f, 0x29, 0x2b, 0x2c, 0x32,
    0x33, 0x3d, 0x4b, 0x9a, 0x9c, 0x9d, 0x9f, 0xa0,
    0xa2, 0xa4, 0xa5, 0xa6, 0xa7, 0xaa, 0xab, 0xad,
    0xae, 0xb1, 0xb2, 0xb3, 0xb5, 0xb6, 0x189, 0x18a,
    0x18b, 0x18c, 0x18d, 0x18e, 0x18f, 0x190, 0x191, 0x192,
    0x4f9, 0x549, 0x54a, 0x54d, 0x550, 0x553, 0x556, 0x581,
    0x58d, 0x599
};

/*Collect the unicode lists and glyph_id offsets*/
static const lv_font_fmt_txt_cmap_t cmaps[] =
{
    {
        .range_start = 32, .range_length = 95, .glyph_id_start = 1,
        .unicode_list = NULL, .glyph_id_ofs_list = NULL, .list_length = 0, .type = LV_FONT_FMT_TXT_CMAP_FORMAT0_TINY
    },
    {
        .range_start = 160, .range_length = 224, .glyph_id_start = 96,
        .unicode_list = NULL, .glyph_id_ofs_list = NULL, .list_length = 0, .type = LV_FONT_FMT_TXT_CMAP_FORMAT0_TINY
    },
    {
        .range_start = 8199, .range_length = 1434, .glyph_id_start = 320,
        .unicode_list = unicode_list_2, .glyph_id_ofs_list = NULL, .list_length = 66, .type = LV_FONT_FMT_TXT_CMAP_SPARSE_TINY
    }
};



/*--------------------
 *  ALL CUSTOM DATA
 *--------------------*/

#if LVGL_VERSION_MAJOR == 8
/*Store all the custom data of the font*/
static  lv_font_fmt_txt_glyph_cache_t cache;
#endif

#if LVGL_VERSION_MAJOR >= 8
static const lv_font_fmt_txt_dsc_t font_dsc = {
#else
static lv_font_fmt_txt_dsc_t font_dsc = {
#endif
    .glyph_bitmap = glyph_bitmap,
    .glyph_dsc = glyph_dsc,
    .cmaps = cmaps,
    .kern_dsc = NULL,
    .kern_scale = 0,
    .cmap_num = 3,
    .bpp = 4,
    .kern_classes = 0,
    .bitmap_format = 1,
#if LVGL_VERSION_MAJOR == 8
    .cache = &cache
#endif
};



/*-----------------
 *  PUBLIC FONT
 *----------------*/

/* Preserve original UTF-8 while mapping unsupported codepoints to ASCII
 * question mark instead of LVGL's missing-glyph rectangle. */
static bool nomadnet_font_16_bold_get_glyph_dsc(const lv_font_t * font,
        lv_font_glyph_dsc_t * dsc, uint32_t letter, uint32_t letter_next)
{
    if(nomadnet_font_has_codepoint(letter) &&
       lv_font_get_glyph_dsc_fmt_txt(font, dsc, letter, letter_next)) return true;
    return lv_font_get_glyph_dsc_fmt_txt(font, dsc, '?', 0);
}

static const uint8_t * nomadnet_font_16_bold_get_glyph_bitmap(
        const lv_font_t * font, uint32_t letter)
{
    lv_font_glyph_dsc_t dsc;
    if(!nomadnet_font_has_codepoint(letter) ||
       !lv_font_get_glyph_dsc_fmt_txt(font, &dsc, letter, 0)) letter = '?';
    return lv_font_get_bitmap_fmt_txt(font, letter);
}

/*Initialize a public general font descriptor*/
#if LVGL_VERSION_MAJOR >= 8
const lv_font_t nomadnet_font_16_bold = {
#else
lv_font_t nomadnet_font_16_bold = {
#endif
    .get_glyph_dsc = nomadnet_font_16_bold_get_glyph_dsc,
    .get_glyph_bitmap = nomadnet_font_16_bold_get_glyph_bitmap,
    .line_height = 26,          /*The maximum line height required by the font*/
    .base_line = 7,             /*Baseline measured from the bottom of the line*/
#if !(LVGL_VERSION_MAJOR == 6 && LVGL_VERSION_MINOR == 0)
    .subpx = LV_FONT_SUBPX_NONE,
#endif
#if LV_VERSION_CHECK(7, 4, 0) || LVGL_VERSION_MAJOR >= 8
    .underline_position = -2,
    .underline_thickness = 1,
#endif
    .dsc = &font_dsc,          /*The custom font data. Will be accessed by `get_glyph_bitmap/dsc` */
#if LV_VERSION_CHECK(8, 2, 0) || LVGL_VERSION_MAJOR >= 9
    .fallback = NULL,
#endif
    .user_data = NULL,
};



#endif /*#if NOMADNET_FONT_16_BOLD*/
